hit_rate,miss_rate,outage_probability,noma_success_rate,sic_success_rate,cic_benefit_rate,avg_throughput,spectral_efficiency,energy_per_bit,total_requests,cache_hits,noma_transmissions,outages,cic_events,phase,capacity,current_size,utilization,total_hits,total_misses,evictions,cic_opportunities,cic_rate,noma_paired_hits,noma_awareness_enabled,training_step,epsilon,eval_mode,avg_episode_reward,avg_loss,replay_buffer_size,use_neural_network,cic_count,sic_count,warm_up_steps,beta,action_dim,state_dim,episode
0.4825,0.5175000000000001,0.0966183574879227,0.9033816425120773,0.0,1.9396135265700483,6.2155150120088125,12.010657028036352,0.16651878372110873,800,386,414,40,414,train,200,196,0.98,386,414,0,288,0.36,386,True,800,0.9975250000000315,False,1251.0,2.088587522506714,800,True,525,386,800,0.4000015,2,14,0
0.47875,0.52125,0.13189448441247004,0.86810551558753,0.0,2.175059952038369,5.837185915560236,11.198438207309806,0.17859633307566902,800,383,417,55,417,train,200,200,1.0,383,417,17,400,0.5,383,True,1600,0.995050000000063,False,1288.25,0.025560376662760974,1600,True,1115,769,800,0.40030150000000003,2,14,1
0.46625,0.53375,0.21779859484777517,0.7822014051522248,0.0,2.1451990632318503,5.456557071144824,10.223057744533628,0.19563618341776656,800,373,427,93,427,train,200,200,1.0,373,427,3,415,0.51875,373,True,2400,0.9925750000000946,False,1254.966666666666,0.009663271461613476,2400,True,1714,1142,800,0.4006015,2,14,2
0.47625,0.5237499999999999,0.0,1.0,0.0,2.288782816229117,5.960323304045278,11.380092227294087,0.17574550012900486,800,381,419,0,419,train,200,200,1.0,381,419,6,476,0.595,381,True,3200,0.9901000000001261,False,1246.024999999999,0.01290640416322276,3200,True,2342,1523,800,0.4009015,2,14,3
0.50625,0.49375,0.12658227848101267,0.8734177215189873,0.0,2.311392405063291,6.015328935370417,12.182944679231223,0.16416392363740137,800,405,395,50,395,train,200,200,1.0,405,395,4,439,0.54875,405,True,4000,0.9876250000001576,False,1252.7999999999988,0.01887814697576687,4000,True,2958,1928,800,0.40120150000000004,2,14,4
0.47875,0.52125,0.34772182254196643,0.6522781774580336,0.0,2.211031175059952,5.16128492031841,9.901745650490955,0.20198458641490502,800,383,417,145,417,train,200,200,1.0,383,417,8,461,0.57625,383,True,4800,0.9851500000001892,False,1254.8666666666657,0.024506358643993736,4800,True,3559,2311,800,0.4015015,2,14,5
0.51625,0.48375,0.09560723514211886,0.9043927648578811,0.0,2.2713178294573644,6.015954394417255,12.436081435487866,0.16082236276555392,800,413,387,37,387,train,200,194,0.97,413,387,0,421,0.52625,413,True,5600,0.9826750000002207,False,1257.3285714285703,0.02788852567784488,5600,True,4156,2724,800,0.40180150000000003,2,14,6
0.49,0.51,0.13480392156862744,0.8651960784313726,0.0,2.357843137254902,5.659075895384299,11.096227245851566,0.18024144204037634,800,392,408,55,408,train,200,198,0.99,392,408,0,497,0.62125,392,True,6400,0.9802000000002522,False,1253.0499999999988,0.02533518646261655,6400,True,4795,3116,800,0.4021015,2,14,7
0.51125,0.48875,0.09718670076726342,0.9028132992327366,0.0,2.2429667519181584,5.949555868569831,12.17300433466973,0.1642979781337819,800,409,391,38,391,train,200,186,0.93,409,391,0,426,0.5325,409,True,7200,0.9777250000002837,False,1249.1999999999987,0.03059029291383922,7200,True,5391,3525,800,0.4024015,2,14,8
0.48375,0.51625,0.1089588377723971,0.8910411622276029,0.0,2.331719128329298,5.950060750671558,11.525541405659194,0.17352764001333365,800,387,413,45,413,train,200,200,1.0,387,413,14,486,0.6075,387,True,8000,0.9752500000003153,False,1250.5899999999988,0.029426031352486462,8000,True,6018,3912,800,0.40270150000000005,2,14,9
0.5325,0.4675,0.20053475935828877,0.7994652406417112,0.0,2.5106951871657754,6.21858174580737,13.301779135416835,0.1503558268137886,800,426,374,75,374,train,200,192,0.96,426,374,0,522,0.6525,426,True,8800,0.9727750000003468,False,1254.5181818181807,0.028851434250827878,8800,True,6659,4338,800,0.4030015,2,14,10
0.495,0.505,0.19306930693069307,0.806930693069307,0.0,2.014851485148515,5.979608285343622,11.840808485828955,0.16890738520039356,800,396,404,78,404,train,200,200,1.0,396,404,16,293,0.36625,396,True,9600,0.9703000000003783,False,1257.5999999999988,0.02946196764416527,9600,True,7194,4734,800,0.40330150000000003,2,14,11
0.5025,0.49750000000000005,0.0,1.0,0.0,2.3316582914572863,6.0404502850896735,12.141608613245575,0.16472281916731787,800,402,398,0,398,train,200,200,1.0,402,398,8,492,0.615,402,True,10400,0.9678250000004098,False,1258.8307692307683,0.03211494037997909,10400,True,7811,5136,800,0.4036015,2,14,12
0.51125,0.48875,0.21994884910485935,0.7800511508951407,0.0,2.7468030690537084,5.906345626226603,12.084594631665682,0.1654999659450165,800,409,391,86,391,train,200,200,1.0,409,391,8,653,0.81625,409,True,11200,0.9653500000004414,False,1261.3142857142848,0.03398972451337613,11200,True,8532,5545,800,0.4039015,2,14,13
0.535,0.46499999999999997,0.10215053763440861,0.8978494623655914,0.0,2.736559139784946,6.155784007017799,13.238245176382366,0.15107742554640788,800,428,372,38,372,train,200,190,0.95,428,372,0,643,0.80375,428,True,12000,0.9628750000004729,False,1262.759999999999,0.03207614463171922,12000,True,9226,5973,800,0.40420150000000005,2,14,14
0.49875,0.50125,0.06234413965087282,0.9376558603491272,0.0,2.3591022443890273,6.105800521396629,12.181148172362352,0.16418813495248122,800,399,401,25,401,train,200,200,1.0,399,401,14,504,0.63,399,True,12800,0.9604000000005044,False,1263.849999999999,0.029134338268777357,12800,True,9858,6372,800,0.4045015,2,14,15
0.52125,0.47875,0.1174934725848564,0.8825065274151436,0.0,2.4699738903394257,5.891376368875903,12.305746984597187,0.16252568840423526,800,417,383,45,383,train,200,200,1.0,417,383,1,523,0.65375,417,True,13600,0.9579250000005359,False,1264.6411764705872,0.03338853382214438,13600,True,10499,6789,800,0.40480150000000004,2,14,16
0.47625,0.5237499999999999,0.0405727923627685,0.9594272076372315,0.0,2.124105011933174,5.4957685014613356,10.493114083935724,0.19060118702624895,800,381,419,17,419,train,200,200,1.0,381,419,26,423,0.52875,381,True,14400,0.9554500000005675,False,1265.2722222222212,0.03606831318349577,14400,True,11073,7170,800,0.4051015,2,14,17
0.5,0.5,0.0725,0.9275,0.0,2.49,6.710137225063097,13.420274450126193,0.1490282488210361,800,400,400,29,400,train,200,200,1.0,400,400,4,590,0.7375,400,True,15200,0.952975000000599,False,1264.8947368421043,0.031734040598385034,15200,True,11737,7570,800,0.4054015,2,14,18
0.50375,0.49624999999999997,0.0,1.0,0.0,2.2544080604534007,6.028708952332332,12.148531893868679,0.16462894590657434,800,403,397,0,397,train,200,200,1.0,403,397,11,447,0.55875,403,True,16000,0.9505000000006305,False,1266.169999999999,0.03023706456646323,16000,True,12332,7973,800,0.40570150000000005,2,14,19
0.53,0.47,0.03723404255319149,0.9627659574468085,0.0,2.5664893617021276,6.787006905024116,14.440440223455566,0.1384999327618424,800,424,376,14,376,train,200,200,1.0,424,376,4,499,0.62375,424,True,16800,0.948025000000662,False,1268.3047619047609,0.028948184532346204,16800,True,12989,8397,800,0.4060015,2,14,20
0.51375,0.48624999999999996,0.16709511568123395,0.8329048843187661,0.0,2.570694087403599,5.959984540337441,12.257037615089853,0.16317156419082576,800,411,389,65,389,train,200,200,1.0,411,389,13,594,0.7425,411,True,17600,0.9455500000006936,False,1269.9772727272718,0.03230349143093918,17600,True,13656,8808,800,0.40630150000000004,2,14,21
0.4775,0.5225,0.18899521531100477,0.8110047846889952,0.0,2.172248803827751,5.641872831980113,10.797842740631795,0.1852221826193199,800,382,418,79,418,train,200,200,1.0,382,418,1,465,0.58125,382,True,18400,0.9430750000007251,False,1266.7565217391293,0.036626326984842306,18400,True,14254,9190,800,0.4066015,2,14,22
0.54625,0.45375,0.10192837465564739,0.8980716253443526,0.0,2.3608815426997247,6.191535898477127,13.645258178461988,0.1465710632838629,800,437,363,37,363,train,200,200,1.0,437,363,5,356,0.445,437,True,19200,0.9406000000007566,False,1270.5583333333323,0.03462472300045192,19200,True,14833,9627,800,0.4069015,2,14,23
0.505,0.495,0.1919191919191919,0.8080808080808081,0.0,2.5277777777777777,5.680410031577829,11.475575821369352,0.17428319337803347,800,404,396,76,396,train,200,200,1.0,404,396,15,567,0.70875,404,True,20000,0.9381250000007881,False,1271.2039999999988,0.03336658305488527,20000,True,15493,10031,800,0.4072015,2,14,24
0.515,0.485,0.20876288659793815,0.7912371134020618,0.0,2.579896907216495,5.9253985053814935,12.217316505941225,0.16370206984712307,800,412,388,81,388,train,200,200,1.0,412,388,11,556,0.695,412,True,20800,0.9356500000008197,False,1272.2615384615374,0.0346866181230871,20800,True,16168,10443,800,0.4075015,2,14,25
0.48125,0.51875,0.27710843373493976,0.7228915662650602,0.0,2.036144578313253,6.119175858059952,11.796001654091475,0.1695489758859346,800,385,415,115,415,train,200,200,1.0,385,415,7,299,0.37375,385,True,21600,0.9331750000008512,False,1269.9481481481473,0.038625043298234234,21600,True,16718,10828,800,0.40780150000000004,2,14,26
0.505,0.495,0.1388888888888889,0.8611111111111112,0.0,2.3383838383838382,6.321779944785099,12.771272615727474,0.15660146487962792,800,404,396,55,396,train,200,200,1.0,404,396,12,508,0.635,404,True,22400,0.9307000000008827,False,1270.4214285714277,0.034700920851319095,22400,True,17333,11232,800,0.4081015,2,14,27
0.51875,0.48124999999999996,0.13506493506493505,0.8649350649350649,0.0,2.4805194805194803,6.481948056820602,13.46898297521164,0.1484893108619119,800,415,385,52,385,train,200,200,1.0,415,385,22,479,0.59875,415,True,23200,0.9282250000009142,False,1272.2551724137923,0.0395157763781026,23200,True,17972,11647,800,0.40840150000000003,2,14,28
0.54875,0.45125000000000004,0.13573407202216067,0.8642659279778393,0.0,2.770083102493075,6.484838242040566,14.370832669341976,0.1391707805676912,800,439,361,49,361,train,200,200,1.0,439,361,2,628,0.785,439,True,24000,0.9257500000009458,False,1274.329999999999,0.038754231883795,24000,True,18664,12086,800,0.4087015,2,14,29
0.51,0.49,0.05102040816326531,0.9489795918367347,0.0,2.1683673469387754,6.0977396030703,12.444366536878164,0.16071529186102926,800,408,392,20,392,train,200,198,0.99,408,392,0,371,0.46375,408,True,24800,0.9232750000009773,False,1273.725806451612,0.03574111302499659,24800,True,19233,12494,800,0.4090015,2,14,30
0.49375,0.50625,0.14074074074074075,0.8592592592592593,0.0,2.382716049382716,6.033954477189717,11.918922424078453,0.1678004041673789,800,395,405,57,405,train,200,200,1.0,395,405,7,518,0.6475,395,True,25600,0.9208000000010088,False,1272.968749999999,0.034846771928132514,25600,True,19878,12889,800,0.40930150000000004,2,14,31
0.52625,0.47375,0.13192612137203166,0.8680738786279684,0.0,2.5620052770448547,6.335266217755429,13.372593599483753,0.1495596187172853,800,421,379,50,379,train,200,200,1.0,421,379,1,516,0.645,421,True,26400,0.9183250000010403,False,1273.5969696969687,0.03416022227145731,26400,True,20534,13310,800,0.4096015,2,14,32
0.5075,0.49250000000000005,0.06598984771573604,0.934010152284264,0.0,2.3121827411167515,6.155176973883942,12.497821266769426,0.1600278926470023,800,406,394,26,394,train,200,200,1.0,406,394,8,440,0.55,406,True,27200,0.9158500000010719,False,1273.3470588235284,0.03974482834979426,27200,True,21140,13716,800,0.40990150000000003,2,14,33
0.50625,0.49375,0.0,1.0,0.0,2.706329113924051,6.056629327257631,12.2665910425471,0.16304448343169917,800,405,395,0,395,train,200,197,0.985,405,395,0,634,0.7925,405,True,28000,0.9133750000011034,False,1271.897142857142,0.03759225569316186,28000,True,21856,14121,800,0.4102015,2,14,34
0.5175,0.48250000000000004,0.09585492227979274,0.9041450777202072,0.0,2.2538860103626943,6.056350208601426,12.552021157723162,0.1593368888459382,800,414,386,37,386,train,200,200,1.0,414,386,24,386,0.4825,414,True,28800,0.9109000000011349,False,1273.7083333333323,0.035790665255626665,28800,True,22442,14535,800,0.4105015,2,14,35
0.50125,0.49875,0.14035087719298245,0.8596491228070176,0.0,2.2506265664160403,6.180914233717653,12.39281049366948,0.16138389278377524,800,401,399,56,399,train,200,200,1.0,401,399,5,446,0.5575,401,True,29600,0.9084250000011664,False,1273.518918918918,0.0327380272897426,29600,True,23044,14936,800,0.41080150000000004,2,14,36
0.50875,0.49124999999999996,0.0,1.0,0.0,2.2595419847328246,6.61873373464763,13.47324933261604,0.14844229113747642,800,407,393,0,393,train,200,200,1.0,407,393,15,412,0.515,407,True,30400,0.905950000001198,False,1273.7184210526304,0.032084715246455744,30400,True,23638,15343,800,0.4111015,2,14,37
0.50125,0.49875,0.3508771929824561,0.6491228070175439,0.0,2.6516290726817044,5.9188592328462395,11.86738693302504,0.16852909669898095,800,401,399,140,399,train,200,200,1.0,401,399,16,608,0.76,401,True,31200,0.9034750000012295,False,1273.5923076923068,0.033973100513685496,31200,True,24335,15744,800,0.41140150000000003,2,14,38
0.4925,0.5075000000000001,0.0,1.0,0.0,1.9211822660098523,6.557919363201646,12.922008597441668,0.15477469968530783,800,394,406,0,406,train,200,200,1.0,394,406,8,252,0.315,394,True,32000,0.901000000001261,False,1272.759999999999,0.038148104863939804,32000,True,24849,16138,800,0.4117015,2,14,39
0.51625,0.48375,0.06459948320413436,0.9354005167958657,0.0,2.289405684754522,6.063306873627999,12.533967697422222,0.15956639176685664,800,413,387,25,387,train,200,200,1.0,413,387,26,356,0.445,413,True,32800,0.8985250000012925,False,1274.248780487804,0.03556216187687824,32800,True,25434,16551,800,0.4120015,2,14,40
0.5175,0.48250000000000004,0.15025906735751296,0.8497409326424871,0.0,2.4870466321243523,6.152424047789583,12.751137922879964,0.15684874652726533,800,414,386,58,386,train,200,200,1.0,414,386,14,545,0.68125,414,True,33600,0.8960500000013241,False,1274.7357142857134,0.034364016529289075,33600,True,26081,16965,800,0.41230150000000004,2,14,41
0.50375,0.49624999999999997,0.09319899244332494,0.906801007556675,0.0,2.299748110831234,6.56642958377434,13.232099916925623,0.1511475890113052,800,403,397,37,397,train,200,200,1.0,403,397,0,457,0.57125,403,True,34400,0.8935750000013556,False,1274.267441860464,0.03653438740817364,34400,True,26694,17368,800,0.4126015,2,14,42
0.50125,0.49875,0.14536340852130325,0.8546365914786967,0.0,2.380952380952381,5.9198048038395,11.869282814715788,0.16850217753008273,800,401,399,58,399,train,200,200,1.0,401,399,25,487,0.60875,401,True,35200,0.8911000000013871,False,1275.3454545454535,0.03836624242598191,35200,True,27319,17769,800,0.41290150000000003,2,14,43
0.4975,0.5025,0.12437810945273632,0.8756218905472637,0.0,2.236318407960199,5.663230338385626,11.270110126140548,0.17746055518668657,800,398,402,50,402,train,200,200,1.0,398,402,16,434,0.5425,398,True,36000,0.8886250000014186,False,1274.888888888888,0.03468322378859739,36000,True,27912,18167,800,0.4132015,2,14,44
0.50375,0.49624999999999997,0.12594458438287154,0.8740554156171285,0.0,2.380352644836272,5.748085136276413,11.58304309577111,0.17266619691073984,800,403,397,50,397,train,200,200,1.0,403,397,23,490,0.6125,403,True,36800,0.8861500000014502,False,1275.6065217391294,0.03496033942094073,36800,True,28537,18570,800,0.4135015,2,14,45
0.5,0.5,0.0,1.0,0.0,2.4675,6.458050491149306,12.916100982298612,0.15484549112313228,800,400,400,0,400,train,200,200,1.0,400,400,16,520,0.65,400,True,37600,0.8836750000014817,False,1275.4234042553182,0.03551039826124906,37600,True,29188,18970,800,0.41380150000000004,2,14,46
0.51625,0.48375,0.0,1.0,0.0,2.338501291989664,6.119286270572534,12.649687381028494,0.1581066740826751,800,413,387,0,387,train,200,200,1.0,413,387,5,408,0.51,413,True,38400,0.8812000000015132,False,1275.5708333333325,0.034736690895515496,38400,True,29798,19383,800,0.4141015,2,14,47
0.495,0.505,0.07425742574257425,0.9257425742574258,0.0,2.198019801980198,6.057004032273758,11.994067390641105,0.16674910477496463,800,396,404,30,404,train,200,200,1.0,396,404,1,398,0.4975,396,True,39200,0.8787250000015447,False,1274.2979591836724,0.0354992399099865,39200,True,30385,19779,800,0.41440150000000003,2,14,48
0.50125,0.49875,0.22055137844611528,0.7794486215538847,0.0,2.3408521303258145,5.757699390825671,11.54425943022691,0.17324627985778804,800,401,399,88,399,train,200,196,0.98,401,399,0,443,0.55375,401,True,40000,0.8762500000015763,False,1273.173999999999,0.035011323982907926,40000,True,31005,20180,800,0.4147015,2,14,49
0.5125,0.48750000000000004,0.19230769230769232,0.8076923076923077,0.0,2.3846153846153846,5.711938372016171,11.71679666054599,0.17069511897689638,800,410,390,75,390,train,200,200,1.0,410,390,25,489,0.61125,410,True,40800,0.8737750000016078,False,1274.1745098039205,0.038213982988963835,40800,True,31623,20590,800,0.4150015,2,14,50
0.49375,0.50625,0.1037037037037037,0.8962962962962963,0.0,2.167901234567901,6.172029584779634,12.191663377342488,0.16404652409587409,800,395,405,42,405,train,200,200,1.0,395,405,22,387,0.48375,395,True,41600,0.8713000000016393,False,1274.2076923076913,0.04202820706355851,41600,True,32196,20985,800,0.41530150000000005,2,14,51
0.49125,0.50875,0.171990171990172,0.828009828009828,0.0,2.444717444717445,5.761564114464868,11.324941748333893,0.17660134987398385,800,393,407,70,407,train,200,200,1.0,393,407,30,553,0.69125,393,True,42400,0.8688250000016708,False,1274.4150943396216,0.0324155368769425,42400,True,32844,21378,800,0.4156015,2,14,52
0.505,0.495,0.04040404040404041,0.9595959595959596,0.0,2.585858585858586,5.964910507265397,12.050324257101812,0.16597063758025496,800,404,396,16,396,train,200,200,1.0,404,396,8,604,0.755,404,True,43200,0.8663500000017024,False,1274.2925925925915,0.03542330384196248,43200,True,33521,21782,800,0.41590150000000004,2,14,53
0.52,0.48,0.1484375,0.8515625,0.0,2.4427083333333335,6.076565155907978,12.659510741474953,0.15798398854764753,800,416,384,57,384,train,200,183,0.915,416,384,0,513,0.64125,416,True,44000,0.8638750000017339,False,1273.5781818181808,0.03499054565472761,44000,True,34157,22198,800,0.4162015,2,14,54
0.5375,0.4625,0.08648648648648649,0.9135135135135135,0.0,2.2486486486486488,6.236377260665341,13.484058941979116,0.14832329112516107,800,430,370,32,370,train,200,200,1.0,430,370,16,316,0.395,430,True,44800,0.8614000000017654,False,1275.2732142857133,0.03285229274071753,44800,True,34721,22628,800,0.4165015,2,14,55
0.52375,0.47624999999999995,0.0,1.0,0.0,2.6561679790026247,6.171044478098506,12.957573707293452,0.1543498841047886,800,419,381,0,381,train,200,200,1.0,419,381,4,565,0.70625,419,True,45600,0.858925000001797,False,1275.417543859648,0.037898109490051866,45600,True,35403,23047,800,0.41680150000000005,2,14,56
0.52875,0.47124999999999995,0.21750663129973474,0.7824933687002652,0.0,2.769230769230769,6.0531696310097205,12.844922293919833,0.1557035499503725,800,423,377,82,377,train,200,200,1.0,423,377,17,651,0.81375,423,True,46400,0.8564500000018285,False,1276.4137931034472,0.0330665216469788,46400,True,36113,23470,800,0.4171015,2,14,57
0.49875,0.50125,0.12468827930174564,0.8753117206982544,0.0,2.488778054862843,5.743385114561479,11.458124916830881,0.17454862942384167,800,399,401,50,401,train,200,200,1.0,399,401,31,537,0.67125,399,True,47200,0.85397500000186,False,1277.2237288135582,0.035974039896391335,47200,True,36770,23869,800,0.41740150000000004,2,14,58
0.53125,0.46875,0.112,0.888,0.0,2.517333333333333,6.446710205235408,13.75298177116887,0.14542300959001558,800,425,375,42,375,train,200,200,1.0,425,375,24,479,0.59875,425,True,48000,0.8515000000018915,False,1278.4899999999989,0.03645610492210835,48000,True,37402,24294,800,0.4177015,2,14,59
0.50125,0.49875,0.19298245614035087,0.8070175438596491,0.0,2.2280701754385963,5.987413046728161,12.004838188928645,0.16659949667997045,800,401,399,77,399,train,200,200,1.0,401,399,25,418,0.5225,401,True,48800,0.849025000001923,False,1279.1016393442612,0.03479535969119752,48800,True,37987,24695,800,0.4180015,2,14,60
0.4975,0.5025,0.24378109452736318,0.7562189054726368,0.0,2.298507462686567,5.588884511820529,11.122158232478665,0.17982121438981574,800,398,402,98,402,train,200,200,1.0,398,402,13,426,0.5325,398,True,49600,0.8465500000019546,False,1279.0032258064507,0.031092565282306167,49600,True,38597,25093,800,0.4183015,2,14,61
0.5175,0.48250000000000004,0.15025906735751296,0.8497409326424871,0.0,2.3367875647668392,6.500024514557356,13.471553398046334,0.1484609785453579,800,414,386,58,386,train,200,200,1.0,414,386,20,400,0.5,414,True,50400,0.8440750000019861,False,1279.6984126984119,0.038982147378847004,50400,True,39202,25507,800,0.4186015,2,14,62
0.4625,0.5375,0.0,1.0,0.0,2.681395348837209,5.541643715960499,10.310034820391627,0.1939857657943419,800,370,430,0,430,train,200,200,1.0,370,430,30,698,0.8725,370,True,51200,0.8416000000020176,False,1278.9406249999993,0.033967588281375354,51200,True,39946,25877,800,0.41890150000000004,2,14,63
0.55,0.44999999999999996,0.1388888888888889,0.8611111111111112,0.0,2.6694444444444443,6.873951720745424,15.275448268323165,0.13092905457625215,800,440,360,50,360,train,200,200,1.0,440,360,1,488,0.61,440,True,52000,0.8391250000020491,False,1279.5861538461531,0.03680903722444782,52000,True,40603,26317,800,0.4192015,2,14,64
0.53125,0.46875,0.05333333333333334,0.9466666666666667,0.0,2.512,6.738538369956458,14.375548522573776,0.13912512603323765,800,425,375,20,375,train,200,200,1.0,425,375,13,486,0.6075,425,True,52800,0.8366500000020807,False,1280.5515151515144,0.03546827185549773,52800,True,41239,26742,800,0.4195015,2,14,65
0.5225,0.47750000000000004,0.04450261780104712,0.9554973821989529,0.0,2.2460732984293195,6.483011568725452,13.576987578482623,0.147308082035052,800,418,382,17,382,train,200,200,1.0,418,382,20,360,0.45,418,True,53600,0.8341750000021122,False,1281.0985074626858,0.03659171940569649,53600,True,41810,27160,800,0.4198015,2,14,66
0.56,0.43999999999999995,0.08238636363636363,0.9176136363636364,0.0,2.8380681818181817,6.617255508843832,15.039217065554164,0.13298564621298017,800,448,352,29,352,train,200,200,1.0,448,352,6,611,0.76375,448,True,54400,0.8317000000021437,False,1282.2249999999992,0.03682785623590462,54400,True,42505,27608,800,0.4201015,2,14,67
0.49875,0.50125,0.05236907730673317,0.9476309226932669,0.0,2.3516209476309227,5.90942858600256,11.789383712723312,0.16964415178391085,800,399,401,21,401,train,200,200,1.0,399,401,16,478,0.5975,399,True,55200,0.8292250000021752,False,1282.0449275362312,0.035328524442156777,55200,True,43122,28007,800,0.42040150000000004,2,14,68
0.5125,0.48750000000000004,0.0,1.0,0.0,2.551282051282051,6.4548906785822275,13.240801391963544,0.1510482591494721,800,410,390,0,390,train,200,200,1.0,410,390,28,543,0.67875,410,True,56000,0.8267500000022068,False,1282.9099999999992,0.03329570859656087,56000,True,43778,28417,800,0.4207015,2,14,69
0.5425,0.4575,0.2786885245901639,0.7213114754098361,0.0,2.80327868852459,6.409550406839188,14.009946244457241,0.14275572262036768,800,434,366,102,366,train,200,200,1.0,434,366,8,608,0.76,434,True,56800,0.8242750000022383,False,1283.68028169014,0.03492421579605434,56800,True,44480,28851,800,0.42100150000000003,2,14,70
0.53625,0.46375,0.0,1.0,0.0,2.9353099730458223,6.229876693919697,13.433696375028996,0.14887935116039,800,429,371,0,371,train,200,200,1.0,429,371,9,684,0.855,429,True,57600,0.8218000000022698,False,1284.1486111111103,0.0355525781531469,57600,True,45219,29280,800,0.4213015,2,14,71
0.54125,0.45875,0.07629427792915532,0.9237057220708447,0.0,2.741144414168937,6.33762392331135,13.814984029016566,0.14477034470682426,800,433,367,28,367,train,200,200,1.0,433,367,2,592,0.74,433,True,58400,0.8193250000023014,False,1284.5356164383552,0.034839915276970716,58400,True,45909,29713,800,0.4216015,2,14,72
0.52625,0.47375,0.10026385224274406,0.899736147757256,0.0,2.5936675461741423,6.070351885156044,12.8134076731526,0.15608650337337793,800,421,379,38,379,train,200,200,1.0,421,379,20,550,0.6875,421,True,59200,0.8168500000023329,False,1285.3554054054046,0.033748370384273585,59200,True,46570,30134,800,0.42190150000000004,2,14,73
0.515,0.485,0.04639175257731959,0.9536082474226805,0.0,2.615979381443299,6.057993124939302,12.490707474101653,0.1601190328207444,800,412,388,18,388,train,200,200,1.0,412,388,13,601,0.75125,412,True,60000,0.8143750000023644,False,1285.5453333333326,0.03672409734339453,60000,True,47248,30546,800,0.4222015,2,14,74
0.535,0.46499999999999997,0.27419354838709675,0.7258064516129032,0.0,2.489247311827957,6.87730882497943,14.789911451568665,0.13522731400720275,800,428,372,102,372,train,200,200,1.0,428,372,8,473,0.59125,428,True,60800,0.8119000000023959,False,1286.1184210526308,0.03277508511193446,60800,True,47882,30974,800,0.42250150000000003,2,14,75
0.49625,0.5037499999999999,0.2531017369727047,0.7468982630272953,0.0,2.464019851116625,5.40094754164051,10.721483953628804,0.18654134153911392,800,397,403,102,403,train,200,200,1.0,397,403,37,515,0.64375,397,True,61600,0.8094250000024275,False,1286.9571428571421,0.03794157579774037,61600,True,48530,31371,800,0.4228015,2,14,76
0.5075,0.49250000000000005,0.36548223350253806,0.6345177664974619,0.0,2.5761421319796955,5.811866313436339,11.800743783627086,0.16948084262069102,800,406,394,144,394,train,200,200,1.0,406,394,30,599,0.74875,406,True,62400,0.806950000002459,False,1287.4525641025632,0.030576352362550095,62400,True,49201,31777,800,0.4231015,2,14,77
0.50875,0.49124999999999996,0.03816793893129771,0.9618320610687023,0.0,2.61323155216285,6.000758353948653,12.215284181065961,0.16372930587239692,800,407,393,15,393,train,200,200,1.0,407,393,20,566,0.7075,407,True,63200,0.8044750000024905,False,1287.7139240506322,0.03606810025812592,63200,True,49883,32184,800,0.42340150000000004,2,14,78
0.52625,0.47375,0.0,1.0,0.0,2.7810026385224274,6.1178536382379995,12.913675225832188,0.15487457792025394,800,421,379,0,379,train,200,200,1.0,421,379,24,644,0.805,421,True,64000,0.802000000002522,False,1288.6149999999993,0.03759732873586472,64000,True,50599,32605,800,0.4237015,2,14,79
0.5425,0.4575,0.10109289617486339,0.8989071038251366,0.0,3.0027322404371586,6.478881624768386,14.161489890204123,0.1412280780840336,800,434,366,37,366,train,200,200,1.0,434,366,15,709,0.88625,434,True,64800,0.7995250000025536,False,1289.3802469135796,0.03493244165656506,64800,True,51355,33039,800,0.42400150000000003,2,14,80
0.5175,0.48250000000000004,0.07512953367875648,0.9248704663212435,0.0,2.3989637305699483,5.969142801156359,12.37128041690437,0.1616647535745095,800,414,386,29,386,train,200,200,1.0,414,386,15,468,0.585,414,True,65600,0.7970500000025851,False,1289.6134146341456,0.03392632320872508,65600,True,51979,33453,800,0.4243015,2,14,81
0.4925,0.5075000000000001,0.2536945812807882,0.7463054187192119,0.0,2.2118226600985222,5.7208163321240875,11.27254449679623,0.17742223156168688,800,394,406,103,406,train,200,200,1.0,394,406,35,390,0.4875,394,True,66400,0.7945750000026166,False,1289.9891566265053,0.032714882501459215,66400,True,52567,33847,800,0.4246015,2,14,82
0.51,0.49,0.08418367346938775,0.9158163265306123,0.0,2.8341836734693877,6.0151222255693915,12.275759644019166,0.1629227076773545,800,408,392,33,392,train,200,200,1.0,408,392,8,704,0.88,408,True,67200,0.7921000000026481,False,1289.7607142857137,0.03211384341455414,67200,True,53311,34255,800,0.42490150000000004,2,14,83
0.51875,0.48124999999999996,0.05194805194805195,0.948051948051948,0.0,2.381818181818182,6.441564709165204,13.385069525538087,0.1494202175180408,800,415,385,20,385,train,200,200,1.0,415,385,22,445,0.55625,415,True,68000,0.7896250000026797,False,1290.4388235294111,0.03722095968783833,68000,True,53927,34670,800,0.4252015,2,14,84
0.5325,0.4675,0.07754010695187166,0.9224598930481284,0.0,2.6818181818181817,6.061845213389717,12.966513825432552,0.15424346334919994,800,426,374,29,374,train,200,200,1.0,426,374,17,566,0.7075,426,True,68800,0.7871500000027112,False,1290.91976744186,0.030985513848718255,68800,True,54603,35096,800,0.42550150000000003,2,14,85
0.5275,0.47250000000000003,0.0,1.0,0.0,2.4656084656084656,6.834895864484335,14.465388072982721,0.13826106772312854,800,422,378,0,378,train,200,200,1.0,422,378,21,479,0.59875,422,True,69600,0.7846750000027427,False,1291.5965517241373,0.0342490268102847,69600,True,55229,35518,800,0.4258015,2,14,86
0.52625,0.47375,0.04221635883905013,0.9577836411609498,0.0,2.5171503957783643,6.258526307798044,13.210609620681886,0.1513934676314178,800,421,379,16,379,train,200,200,1.0,421,379,21,518,0.6475,421,True,70400,0.7822000000027742,False,1292.064772727272,0.03653461298556067,70400,True,55879,35939,800,0.4261015,2,14,87
0.49625,0.5037499999999999,0.0,1.0,0.0,2.2853598014888337,6.295870718466488,12.49800638901536,0.160025522291125,800,397,403,0,403,train,200,200,1.0,397,403,29,439,0.54875,397,True,71200,0.7797250000028058,False,1292.2280898876397,0.030897437499952503,71200,True,56477,36336,800,0.42640150000000004,2,14,88
0.5175,0.48250000000000004,0.09326424870466321,0.9067357512953368,0.0,2.510362694300518,5.89734507764266,12.222476844855255,0.16363295471014536,800,414,386,36,386,train,200,200,1.0,414,386,11,521,0.65125,414,True,72000,0.7772500000028373,False,1292.4599999999994,0.03380258532299194,72000,True,57124,36750,800,0.4267015,2,14,89
0.52125,0.47875,0.07571801566579635,0.9242819843342036,0.0,2.608355091383812,6.304479718889778,13.168626044678387,0.15187613295528474,800,417,383,29,383,train,200,200,1.0,417,383,18,581,0.72625,417,True,72800,0.7747750000028688,False,1292.9989010989007,0.0356931995000923,72800,True,57798,37167,800,0.42700150000000003,2,14,90
0.5125,0.48750000000000004,0.2512820512820513,0.7487179487179487,0.0,2.2435897435897436,5.75622149347114,11.807633832761313,0.16938194631771397,800,410,390,98,390,train,200,200,1.0,410,390,23,392,0.49,410,True,73600,0.7723000000029003,False,1293.3358695652169,0.03670585897401907,73600,True,58375,37577,800,0.4273015,2,14,91
0.5025,0.49750000000000005,0.14321608040201006,0.8567839195979899,0.0,2.469849246231156,5.855906674118812,11.770666681645853,0.1699139100692253,800,402,398,57,398,train,200,200,1.0,402,398,33,554,0.6925,402,True,74400,0.7698250000029319,False,1293.754838709677,0.03772917321563,74400,True,59022,37979,800,0.4276015,2,14,92
0.5125,0.48750000000000004,0.1794871794871795,0.8205128205128205,0.0,2.5358974358974358,6.312624388222631,12.948973104046424,0.1544524020499371,800,410,390,70,390,train,200,200,1.0,410,390,33,508,0.635,410,True,75200,0.7673500000029634,False,1294.289361702127,0.03382032828987576,75200,True,59674,38389,800,0.42790150000000005,2,14,93
0.5225,0.47750000000000004,0.22251308900523561,0.7774869109947644,0.0,2.3900523560209423,6.364755504326931,13.329330899113993,0.1500450409054622,800,418,382,85,382,train,200,200,1.0,418,382,24,456,0.57,418,True,76000,0.7648750000029949,False,1294.8663157894732,0.036235917910235005,76000,True,60287,38807,800,0.4282015,2,14,94
0.50125,0.49875,0.18796992481203006,0.8120300751879699,0.0,2.56390977443609,5.744325477453868,11.517444566323546,0.17364963108638734,800,401,399,75,399,train,200,197,0.985,401,399,0,571,0.71375,401,True,76800,0.7624000000030264,False,1294.213541666666,0.03313004072231706,76800,True,60970,39208,800,0.42850150000000004,2,14,95
0.5375,0.4625,0.16756756756756758,0.8324324324324325,0.0,2.4756756756756757,6.027703723701463,13.032872916111272,0.15345810650294875,800,430,370,62,370,train,200,200,1.0,430,370,3,470,0.5875,430,True,77600,0.759925000003058,False,1294.4020618556694,0.04007398361776723,77600,True,61593,39638,800,0.4288015,2,14,96
0.5125,0.48750000000000004,0.38974358974358975,0.6102564102564103,0.0,2.3615384615384616,6.426088626105873,13.181720258678713,0.151725265045222,800,410,390,152,390,train,200,200,1.0,410,390,43,441,0.55125,410,True,78400,0.7574500000030895,False,1295.060204081632,0.03605323034338653,78400,True,62195,40048,800,0.4291015,2,14,97
0.53625,0.46375,0.12398921832884097,0.876010781671159,0.0,2.6442048517520216,6.099623878445746,13.152827770233413,0.152058556147619,800,429,371,46,371,train,200,200,1.0,429,371,10,508,0.635,429,True,79200,0.754975000003121,False,1295.2555555555548,0.034633015245199204,79200,True,62860,40477,800,0.4294015,2,14,98
0.5125,0.48750000000000004,0.19487179487179487,0.8051282051282052,0.0,2.8,6.501681635598285,13.336782842252893,0.14996120306193375,800,410,390,76,390,train,200,200,1.0,410,390,40,655,0.81875,410,True,80000,0.7525000000031525,False,1295.8499999999992,0.03503081172093516,80000,True,63592,40887,800,0.4297015,2,14,99
0.53375,0.46625000000000005,0.05093833780160858,0.9490616621983914,0.0,2.8525469168900806,6.589184101987074,14.13229834206343,0.1415197975298322,800,427,373,19,373,train,200,200,1.0,427,373,25,647,0.80875,427,True,80800,0.7500250000031841,False,1297.1419999999991,0.032853650385513904,80800,True,64313,41314,800,0.43000150000000004,2,14,100
0.5375,0.4625,0.1945945945945946,0.8054054054054054,0.0,2.575675675675676,6.508648187785241,14.072752838454575,0.1421186048642089,800,430,370,72,370,train,200,200,1.0,430,370,37,426,0.5325,430,True,81600,0.7475500000032156,False,1298.1129999999991,0.034682344566099345,81600,True,64947,41744,800,0.4303015,2,14,101
0.54875,0.45125000000000004,0.0664819944598338,0.9335180055401662,0.0,2.7590027700831024,6.567831141517561,14.554750452116478,0.13741218075705106,800,439,361,24,361,train,200,200,1.0,439,361,24,549,0.68625,439,True,82400,0.7450750000032471,False,1300.2889999999993,0.03578599868807942,82400,True,65626,42183,800,0.4306015,2,14,102
0.51125,0.48875,0.319693094629156,0.680306905370844,0.0,2.340153452685422,5.777608304890674,11.821193462691916,0.1691876548939045,800,409,391,125,391,train,200,200,1.0,409,391,21,429,0.53625,409,True,83200,0.7426000000032786,False,1301.3399999999995,0.03803108320746105,83200,True,66230,42592,800,0.43090150000000005,2,14,103
0.5275,0.47250000000000003,0.0,1.0,0.0,2.7566137566137567,6.383681268494119,13.5104365470775,0.14803370661125148,800,422,378,0,378,train,200,200,1.0,422,378,35,608,0.76,422,True,84000,0.7401250000033102,False,1302.4029999999993,0.03465415018668864,84000,True,66932,43014,800,0.4312015,2,14,104
0.5225,0.47750000000000004,0.12827225130890052,0.8717277486910995,0.0,2.518324607329843,6.348220663918843,13.294702961086582,0.1504358544793346,800,418,382,49,382,train,200,200,1.0,418,382,21,495,0.61875,418,True,84800,0.7376500000033417,False,1303.2119999999993,0.036856531625671776,84800,True,67574,43432,800,0.43150150000000004,2,14,105
0.51,0.49,0.34183673469387754,0.6581632653061225,0.0,2.5714285714285716,6.103770782110342,12.456675065531309,0.16055648794550095,800,408,392,134,392,train,200,200,1.0,408,392,34,548,0.685,408,True,85600,0.7351750000033732,False,1304.0229999999992,0.03544476784649305,85600,True,68245,43840,800,0.4318015,2,14,106
0.51875,0.48124999999999996,0.15324675324675324,0.8467532467532467,0.0,2.155844155844156,5.884421159138096,12.227368642364876,0.1635674901524179,800,415,385,59,385,train,200,200,1.0,415,385,23,350,0.4375,415,True,86400,0.7327000000034047,False,1305.1259999999993,0.03462425340796472,86400,True,68802,44255,800,0.4321015,2,14,107
0.5025,0.49750000000000005,0.23115577889447236,0.7688442211055276,0.0,2.5326633165829144,6.098597822639354,12.258488085707244,0.16315225711496148,800,402,398,92,398,train,200,200,1.0,402,398,36,558,0.6975,402,True,87200,0.7302250000034363,False,1306.4309999999991,0.031789248976274394,87200,True,69461,44657,800,0.4324015,2,14,108
0.5425,0.4575,0.060109289617486336,0.9398907103825137,0.0,2.7759562841530054,7.25830952949276,15.86515744151423,0.12606241112783514,800,434,366,22,366,train,200,200,1.0,434,366,29,601,0.75125,434,True,88000,0.7277500000034678,False,1307.777999999999,0.036443994835135524,88000,True,70152,45091,800,0.4327015,2,14,109
0.535,0.46499999999999997,0.0456989247311828,0.9543010752688172,0.0,2.317204301075269,6.267949030341985,13.479460280305343,0.1483738931982442,800,428,372,17,372,train,200,200,1.0,428,372,36,340,0.425,428,True,88800,0.7252750000034993,False,1308.8079999999993,0.03209005255310331,88800,True,70719,45519,800,0.43300150000000004,2,14,110
0.51375,0.48624999999999996,0.1928020565552699,0.8071979434447301,0.0,2.5681233933161955,6.61787810444627,13.610032091406211,0.14695042499296243,800,411,389,75,389,train,200,200,1.0,411,389,30,549,0.68625,411,True,89600,0.7228000000035308,False,1309.3479999999993,0.03228826285048854,89600,True,71385,45930,800,0.4333015,2,14,111
0.5075,0.49250000000000005,0.08121827411167512,0.9187817258883249,0.0,2.469543147208122,6.105501340072815,12.396957035680842,0.16132991299748906,800,406,394,32,394,train,200,200,1.0,406,394,31,517,0.64625,406,True,90400,0.7203250000035624,False,1310.0979999999993,0.033708862519706596,90400,True,72026,46336,800,0.43360150000000003,2,14,112
0.52375,0.47624999999999995,0.2125984251968504,0.7874015748031497,0.0,2.4671916010498687,6.279270324196009,13.184819578364323,0.15168959939974508,800,419,381,81,381,train,200,200,1.0,419,381,35,457,0.57125,419,True,91200,0.7178500000035939,False,1311.2029999999993,0.032895727322320455,91200,True,72649,46755,800,0.4339015,2,14,113
0.53875,0.46125000000000005,0.2005420054200542,0.7994579945799458,0.0,2.772357723577236,6.2817115529833245,13.618886835736205,0.14685488058774113,800,431,369,74,369,train,200,200,1.0,431,369,24,597,0.74625,431,True,92000,0.7153750000036254,False,1312.085999999999,0.031644261489273046,92000,True,73349,47186,800,0.4342015,2,14,114
0.51,0.49,0.1836734693877551,0.8163265306122449,0.0,2.5714285714285716,5.7016233379959855,11.635965995910174,0.1718808735521368,800,408,392,72,392,train,200,200,1.0,408,392,22,555,0.69375,408,True,92800,0.7129000000036569,False,1312.3379999999995,0.03202453907812014,92800,True,74021,47594,800,0.43450150000000004,2,14,115
0.52625,0.47375,0.0,1.0,0.0,2.3984168865435356,6.6244066154970245,13.982916338779999,0.1430316789104453,800,421,379,0,379,train,200,200,1.0,421,379,20,416,0.52,421,True,93600,0.7104250000036885,False,1313.0059999999992,0.03636361681346898,93600,True,74637,48015,800,0.4348015,2,14,116
0.49125,0.50875,0.13267813267813267,0.8673218673218673,0.0,2.3513513513513513,6.109208487858828,12.008272212007524,0.16655185397946964,800,393,407,54,407,train,200,200,1.0,393,407,55,502,0.6275,393,True,94400,0.70795000000372,False,1313.8819999999992,0.03051483388611814,94400,True,75258,48408,800,0.43510150000000003,2,14,117
0.5125,0.48750000000000004,0.15384615384615385,0.8461538461538461,0.0,2.276923076923077,6.027967761305814,12.365062074473466,0.16174605416084537,800,410,390,60,390,train,200,200,1.0,410,390,34,395,0.49375,410,True,95200,0.7054750000037515,False,1314.7729999999992,0.032612262326583735,95200,True,75840,48818,800,0.4354015,2,14,118
0.5175,0.48250000000000004,0.06994818652849741,0.9300518134715026,0.0,2.655440414507772,6.349780661256194,13.160167173587967,0.15197375334364566,800,414,386,27,386,train,200,200,1.0,414,386,51,595,0.74375,414,True,96000,0.703000000003783,False,1316.0449999999994,0.03554853601002833,96000,True,76526,49232,800,0.4357015,2,14,119
0.5225,0.47750000000000004,0.15706806282722513,0.8429319371727748,0.0,2.5785340314136125,6.0952474532535215,12.764916132468107,0.1566794469501382,800,418,382,60,382,train,200,200,1.0,418,382,29,585,0.73125,418,True,96800,0.7005250000038146,False,1316.4199999999994,0.030694250393426045,96800,True,77190,49650,800,0.43600150000000004,2,14,120
0.50875,0.49124999999999996,0.0,1.0,0.0,2.272264631043257,6.155097484934166,12.529460529128073,0.15962379189035844,800,407,393,0,393,train,200,200,1.0,407,393,21,414,0.5175,407,True,97600,0.6980500000038461,False,1316.513999999999,0.0330896667658817,97600,True,77780,50057,800,0.4363015,2,14,121
0.515,0.485,0.0,1.0,0.0,2.461340206185567,6.106553993087488,12.590832975438119,0.1588457256085876,800,412,388,0,388,train,200,200,1.0,412,388,29,509,0.63625,412,True,98400,0.6955750000038776,False,1318.0139999999994,0.03136018929712009,98400,True,78411,50469,800,0.43660150000000003,2,14,122
0.53625,0.46375,0.09973045822102426,0.9002695417789758,0.0,2.547169811320755,6.340135936774008,13.67145215476875,0.14629023876606834,800,429,371,37,371,train,200,200,1.0,429,371,33,498,0.6225,429,True,99200,0.6931000000039091,False,1318.446999999999,0.036138654467795274,99200,True,79042,50898,800,0.4369015,2,14,123
0.55125,0.44875,0.19498607242339833,0.8050139275766016,0.0,2.905292479108635,6.440810000721442,14.352779945897364,0.1393458276054518,800,441,359,70,359,train,200,200,1.0,441,359,23,632,0.79,441,True,100000,0.6906250000039407,False,1319.5119999999993,0.03007943829667056,100000,True,79752,51339,800,0.4372015,2,14,124
0.5175,0.48250000000000004,0.03367875647668394,0.966321243523316,0.0,2.673575129533679,5.991657331725701,12.417942656426323,0.16105727456914887,800,414,386,13,386,train,200,200,1.0,414,386,35,602,0.7525,414,True,100800,0.6881500000039722,False,1320.3249999999991,0.03220840478781611,100000,True,80442,51753,800,0.43750150000000004,2,14,125
0.5375,0.4625,0.1,0.9,0.0,2.575675675675676,7.264983556414564,15.708072554409869,0.12732306863699341,800,430,370,37,370,train,200,200,1.0,430,370,28,496,0.62,430,True,101600,0.6856750000040037,False,1322.279999999999,0.03478562351781875,100000,True,81086,52183,800,0.4378015,2,14,126
0.5275,0.47250000000000003,0.22486772486772486,0.7751322751322751,0.0,2.7169312169312168,6.641642795860938,14.056386869546959,0.14228407474562205,800,422,378,85,378,train,200,200,1.0,422,378,40,554,0.6925,422,True,102400,0.6832000000040352,False,1323.3629999999994,0.03518902553303633,100000,True,81771,52605,800,0.43810150000000003,2,14,127
0.56375,0.43625,0.20916905444126074,0.7908309455587392,0.0,2.8739255014326646,6.2902444450952055,14.418898441478982,0.13870685115907197,800,451,349,73,349,train,200,200,1.0,451,349,35,562,0.7025,451,True,103200,0.6807250000040668,False,1324.8059999999996,0.034069826778722924,100000,True,82456,53056,800,0.4384015,2,14,128
0.51125,0.48875,0.10485933503836317,0.8951406649616368,0.0,2.163682864450128,6.561210684493274,13.42447198873304,0.148981650948996,800,409,391,41,391,train,200,200,1.0,409,391,30,317,0.39625,409,True,104000,0.6782500000040983,False,1324.8879999999997,0.031505642379779604,100000,True,83015,53465,800,0.4387015,2,14,129
0.52125,0.47875,0.044386422976501305,0.9556135770234987,0.0,2.545691906005222,6.366161784225106,13.29746586783312,0.15040459737806483,800,417,383,17,383,train,200,200,1.0,417,383,36,482,0.6025,417,True,104800,0.6757750000041298,False,1326.210999999999,0.03266953907732386,100000,True,83659,53882,800,0.43900150000000004,2,14,130
0.5375,0.4625,0.0945945945945946,0.9054054054054054,0.0,2.5297297297297296,6.360856077132443,13.75320232893501,0.14542067746594922,800,430,370,35,370,train,200,200,1.0,430,370,31,442,0.5525,430,True,105600,0.6733000000041613,False,1327.6229999999994,0.03587022250605514,100000,True,84287,54312,800,0.4393015,2,14,131
0.5275,0.47250000000000003,0.06084656084656084,0.9391534391534392,0.0,2.365079365079365,6.305708568045991,13.345414958827494,0.149864204760233,800,422,378,23,378,train,200,200,1.0,422,378,29,365,0.45625,422,True,106400,0.6708250000041929,False,1328.2849999999992,0.03496485960087739,100000,True,84878,54734,800,0.43960150000000003,2,14,132
0.54125,0.45875,0.0,1.0,0.0,2.891008174386921,6.469694074220228,14.102875366147636,0.14181505175893244,800,433,367,0,367,train,200,200,1.0,433,367,43,615,0.76875,433,True,107200,0.6683500000042244,False,1330.0329999999992,0.03483965900319163,100000,True,85598,55167,800,0.4399015,2,14,133
0.545,0.45499999999999996,0.10164835164835165,0.8983516483516484,0.0,2.5576923076923075,6.24154585314694,13.71768319372954,0.14579721457003875,800,436,364,37,364,train,200,200,1.0,436,364,41,487,0.60875,436,True,108000,0.6658750000042559,False,1332.2149999999992,0.03457582000584807,100000,True,86229,55603,800,0.4402015,2,14,134
0.54,0.45999999999999996,0.27445652173913043,0.7255434782608695,0.0,2.5407608695652173,6.194704454229837,13.466748813543122,0.14851394554776706,800,432,368,101,368,train,200,200,1.0,432,368,28,491,0.61375,432,True,108800,0.6634000000042874,False,1332.792999999999,0.03126836636729422,100000,True,86858,56035,800,0.4405015,2,14,135
0.535,0.46499999999999997,0.10215053763440861,0.8978494623655914,0.0,2.706989247311828,6.314952454680676,13.580542913291778,0.14726951733590316,800,428,372,38,372,train,200,200,1.0,428,372,26,594,0.7425,428,True,109600,0.660925000004319,False,1333.9929999999993,0.03483316218073014,100000,True,87539,56463,800,0.4408015,2,14,136
0.53875,0.46125000000000005,0.1842818428184282,0.8157181571815718,0.0,2.5528455284552845,6.65728185097777,14.433131384233647,0.13857006818248357,800,431,369,68,369,train,200,200,1.0,431,369,25,456,0.57,431,True,110400,0.6584500000043505,False,1335.0349999999992,0.03553850869124289,100000,True,88172,56894,800,0.44110150000000004,2,14,137
0.5425,0.4575,0.16666666666666666,0.8333333333333334,0.0,2.360655737704918,6.596480217948448,14.418535995515732,0.13871033790268403,800,434,366,61,366,train,200,200,1.0,434,366,31,357,0.44625,434,True,111200,0.655975000004382,False,1336.479999999999,0.03222212127409876,100000,True,88752,57328,800,0.4414015,2,14,138
0.51375,0.48624999999999996,0.07197943444730077,0.9280205655526992,0.0,2.4704370179948585,5.755953416945712,11.837436333050308,0.16895550216527616,800,411,389,28,389,train,200,200,1.0,411,389,42,468,0.585,411,True,112000,0.6535000000044136,False,1337.8589999999995,0.034937057244824245,100000,True,89395,57739,800,0.4417015,2,14,139
0.5475,0.4525,0.06353591160220995,0.93646408839779,0.0,2.546961325966851,6.5355608401477365,14.443228376017098,0.13847319643030703,800,438,362,23,362,train,200,200,1.0,438,362,29,435,0.54375,438,True,112800,0.6510250000044451,False,1338.5299999999995,0.03222718623350374,100000,True,90011,58177,800,0.44200150000000005,2,14,140
0.51875,0.48124999999999996,0.15064935064935064,0.8493506493506493,0.0,2.602597402597403,6.026955927836636,12.523544785115089,0.15969919334477156,800,415,385,58,385,train,200,200,1.0,415,385,33,556,0.695,415,True,113600,0.6485500000044766,False,1339.2989999999993,0.03697201626899187,100000,True,90678,58592,800,0.4423015,2,14,141
0.5275,0.47250000000000003,0.042328042328042326,0.9576719576719577,0.0,2.753968253968254,6.881922499427512,14.56491534270373,0.13731628045486008,800,422,378,16,378,train,200,200,1.0,422,378,45,590,0.7375,422,True,114400,0.6460750000045081,False,1340.8539999999994,0.035133453743328574,100000,True,91374,59014,800,0.44260150000000004,2,14,142
0.52625,0.47375,0.04221635883905013,0.9577836411609498,0.0,2.598944591029024,6.689716130783508,14.120772835426932,0.14163530730997215,800,421,379,16,379,train,200,200,1.0,421,379,26,551,0.68875,421,True,115200,0.6436000000045397,False,1341.2329999999993,0.032155123901029585,100000,True,92035,59435,800,0.4429015,2,14,143
0.51125,0.48875,0.0,1.0,0.0,2.867007672634271,6.88928996817148,14.095733950222977,0.14188690046667363,800,409,391,0,391,train,200,200,1.0,409,391,39,721,0.90125,409,True,116000,0.6411250000045712,False,1342.4869999999992,0.03156592658953741,100000,True,92784,59844,800,0.4432015,2,14,144
0.51375,0.48624999999999996,0.0,1.0,0.0,2.7737789203084833,6.557619087591738,13.486106092733651,0.14830077609115094,800,411,389,0,389,train,200,200,1.0,411,389,48,648,0.81,411,True,116800,0.6386500000046027,False,1343.4479999999994,0.03263238268147688,100000,True,93495,60255,800,0.4435015,2,14,145
0.505,0.495,0.10353535353535354,0.8964646464646465,0.0,2.3585858585858586,6.313599032541571,12.754745520286,0.15680438287216833,800,404,396,41,396,train,200,200,1.0,404,396,25,462,0.5775,404,True,117600,0.6361750000046342,False,1344.1189999999995,0.032860965282307,100000,True,94110,60659,800,0.4438015,2,14,146
0.5425,0.4575,0.2185792349726776,0.7814207650273224,0.0,2.7650273224043715,6.228265879203914,13.613695910828227,0.1469108765981188,800,434,366,80,366,train,200,200,1.0,434,366,43,603,0.75375,434,True,118400,0.6337000000046658,False,1345.558999999999,0.03483403772755991,100000,True,94796,61093,800,0.44410150000000004,2,14,147
0.53,0.47,0.19946808510638298,0.800531914893617,0.0,2.50531914893617,6.17572278592782,13.139835714740043,0.1522089045418151,800,424,376,75,376,train,200,200,1.0,424,376,37,488,0.61,424,True,119200,0.6312250000046973,False,1347.3009999999988,0.03577414852043148,100000,True,95431,61517,800,0.4444015,2,14,148
0.5325,0.4675,0.0962566844919786,0.9037433155080213,0.0,2.518716577540107,7.1534841996201415,15.301570480470891,0.13070553787616523,800,426,374,36,374,train,200,200,1.0,426,374,62,445,0.55625,426,True,120000,0.6287500000047288,False,1349.723999999999,0.03360184651450254,100000,True,96048,61943,800,0.4447015,2,14,149
0.515,0.485,0.08247422680412371,0.9175257731958762,0.0,2.672680412371134,6.585410774902938,13.578166546191625,0.1472952915400022,800,412,388,32,388,train,200,200,1.0,412,388,34,597,0.74625,412,True,120800,0.6262750000047603,False,1350.1459999999988,0.03284580214633024,100000,True,96739,62355,800,0.44500150000000005,2,14,150
0.5275,0.47250000000000003,0.0,1.0,0.0,2.6031746031746033,6.384892389541469,13.512999766225331,0.14800562677421492,800,422,378,0,378,train,200,200,1.0,422,378,23,555,0.69375,422,True,121600,0.6238000000047919,False,1350.939999999999,0.03520674803236034,100000,True,97405,62777,800,0.4453015,2,14,151
0.51625,0.48375,0.04392764857881137,0.9560723514211886,0.0,2.65374677002584,6.595408280128223,13.63391892532966,0.14669296560685255,800,413,387,17,387,train,200,200,1.0,413,387,34,601,0.75125,413,True,122400,0.6213250000048234,False,1351.809999999999,0.035374945285147986,100000,True,98093,63190,800,0.44560150000000004,2,14,152
0.5225,0.47750000000000004,0.15968586387434555,0.8403141361256544,0.0,2.6989528795811517,6.118620943156179,12.813865849541736,0.1560809222980531,800,418,382,61,382,train,200,200,1.0,418,382,46,614,0.7675,418,True,123200,0.6188500000048549,False,1353.364999999999,0.0345730751476367,100000,True,98778,63608,800,0.4459015,2,14,153
0.54,0.45999999999999996,0.07608695652173914,0.9239130434782609,0.0,2.5380434782608696,6.325899205157469,13.751954793820586,0.14543386958330434,800,432,368,28,368,train,200,200,1.0,432,368,51,434,0.5425,432,True,124000,0.6163750000048864,False,1355.614999999999,0.03174404221441364,100000,True,99395,64040,800,0.44620150000000003,2,14,154
0.54125,0.45875,0.0,1.0,0.0,2.577656675749319,7.174566127702442,15.639381204800964,0.12788229750330798,800,433,367,0,367,train,200,200,1.0,433,367,58,488,0.61,433,True,124800,0.613900000004918,False,1356.682999999999,0.034335454478859904,100000,True,100025,64473,800,0.4465015,2,14,155
0.54375,0.45625000000000004,0.0,1.0,0.0,2.6082191780821917,6.128043132281749,13.431327413220272,0.14890560988271548,800,435,365,0,365,train,200,200,1.0,435,365,49,521,0.65125,435,True,125600,0.6114250000049495,False,1358.422999999999,0.03126912713516503,100000,True,100666,64908,800,0.4468015,2,14,156
0.51625,0.48375,0.0,1.0,0.0,2.198966408268734,5.930969954075631,12.260403005841098,0.1631267747925709,800,413,387,0,387,train,200,200,1.0,413,387,43,304,0.38,413,True,126400,0.608950000004981,False,1358.940999999999,0.03360154598281952,100000,True,101222,65321,800,0.44710150000000004,2,14,157
0.52375,0.47624999999999995,0.08661417322834646,0.9133858267716536,0.0,2.6246719160104988,6.535352585590806,13.72252511410143,0.1457457707943836,800,419,381,33,381,train,200,200,1.0,419,381,41,533,0.66625,419,True,127200,0.6064750000050125,False,1359.6909999999991,0.032160959145985546,100000,True,101886,65740,800,0.4474015,2,14,158
0.51625,0.48375,0.12144702842377261,0.8785529715762274,0.0,2.640826873385013,6.0304531738811935,12.466053072622621,0.1604357039352182,800,413,387,47,387,train,200,200,1.0,413,387,33,591,0.73875,413,True,128000,0.6040000000050441,False,1359.5579999999993,0.0341785831208108,100000,True,102568,66153,800,0.44770150000000003,2,14,159
0.4975,0.5025,0.05721393034825871,0.9427860696517413,0.0,2.482587064676617,6.066049142825182,12.071739587711807,0.16567620478127787,800,398,402,23,402,train,200,200,1.0,398,402,67,493,0.61625,398,True,128800,0.6015250000050756,False,1360.6009999999992,0.03243556251974951,100000,True,103214,66551,800,0.44800150000000005,2,14,160
0.54,0.45999999999999996,0.0,1.0,0.0,2.698369565217391,6.7696625115227835,14.716657633745182,0.13590042316497297,800,432,368,0,368,train,200,200,1.0,432,368,35,551,0.68875,432,True,129600,0.5990500000051071,False,1362.2089999999992,0.031251448253315176,100000,True,103882,66983,800,0.4483015,2,14,161
0.56625,0.43374999999999997,0.14985590778097982,0.8501440922190202,0.0,2.7694524495677233,6.352456139351752,14.645432021560234,0.13656135217149656,800,453,347,52,347,train,200,200,1.0,453,347,33,546,0.6825,453,True,130400,0.5965750000051386,False,1363.6139999999987,0.033261598413373575,100000,True,104547,67436,800,0.44860150000000004,2,14,162
0.545,0.45499999999999996,0.06868131868131869,0.9313186813186813,0.0,2.60989010989011,6.8650607672541275,15.088045642316764,0.1325552723933105,800,436,364,25,364,train,200,200,1.0,436,364,40,504,0.63,436,True,131200,0.5941000000051702,False,1365.601999999999,0.03376544652157463,100000,True,105192,67872,800,0.4489015,2,14,163
0.55625,0.44375,0.0,1.0,0.0,2.4338028169014083,6.322289662467074,14.247413323869463,0.14037635846847313,800,445,355,0,355,train,200,200,1.0,445,355,44,333,0.41625,445,True,132000,0.5916250000052017,False,1366.932999999999,0.03286619930062443,100000,True,105775,68317,800,0.44920150000000003,2,14,164
0.52,0.48,0.0,1.0,0.0,2.4010416666666665,6.265160186229596,13.052417054644991,0.1532283248096379,800,416,384,0,384,train,200,200,1.0,416,384,63,419,0.52375,416,True,132800,0.5891500000052332,False,1367.9669999999992,0.03358608780952636,100000,True,106373,68733,800,0.4495015,2,14,165
0.5475,0.4525,0.052486187845303865,0.9475138121546961,0.0,2.649171270718232,6.482700069786983,14.326408994004382,0.13960232468841302,800,438,362,19,362,train,200,200,1.0,438,362,16,563,0.70375,438,True,133600,0.5866750000052647,False,1368.4989999999991,0.030600583546911368,100000,True,107029,69171,800,0.4498015,2,14,166
0.5425,0.4575,0.1448087431693989,0.855191256830601,0.0,2.6775956284153004,6.523344309784379,14.258676086960392,0.14026547680881865,800,434,366,53,366,train,200,200,1.0,434,366,46,488,0.61,434,True,134400,0.5842000000052963,False,1369.3189999999993,0.03318867670881445,100000,True,107687,69605,800,0.45010150000000004,2,14,167
0.53,0.47,0.06648936170212766,0.9335106382978723,0.0,2.449468085106383,6.107509322162352,12.994700685451814,0.15390889320283424,800,424,376,25,376,train,200,200,1.0,424,376,28,425,0.53125,424,True,135200,0.5817250000053278,False,1370.4919999999993,0.030783642381429673,100000,True,108306,70029,800,0.4504015,2,14,168
0.5275,0.47250000000000003,0.0,1.0,0.0,2.693121693121693,6.8458184731661005,14.48850470511344,0.1380404700627345,800,422,378,0,378,train,200,200,1.0,422,378,55,569,0.71125,422,True,136000,0.5792500000053593,False,1371.6169999999993,0.03213687522365945,100000,True,108986,70451,800,0.45070150000000003,2,14,169
0.53875,0.46125000000000005,0.04065040650406504,0.959349593495935,0.0,2.6720867208672088,6.935909247629091,15.037201620876079,0.13300347035471075,800,431,369,15,369,train,200,200,1.0,431,369,40,560,0.7,431,True,136800,0.5767750000053908,False,1372.3469999999993,0.03127424371807137,100000,True,109651,70882,800,0.4510015,2,14,170
0.55,0.44999999999999996,0.0,1.0,0.0,2.908333333333333,6.093727941071013,13.541617646824474,0.14769284232958702,800,440,360,0,360,train,200,200,1.0,440,360,43,671,0.83875,440,True,137600,0.5743000000054224,False,1373.7149999999995,0.037217672596743794,100000,True,110364,71322,800,0.4513015,2,14,171
0.5325,0.4675,0.24866310160427807,0.7513368983957219,0.0,2.5,6.0209626359500215,12.87906446192518,0.15529078264284402,800,426,374,93,374,train,200,200,1.0,426,374,73,436,0.545,426,True,138400,0.5718250000054539,False,1375.4229999999993,0.030190959084720817,100000,True,110980,71748,800,0.4516015,2,14,172
0.53625,0.46375,0.215633423180593,0.784366576819407,0.0,2.4339622641509435,6.4304528531812615,13.866205613328866,0.1442355649246614,800,429,371,80,371,train,200,200,1.0,429,371,37,414,0.5175,429,True,139200,0.5693500000054854,False,1376.0559999999996,0.034032446756755236,100000,True,111580,72177,800,0.4519015,2,14,173
0.53625,0.46375,0.06199460916442048,0.9380053908355795,0.0,2.8733153638814017,6.537142425023072,14.096263989268081,0.1418815653227452,800,429,371,23,371,train,200,200,1.0,429,371,50,627,0.78375,429,True,140000,0.5668750000055169,False,1377.3829999999994,0.03410207524400903,100000,True,112302,72606,800,0.45220150000000003,2,14,174
0.5125,0.48750000000000004,0.10512820512820513,0.8948717948717949,0.0,2.3333333333333335,6.15665209138641,12.629029931049047,0.15836529099380062,800,410,390,41,390,train,200,200,1.0,410,390,47,419,0.52375,410,True,140800,0.5644000000055485,False,1378.0419999999992,0.02932234369640355,100000,True,112903,73016,800,0.4525015,2,14,175
0.535,0.46499999999999997,0.09408602150537634,0.9059139784946236,0.0,2.881720430107527,6.219184989659919,13.374591375612727,0.1495372788470238,800,428,372,35,372,train,200,200,1.0,428,372,44,629,0.78625,428,True,141600,0.56192500000558,False,1378.9269999999992,0.032344482330663595,100000,True,113629,73444,800,0.4528015,2,14,176
0.5575,0.4425,0.12994350282485875,0.8700564971751412,0.0,2.6073446327683616,6.329067326068164,14.302977008063648,0.1398310295033301,800,446,354,46,354,train,200,200,1.0,446,354,42,429,0.53625,446,True,142400,0.5594500000056115,False,1380.450999999999,0.03112105629101279,100000,True,114254,73890,800,0.45310150000000005,2,14,177
0.55875,0.44125000000000003,0.0,1.0,0.0,2.8838526912181304,6.3761965391155915,14.450303771366778,0.13840539490685258,800,447,353,0,353,train,200,200,1.0,447,353,33,597,0.74625,447,True,143200,0.556975000005643,False,1381.7779999999993,0.032833728685218375,100000,True,114951,74337,800,0.4534015,2,14,178
0.53625,0.46375,0.16172506738544473,0.8382749326145552,0.0,2.5390835579514826,6.052223012440157,13.050615660248317,0.15324947512567735,800,429,371,60,371,train,200,200,1.0,429,371,50,441,0.55125,429,True,144000,0.5545000000056746,False,1382.6709999999991,0.03457991105009569,100000,True,115579,74766,800,0.45370150000000004,2,14,179
0.535,0.46499999999999997,0.11559139784946236,0.8844086021505376,0.0,2.564516129032258,6.42721614475723,13.821970203778989,0.14469717200324966,800,428,372,43,372,train,200,200,1.0,428,372,52,460,0.575,428,True,144800,0.5520250000057061,False,1383.467999999999,0.03226597384636989,100000,True,116209,75194,800,0.4540015,2,14,180
0.5775,0.4225,0.026627218934911243,0.9733727810650887,0.0,2.955621301775148,6.37566057693231,15.090320892147478,0.13253528631327754,800,462,338,9,338,train,200,200,1.0,462,338,36,614,0.7675,462,True,145600,0.5495500000057376,False,1385.138999999999,0.032809517061105,100000,True,116903,75656,800,0.4543015,2,14,181
0.5425,0.4575,0.16666666666666666,0.8333333333333334,0.0,2.877049180327869,7.187901469211317,15.71126004199195,0.12729723743700638,800,434,366,61,366,train,200,200,1.0,434,366,61,653,0.81625,434,True,146400,0.5470750000057691,False,1386.7359999999992,0.029714857373619452,100000,True,117613,76090,800,0.4546015,2,14,182
0.53875,0.46125000000000005,0.2872628726287263,0.7127371273712737,0.0,2.644986449864499,6.234511524040549,13.516556149681408,0.14796668454983194,800,431,369,106,369,train,200,200,1.0,431,369,38,545,0.68125,431,True,147200,0.5446000000058007,False,1388.217999999999,0.030949711358116475,100000,True,118279,76521,800,0.4549015,2,14,183
0.56625,0.43374999999999997,0.04610951008645533,0.9538904899135446,0.0,2.685878962536023,6.597685706549692,15.21080278167076,0.13148549939849521,800,453,347,16,347,train,200,200,1.0,453,347,38,417,0.52125,453,True,148000,0.5421250000058322,False,1389.4439999999993,0.030781244923127817,100000,True,118921,76974,800,0.45520150000000004,2,14,184
0.5375,0.4625,0.20270270270270271,0.7972972972972973,0.0,2.610810810810811,6.571338480624304,14.208299417566062,0.14076279934862237,800,430,370,75,370,train,200,200,1.0,430,370,51,521,0.65125,430,True,148800,0.5396500000058637,False,1390.5049999999992,0.028712503733404445,100000,True,119569,77404,800,0.4555015,2,14,185
0.51625,0.48375,0.09302325581395349,0.9069767441860465,0.0,2.4780361757105944,6.003789673703824,12.410934726002736,0.16114821680672492,800,413,387,36,387,train,200,200,1.0,413,387,61,480,0.6,413,True,149600,0.5371750000058952,False,1391.4989999999993,0.03634664324839832,100000,True,120194,77817,800,0.4558015,2,14,186
0.5275,0.47250000000000003,0.05555555555555555,0.9444444444444444,0.0,2.5238095238095237,5.905193715991588,12.497764478289076,0.16002861979631391,800,422,378,21,378,train,200,200,1.0,422,378,45,554,0.6925,422,True,150400,0.5347000000059268,False,1392.3449999999991,0.034208044549668554,100000,True,120833,78239,800,0.45610150000000005,2,14,187
0.5575,0.4425,0.11864406779661017,0.8813559322033898,0.0,2.994350282485876,6.607182869565207,14.931486710881824,0.13394513478302417,800,446,354,42,354,train,200,200,1.0,446,354,61,647,0.80875,446,True,151200,0.5322250000059583,False,1394.383999999999,0.03240383643191308,100000,True,121556,78685,800,0.4564015,2,14,188
0.56625,0.43374999999999997,0.1930835734870317,0.8069164265129684,0.0,2.6887608069164264,6.3864948557609456,14.72390744844022,0.13583350798716617,800,453,347,67,347,train,200,200,1.0,453,347,41,462,0.5775,453,True,152000,0.5297500000059898,False,1395.8889999999994,0.03452618265298952,100000,True,122192,79138,800,0.45670150000000004,2,14,189
0.52375,0.47624999999999995,0.047244094488188976,0.952755905511811,0.0,2.622047244094488,6.3118308129247,13.25318805863454,0.15090708674408243,800,419,381,18,381,train,200,200,1.0,419,381,54,538,0.6725,419,True,152800,0.5272750000060213,False,1396.932999999999,0.030221852516988293,100000,True,122862,79557,800,0.4570015,2,14,190
0.5225,0.47750000000000004,0.12303664921465969,0.8769633507853403,0.0,2.269633507853403,6.366850013796562,13.333717306380233,0.14999568042761732,800,418,382,47,382,train,200,200,1.0,418,382,57,354,0.4425,418,True,153600,0.5248000000060529,False,1398.1329999999994,0.02977261289895978,100000,True,123423,79975,800,0.4573015,2,14,191
0.51125,0.48875,0.23273657289002558,0.7672634271099744,0.0,2.682864450127877,5.73137907701667,11.726606807195234,0.17055232028184286,800,409,391,91,391,train,200,200,1.0,409,391,75,613,0.76625,409,True,154400,0.5223250000060844,False,1399.393999999999,0.032385090891330036,100000,True,124116,80384,800,0.4576015,2,14,192
0.5475,0.4525,0.1712707182320442,0.8287292817679558,0.0,2.7679558011049723,6.748446995499745,14.913695017678995,0.13410492823067385,800,438,362,62,362,train,200,200,1.0,438,362,48,546,0.6825,438,True,155200,0.5198500000061159,False,1400.8169999999989,0.03216923295753077,100000,True,124792,80822,800,0.4579015,2,14,193
0.52,0.48,0.08333333333333333,0.9166666666666666,0.0,2.7760416666666665,6.246360440185462,13.013250917053048,0.1536894979392986,800,416,384,32,384,train,200,200,1.0,416,384,55,614,0.7675,416,True,156000,0.5173750000061474,False,1401.610999999999,0.0303113881192985,100000,True,125499,81238,800,0.45820150000000004,2,14,194
0.55375,0.44625000000000004,0.07563025210084033,0.9243697478991597,0.0,2.560224089635854,6.78442402049535,15.20319108234252,0.131551329531263,800,443,357,27,357,train,200,200,1.0,443,357,56,433,0.54125,443,True,156800,0.514900000006179,False,1404.294999999999,0.028281344491406343,100000,True,126111,81681,800,0.4585015,2,14,195
0.53625,0.46375,0.2210242587601078,0.7789757412398922,0.0,2.5390835579514826,6.223932161536471,13.420877976358968,0.1490215471389445,800,429,371,82,371,train,200,200,1.0,429,371,47,457,0.57125,429,True,157600,0.5124250000062105,False,1405.402999999999,0.030242244337423473,100000,True,126742,82110,800,0.45880150000000003,2,14,196
0.54625,0.45375,0.1652892561983471,0.8347107438016529,0.0,2.446280991735537,6.288316369096296,13.858548471837565,0.14431525812853122,800,437,363,60,363,train,200,200,1.0,437,363,44,402,0.5025,437,True,158400,0.509950000006242,False,1406.328999999999,0.028934870761295316,100000,True,127338,82547,800,0.45910150000000005,2,14,197
0.5225,0.47750000000000004,0.2356020942408377,0.7643979057591623,0.0,2.6518324607329844,6.263495441358186,13.117267940017145,0.1524707743369757,800,418,382,90,382,train,200,200,1.0,418,382,68,557,0.69625,418,True,159200,0.5074750000062735,False,1407.8369999999989,0.029290183085540777,100000,True,128002,82965,800,0.4594015,2,14,198
0.5425,0.4575,0.05737704918032787,0.9426229508196722,0.0,2.7049180327868854,6.5743712980089155,14.37021048745118,0.1391768061954628,800,434,366,21,366,train,200,200,1.0,434,366,36,520,0.65,434,True,160000,0.5050000000063051,False,1408.5659999999991,0.03510783364094095,100000,True,128671,83399,800,0.4597015,2,14,199
0.5525,0.4475,0.2430167597765363,0.7569832402234636,0.0,2.6871508379888267,6.22004574760242,13.899543570061274,0.14388961694453564,800,442,358,87,358,train,200,200,1.0,442,358,60,473,0.59125,442,True,160800,0.5025250000063366,False,1409.7859999999991,0.03214233087463072,100000,True,129318,83841,800,0.4600015,2,14,200
0.53875,0.46125000000000005,0.11653116531165311,0.8834688346883469,0.0,2.5474254742547426,6.068796398198267,13.157282164115484,0.15200707676960068,800,431,369,43,369,train,200,200,1.0,431,369,49,457,0.57125,431,True,161600,0.5000500000063681,False,1410.0639999999994,0.029399873703951016,100000,True,129943,84272,800,0.46030150000000003,2,14,201
0.54875,0.45125000000000004,0.10249307479224377,0.8975069252077562,0.0,2.5761772853185594,6.385652051671503,14.151029477388374,0.14133247359817583,800,439,361,37,361,train,200,200,1.0,439,361,46,462,0.5775,439,True,162400,0.4975750000063561,False,1410.9489999999992,0.028609078496519943,100000,True,130564,84711,800,0.4606015,2,14,202
0.555,0.44499999999999995,0.033707865168539325,0.9662921348314607,0.0,2.556179775280899,6.165741605326347,13.855599113092914,0.14434597765679366,800,444,356,12,356,train,200,200,1.0,444,356,35,443,0.55375,444,True,163200,0.49510000000634324,False,1412.0739999999992,0.028416523636697093,100000,True,131180,85155,800,0.4609015,2,14,203
0.5425,0.4575,0.13934426229508196,0.860655737704918,0.0,2.5,6.666865290364349,14.572383148337375,0.1372459109564511,800,434,366,51,366,train,200,200,1.0,434,366,62,421,0.52625,434,True,164000,0.49262500000633036,False,1413.0919999999987,0.029017891510011395,100000,True,131783,85589,800,0.46120150000000004,2,14,204
0.525,0.475,0.05789473684210526,0.9421052631578948,0.0,2.5210526315789474,6.757969071104767,14.227303307588983,0.1405747777186405,800,420,380,22,380,train,200,200,1.0,420,380,63,492,0.615,420,True,164800,0.4901500000063175,False,1414.297999999999,0.03493322502690717,100000,True,132417,86009,800,0.4615015,2,14,205
0.52125,0.47875,0.07049608355091384,0.9295039164490861,0.0,2.5221932114882506,6.295156672870591,13.149152319311938,0.1521010595536743,800,417,383,27,383,train,200,200,1.0,417,383,69,521,0.65125,417,True,165600,0.4876750000063046,False,1415.579999999999,0.034781514856258584,100000,True,133057,86426,800,0.46180150000000003,2,14,206
0.5625,0.4375,0.09714285714285714,0.9028571428571428,0.0,2.5514285714285716,6.576451855464661,15.031889955347797,0.13305046843351012,800,450,350,34,350,train,200,200,1.0,450,350,32,451,0.56375,450,True,166400,0.4852000000062917,False,1416.726999999999,0.03293699670481146,100000,True,133670,86876,800,0.4621015,2,14,207
0.54,0.45999999999999996,0.3179347826086957,0.6820652173913043,0.0,2.817934782608696,6.131419262111324,13.329172308937661,0.15004682613780396,800,432,368,117,368,train,200,200,1.0,432,368,39,544,0.68,432,True,167200,0.4827250000062788,False,1417.4179999999992,0.029915741797012743,100000,True,134368,87308,800,0.4624015,2,14,208
0.555,0.44499999999999995,0.0449438202247191,0.9550561797752809,0.0,2.980337078651685,6.780286680988974,15.236599283121288,0.1312628863460069,800,444,356,16,356,train,200,200,1.0,444,356,51,658,0.8225,444,True,168000,0.48025000000626594,False,1418.462999999999,0.03291038384399144,100000,True,135092,87752,800,0.4627015,2,14,209
0.5525,0.4475,0.164804469273743,0.835195530726257,0.0,2.606145251396648,6.265201007012529,14.000449177681629,0.14285255955846304,800,442,358,59,358,train,200,200,1.0,442,358,55,440,0.55,442,True,168800,0.47777500000625306,False,1419.5249999999992,0.029806995444232598,100000,True,135715,88194,800,0.4630015,2,14,210
0.5525,0.4475,0.2849162011173184,0.7150837988826816,0.0,2.863128491620112,6.32117381072408,14.125528068657161,0.14158762704509137,800,442,358,102,358,train,200,200,1.0,442,358,62,597,0.74625,442,True,169600,0.4753000000062402,False,1421.001999999999,0.03093636156481807,100000,True,136407,88636,800,0.46330150000000003,2,14,211
0.52875,0.47124999999999995,0.0,1.0,0.0,2.763925729442971,6.560438555776999,13.921355025521484,0.14366417610451548,800,423,377,0,377,train,200,200,1.0,423,377,62,605,0.75625,423,True,170400,0.4728250000062273,False,1422.1139999999991,0.030517329986323602,100000,True,137110,89059,800,0.4636015,2,14,212
0.535,0.46499999999999997,0.08602150537634409,0.9139784946236559,0.0,2.806451612903226,6.393673974104608,13.749836503450771,0.14545627502538402,800,428,372,32,372,train,200,200,1.0,428,372,78,591,0.73875,428,True,171200,0.4703500000062144,False,1423.1219999999992,0.028660020304087083,100000,True,137810,89487,800,0.4639015,2,14,213
0.56125,0.43875,0.1737891737891738,0.8262108262108262,0.0,2.5811965811965814,6.336545442011568,14.44226881370158,0.1384823967618282,800,449,351,61,351,train,200,200,1.0,449,351,51,408,0.51,449,True,172000,0.4678750000062015,False,1424.532999999999,0.0347404593823012,100000,True,138418,89936,800,0.46420150000000004,2,14,214
0.53,0.47,0.0,1.0,0.0,2.723404255319149,6.625474965038177,14.096755244762079,0.14187662091552158,800,424,376,0,376,train,200,200,1.0,424,376,82,583,0.72875,424,True,172800,0.46540000000618864,False,1426.598999999999,0.02897073084837757,100000,True,139099,90360,800,0.4645015,2,14,215
0.5375,0.4625,0.13513513513513514,0.8648648648648649,0.0,2.6432432432432433,6.171126187480029,13.34297554049736,0.14989160355797593,800,430,370,50,370,train,200,200,1.0,430,370,60,460,0.575,430,True,173600,0.46292500000617576,False,1427.9829999999988,0.029897162680426845,100000,True,139746,90790,800,0.46480150000000003,2,14,216
0.53625,0.46375,0.11320754716981132,0.8867924528301887,0.0,2.733153638814016,6.0105966125150125,12.960855229142883,0.15431080469928699,800,429,371,42,371,train,200,200,1.0,429,371,69,559,0.69875,429,True,174400,0.4604500000061629,False,1429.0329999999992,0.029717230907845078,100000,True,140429,91219,800,0.4651015,2,14,217
0.53625,0.46375,0.0,1.0,0.0,2.6199460916442048,6.1401636022231605,13.24024496436261,0.15105460702450688,800,429,371,0,371,train,200,200,1.0,429,371,70,486,0.6075,429,True,175200,0.45797500000615,False,1430.5419999999992,0.03195921928912867,100000,True,141076,91648,800,0.4654015,2,14,218
0.56,0.43999999999999995,0.23011363636363635,0.7698863636363636,0.0,2.6818181818181817,6.233888775056492,14.1679290342193,0.14116389171412916,800,448,352,81,352,train,200,200,1.0,448,352,46,505,0.63125,448,True,176000,0.4555000000061371,False,1430.9849999999992,0.031678352032613474,100000,True,141710,92096,800,0.4657015,2,14,219
0.56,0.43999999999999995,0.14488636363636365,0.8551136363636364,0.0,2.8323863636363638,6.315378769948429,14.353133568064612,0.13934239450331273,800,448,352,51,352,train,200,200,1.0,448,352,61,567,0.70875,448,True,176800,0.4530250000061242,False,1432.569999999999,0.03132706277014222,100000,True,142389,92544,800,0.4660015,2,14,220
0.52,0.48,0.041666666666666664,0.9583333333333334,0.0,2.6145833333333335,6.404760302338613,13.343250629872111,0.1498885133374107,800,416,384,16,384,train,200,200,1.0,416,384,95,532,0.665,416,True,177600,0.45055000000611134,False,1434.838999999999,0.032037976345454806,100000,True,143036,92960,800,0.46630150000000004,2,14,221
0.525,0.475,0.12105263157894737,0.8789473684210526,0.0,2.6026315789473684,5.894474756327238,12.40942053963629,0.16116787996763451,800,420,380,46,380,train,200,200,1.0,420,380,78,527,0.65875,420,True,178400,0.44807500000609846,False,1436.3259999999989,0.029120677411119688,100000,True,143682,93380,800,0.4666015,2,14,222
0.55625,0.44375,0.08169014084507042,0.9183098591549296,0.0,3.0140845070422535,6.6736420878914195,15.03919343750179,0.13298585514651287,800,445,355,29,355,train,200,200,1.0,445,355,47,681,0.85125,445,True,179200,0.4456000000060856,False,1436.953999999999,0.028587881824787473,100000,True,144420,93825,800,0.4669015,2,14,223
0.52875,0.47124999999999995,0.07427055702917772,0.9257294429708223,0.0,2.519893899204244,6.33381733683035,13.440461192212945,0.14880441760129096,800,423,377,28,377,train,200,200,1.0,423,377,83,461,0.57625,423,True,180000,0.4431250000060727,False,1438.2319999999993,0.02946954718994675,100000,True,145040,94248,800,0.46720150000000005,2,14,224
0.5325,0.4675,0.2967914438502674,0.7032085561497327,0.0,2.962566844919786,5.9408582684818505,12.707718221351552,0.1573846669530013,800,426,374,111,374,train,200,200,1.0,426,374,77,700,0.875,426,True,180800,0.4406500000060598,False,1439.4369999999992,0.03392876267986139,100000,True,145786,94674,800,0.4675015,2,14,225
0.53,0.47,0.05851063829787234,0.9414893617021277,0.0,2.4388297872340425,6.436860788044521,13.695448485201108,0.14603391792252296,800,424,376,22,376,train,200,200,1.0,424,376,68,449,0.56125,424,True,181600,0.4381750000060469,False,1440.2549999999992,0.030040202135423896,100000,True,146391,95098,800,0.46780150000000004,2,14,226
0.54125,0.45875,0.22615803814713897,0.773841961852861,0.0,2.6212534059945503,6.014667318519018,13.110991430014206,0.15254376533429195,800,433,367,83,367,train,200,200,1.0,433,367,69,457,0.57125,433,True,182400,0.43570000000603404,False,1441.3599999999992,0.0288809774100082,100000,True,147029,95531,800,0.4681015,2,14,227
0.51125,0.48875,0.04859335038363171,0.9514066496163683,0.0,2.4782608695652173,6.454831843686967,13.206817071482286,0.15143694269216734,800,409,391,19,391,train,200,200,1.0,409,391,96,453,0.56625,409,True,183200,0.43322500000602115,False,1441.8609999999992,0.03001800401703804,100000,True,147649,95940,800,0.4684015,2,14,228
0.54625,0.45375,0.21212121212121213,0.7878787878787878,0.0,2.7052341597796143,6.446353742810012,14.20684020453997,0.14077725737781405,800,437,363,77,363,train,200,200,1.0,437,363,58,502,0.6275,437,True,184000,0.43075000000600827,False,1443.4099999999994,0.031130210370320127,100000,True,148314,96377,800,0.4687015,2,14,229
0.5675,0.4325,0.10115606936416185,0.8988439306358381,0.0,2.832369942196532,6.292420325536702,14.54894872956463,0.13746697697379603,800,454,346,35,346,train,200,200,1.0,454,346,45,570,0.7125,454,True,184800,0.4282750000059954,False,1444.4979999999994,0.030957637891115154,100000,True,148991,96831,800,0.4690015,2,14,230
0.57,0.43000000000000005,0.15988372093023256,0.8401162790697675,0.0,2.979651162790698,6.639513750893352,15.440729653240354,0.1295275576293951,800,456,344,55,344,train,200,200,1.0,456,344,60,589,0.73625,456,True,185600,0.4258000000059825,False,1445.9489999999994,0.02971135438318015,100000,True,149694,97287,800,0.46930150000000004,2,14,231
0.565,0.43500000000000005,0.11494252873563218,0.8850574712643678,0.0,2.896551724137931,6.453402278043557,14.835407535732314,0.13481260930532804,800,452,348,40,348,train,200,200,1.0,452,348,64,547,0.68375,452,True,186400,0.4233250000059696,False,1447.497999999999,0.02896441917415359,100000,True,150382,97739,800,0.4696015,2,14,232
0.53,0.47,0.07180851063829788,0.9281914893617021,0.0,2.8351063829787235,6.288461807761064,13.37970597395971,0.14948011592276433,800,424,376,27,376,train,200,200,1.0,424,376,78,656,0.82,424,True,187200,0.42085000000595674,False,1448.0609999999992,0.033960917278309355,100000,True,151092,98163,800,0.4699015,2,14,233
0.55375,0.44625000000000004,0.226890756302521,0.773109243697479,0.0,2.7338935574229692,6.607733808637934,14.807246630000972,0.1350690003331071,800,443,357,81,357,train,200,200,1.0,443,357,70,493,0.61625,443,True,188000,0.41837500000594385,False,1448.887999999999,0.031013551334326622,100000,True,151746,98606,800,0.47020150000000005,2,14,234
0.52875,0.47124999999999995,0.05570291777188329,0.9442970822281167,0.0,2.429708222811671,6.805433351093671,14.441237880304874,0.13849228276529002,800,423,377,21,377,train,200,200,1.0,423,377,66,431,0.53875,423,True,188800,0.41590000000593097,False,1449.683999999999,0.03390131011925405,100000,True,152343,99029,800,0.4705015,2,14,235
0.55,0.44999999999999996,0.12777777777777777,0.8722222222222222,0.0,2.675,6.463090231841585,14.362422737425744,0.13925227216633723,800,440,360,46,360,train,200,200,1.0,440,360,72,511,0.63875,440,True,189600,0.4134250000059181,False,1450.8509999999992,0.02793260564227239,100000,True,152987,99469,800,0.4708015,2,14,236
0.54875,0.45125000000000004,0.1329639889196676,0.8670360110803325,0.0,2.7202216066481992,6.3698010189485395,14.115902535066017,0.1416841746414514,800,439,361,48,361,train,200,200,1.0,439,361,44,543,0.67875,439,True,190400,0.4109500000059052,False,1451.900999999999,0.030765858383383603,100000,True,153657,99908,800,0.4711015,2,14,237
0.52625,0.47375,0.19261213720316622,0.8073878627968337,0.0,2.6015831134564644,6.17837771844326,13.041430540249625,0.1533574092065607,800,421,379,73,379,train,200,200,1.0,421,379,88,546,0.6825,421,True,191200,0.4084750000058923,False,1452.890999999999,0.0315273769191117,100000,True,154308,100329,800,0.47140150000000003,2,14,238
0.54125,0.45875,0.18528610354223432,0.8147138964577657,0.0,2.5040871934604905,6.7014624743598965,14.608092587160536,0.13691041373586693,800,433,367,68,367,train,200,200,1.0,433,367,74,428,0.535,433,True,192000,0.40600000000587944,False,1454.248999999999,0.03248394263035152,100000,True,154912,100762,800,0.4717015,2,14,239
0.53125,0.46875,0.13333333333333333,0.8666666666666667,0.0,2.8346666666666667,6.236087728262579,13.303653820293501,0.15033463941681824,800,425,375,50,375,train,200,200,1.0,425,375,86,651,0.81375,425,True,192800,0.40352500000586655,False,1455.4909999999988,0.031087398468516766,100000,True,155619,101187,800,0.4720015,2,14,240
0.54875,0.45125000000000004,0.10803324099722991,0.8919667590027701,0.0,2.7340720221606647,6.282482748866766,13.922399443472056,0.14365339883548314,800,439,361,39,361,train,200,200,1.0,439,361,82,512,0.64,439,True,193600,0.40105000000585367,False,1457.173999999999,0.030065328183118255,100000,True,156268,101626,800,0.47230150000000004,2,14,241
0.55,0.44999999999999996,0.25555555555555554,0.7444444444444445,0.0,2.8666666666666667,5.918833256314971,13.152962791811046,0.15205699519238264,800,440,360,92,360,train,200,200,1.0,440,360,78,590,0.7375,440,True,194400,0.3985750000058408,False,1458.5009999999993,0.029735084835556334,100000,True,156963,102066,800,0.4726015,2,14,242
0.56625,0.43374999999999997,0.05763688760806916,0.9423631123919308,0.0,3.2363112391930837,6.7515457978349795,15.565523453221855,0.12848909360552385,800,453,347,20,347,train,200,200,1.0,453,347,58,741,0.92625,453,True,195200,0.3961000000058279,False,1460.2129999999988,0.030870384270092473,100000,True,157742,102519,800,0.47290150000000003,2,14,243
0.53,0.47,0.1675531914893617,0.8324468085106383,0.0,2.8164893617021276,6.440650280620349,13.703511235362445,0.14594799578365886,800,424,376,63,376,train,200,200,1.0,424,376,84,655,0.81875,424,True,196000,0.393625000005815,False,1461.5669999999989,0.028144674130890054,100000,True,158450,102943,800,0.47320150000000005,2,14,244
0.55625,0.44375,0.2112676056338028,0.7887323943661971,0.0,2.847887323943662,6.3119112873570575,14.224025436297595,0.14060717262894495,800,445,355,75,355,train,200,200,1.0,445,355,78,534,0.6675,445,True,196800,0.39115000000580213,False,1462.871999999999,0.033005862509889995,100000,True,159130,103388,800,0.4735015,2,14,245
0.5225,0.47750000000000004,0.17801047120418848,0.8219895287958116,0.0,2.342931937172775,6.339676668868948,13.276809777736016,0.15063859718422834,800,418,382,68,382,train,200,200,1.0,418,382,88,348,0.435,418,True,197600,0.38867500000578925,False,1464.720999999999,0.028016070898156612,100000,True,159699,103806,800,0.4738015,2,14,246
0.54125,0.45875,0.04632152588555858,0.9536784741144414,0.0,2.555858310626703,6.888521692899112,15.015851101687439,0.1331925833877805,800,433,367,17,367,train,200,200,1.0,433,367,92,479,0.59875,433,True,198400,0.38620000000577637,False,1465.946999999999,0.028091620875347872,100000,True,160319,104239,800,0.4741015,2,14,247
0.545,0.45499999999999996,0.18956043956043955,0.8104395604395604,0.0,2.576923076923077,6.649693439856074,14.614710856826537,0.1368484138751058,800,436,364,69,364,train,200,200,1.0,436,364,95,374,0.4675,436,True,199200,0.3837250000057635,False,1467.535999999999,0.0321278974210145,100000,True,160923,104675,800,0.47440150000000003,2,14,248
0.56125,0.43875,0.07407407407407407,0.9259259259259259,0.0,2.9857549857549857,6.536205154477326,14.897333685418406,0.1342522119886199,800,449,351,26,351,train,200,200,1.0,449,351,62,675,0.84375,449,True,200000,0.3812500000057506,False,1468.277999999999,0.03173109126073541,100000,True,161645,105124,800,0.4747015,2,14,249
0.53375,0.46625000000000005,0.14209115281501342,0.8579088471849866,0.0,2.734584450402145,5.921641272357875,12.700571093528955,0.15747323370513758,800,427,373,53,373,train,200,200,1.0,427,373,69,567,0.70875,427,True,200800,0.3787750000057377,False,1469.627999999999,0.03166888277046383,100000,True,162332,105551,800,0.4750015,2,14,250
0.54375,0.45625000000000004,0.1178082191780822,0.8821917808219178,0.0,2.5561643835616437,6.665938216618826,14.610275543274138,0.13688995762442707,800,435,365,43,365,train,200,200,1.0,435,365,81,446,0.5575,435,True,201600,0.37630000000572483,False,1471.2979999999986,0.0310008369377465,100000,True,162946,105986,800,0.47530150000000004,2,14,251
0.5425,0.4575,0.07923497267759563,0.9207650273224044,0.0,2.628415300546448,6.567511414782437,14.355216207174728,0.13932217886069884,800,434,366,29,366,train,200,200,1.0,434,366,102,441,0.55125,434,True,202400,0.37382500000571195,False,1473.2789999999989,0.030939454000908882,100000,True,163572,106420,800,0.4756015,2,14,252
0.55375,0.44625000000000004,0.07282913165266107,0.927170868347339,0.0,2.946778711484594,6.939751736696448,15.551264395958428,0.128606906105961,800,443,357,26,357,train,200,200,1.0,443,357,81,648,0.81,443,True,203200,0.37135000000569907,False,1474.606999999999,0.03276700634174631,100000,True,164289,106863,800,0.47590150000000003,2,14,253
0.565,0.43500000000000005,0.3793103448275862,0.6206896551724138,0.0,2.7672413793103448,6.55564518336156,15.070448697382895,0.13271004998990615,800,452,348,132,348,train,200,200,1.0,452,348,62,495,0.61875,452,True,204000,0.3688750000056862,False,1475.430999999999,0.029252650048438227,100000,True,164937,107315,800,0.4762015,2,14,254
0.545,0.45499999999999996,0.20604395604395603,0.7939560439560439,0.0,2.67032967032967,6.101853763432847,13.410667611940323,0.14913500638993393,800,436,364,75,364,train,200,200,1.0,436,364,91,486,0.6075,436,True,204800,0.3664000000056733,False,1476.0309999999988,0.03124483019360923,100000,True,165582,107751,800,0.4765015,2,14,255
0.555,0.44499999999999995,0.33707865168539325,0.6629213483146067,0.0,2.918539325842697,6.030462168594495,13.551600378864034,0.14758404498994315,800,444,356,120,356,train,200,200,1.0,444,356,78,587,0.73375,444,True,205600,0.3639250000056604,False,1477.0509999999988,0.03249226863612421,100000,True,166281,108195,800,0.4768015,2,14,256
0.52625,0.47375,0.0,1.0,0.0,2.7493403693931397,6.2156001777707175,13.12000037524162,0.15243902003037615,800,421,379,0,379,train,200,200,1.0,421,379,85,577,0.72125,421,True,206400,0.36145000000564753,False,1478.257999999999,0.031534254100115504,100000,True,166962,108616,800,0.4771015,2,14,257
0.56,0.43999999999999995,0.14204545454545456,0.8579545454545454,0.0,2.840909090909091,6.547772203786204,14.881300463150465,0.13439685630650774,800,448,352,50,352,train,200,200,1.0,448,352,77,512,0.64,448,True,207200,0.35897500000563465,False,1479.7819999999992,0.029645497093879383,100000,True,167634,109064,800,0.47740150000000003,2,14,258
0.545,0.45499999999999996,0.1346153846153846,0.8653846153846154,0.0,2.6923076923076925,6.9822384113768665,15.345578926103004,0.13033069717545664,800,436,364,49,364,train,200,200,1.0,436,364,90,556,0.695,436,True,208000,0.35650000000562176,False,1481.7299999999993,0.030403146669959823,100000,True,168284,109500,800,0.4777015,2,14,259
0.55875,0.44125000000000003,0.20396600566572237,0.7960339943342776,0.0,2.9008498583569406,6.672156226513278,15.121033941106578,0.13226608760945863,800,447,353,72,353,train,200,200,1.0,447,353,95,530,0.6625,447,True,208800,0.3540250000056089,False,1483.4569999999992,0.029435888880325365,100000,True,168970,109947,800,0.4780015,2,14,260
0.555,0.44499999999999995,0.10112359550561797,0.898876404494382,0.0,2.9747191011235956,6.0866288568819105,13.677817655914406,0.14622215694878654,800,444,356,36,356,train,200,200,1.0,444,356,87,624,0.78,444,True,209600,0.351550000005596,False,1484.5809999999994,0.027094913010369055,100000,True,169684,110391,800,0.47830150000000005,2,14,261
0.5525,0.4475,0.1005586592178771,0.8994413407821229,0.0,2.8128491620111733,6.330910492643575,14.147286017080614,0.1413698710540888,800,442,358,36,358,train,200,200,1.0,442,358,78,558,0.6975,442,True,210400,0.3490750000055831,False,1485.4009999999992,0.029147456800565123,100000,True,170357,110833,800,0.4786015,2,14,262
0.5675,0.4325,0.16184971098265896,0.838150289017341,0.0,3.054913294797688,6.573828608718801,15.199603719581043,0.13158237786314653,800,454,346,56,346,train,200,200,1.0,454,346,78,652,0.815,454,True,211200,0.34660000000557023,False,1486.8899999999987,0.03001010346750263,100000,True,171078,111287,800,0.47890150000000004,2,14,263
0.53875,0.46125000000000005,0.37398373983739835,0.6260162601626016,0.0,2.6504065040650406,6.406531034345502,13.889498177442823,0.14399368317338426,800,431,369,138,369,train,200,200,1.0,431,369,102,512,0.64,431,True,212000,0.34412500000555735,False,1488.0069999999992,0.028876134510792326,100000,True,171717,111718,800,0.4792015,2,14,264
0.565,0.43500000000000005,0.2442528735632184,0.7557471264367817,0.0,2.9166666666666665,6.383615543732755,14.674978261454608,0.13628640290754043,800,452,348,85,348,train,200,200,1.0,452,348,74,605,0.75625,452,True,212800,0.34165000000554446,False,1489.0769999999993,0.02968699764023768,100000,True,172410,112170,800,0.4795015,2,14,265
0.59875,0.40125,0.205607476635514,0.794392523364486,0.0,3.2461059190031154,6.820641039632566,16.998482341763403,0.11765756258640925,800,479,321,66,321,train,200,200,1.0,479,321,67,689,0.86125,479,True,213600,0.3391750000055316,False,1491.3039999999992,0.032632002112659396,100000,True,173144,112649,800,0.4798015,2,14,266
0.55625,0.44375,0.21971830985915494,0.780281690140845,0.0,2.749295774647887,6.4864429465191495,14.617336217507942,0.1368238350845687,800,445,355,78,355,train,200,200,1.0,445,355,85,506,0.6325,445,True,214400,0.3367000000055187,False,1492.4499999999991,0.030340441800653935,100000,True,173795,113094,800,0.4801015,2,14,267
0.55375,0.44625000000000004,0.04481792717086835,0.9551820728291317,0.0,2.7478991596638656,6.385177359198907,14.308520692882706,0.13977685345172217,800,443,357,16,357,train,200,200,1.0,443,357,97,528,0.66,443,True,215200,0.3342250000055058,False,1494.412999999999,0.029774693952931558,100000,True,174444,113537,800,0.48040150000000004,2,14,268
0.5225,0.47750000000000004,0.10471204188481675,0.8952879581151832,0.0,2.6727748691099475,6.512033713229892,13.637766938701343,0.14665157492348596,800,418,382,40,382,train,200,200,1.0,418,382,119,541,0.67625,418,True,216000,0.33175000000549293,False,1495.687999999999,0.0286998748590122,100000,True,175106,113955,800,0.4807015,2,14,269
0.5825,0.4175,0.1377245508982036,0.8622754491017964,0.0,2.8862275449101795,6.33232295660601,15.167240614625175,0.1318631418078433,800,466,334,46,334,train,200,200,1.0,466,334,63,500,0.625,466,True,216800,0.32927500000548005,False,1497.330999999999,0.025698734001780396,100000,True,175768,114421,800,0.4810015,2,14,270
0.5425,0.4575,0.18032786885245902,0.819672131147541,0.0,2.6557377049180326,6.4925542763952215,14.19137546753054,0.14093066627515724,800,434,366,66,366,train,200,200,1.0,434,366,95,472,0.59,434,True,217600,0.32680000000546716,False,1498.3829999999987,0.027512126037327108,100000,True,176405,114855,800,0.48130150000000005,2,14,271
0.5675,0.4325,0.05202312138728324,0.9479768786127167,0.0,2.7630057803468207,6.6744733392525895,15.432308298849918,0.12959824034548667,800,454,346,18,346,train,200,200,1.0,454,346,63,518,0.6475,454,True,218400,0.3243250000054543,False,1498.716999999999,0.029657750979822595,100000,True,177061,115309,800,0.4816015,2,14,272
0.49875,0.50125,0.23192019950124687,0.7680798004987531,0.0,2.625935162094763,5.835311164410566,11.641518532489908,0.1717988932816857,800,399,401,93,401,train,200,200,1.0,399,401,125,560,0.7,399,True,219200,0.3218500000054414,False,1500.095999999999,0.03056399197957944,100000,True,177744,115708,800,0.48190150000000004,2,14,273
0.55625,0.44375,0.16901408450704225,0.8309859154929577,0.0,2.6619718309859155,6.876608250102638,15.496581972062282,0.12906071826714186,800,445,355,60,355,train,200,200,1.0,445,355,87,444,0.555,445,True,220000,0.3193750000054285,False,1501.519999999999,0.025799400593023165,100000,True,178367,116153,800,0.4822015,2,14,274
0.5525,0.4475,0.10335195530726257,0.8966480446927374,0.0,2.717877094972067,6.733124249016138,15.046087707298632,0.1329249196806044,800,442,358,37,358,train,200,200,1.0,442,358,89,531,0.66375,442,True,220800,0.3169000000054156,False,1503.3549999999993,0.029343653286996414,100000,True,179016,116595,800,0.4825015,2,14,275
0.5425,0.4575,0.16939890710382513,0.8306010928961749,0.0,2.7185792349726774,6.4712259214028345,14.144756112355923,0.14139515620583465,800,434,366,62,366,train,200,200,1.0,434,366,100,529,0.66125,434,True,221600,0.31442500000540274,False,1504.6099999999992,0.030843938592588528,100000,True,179669,117029,800,0.4828015,2,14,276
0.5425,0.4575,0.0,1.0,0.0,2.568306010928962,6.41272107324716,14.016876662835323,0.14268513935796034,800,434,366,0,366,train,200,200,1.0,434,366,88,454,0.5675,434,True,222400,0.31195000000538986,False,1505.0999999999995,0.030995272867003223,100000,True,180284,117463,800,0.4831015,2,14,277
0.545,0.45499999999999996,0.16483516483516483,0.8351648351648352,0.0,2.717032967032967,6.246079876690265,13.727648080637946,0.14569138050828126,800,436,364,60,364,train,200,200,1.0,436,364,104,516,0.645,436,True,223200,0.309475000005377,False,1506.364999999999,0.0274055940911785,100000,True,180942,117899,800,0.48340150000000004,2,14,278
0.53,0.47,0.10638297872340426,0.8936170212765957,0.0,2.6702127659574466,6.00972354603315,12.786645842623724,0.1564131848661271,800,424,376,40,376,train,200,200,1.0,424,376,111,548,0.685,424,True,224000,0.3070000000053641,False,1507.791999999999,0.027506815389424445,100000,True,181602,118323,800,0.4837015,2,14,279
0.55875,0.44125000000000003,0.20396600566572237,0.7960339943342776,0.0,2.810198300283286,6.300925589781627,14.279718050496607,0.14005878778050845,800,447,353,72,353,train,200,200,1.0,447,353,76,506,0.6325,447,True,224800,0.3045250000053512,False,1509.172999999999,0.02805699851596728,100000,True,182272,118770,800,0.48400150000000003,2,14,280
0.535,0.46499999999999997,0.03494623655913978,0.9650537634408602,0.0,2.7338709677419355,6.134761474151963,13.193035428283792,0.15159513599973473,800,428,372,13,372,train,200,200,1.0,428,372,103,535,0.66875,428,True,225600,0.3020500000053383,False,1509.9599999999984,0.02568996304529719,100000,True,182943,119198,800,0.48430150000000005,2,14,281
0.56,0.43999999999999995,0.11363636363636363,0.8863636363636364,0.0,2.8380681818181817,6.499121986538882,14.77073178758837,0.13540290547287379,800,448,352,40,352,train,200,200,1.0,448,352,82,563,0.70375,448,True,226400,0.29957500000532544,False,1510.919999999999,0.026755478470004163,100000,True,183619,119646,800,0.4846015,2,14,282
0.53,0.47,0.05851063829787234,0.9414893617021277,0.0,2.6888297872340425,6.925704625622956,14.735541756644587,0.13572626192030945,800,424,376,22,376,train,200,200,1.0,424,376,114,553,0.69125,424,True,227200,0.29710000000531256,False,1512.748999999999,0.027436907642986626,100000,True,184276,120070,800,0.48490150000000004,2,14,283
0.5425,0.4575,0.0,1.0,0.0,2.6830601092896176,6.636595535201482,14.506219749074276,0.1378718945800908,800,434,366,0,366,train,200,200,1.0,434,366,91,524,0.655,434,True,228000,0.2946250000052997,False,1513.7319999999986,0.02938829333870672,100000,True,184924,120504,800,0.4852015,2,14,284
0.5575,0.4425,0.0,1.0,0.0,2.7231638418079096,7.687385896987513,17.372623496016978,0.11512365996180945,800,446,354,0,354,train,200,200,1.0,446,354,92,511,0.63875,446,True,228800,0.2921500000052868,False,1515.106999999999,0.027614716756361304,100000,True,185565,120950,800,0.48550150000000003,2,14,285
0.53125,0.46875,0.09866666666666667,0.9013333333333333,0.0,2.6693333333333333,7.411990115733909,15.812245580232338,0.12648424854343887,800,425,375,37,375,train,200,200,1.0,425,375,114,535,0.66875,425,True,229600,0.2896750000052739,False,1516.341999999999,0.029131168921740027,100000,True,186218,121375,800,0.4858015,2,14,286
0.53875,0.46125000000000005,0.1951219512195122,0.8048780487804879,0.0,2.7642276422764227,6.472793943048739,14.033157600105667,0.14251959943676115,800,431,369,72,369,train,200,200,1.0,431,369,104,595,0.74375,431,True,230400,0.287200000005261,False,1517.906999999999,0.029283986099981122,100000,True,186898,121806,800,0.4861015,2,14,287
0.5475,0.4525,0.0856353591160221,0.914364640883978,0.0,2.6408839779005526,7.371567994255941,16.290757998355673,0.12276899578287717,800,438,362,31,362,train,200,200,1.0,438,362,81,453,0.56625,438,True,231200,0.28472500000524814,False,1518.1499999999987,0.027522860169119666,100000,True,187535,122244,800,0.48640150000000004,2,14,288
0.57,0.43000000000000005,0.07267441860465117,0.9273255813953488,0.0,2.9505813953488373,6.629339209724833,15.417067929592635,0.1297263532296602,800,456,344,25,344,train,200,200,1.0,456,344,71,614,0.7675,456,True,232000,0.28225000000523526,False,1519.2149999999988,0.026956773586571215,100000,True,188236,122700,800,0.4867015,2,14,289
0.5625,0.4375,0.08285714285714285,0.9171428571428571,0.0,3.057142857142857,6.409538374826123,14.650373428173996,0.13651529155931402,800,450,350,29,350,train,200,200,1.0,450,350,78,674,0.8425,450,True,232800,0.2797750000052224,False,1520.3969999999993,0.030035200607817388,100000,True,188973,123150,800,0.48700150000000003,2,14,290
0.5475,0.4525,0.06906077348066299,0.930939226519337,0.0,2.9806629834254146,6.524812477719835,14.419475088883612,0.1387013041509297,800,438,362,25,362,train,200,200,1.0,438,362,114,651,0.81375,438,True,233600,0.2773000000052095,False,1522.081999999999,0.028803795050189363,100000,True,189698,123588,800,0.48730150000000005,2,14,291
0.58,0.42000000000000004,0.10714285714285714,0.8928571428571429,0.0,2.8273809523809526,6.8375738497698455,16.27993773754725,0.12285059268914143,800,464,336,36,336,train,200,200,1.0,464,336,76,447,0.55875,464,True,234400,0.2748250000051966,False,1523.3029999999992,0.02883312510261021,100000,True,190333,124052,800,0.4876015,2,14,292
0.54875,0.45125000000000004,0.19113573407202217,0.8088642659279779,0.0,2.6869806094182827,6.418816050756636,14.224523104169831,0.14060225326033687,800,439,361,69,361,train,200,200,1.0,439,361,88,509,0.63625,439,True,235200,0.2723500000051837,False,1523.962999999999,0.027368784407881323,100000,True,190978,124491,800,0.48790150000000004,2,14,293
0.54125,0.45875,0.0,1.0,0.0,2.4768392370572205,6.380929920357065,13.90938402257671,0.1437878195579146,800,433,367,0,367,train,200,200,1.0,433,367,99,366,0.4575,433,True,236000,0.26987500000517084,False,1525.467999999999,0.029343847118725536,100000,True,191565,124924,800,0.4882015,2,14,294
0.54,0.45999999999999996,0.11413043478260869,0.8858695652173914,0.0,2.875,6.230500853343517,13.544567072485906,0.1476606811643873,800,432,368,42,368,train,200,200,1.0,432,368,94,637,0.79625,432,True,236800,0.26740000000515796,False,1526.055999999999,0.02663282825713395,100000,True,192277,125356,800,0.48850150000000003,2,14,295
0.57875,0.42125,0.0,1.0,0.0,2.801186943620178,6.4613167387519725,15.338437362022487,0.13039137904307907,800,463,337,0,337,train,200,200,1.0,463,337,73,455,0.56875,463,True,237600,0.2649250000051451,False,1527.486999999999,0.028358574640005827,100000,True,192914,125819,800,0.4888015,2,14,296
0.56,0.43999999999999995,0.0,1.0,0.0,3.0142045454545454,6.815536282359153,15.489855187179893,0.1291167655108416,800,448,352,0,352,train,200,200,1.0,448,352,106,596,0.745,448,True,238400,0.2624500000051322,False,1529.1239999999991,0.028459677037171786,100000,True,193634,126267,800,0.4891015,2,14,297
0.54375,0.45625000000000004,0.15342465753424658,0.8465753424657534,0.0,2.5726027397260274,5.9330965642466715,13.004047264102296,0.15379827213647593,800,435,365,56,365,train,200,200,1.0,435,365,95,445,0.55625,435,True,239200,0.2599750000051193,False,1530.0899999999988,0.029107988484174712,100000,True,194254,126702,800,0.48940150000000004,2,14,298
0.58125,0.41874999999999996,0.0955223880597015,0.9044776119402985,0.0,3.256716417910448,6.83072497571218,16.31217904647685,0.12260777633089834,800,465,335,32,335,train,200,200,1.0,465,335,68,713,0.89125,465,True,240000,0.2575000000051064,False,1531.5579999999986,0.027441676667585853,100000,True,195015,127167,800,0.4897015,2,14,299
0.56875,0.43125,0.0,1.0,0.0,3.0057971014492755,6.915348669761418,16.035591118287346,0.1247225615349568,800,455,345,0,345,train,200,200,1.0,455,345,87,583,0.72875,455,True,240800,0.25502500000509354,False,1532.5349999999992,0.027893000239273533,100000,True,195725,127622,800,0.49000150000000003,2,14,300
0.555,0.44499999999999995,0.0,1.0,0.0,2.9297752808988764,6.947986820362458,15.613453528904401,0.1280946586415043,800,444,356,0,356,train,200,200,1.0,444,356,77,666,0.8325,444,True,241600,0.25255000000508065,False,1533.4119999999987,0.027234662153350655,100000,True,196437,128066,800,0.49030150000000006,2,14,301
0.5725,0.4275,0.0935672514619883,0.9064327485380117,0.0,2.9502923976608186,7.273148240329084,17.01321225807973,0.11755569551835703,800,458,342,32,342,train,200,200,1.0,458,342,89,558,0.6975,458,True,242400,0.25007500000506777,False,1534.4349999999988,0.028946933010593055,100000,True,197122,128524,800,0.4906015,2,14,302
0.575,0.42500000000000004,0.08235294117647059,0.9176470588235294,0.0,2.9352941176470586,6.76151672777973,15.9094511241876,0.1257114393443368,800,460,340,28,340,train,200,200,1.0,460,340,85,521,0.65125,460,True,243200,0.24760000000507643,False,1536.011999999999,0.02875395581853809,100000,True,197801,128984,800,0.49090150000000005,2,14,303
0.56125,0.43875,0.09116809116809117,0.9088319088319088,0.0,2.7464387464387463,6.955146823398115,15.852186492075477,0.12616556088333947,800,449,351,32,351,train,200,200,1.0,449,351,90,498,0.6225,449,True,244000,0.24512500000508575,False,1537.1809999999991,0.027646236199652775,100000,True,198450,129433,800,0.4912015,2,14,304
0.54625,0.45375,0.23140495867768596,0.768595041322314,0.0,3.024793388429752,6.433560245538558,14.178645169230983,0.14105720089111135,800,437,363,84,363,train,200,200,1.0,437,363,117,683,0.85375,437,True,244800,0.24265000000509507,False,1538.6729999999986,0.026440829447965372,100000,True,199196,129870,800,0.49150150000000004,2,14,305
0.55375,0.44625000000000004,0.22128851540616246,0.7787114845938375,0.0,2.6554621848739495,6.579219749402711,14.743349578493468,0.13565438364952392,800,443,357,79,357,train,200,200,1.0,443,357,95,445,0.55625,443,True,245600,0.2401750000051044,False,1539.8399999999992,0.03092640895061777,100000,True,199824,130313,800,0.4918015,2,14,306
0.585,0.41500000000000004,0.0,1.0,0.0,2.8072289156626504,6.527029412348579,15.7277817165026,0.12716351460431774,800,468,332,0,332,train,200,200,1.0,468,332,74,454,0.5675,468,True,246400,0.2377000000051137,False,1541.0809999999992,0.027226387100527064,100000,True,200462,130781,800,0.4921015,2,14,307
0.55,0.44999999999999996,0.06388888888888888,0.9361111111111111,0.0,2.702777777777778,6.191707501657255,13.759350003682789,0.1453557035372082,800,440,360,23,360,train,200,200,1.0,440,360,119,465,0.58125,440,True,247200,0.23522500000512303,False,1543.0369999999994,0.02712528754535015,100000,True,201097,131221,800,0.4924015,2,14,308
0.5775,0.4225,0.20710059171597633,0.7928994082840237,0.0,2.863905325443787,6.466751069215662,15.305919690451272,0.1306683976166239,800,462,338,70,338,train,200,200,1.0,462,338,72,493,0.61625,462,True,248000,0.23275000000513235,False,1543.7659999999994,0.03107278282630432,100000,True,201757,131683,800,0.4927015,2,14,309
0.56375,0.43625,0.0,1.0,0.0,2.8882521489971347,6.508958587555452,14.920248911301895,0.1340460210744223,800,451,349,0,349,train,200,200,1.0,451,349,120,567,0.70875,451,True,248800,0.23027500000514167,False,1545.3189999999993,0.026110611288895597,100000,True,202428,132134,800,0.4930015,2,14,310
0.5225,0.47750000000000004,0.16753926701570682,0.8324607329842932,0.0,2.761780104712042,5.819663153573208,12.18777623784965,0.1640988446923497,800,418,382,64,382,train,200,200,1.0,418,382,128,593,0.74125,418,True,249600,0.227800000005151,False,1546.2649999999992,0.026187578849348938,100000,True,203114,132552,800,0.4933015,2,14,311
0.54,0.45999999999999996,0.04076086956521739,0.9592391304347826,0.0,2.8532608695652173,6.210992039611341,13.502156607850742,0.14812448544976237,800,432,368,15,368,train,200,200,1.0,432,368,107,653,0.81625,432,True,250400,0.22532500000516031,False,1547.755999999999,0.028655735312058825,100000,True,203819,132984,800,0.4936015,2,14,312
0.54125,0.45875,0.30517711171662126,0.6948228882833788,0.0,2.681198910081744,5.890621395494758,12.840591597808736,0.1557560634777375,800,433,367,112,367,train,200,200,1.0,433,367,127,521,0.65125,433,True,251200,0.22285000000516964,False,1548.7299999999987,0.028653555517084896,100000,True,204454,133417,800,0.4939015,2,14,313
0.5475,0.4525,0.212707182320442,0.787292817679558,0.0,2.6519337016574585,6.308769871610655,13.94203286543791,0.14345110353010068,800,438,362,77,362,train,200,200,1.0,438,362,105,475,0.59375,438,True,252000,0.22037500000517896,False,1549.547999999999,0.02786860700696707,100000,True,205080,133855,800,0.4942015,2,14,314
0.56375,0.43625,0.09455587392550144,0.9054441260744985,0.0,2.799426934097421,6.5995963270524864,15.128014503272174,0.13220505569765298,800,451,349,33,349,train,200,200,1.0,451,349,90,493,0.61625,451,True,252800,0.21790000000518828,False,1550.317999999999,0.024903188716998557,100000,True,205732,134306,800,0.49450150000000004,2,14,315
0.54125,0.45875,0.0,1.0,0.0,2.8310626702997275,6.948369062185337,15.146308582420353,0.1320453752224031,800,433,367,0,367,train,200,200,1.0,433,367,106,593,0.74125,433,True,253600,0.2154250000051976,False,1551.2959999999991,0.024623545369831846,100000,True,206428,134739,800,0.4948015,2,14,316
0.56875,0.43125,0.11014492753623188,0.8898550724637682,0.0,3.0144927536231885,6.516662377693239,15.111101165665481,0.13235302828521045,800,455,345,38,345,train,200,200,1.0,455,345,116,590,0.7375,455,True,254400,0.21295000000520692,False,1553.1039999999991,0.02658730283998011,100000,True,207131,135194,800,0.4951015,2,14,317
0.565,0.43500000000000005,0.05172413793103448,0.9482758620689655,0.0,3.0172413793103448,6.66459460018629,15.320907126865034,0.13054057331194333,800,452,348,18,348,train,200,200,1.0,452,348,116,616,0.77,452,True,255200,0.21047500000521624,False,1554.483999999999,0.027211446553701536,100000,True,207840,135646,800,0.4954015,2,14,318
0.59375,0.40625,0.13230769230769232,0.8676923076923077,0.0,3.267692307692308,6.7286724583018405,16.56288605120453,0.12075190240498881,800,475,325,43,325,train,200,200,1.0,475,325,78,711,0.88875,475,True,256000,0.20800000000522556,False,1556.1199999999988,0.02799074583686888,100000,True,208582,136121,800,0.4957015,2,14,319
0.56,0.43999999999999995,0.0,1.0,0.0,2.6079545454545454,6.490224210921417,14.750509570275948,0.1355885361432015,800,448,352,0,352,train,200,200,1.0,448,352,104,349,0.43625,448,True,256800,0.20552500000523488,False,1557.3169999999993,0.025781990970208425,100000,True,209174,136569,800,0.4960015,2,14,320
0.555,0.44499999999999995,0.0449438202247191,0.9550561797752809,0.0,2.7219101123595504,6.951019954657349,15.62026956102775,0.12803876349163387,800,444,356,16,356,train,200,200,1.0,444,356,90,486,0.6075,444,True,257600,0.2030500000052442,False,1557.6849999999995,0.02611311655404279,100000,True,209814,137013,800,0.4963015,2,14,321
0.58625,0.41374999999999995,0.11782477341389729,0.8821752265861027,0.0,2.921450151057402,6.905230360621828,16.689378515098074,0.11983669722576529,800,469,331,39,331,train,200,200,1.0,469,331,99,466,0.5825,469,True,258400,0.20057500000525352,False,1559.1559999999993,0.02628357091562066,100000,True,210463,137482,800,0.49660150000000003,2,14,322
0.56125,0.43875,0.1111111111111111,0.8888888888888888,0.0,2.8774928774928776,6.489069856242618,14.78990280625098,0.13522739305323198,800,449,351,39,351,train,200,200,1.0,449,351,82,542,0.6775,449,True,259200,0.19810000000526284,False,1560.3159999999996,0.028455268402176444,100000,True,211144,137931,800,0.4969015,2,14,323
0.5775,0.4225,0.19230769230769232,0.8076923076923077,0.0,3.0059171597633134,6.395829955930321,15.1380590672907,0.1321173336099253,800,462,338,65,338,train,200,200,1.0,462,338,92,582,0.7275,462,True,260000,0.19562500000527216,False,1561.0109999999993,0.029031865678407483,100000,True,211833,138393,800,0.4972015,2,14,324
0.565,0.43500000000000005,0.04885057471264368,0.9511494252873564,0.0,3.204022988505747,6.485902674583891,14.910121090997452,0.1341370729180446,800,452,348,17,348,train,200,200,1.0,452,348,100,752,0.94,452,True,260800,0.19315000000528149,False,1562.0589999999993,0.026250563485882596,100000,True,212603,138845,800,0.49750150000000004,2,14,325
0.5375,0.4625,0.0,1.0,0.0,2.689189189189189,6.517133505095,14.091099470475674,0.14193356623381254,800,430,370,0,370,train,200,200,1.0,430,370,141,501,0.62625,430,True,261600,0.1906750000052908,False,1563.749999999999,0.026232424780828295,100000,True,213240,139275,800,0.4978015,2,14,326
0.58125,0.41874999999999996,0.05373134328358209,0.9462686567164179,0.0,2.997014925373134,6.938736459157951,16.570116917392124,0.12069920870025876,800,465,335,18,335,train,200,200,1.0,465,335,102,575,0.71875,465,True,262400,0.18820000000530013,False,1565.2749999999992,0.02727760292124003,100000,True,213922,139740,800,0.49810150000000003,2,14,327
0.5575,0.4425,0.1327683615819209,0.867231638418079,0.0,2.646892655367232,6.861703272074922,15.506674061186263,0.12897672267492025,800,446,354,47,354,train,200,200,1.0,446,354,100,473,0.59125,446,True,263200,0.18572500000530945,False,1566.2369999999992,0.024813899677974406,100000,True,214536,140186,800,0.4984015,2,14,328
0.55375,0.44625000000000004,0.11764705882352941,0.8823529411764706,0.0,2.742296918767507,6.2854640990051704,14.085073611216067,0.1419942880814895,800,443,357,42,357,train,200,200,1.0,443,357,127,469,0.58625,443,True,264000,0.18325000000531877,False,1567.6529999999996,0.025202672455488937,100000,True,215173,140629,800,0.4987015,2,14,329
0.54875,0.45125000000000004,0.26869806094182824,0.7313019390581718,0.0,2.7950138504155126,6.251563695067618,13.85388076469278,0.1443638814257076,800,439,361,97,361,train,200,200,1.0,439,361,105,582,0.7275,439,True,264800,0.1807750000053281,False,1568.9489999999994,0.026169308754251688,100000,True,215846,141068,800,0.4990015,2,14,330
0.54125,0.45875,0.051771117166212535,0.9482288828337875,0.0,2.8256130790190737,6.487185018070368,14.141002764186087,0.14143268574031098,800,433,367,19,367,train,200,200,1.0,433,367,123,562,0.7025,433,True,265600,0.1783000000053374,False,1569.7859999999991,0.026347704504441936,100000,True,216530,141501,800,0.4993015,2,14,331
0.56375,0.43625,0.12034383954154727,0.8796561604584527,0.0,2.9541547277936964,6.332402926162712,14.515536793496187,0.13778339915724766,800,451,349,42,349,train,200,200,1.0,451,349,81,616,0.77,451,True,266400,0.17582500000534673,False,1570.3269999999993,0.025549646810177365,100000,True,217231,141952,800,0.49960150000000003,2,14,332
0.585,0.41500000000000004,0.14156626506024098,0.858433734939759,0.0,3.003012048192771,6.561786929383761,15.811534769599424,0.12648993466752936,800,468,332,47,332,train,200,200,1.0,468,332,82,598,0.7475,468,True,267200,0.17335000000535605,False,1571.6099999999992,0.025402829659578855,100000,True,217918,142420,800,0.4999015,2,14,333
0.56125,0.43875,0.08547008547008547,0.9145299145299145,0.0,2.908831908831909,6.5019003694829305,14.819146141271636,0.13496054232368743,800,449,351,30,351,train,200,200,1.0,449,351,104,605,0.75625,449,True,268000,0.17087500000536537,False,1572.5469999999993,0.026517492111743195,100000,True,218608,142869,800,0.5002015,2,14,334
0.5575,0.4425,0.06779661016949153,0.9322033898305084,0.0,2.940677966101695,6.257898214264796,14.142142857095585,0.14142128390370015,800,446,354,24,354,train,200,200,1.0,446,354,122,602,0.7525,446,True,268800,0.1684000000053747,False,1574.2689999999993,0.02465528649277985,100000,True,219306,143315,800,0.5005015,2,14,335
0.56625,0.43374999999999997,0.27953890489913547,0.7204610951008645,0.0,2.9394812680115274,6.637324496849231,15.302189041727333,0.13070025435878665,800,453,347,97,347,train,200,200,1.0,453,347,106,573,0.71625,453,True,269600,0.16592500000538402,False,1575.3819999999996,0.0279328699875623,100000,True,219993,143768,800,0.5008015,2,14,336
0.56875,0.43125,0.14202898550724638,0.8579710144927536,0.0,3.0231884057971015,6.800734641653763,15.769819458907277,0.1268245337374702,800,455,345,49,345,train,200,200,1.0,455,345,111,611,0.76375,455,True,270400,0.16345000000539334,False,1576.9509999999998,0.025981892771960703,100000,True,220698,144223,800,0.5011015,2,14,337
0.5675,0.4325,0.0,1.0,0.0,2.994219653179191,6.668842907816367,15.419289960269056,0.1297076587283466,800,454,346,0,346,train,200,200,1.0,454,346,110,633,0.79125,454,True,271200,0.16097500000540266,False,1578.1319999999992,0.0273057745382539,100000,True,221401,144677,800,0.5014015,2,14,338
0.55875,0.44125000000000003,0.0,1.0,0.0,2.685552407932011,6.432824381060733,14.578638823933673,0.13718701890855617,800,447,353,0,353,train,200,200,1.0,447,353,105,471,0.58875,447,True,272000,0.15850000000541198,False,1579.194999999999,0.023441393554094248,100000,True,222028,145124,800,0.5017015,2,14,339
0.58625,0.41374999999999995,0.04833836858006042,0.9516616314199395,0.0,2.809667673716012,6.633011655807809,16.031448110713736,0.12475479358994462,800,469,331,16,331,train,200,200,1.0,469,331,110,403,0.50375,469,True,272800,0.1560250000054213,False,1580.9059999999993,0.028308131033554673,100000,True,222636,145593,800,0.5020015,2,14,340
0.56625,0.43374999999999997,0.06340057636887608,0.9365994236311239,0.0,2.7896253602305476,6.781378879698921,15.634302892677626,0.1279238360500682,800,453,347,22,347,train,200,200,1.0,453,347,113,474,0.5925,453,True,273600,0.15355000000543062,False,1581.674999999999,0.023244787900184746,100000,True,223279,146046,800,0.5023015000000001,2,14,341
0.55375,0.44625000000000004,0.29971988795518206,0.7002801120448179,0.0,2.773109243697479,5.994346431505003,13.43270909020729,0.14889029357883135,800,443,357,107,357,train,200,200,1.0,443,357,99,538,0.6725,443,True,274400,0.15107500000543994,False,1582.2609999999988,0.02675327325705439,100000,True,223942,146489,800,0.5026015,2,14,342
0.57875,0.42125,0.18100890207715134,0.8189910979228486,0.0,3.148367952522255,6.781420385870093,16.09832732550764,0.12423650976651592,800,463,337,61,337,train,200,200,1.0,463,337,104,656,0.82,463,True,275200,0.14860000000544926,False,1583.279999999999,0.026982818335382033,100000,True,224672,146952,800,0.5029015,2,14,343
0.555,0.44499999999999995,0.16853932584269662,0.8314606741573034,0.0,2.8679775280898876,6.63791912075245,14.916672181466181,0.13407816272083667,800,444,356,60,356,train,200,200,1.0,444,356,111,573,0.71625,444,True,276000,0.14612500000545858,False,1584.507999999999,0.025261350864893756,100000,True,225350,147396,800,0.5032015000000001,2,14,344
0.55,0.44999999999999996,0.11666666666666667,0.8833333333333333,0.0,3.025,6.583894939499301,14.630877643331782,0.13669719949517362,800,440,360,42,360,train,200,200,1.0,440,360,132,701,0.87625,440,True,276800,0.1436500000054679,False,1585.7189999999991,0.028204315109687742,100000,True,226085,147836,800,0.5035015,2,14,345
0.56875,0.43125,0.05217391304347826,0.9478260869565217,0.0,3.0579710144927534,6.753947211389456,15.661326866990045,0.12770310057288145,800,455,345,18,345,train,200,200,1.0,455,345,109,621,0.77625,455,True,277600,0.14117500000547722,False,1586.896999999999,0.026772384147625415,100000,True,226801,148291,800,0.5038015,2,14,346
0.5575,0.4425,0.11581920903954802,0.884180790960452,0.0,2.8389830508474576,6.933086020701601,15.667991007235257,0.12764878401298727,800,446,354,41,354,train,200,200,1.0,446,354,117,536,0.67,446,True,278400,0.13870000000548655,False,1587.8259999999989,0.03073331288796908,100000,True,227471,148737,800,0.5041015,2,14,347
0.57625,0.42374999999999996,0.12389380530973451,0.8761061946902655,0.0,3.1150442477876106,6.944560456434299,16.388343260021944,0.12203796126719169,800,461,339,42,339,train,200,200,1.0,461,339,105,654,0.8175,461,True,279200,0.13622500000549587,False,1588.789999999999,0.026948201797058573,100000,True,228196,149198,800,0.5044015000000001,2,14,348
0.58125,0.41874999999999996,0.2716417910447761,0.7283582089552239,0.0,3.1761194029850746,6.313063736339796,15.075973101706975,0.1326614200295668,800,465,335,91,335,train,200,200,1.0,465,335,90,695,0.86875,465,True,280000,0.1337500000055052,False,1589.543999999999,0.026905568027868868,100000,True,228932,149663,800,0.5047015,2,14,349
0.535,0.46499999999999997,0.11021505376344086,0.8897849462365591,0.0,2.7768817204301075,6.690605629888952,14.388399204062262,0.13900086949459547,800,428,372,41,372,train,200,200,1.0,428,372,133,565,0.70625,428,True,280800,0.1312750000055145,False,1591.153999999999,0.02501738346647471,100000,True,229611,150091,800,0.5050015,2,14,350
0.55875,0.44125000000000003,0.17280453257790368,0.8271954674220963,0.0,2.997167138810198,6.565203890844016,14.878649044405702,0.13442080621909622,800,447,353,61,353,train,200,200,1.0,447,353,114,651,0.81375,447,True,281600,0.12880000000552383,False,1592.1339999999989,0.024323610909123092,100000,True,230324,150538,800,0.5053015000000001,2,14,351
0.58375,0.41625,0.03303303303303303,0.9669669669669669,0.0,2.981981981981982,6.316631175755377,15.175089911724628,0.13179493575552087,800,467,333,11,333,train,200,200,1.0,467,333,87,497,0.62125,467,True,282400,0.12632500000553315,False,1592.751999999999,0.025100927262828917,100000,True,231005,151005,800,0.5056015,2,14,352
0.57875,0.42125,0.0,1.0,0.0,2.878338278931751,6.820308741043956,16.19064389565331,0.12352813222807889,800,463,337,0,337,train,200,200,1.0,463,337,105,507,0.63375,463,True,283200,0.12385000000553731,False,1593.6199999999988,0.023366994923635503,100000,True,231659,151468,800,0.5059015,2,14,353
0.54125,0.45875,0.23978201634877383,0.7602179836512262,0.0,2.8174386920980927,6.884105010561071,15.006223456263916,0.13327803666452517,800,433,367,88,367,train,200,200,1.0,433,367,101,595,0.74375,433,True,284000,0.12137500000553553,False,1594.147999999999,0.024589243235095638,100000,True,232348,151901,800,0.5062015,2,14,354
0.55875,0.44125000000000003,0.26628895184135976,0.7337110481586402,0.0,2.776203966005666,6.109301331603778,13.845442111283349,0.14445186971458998,800,447,353,94,353,train,200,200,1.0,447,353,132,486,0.6075,447,True,284800,0.11890000000553375,False,1595.4309999999991,0.028265352265443654,100000,True,232987,152348,800,0.5065015,2,14,355
0.57625,0.42374999999999996,0.0943952802359882,0.9056047197640118,0.0,2.8525073746312684,6.39234987752923,15.085191451396412,0.13258035248965058,800,461,339,32,339,train,200,200,1.0,461,339,89,557,0.69625,461,True,285600,0.11642500000553196,False,1595.9489999999992,0.02882681898321607,100000,True,233653,152809,800,0.5068015,2,14,356
0.5625,0.4375,0.04,0.96,0.0,2.8057142857142856,6.850785650669996,15.658938630102849,0.12772257732431408,800,450,350,14,350,train,200,200,1.0,450,350,87,486,0.6075,450,True,286400,0.11395000000553018,False,1596.970999999999,0.02592381363359891,100000,True,234315,153259,800,0.5071015,2,14,357
0.58,0.42000000000000004,0.0625,0.9375,0.0,3.0714285714285716,6.404506382811384,15.248824720979485,0.13115764897267002,800,464,336,21,336,train,200,200,1.0,464,336,116,591,0.73875,464,True,287200,0.1114750000055284,False,1598.420999999999,0.02904753617476672,100000,True,235020,153723,800,0.5074015000000001,2,14,358
0.54875,0.45125000000000004,0.18559556786703602,0.814404432132964,0.0,2.7617728531855956,6.599173270468546,14.624206693559104,0.13675955502467385,800,439,361,67,361,train,200,200,1.0,439,361,128,510,0.6375,439,True,288000,0.10900000000552662,False,1599.516999999999,0.02518300775671378,100000,True,235672,154162,800,0.5077015,2,14,359
0.56125,0.43875,0.04843304843304843,0.9515669515669516,0.0,2.866096866096866,6.8860706473077835,15.694747914091813,0.12743116429441112,800,449,351,17,351,train,200,200,1.0,449,351,129,544,0.68,449,True,288800,0.10652500000552484,False,1600.427999999999,0.028303794350940735,100000,True,236337,154611,800,0.5080015,2,14,360
0.54875,0.45125000000000004,0.0886426592797784,0.9113573407202216,0.0,2.6481994459833795,6.717514830688143,14.886459458588682,0.1343502802371257,800,439,361,32,361,train,200,200,1.0,439,361,134,431,0.53875,439,True,289600,0.10405000000552306,False,1601.525999999999,0.025755936047062278,100000,True,236943,155050,800,0.5083015000000001,2,14,361
0.58,0.42000000000000004,0.0,1.0,0.0,2.8482142857142856,7.216460410730661,17.18204859697776,0.11640055542339638,800,464,336,0,336,train,200,200,1.0,464,336,114,434,0.5425,464,True,290400,0.10157500000552128,False,1602.887999999999,0.024510074110876304,100000,True,237576,155514,800,0.5086015,2,14,362
0.5475,0.4525,0.0,1.0,0.0,2.7320441988950277,6.291425686680782,13.903703174985154,0.14384656913550195,800,438,362,0,362,train,200,200,1.0,438,362,107,528,0.66,438,True,291200,0.0991000000055195,False,1603.1649999999988,0.023650205076992278,100000,True,238232,155952,800,0.5089015,2,14,363
0.5625,0.4375,0.054285714285714284,0.9457142857142857,0.0,2.9514285714285715,6.395849950360048,14.619085600822967,0.13680746214984965,800,450,350,19,350,train,200,200,1.0,450,350,134,576,0.72,450,True,292000,0.09662500000551771,False,1604.2289999999991,0.027382367075479124,100000,True,238921,156402,800,0.5092015000000001,2,14,364
0.5875,0.4125,0.10606060606060606,0.8939393939393939,0.0,3.003030303030303,6.620749212701249,16.050301121699995,0.12460825406546432,800,470,330,35,330,train,200,200,1.0,470,330,96,546,0.6825,470,True,292800,0.09415000000551593,False,1605.3239999999992,0.02606756175533519,100000,True,239594,156872,800,0.5095015,2,14,365
0.57125,0.42874999999999996,0.05830903790087463,0.9416909620991254,0.0,2.8746355685131197,6.547010404998591,15.269995113699338,0.13097581139405332,800,457,343,20,343,train,200,200,1.0,457,343,115,500,0.625,457,True,293600,0.09167500000551415,False,1605.9039999999993,0.022918488595387317,100000,True,240249,157329,800,0.5098015,2,14,366
0.56875,0.43125,0.23478260869565218,0.7652173913043478,0.0,2.869565217391304,6.707488286497803,15.553596026661573,0.12858762671806903,800,455,345,81,345,train,200,200,1.0,455,345,115,498,0.6225,455,True,294400,0.08920000000551237,False,1606.989999999999,0.02509004883999296,100000,True,240906,157784,800,0.5101015,2,14,367
0.575,0.42500000000000004,0.0,1.0,0.0,3.1294117647058823,7.090450068488199,16.683411925854585,0.11987955514666421,800,460,340,0,340,train,200,200,1.0,460,340,106,660,0.825,460,True,295200,0.08672500000551059,False,1607.4959999999992,0.02547914986498654,100000,True,241637,158244,800,0.5104015000000001,2,14,368
0.55375,0.44625000000000004,0.06722689075630252,0.9327731092436975,0.0,2.9831932773109244,6.787224433757126,15.209466518223252,0.1314970513662459,800,443,357,24,357,train,200,200,1.0,443,357,133,610,0.7625,443,True,296000,0.08425000000550881,False,1608.466999999999,0.022890835165817407,100000,True,242352,158687,800,0.5107015,2,14,369
0.57875,0.42125,0.0,1.0,0.0,3.1602373887240356,6.8797648161618135,16.331785913737242,0.12246058150430011,800,463,337,0,337,train,200,200,1.0,463,337,112,665,0.83125,463,True,296800,0.08177500000550703,False,1609.1889999999992,0.024867578958364903,100000,True,243084,159150,800,0.5110015,2,14,370
0.5775,0.4225,0.0,1.0,0.0,3.091715976331361,7.4438352571826165,17.618544987414477,0.11351675189004924,800,462,338,0,338,train,200,200,1.0,462,338,113,622,0.7775,462,True,297600,0.07930000000550524,False,1610.2269999999992,0.023076743533019906,100000,True,243804,159612,800,0.5113015,2,14,371
0.56125,0.43875,0.07692307692307693,0.9230769230769231,0.0,3.0256410256410255,6.2109900796501405,14.156102745641345,0.14128182282484483,800,449,351,27,351,train,200,200,1.0,449,351,134,650,0.8125,449,True,298400,0.07682500000550346,False,1611.9239999999993,0.02696023859512934,100000,True,244517,160061,800,0.5116015,2,14,372
0.5825,0.4175,0.2245508982035928,0.7754491017964071,0.0,2.9730538922155687,6.335906178406364,15.17582318181165,0.1317885676473232,800,466,334,75,334,train,200,200,1.0,466,334,119,548,0.685,466,True,299200,0.07435000000550168,False,1613.3149999999991,0.02662625336408382,100000,True,245183,160527,800,0.5119015,2,14,373
0.57375,0.42625,0.0,1.0,0.0,3.0410557184750733,6.595799264026595,15.474015868684093,0.12924893039870455,800,459,341,0,341,train,200,200,1.0,459,341,114,611,0.76375,459,True,300000,0.0718750000054999,False,1614.2189999999991,0.027690128182293848,100000,True,245887,160986,800,0.5122015,2,14,374
0.5725,0.4275,0.0,1.0,0.0,3.0672514619883042,6.774286445532084,15.846284083115986,0.12621255491254094,800,458,342,0,342,train,200,200,1.0,458,342,134,592,0.74,458,True,300800,0.06940000000549812,False,1615.1739999999988,0.0233698038548755,100000,True,246597,161444,800,0.5125015,2,14,375
0.5825,0.4175,0.05389221556886228,0.9461077844311377,0.0,3.07185628742515,7.273219374017558,17.42088472818577,0.11480473186095655,800,466,334,18,334,train,200,200,1.0,466,334,124,547,0.68375,466,True,301600,0.06692500000549634,False,1616.4619999999993,0.02691316931741312,100000,True,247294,161910,800,0.5128015,2,14,376
0.57125,0.42874999999999996,0.08163265306122448,0.9183673469387755,0.0,3.075801749271137,6.508704100239731,15.180650962658266,0.13174665598462468,800,457,343,28,343,train,200,200,1.0,457,343,128,631,0.78875,457,True,302400,0.06445000000549456,False,1617.9489999999992,0.024474322199675953,100000,True,248011,162367,800,0.5131015,2,14,377
0.5875,0.4125,0.1393939393939394,0.8606060606060606,0.0,2.9454545454545453,6.576229670885205,15.942374959721707,0.12545182289671303,800,470,330,46,330,train,200,200,1.0,470,330,117,457,0.57125,470,True,303200,0.061975000005492775,False,1619.2219999999993,0.024871296267956495,100000,True,248656,162837,800,0.5134015000000001,2,14,378
0.57625,0.42374999999999996,0.0,1.0,0.0,3.1327433628318584,6.436977668296201,15.190507771790447,0.13166116827997698,800,461,339,0,339,train,200,200,1.0,461,339,115,637,0.79625,461,True,304000,0.059500000005490994,False,1620.1199999999994,0.026263315498363228,100000,True,249382,163298,800,0.5137015,2,14,379
0.5675,0.4325,0.0,1.0,0.0,3.008670520231214,6.573035691836027,15.19777038574804,0.13159825087734797,800,454,346,0,346,train,200,200,1.0,454,346,132,607,0.75875,454,True,304800,0.05702500000548921,False,1621.2629999999992,0.02552365051509696,100000,True,250083,163752,800,0.5140015,2,14,380
0.57625,0.42374999999999996,0.10619469026548672,0.8938053097345132,0.0,2.8849557522123894,6.755441332582332,15.942044442672168,0.12545442381571761,800,461,339,36,339,train,200,200,1.0,461,339,117,517,0.64625,461,True,305600,0.05455000000548743,False,1622.3689999999995,0.026141024766984627,100000,True,250732,164213,800,0.5143015,2,14,381
0.55125,0.44875,0.0,1.0,0.0,2.7604456824512535,6.723137247262429,14.981921442367529,0.13349422553666446,800,441,359,0,359,train,200,200,1.0,441,359,142,492,0.615,441,True,306400,0.05207500000548565,False,1623.358999999999,0.02918776003873063,100000,True,251372,164654,800,0.5146015,2,14,382
0.54875,0.45125000000000004,0.04155124653739612,0.9584487534626038,0.0,2.8670360110803323,6.299144859795985,13.959323789021573,0.14327341569173407,800,439,361,15,361,train,200,200,1.0,439,361,153,552,0.69,439,True,307200,0.04960000000548387,False,1624.3959999999993,0.02250658156874124,100000,True,252049,165093,800,0.5149015,2,14,383
0.57625,0.42374999999999996,0.14749262536873156,0.8525073746312685,0.0,3.0648967551622417,7.173539155809547,16.92870597241191,0.11814252094987805,800,461,339,50,339,train,200,200,1.0,461,339,117,592,0.74,461,True,308000,0.04712500000548209,False,1625.3979999999992,0.023240227851056262,100000,True,252751,165554,800,0.5152015,2,14,384
0.55875,0.44125000000000003,0.0,1.0,0.0,2.895184135977337,6.648306264941593,15.066983036694829,0.1327405755438303,800,447,353,0,353,train,200,200,1.0,447,353,148,516,0.645,447,True,308800,0.044650000005480306,False,1626.8229999999994,0.025231467921912554,100000,True,253421,166001,800,0.5155015000000001,2,14,385
0.60375,0.39625,0.03470031545741325,0.9652996845425867,0.0,3.078864353312303,6.9539200095298455,17.549324945185727,0.11396449756596796,800,483,317,11,317,train,200,200,1.0,483,317,107,550,0.6875,483,True,309600,0.042175000005478525,False,1628.0459999999991,0.02448359803544008,100000,True,254085,166484,800,0.5158015,2,14,386
0.55375,0.44625000000000004,0.10644257703081232,0.8935574229691877,0.0,2.775910364145658,6.301277667563472,14.120510179413943,0.14163794187236708,800,443,357,38,357,train,200,200,1.0,443,357,136,486,0.6075,443,True,310400,0.03970000000547674,False,1629.1189999999995,0.024060025203107217,100000,True,254728,166927,800,0.5161015,2,14,387
0.5525,0.4475,0.12569832402234637,0.8743016759776536,0.0,3.025139664804469,6.36077338063817,14.214018727683062,0.14070616046852552,800,442,358,45,358,train,200,200,1.0,442,358,135,645,0.80625,442,True,311200,0.03722500000547496,False,1630.6999999999991,0.027115764537738868,100000,True,255454,167369,800,0.5164015,2,14,388
0.5525,0.4475,0.04748603351955307,0.952513966480447,0.0,2.7486033519553073,6.78854208025416,15.169926436322147,0.13183979555835523,800,442,358,17,358,train,200,200,1.0,442,358,109,497,0.62125,442,True,312000,0.03475000000547318,False,1631.3359999999996,0.02472591577563435,100000,True,256098,167811,800,0.5167015,2,14,389
0.56875,0.43125,0.06086956521739131,0.9391304347826087,0.0,3.1855072463768117,6.417622545343591,14.88144358340543,0.13439556376306372,800,455,345,21,345,train,200,200,1.0,455,345,132,745,0.93125,455,True,312800,0.0322750000054714,False,1632.5719999999992,0.023381942242849618,100000,True,256854,168266,800,0.5170015,2,14,390
0.57375,0.42625,0.11730205278592376,0.8826979472140762,0.0,2.868035190615836,7.233857188895778,16.97092595635373,0.11784860797481835,800,459,341,40,341,train,200,200,1.0,459,341,115,539,0.67375,459,True,313600,0.029800000005471245,False,1633.210999999999,0.02461676898325095,100000,True,257510,168725,800,0.5173015,2,14,391
0.5525,0.4475,0.055865921787709494,0.9441340782122905,0.0,2.8547486033519553,6.0985989333254595,13.628154040950749,0.14675501861736168,800,442,358,20,358,train,200,200,1.0,442,358,155,528,0.66,442,True,314400,0.02732500000547224,False,1634.398999999999,0.027214540063359893,100000,True,258175,169167,800,0.5176015,2,14,392
0.54875,0.45125000000000004,0.0,1.0,0.0,2.8947368421052633,6.383154477533956,14.145494687055857,0.1413877735806683,800,439,361,0,361,train,200,200,1.0,439,361,159,583,0.72875,439,True,315200,0.024850000005473234,False,1636.1029999999994,0.024295291888192877,100000,True,258859,169606,800,0.5179015,2,14,393
0.595,0.405,0.06481481481481481,0.9351851851851852,0.0,2.9876543209876543,6.6767059499086505,16.48569370347815,0.12131730917565453,800,476,324,21,324,train,200,200,1.0,476,324,108,463,0.57875,476,True,316000,0.022375000005474228,False,1637.172999999999,0.024169950924479055,100000,True,259509,170082,800,0.5182015,2,14,394
0.56625,0.43374999999999997,0.08357348703170028,0.9164265129682997,0.0,3.080691642651297,6.640048898020309,15.308470081891203,0.13064662825881296,800,453,347,29,347,train,200,200,1.0,453,347,143,587,0.73375,453,True,316800,0.019900000005475222,False,1638.7759999999992,0.02502065718457743,100000,True,260233,170535,800,0.5185015000000001,2,14,395
0.575,0.42500000000000004,0.0,1.0,0.0,3.1029411764705883,6.79667184134369,15.99216903845574,0.12506120934506623,800,460,340,0,340,train,200,200,1.0,460,340,125,647,0.80875,460,True,317600,0.017425000005476216,False,1639.9639999999993,0.025305410499713618,100000,True,260950,170995,800,0.5188015,2,14,396
0.58625,0.41374999999999995,0.06646525679758308,0.9335347432024169,0.0,2.9697885196374623,6.750174364656715,16.314620820922574,0.12258942588693901,800,469,331,22,331,train,200,200,1.0,469,331,128,460,0.575,469,True,318400,0.01495000000547683,False,1640.8599999999992,0.02177505757950712,100000,True,261603,171464,800,0.5191015,2,14,397
0.58,0.42000000000000004,0.03869047619047619,0.9613095238095238,0.0,2.919642857142857,6.330682587234528,15.073053779129829,0.13268711366035216,800,464,336,13,336,train,200,200,1.0,464,336,135,480,0.6,464,True,319200,0.012475000005476437,False,1642.3959999999993,0.02444750381662743,100000,True,262249,171928,800,0.5194015000000001,2,14,398
0.5525,0.4475,0.0,1.0,0.0,2.8798882681564244,6.3243746011849575,14.132680673039012,0.14151596899910224,800,442,358,0,358,train,200,200,1.0,442,358,157,512,0.64,442,True,320000,0.010000000005476043,False,1643.7199999999991,0.024269395535957302,100000,True,262922,172370,800,0.5197015,2,14,399
0.5825,0.4175,0.05688622754491018,0.9431137724550899,0.0,3.1676646706586826,6.6186415829506995,15.853033731618442,0.12615881817062274,800,466,334,19,334,train,200,200,1.0,466,334,129,626,0.7825,466,True,320800,0.01,False,1644.7409999999986,0.026185558256547666,100000,True,263646,172836,800,0.5200015,2,14,400
0.59,0.41000000000000003,0.04878048780487805,0.9512195121951219,0.0,3.158536585365854,7.03174462417974,17.150596644340826,0.11661401882831515,800,472,328,16,328,train,200,200,1.0,472,328,128,649,0.81125,472,True,321600,0.01,False,1646.5479999999986,0.023970256905740825,100000,True,264354,173308,800,0.5203015,2,14,401
0.58875,0.41125,0.0,1.0,0.0,3.1671732522796354,6.98916699454409,16.994934941140645,0.11768212158073531,800,471,329,0,329,train,200,200,1.0,471,329,128,644,0.805,471,True,322400,0.01,False,1647.6679999999988,0.025776784589252203,100000,True,265068,173779,800,0.5206015,2,14,402
0.52625,0.47375,0.0,1.0,0.0,2.783641160949868,6.851815765825539,14.462935653457603,0.1382845120742736,800,421,379,0,379,train,200,200,1.0,421,379,179,562,0.7025,421,True,323200,0.01,False,1648.757999999999,0.023528481419198215,100000,True,265744,174200,800,0.5209015,2,14,403
0.55625,0.44375,0.056338028169014086,0.9436619718309859,0.0,2.7070422535211267,6.687296934180059,15.069964922095908,0.13271431024152927,800,445,355,20,355,train,200,200,1.0,445,355,153,395,0.49375,445,True,324000,0.01,False,1649.949999999999,0.024380784817112727,100000,True,266351,174645,800,0.5212015,2,14,404
0.56,0.43999999999999995,0.38920454545454547,0.6107954545454546,0.0,2.8806818181818183,6.139193337494899,13.952712130670227,0.14334130750133442,800,448,352,137,352,train,200,200,1.0,448,352,149,535,0.66875,448,True,324800,0.01,False,1650.9629999999993,0.021821801649348344,100000,True,267014,175093,800,0.5215015000000001,2,14,405
0.57125,0.42874999999999996,0.13702623906705538,0.8629737609329446,0.0,2.825072886297376,6.313443341714433,14.72523228388206,0.13582128698840015,800,457,343,47,343,train,200,200,1.0,457,343,142,458,0.5725,457,True,325600,0.01,False,1652.0909999999992,0.02683398112159921,100000,True,267640,175550,800,0.5218015,2,14,406
0.55125,0.44875,0.14206128133704735,0.8579387186629527,0.0,2.8105849582172704,6.252430083846764,13.932991830299196,0.14354418809395456,800,441,359,51,359,train,200,200,1.0,441,359,157,485,0.60625,441,True,326400,0.01,False,1653.5179999999993,0.022075609679886837,100000,True,268290,175991,800,0.5221015,2,14,407
0.58625,0.41374999999999995,0.04833836858006042,0.9516616314199395,0.0,2.8429003021148036,7.048651008830952,17.036014522854266,0.11739835026067552,800,469,331,16,331,train,200,200,1.0,469,331,125,410,0.5125,469,True,327200,0.01,False,1654.3599999999992,0.02617312884191051,100000,True,268905,176460,800,0.5224015,2,14,408
0.575,0.42500000000000004,0.22941176470588234,0.7705882352941177,0.0,2.9235294117647057,6.453184061167134,15.183962496863845,0.1317179228026339,800,460,340,78,340,train,200,200,1.0,460,340,139,493,0.61625,460,True,328000,0.01,False,1655.753999999999,0.024508347722367034,100000,True,269559,176920,800,0.5227015,2,14,409
0.57,0.43000000000000005,0.06686046511627906,0.9331395348837209,0.0,3.01453488372093,7.026546509859685,16.34080583688299,0.12239298477470316,800,456,344,23,344,train,200,200,1.0,456,344,143,593,0.74125,456,True,328800,0.01,False,1656.2979999999993,0.02353493775597599,100000,True,270252,177376,800,0.5230015,2,14,410
0.5875,0.4125,0.06363636363636363,0.9363636363636364,0.0,3.118181818181818,7.148802796403662,17.330431021584637,0.11540393874272649,800,470,330,21,330,train,200,200,1.0,470,330,128,611,0.76375,470,True,329600,0.01,False,1657.497999999999,0.025114303302689222,100000,True,270951,177846,800,0.5233015,2,14,411
0.59125,0.40874999999999995,0.0,1.0,0.0,3.058103975535168,6.905260048504792,16.89360256514934,0.11838801062633618,800,473,327,0,327,train,200,200,1.0,473,327,121,523,0.65375,473,True,330400,0.01,False,1658.2369999999992,0.023300720800943964,100000,True,271626,178319,800,0.5236015,2,14,412
0.56125,0.43875,0.2222222222222222,0.7777777777777778,0.0,3.07977207977208,6.308243021662898,14.37776187273595,0.1391037087484757,800,449,351,78,351,train,200,200,1.0,449,351,149,674,0.8425,449,True,331200,0.01,False,1659.364999999999,0.022792975836782716,100000,True,272356,178768,800,0.5239015,2,14,413
0.5825,0.4175,0.1467065868263473,0.8532934131736527,0.0,3.1526946107784433,6.524034280378965,15.626429414081352,0.1279882913109857,800,466,334,49,334,train,200,200,1.0,466,334,130,654,0.8175,466,True,332000,0.01,False,1660.472999999999,0.02414676344022155,100000,True,273075,179234,800,0.5242015,2,14,414
0.5525,0.4475,0.09217877094972067,0.9078212290502793,0.0,2.8268156424581004,6.591529111574845,14.729673992346022,0.1357803303073279,800,442,358,33,358,train,200,200,1.0,442,358,157,520,0.65,442,True,332800,0.01,False,1661.643999999999,0.025431208802328912,100000,True,273730,179676,800,0.5245015000000001,2,14,415
0.565,0.43500000000000005,0.04885057471264368,0.9511494252873564,0.0,2.9051724137931036,7.362317739223634,16.924868366031344,0.11816930901595978,800,452,348,17,348,train,200,200,1.0,452,348,145,461,0.57625,452,True,333600,0.01,False,1663.0059999999992,0.02546130324481055,100000,True,274393,180128,800,0.5248015,2,14,416
0.525,0.475,0.09736842105263158,0.9026315789473685,0.0,2.6736842105263157,6.664127206689783,14.029741487767964,0.14255430164153268,800,420,380,37,380,train,200,200,1.0,420,380,178,498,0.6225,420,True,334400,0.01,False,1663.6499999999992,0.02258013966889848,100000,True,275030,180548,800,0.5251015,2,14,417
0.56875,0.43125,0.14782608695652175,0.8521739130434782,0.0,3.1623188405797102,6.418142841381152,14.882650066970788,0.13438466879219446,800,455,345,51,345,train,200,200,1.0,455,345,142,668,0.835,455,True,335200,0.01,False,1664.3579999999988,0.02679982628542348,100000,True,275776,181003,800,0.5254015000000001,2,14,418
0.58625,0.41374999999999995,0.29607250755287007,0.7039274924471299,0.0,3.0,6.359689348109958,15.370850388181168,0.13011641838227922,800,469,331,98,331,train,200,200,1.0,469,331,128,508,0.635,469,True,336000,0.01,False,1664.9899999999989,0.02463427867507562,100000,True,276438,181472,800,0.5257015,2,14,419
0.5575,0.4425,0.0,1.0,0.0,2.8361581920903953,6.491561798344038,14.670196154449803,0.13633082877309413,800,446,354,0,354,train,200,200,1.0,446,354,154,467,0.58375,446,True,336800,0.01,False,1665.9059999999988,0.023845908060138754,100000,True,277088,181918,800,0.5260015,2,14,420
0.57875,0.42125,0.228486646884273,0.771513353115727,0.0,3.106824925816024,7.08460527857548,16.818054073769684,0.11891982218794887,800,463,337,77,337,train,200,200,1.0,463,337,135,603,0.75375,463,True,337600,0.01,False,1667.140999999999,0.024197343354753684,100000,True,277798,182381,800,0.5263015,2,14,421
0.58875,0.41125,0.0,1.0,0.0,2.9696048632218845,6.900077545177863,16.77830406122277,0.11920155891216123,800,471,329,0,329,train,200,200,1.0,471,329,129,445,0.55625,471,True,338400,0.01,False,1667.9949999999992,0.022471338718351035,100000,True,278446,182852,800,0.5266015000000001,2,14,422
0.5775,0.4225,0.04437869822485207,0.9556213017751479,0.0,3.0680473372781063,6.807748107063372,16.113013271155907,0.12412327640666834,800,462,338,15,338,train,200,200,1.0,462,338,137,551,0.68875,462,True,339200,0.01,False,1669.2919999999986,0.024289527194196126,100000,True,279146,183314,800,0.5269015,2,14,423
0.58,0.42000000000000004,0.1130952380952381,0.8869047619047619,0.0,2.9791666666666665,6.534802152996849,15.559052745230593,0.12854252972521554,800,464,336,38,336,train,200,200,1.0,464,336,135,506,0.6325,464,True,340000,0.01,False,1670.6599999999992,0.02565512223911355,100000,True,279811,183778,800,0.5272015,2,14,424
0.5775,0.4225,0.0,1.0,0.0,3.0502958579881656,7.105133536821889,16.816884110821036,0.11892809552710627,800,462,338,0,338,train,200,200,1.0,462,338,137,593,0.74125,462,True,340800,0.01,False,1671.9559999999985,0.022094684588810195,100000,True,280504,184240,800,0.5275015000000001,2,14,425
0.58125,0.41874999999999996,0.23582089552238805,0.764179104477612,0.0,2.8626865671641792,6.354463158966479,15.174837394546815,0.13179712889172138,800,465,335,79,335,train,200,200,1.0,465,335,129,484,0.605,465,True,341600,0.01,False,1672.5309999999986,0.022664087442681193,100000,True,281134,184705,800,0.5278015,2,14,426
0.55375,0.44625000000000004,0.0,1.0,0.0,2.9019607843137254,7.152565640616508,16.028158298300298,0.12478039976758212,800,443,357,0,357,train,200,200,1.0,443,357,144,525,0.65625,443,True,342400,0.01,False,1673.0989999999988,0.024079819731996396,100000,True,281814,185148,800,0.5281015,2,14,427
0.58875,0.41125,0.24620060790273557,0.7537993920972644,0.0,2.9969604863221884,6.403332333530653,15.570412969071494,0.12844874467830286,800,471,329,81,329,train,200,200,1.0,471,329,128,507,0.63375,471,True,343200,0.01,False,1674.0539999999992,0.02574067237241252,100000,True,282471,185619,800,0.5284015,2,14,428
0.5875,0.4125,0.11515151515151516,0.8848484848484849,0.0,3.015151515151515,6.724184466078476,16.301053251099336,0.122691458594255,800,470,330,38,330,train,200,200,1.0,470,330,129,543,0.67875,470,True,344000,0.01,False,1674.8749999999989,0.0229036176064983,100000,True,283136,186089,800,0.5287015,2,14,429
0.6025,0.39749999999999996,0.24528301886792453,0.7547169811320755,0.0,3.2830188679245285,6.809200384013145,17.130063859152568,0.11675379709290477,800,482,318,78,318,train,200,200,1.0,482,318,118,628,0.785,482,True,344800,0.01,False,1675.8149999999985,0.01965978445282417,100000,True,283862,186571,800,0.5290015,2,14,430
0.58125,0.41874999999999996,0.0,1.0,0.0,3.1462686567164178,7.2285107329380365,17.26211518313561,0.11586065663343037,800,465,335,0,335,train,200,200,1.0,465,335,132,610,0.7625,465,True,345600,0.01,False,1676.8029999999987,0.02388833716093359,100000,True,284582,187036,800,0.5293015000000001,2,14,431
0.57375,0.42625,0.07038123167155426,0.9296187683284457,0.0,3.1495601173020527,6.7264778507070835,15.780593198139785,0.1267379479901782,800,459,341,24,341,train,200,200,1.0,459,341,138,683,0.85375,459,True,346400,0.01,False,1678.0959999999986,0.0233115270511189,100000,True,285315,187495,800,0.5296015000000001,2,14,432
0.56,0.43999999999999995,0.23863636363636365,0.7613636363636364,0.0,2.872159090909091,6.309110027118185,14.338886425268601,0.139480845351806,800,448,352,84,352,train,200,200,1.0,448,352,152,554,0.6925,448,True,347200,0.01,False,1679.1299999999987,0.022295432149585393,100000,True,285974,187943,800,0.5299015,2,14,433
0.57875,0.42125,0.1632047477744807,0.8367952522255193,0.0,3.0741839762611276,6.4125524326024355,15.222676397869284,0.13138294132560946,800,463,337,55,337,train,200,200,1.0,463,337,136,600,0.75,463,True,348000,0.01,False,1680.217999999999,0.023395262852209272,100000,True,286674,188406,800,0.5302015,2,14,434
0.55875,0.44125000000000003,0.28611898016997167,0.7138810198300283,0.0,2.801699716713881,6.795723047488115,15.401072062296013,0.12986108966376964,800,447,353,101,353,train,200,200,1.0,447,353,150,511,0.63875,447,True,348800,0.01,False,1680.9649999999988,0.022587909696158023,100000,True,287310,188853,800,0.5305015,2,14,435
0.5775,0.4225,0.05325443786982249,0.9467455621301775,0.0,2.92603550295858,6.442829504533438,15.249300602446008,0.13115355596565506,800,462,338,18,338,train,200,200,1.0,462,338,134,511,0.63875,462,True,349600,0.01,False,1681.8309999999985,0.02293447261210531,100000,True,287962,189315,800,0.5308015,2,14,436
0.5775,0.4225,0.1301775147928994,0.8698224852071006,0.0,2.775147928994083,6.76075177438263,16.001779347651198,0.12498610039223967,800,462,338,44,338,train,200,200,1.0,462,338,137,402,0.5025,462,True,350400,0.01,False,1682.4379999999987,0.02358169956947677,100000,True,288563,189777,800,0.5311015,2,14,437
0.57375,0.42625,0.17302052785923755,0.8269794721407625,0.0,2.9912023460410557,6.5312656045848065,15.322617254157903,0.1305260039343008,800,459,341,59,341,train,200,200,1.0,459,341,138,543,0.67875,459,True,351200,0.01,False,1683.1249999999989,0.024442246613762108,100000,True,289242,190236,800,0.5314015,2,14,438
0.56875,0.43125,0.20869565217391303,0.7913043478260869,0.0,3.046376811594203,6.206930711397511,14.392882809037708,0.13895756857994718,800,455,345,72,345,train,200,200,1.0,455,345,144,633,0.79125,455,True,352000,0.01,False,1684.107999999999,0.02228600903225015,100000,True,289949,190691,800,0.5317015,2,14,439
0.59625,0.40375000000000005,0.05263157894736842,0.9473684210526315,0.0,3.235294117647059,6.819626748246143,16.890716404324813,0.11840823989489911,800,477,323,17,323,train,200,200,1.0,477,323,122,598,0.7475,477,True,352800,0.01,False,1684.372999999999,0.022842960000780295,100000,True,290671,191168,800,0.5320015,2,14,440
0.6175,0.38249999999999995,0.06209150326797386,0.9379084967320261,0.0,3.3529411764705883,6.821943304671623,17.835145894566335,0.1121381351082371,800,494,306,19,306,train,200,200,1.0,494,306,100,608,0.76,494,True,353600,0.01,False,1685.172999999999,0.02503445847025432,100000,True,291391,191662,800,0.5323015,2,14,441
0.55,0.44999999999999996,0.08611111111111111,0.9138888888888889,0.0,2.863888888888889,6.3020835535371225,14.004630118971383,0.14280991236538967,800,440,360,31,360,train,200,200,1.0,440,360,159,552,0.69,440,True,354400,0.01,False,1686.404999999999,0.023199713023350343,100000,True,292063,192102,800,0.5326015,2,14,442
0.57125,0.42874999999999996,0.11078717201166181,0.8892128279883382,0.0,3.0699708454810497,6.385446052524656,14.893168635626019,0.13428975719886704,800,457,343,38,343,train,200,200,1.0,457,343,138,614,0.7675,457,True,355200,0.01,False,1686.9289999999992,0.02290717602314544,100000,True,292773,192559,800,0.5329015,2,14,443
0.585,0.41500000000000004,0.0,1.0,0.0,3.0481927710843375,7.085879028913271,17.074407298586195,0.11713437339436111,800,468,332,0,332,train,200,200,1.0,468,332,126,569,0.71125,468,True,356000,0.01,False,1687.719999999999,0.024538230644793657,100000,True,293455,193027,800,0.5332015,2,14,444
0.555,0.44499999999999995,0.0,1.0,0.0,2.898876404494382,6.835590965701621,15.360878574610384,0.13020088599005988,800,444,356,0,356,train,200,200,1.0,444,356,154,578,0.7225,444,True,356800,0.01,False,1688.200999999999,0.025319835099144258,100000,True,294132,193471,800,0.5335015000000001,2,14,445
0.57875,0.42125,0.0771513353115727,0.9228486646884273,0.0,3.077151335311573,6.746072503885219,16.014415439490133,0.12488748075488143,800,463,337,26,337,train,200,200,1.0,463,337,136,609,0.76125,463,True,357600,0.01,False,1689.039999999999,0.023263518577223294,100000,True,294832,193934,800,0.5338015,2,14,446
0.57,0.43000000000000005,0.18895348837209303,0.811046511627907,0.0,2.921511627906977,6.4883971748047236,15.089295755359823,0.1325442904974267,800,456,344,65,344,train,200,200,1.0,456,344,141,482,0.6025,456,True,358400,0.01,False,1689.6369999999995,0.022650466415216217,100000,True,295494,194390,800,0.5341015,2,14,447
0.545,0.45499999999999996,0.15934065934065933,0.8406593406593407,0.0,2.931318681318681,6.324810518617614,13.90068245850025,0.14387782801102705,800,436,364,58,364,train,200,200,1.0,436,364,163,595,0.74375,436,True,359200,0.01,False,1690.4539999999993,0.023087088285028586,100000,True,296198,194826,800,0.5344015,2,14,448
0.56125,0.43875,0.1282051282051282,0.8717948717948718,0.0,2.7435897435897436,7.059896343395414,16.090931836798664,0.12429360961098358,800,449,351,45,351,train,200,200,1.0,449,351,150,435,0.54375,449,True,360000,0.01,False,1691.3699999999994,0.02259720581034344,100000,True,296811,195275,800,0.5347015,2,14,449
0.56,0.43999999999999995,0.15056818181818182,0.8494318181818182,0.0,2.9375,6.468108468848236,14.700246520109628,0.13605214016404707,800,448,352,53,352,train,200,200,1.0,448,352,151,560,0.7,448,True,360800,0.01,False,1692.0749999999991,0.023660921763548684,100000,True,297493,195723,800,0.5350015,2,14,450
0.58,0.42000000000000004,0.0,1.0,0.0,3.0386904761904763,6.781677681523165,16.146851622674202,0.12386315591031391,800,464,336,0,336,train,200,200,1.0,464,336,135,554,0.6925,464,True,361600,0.01,False,1693.1039999999991,0.020296739381519727,100000,True,298178,196187,800,0.5353015,2,14,451
0.56625,0.43374999999999997,0.14985590778097982,0.8501440922190202,0.0,3.1296829971181555,6.352668922407066,14.645922587681998,0.1365567780401971,800,453,347,52,347,train,200,200,1.0,453,347,146,674,0.8425,453,True,362400,0.01,False,1693.9979999999994,0.02427461764360487,100000,True,298917,196640,800,0.5356015000000001,2,14,452
0.58875,0.41125,0.12462006079027356,0.8753799392097265,0.0,3.364741641337386,6.513935696252206,15.839357316114787,0.12626774938432775,800,471,329,41,329,train,200,200,1.0,471,329,129,752,0.94,471,True,363200,0.01,False,1694.8409999999992,0.023281702239837613,100000,True,299695,197111,800,0.5359015,2,14,453
0.59,0.41000000000000003,0.25609756097560976,0.7439024390243902,0.0,3.1615853658536586,6.97378698514817,17.009236549141878,0.11758317277919807,800,472,328,84,328,train,200,200,1.0,472,328,126,640,0.8,472,True,364000,0.01,False,1696.0509999999992,0.02268618351423356,100000,True,300405,197583,800,0.5362015,2,14,454
0.5775,0.4225,0.21005917159763313,0.7899408284023669,0.0,2.9319526627218937,6.661927895205166,15.767876675041814,0.12684015997954248,800,462,338,71,338,train,200,200,1.0,462,338,138,497,0.62125,462,True,364800,0.01,False,1696.5639999999994,0.02364608038311417,100000,True,301058,198045,800,0.5365015,2,14,455
0.57,0.43000000000000005,0.1308139534883721,0.8691860465116279,0.0,3.1686046511627906,6.9734319445948225,16.21728359208098,0.12332521588119817,800,456,344,45,344,train,200,200,1.0,456,344,140,691,0.86375,456,True,365600,0.01,False,1697.5609999999988,0.021347097189245687,100000,True,301805,198501,800,0.5368015,2,14,456
0.56875,0.43125,0.0,1.0,0.0,3.1043478260869564,6.8109532843737535,15.793514862315948,0.1266342557331612,800,455,345,0,345,train,200,200,1.0,455,345,143,663,0.82875,455,True,366400,0.01,False,1698.6339999999993,0.02319255895592505,100000,True,302531,198956,800,0.5371015,2,14,457
0.55375,0.44625000000000004,0.31932773109243695,0.680672268907563,0.0,2.9131652661064424,6.709411729946644,15.035096313605925,0.13302209432407236,800,443,357,114,357,train,200,200,1.0,443,357,155,585,0.73125,443,True,367200,0.01,False,1698.6159999999988,0.02427596102876123,100000,True,303214,199399,800,0.5374015,2,14,458
0.5475,0.4525,0.281767955801105,0.7182320441988951,0.0,2.7375690607734806,6.25999692200319,13.834247341443515,0.1445687611792629,800,438,362,102,362,train,200,200,1.0,438,362,159,445,0.55625,438,True,368000,0.01,False,1699.217999999999,0.021860758406473904,100000,True,303845,199837,800,0.5377015,2,14,459
0.59375,0.40625,0.20923076923076922,0.7907692307692308,0.0,2.9784615384615383,6.990789506960827,17.208097247903574,0.11622435480155459,800,475,325,68,325,train,200,200,1.0,475,325,123,474,0.5925,475,True,368800,0.01,False,1699.5839999999987,0.02211247229068249,100000,True,304489,200312,800,0.5380015,2,14,460
0.57375,0.42625,0.16422287390029325,0.8357771260997068,0.0,3.0850439882697946,6.685753599037572,15.6850524317597,0.12750993397703425,800,459,341,56,341,train,200,200,1.0,459,341,137,611,0.76375,459,True,369600,0.01,False,1699.960999999999,0.02231911693124857,100000,True,305202,200771,800,0.5383015,2,14,461
0.59375,0.40625,0.0,1.0,0.0,3.0584615384615383,6.98758170909744,17.200201130086004,0.11627771006128923,800,475,325,0,325,train,200,200,1.0,475,325,123,548,0.685,475,True,370400,0.01,False,1700.106999999999,0.020564689072270995,100000,True,305872,201246,800,0.5386015,2,14,462
0.58625,0.41374999999999995,0.0,1.0,0.0,3.2598187311178246,7.183140264628041,17.36106408369315,0.1152003120522177,800,469,331,0,331,train,200,200,1.0,469,331,130,674,0.8425,469,True,371200,0.01,False,1701.1369999999993,0.021147002238431013,100000,True,306621,201715,800,0.5389015,2,14,463
0.57,0.43000000000000005,0.1569767441860465,0.8430232558139535,0.0,3.0406976744186047,6.3270514112163845,14.71407304934043,0.13592429460513325,800,456,344,54,344,train,200,200,1.0,456,344,142,618,0.7725,456,True,372000,0.01,False,1701.5769999999993,0.022998251790486392,100000,True,307324,202171,800,0.5392015,2,14,464
0.56625,0.43374999999999997,0.07492795389048991,0.9250720461095101,0.0,2.919308357348703,6.369132699472414,14.683879422414787,0.1362037880089795,800,453,347,26,347,train,200,200,1.0,453,347,146,545,0.68125,453,True,372800,0.01,False,1701.9009999999992,0.023292869715951382,100000,True,307990,202624,800,0.5395015000000001,2,14,465
0.56875,0.43125,0.14782608695652175,0.8521739130434782,0.0,3.0898550724637683,6.444406133942896,14.943550455519759,0.1338370025217971,800,455,345,51,345,train,200,200,1.0,455,345,145,644,0.805,455,True,373600,0.01,False,1702.5569999999993,0.022471013843096445,100000,True,308711,203079,800,0.5398015,2,14,466
0.57875,0.42125,0.12166172106824925,0.8783382789317508,0.0,3.00593471810089,6.762941617707456,16.054460813548857,0.12457596821390214,800,463,337,41,337,train,200,200,1.0,463,337,135,514,0.6425,463,True,374400,0.01,False,1702.8829999999994,0.023680130084976554,100000,True,309387,203542,800,0.5401015,2,14,467
0.56125,0.43875,0.045584045584045586,0.9544159544159544,0.0,2.8461538461538463,6.581645876231575,15.000902282009289,0.13332531353121452,800,449,351,16,351,train,200,200,1.0,449,351,151,525,0.65625,449,True,375200,0.01,False,1703.381999999999,0.02318902467166481,100000,True,310035,203991,800,0.5404015,2,14,468
0.575,0.42500000000000004,0.15,0.85,0.0,3.014705882352941,6.732621886643177,15.841463262689828,0.12625096348961937,800,460,340,51,340,train,200,200,1.0,460,340,140,551,0.68875,460,True,376000,0.01,False,1703.9289999999992,0.021542131630703808,100000,True,310720,204451,800,0.5407015000000001,2,14,469
0.59875,0.40125,0.07165109034267912,0.9283489096573209,0.0,3.0716510903426792,6.979752739091856,17.395022402721136,0.11497541961700125,800,479,321,23,321,train,200,200,1.0,479,321,120,510,0.6375,479,True,376800,0.01,False,1704.3999999999987,0.020458049631270115,100000,True,311386,204930,800,0.5410015,2,14,470
0.55875,0.44125000000000003,0.18696883852691218,0.8130311614730878,0.0,2.813031161473088,6.882039505611166,15.596690097702359,0.1282323356732357,800,447,353,66,353,train,200,200,1.0,447,353,150,453,0.56625,447,True,377600,0.01,False,1704.9129999999986,0.022702109370438848,100000,True,312026,205377,800,0.5413015,2,14,471
0.5575,0.4425,0.0,1.0,0.0,2.7994350282485874,6.544890548036602,14.790713102907576,0.135219984735343,800,446,354,0,354,train,200,200,1.0,446,354,151,457,0.57125,446,True,378400,0.01,False,1705.158999999999,0.020523276847889065,100000,True,312664,205823,800,0.5416015000000001,2,14,472
0.55875,0.44125000000000003,0.053824362606232294,0.9461756373937678,0.0,2.8328611898016995,6.581703895576791,14.91604282283692,0.13408381993499902,800,447,353,19,353,train,200,200,1.0,447,353,151,476,0.595,447,True,379200,0.01,False,1705.2909999999993,0.023161104912869632,100000,True,313312,206270,800,0.5419015,2,14,473
0.5725,0.4275,0.23684210526315788,0.7631578947368421,0.0,2.865497076023392,6.951952205519549,16.261876504139295,0.12298703655085072,800,458,342,81,342,train,200,200,1.0,458,342,140,448,0.56,458,True,380000,0.01,False,1705.519999999999,0.020721831404589466,100000,True,313951,206728,800,0.5422015,2,14,474
0.57625,0.42374999999999996,0.05604719764011799,0.943952802359882,0.0,3.073746312684366,6.617891475650583,15.617443010384857,0.12806193681450254,800,461,339,19,339,train,200,200,1.0,461,339,139,607,0.75875,461,True,380800,0.01,False,1705.943999999999,0.0232812186859519,100000,True,314654,207189,800,0.5425015,2,14,475
0.55375,0.44625000000000004,0.23249299719887956,0.7675070028011205,0.0,2.7703081232492996,6.237390204854594,13.97734499687304,0.1430886910530886,800,443,357,83,357,train,200,200,1.0,443,357,155,486,0.6075,443,True,381600,0.01,False,1706.0769999999989,0.023249651361584255,100000,True,315287,207632,800,0.5428015,2,14,476
0.54375,0.45625000000000004,0.09863013698630137,0.9013698630136986,0.0,2.8876712328767122,6.478797662866883,14.200104466557553,0.14084403426116823,800,435,365,36,365,train,200,200,1.0,435,365,161,607,0.75875,435,True,382400,0.01,False,1706.4649999999988,0.02256249186655623,100000,True,315977,208067,800,0.5431015,2,14,477
0.58125,0.41874999999999996,0.09850746268656717,0.9014925373134328,0.0,2.985074626865672,6.933354296496674,16.55726399163385,0.12079290400941677,800,465,335,33,335,train,200,200,1.0,465,335,135,536,0.67,465,True,383200,0.01,False,1706.7709999999988,0.01952805592190998,100000,True,316642,208532,800,0.5434015,2,14,478
0.57625,0.42374999999999996,0.035398230088495575,0.9646017699115044,0.0,3.1710914454277286,6.515455338143396,15.375705812727778,0.1300753295074383,800,461,339,12,339,train,200,200,1.0,461,339,136,671,0.83875,461,True,384000,0.01,False,1706.9639999999988,0.023135599887464196,100000,True,317378,208993,800,0.5437015000000001,2,14,479
0.56625,0.43374999999999997,0.1585014409221902,0.8414985590778098,0.0,2.8904899135446684,6.3167222368291815,14.56304838462059,0.1373338841689295,800,453,347,55,347,train,200,200,1.0,453,347,144,534,0.6675,453,True,384800,0.01,False,1707.1319999999992,0.022969690767913564,100000,True,318035,209446,800,0.5440015,2,14,480
0.56625,0.43374999999999997,0.0,1.0,0.0,2.9452449567723344,6.640251036190247,15.308936106490485,0.13064265119978297,800,453,347,0,347,train,200,200,1.0,453,347,146,527,0.65875,453,True,385600,0.01,False,1707.630999999999,0.023112158123985864,100000,True,318710,209899,800,0.5443015,2,14,481
0.55875,0.44125000000000003,0.0,1.0,0.0,2.963172804532578,6.57911427361885,14.910173991204193,0.13413659700952113,800,447,353,0,353,train,200,200,1.0,447,353,151,630,0.7875,447,True,386400,0.01,False,1707.9889999999987,0.02233654855741406,100000,True,319403,210346,800,0.5446015,2,14,482
0.56125,0.43875,0.0,1.0,0.0,2.9458689458689458,7.119473079970355,16.226719270587704,0.12325350347467763,800,449,351,0,351,train,200,200,1.0,449,351,150,585,0.73125,449,True,387200,0.01,False,1708.0019999999986,0.021244253322147414,100000,True,320086,210795,800,0.5449015,2,14,483
0.58375,0.41625,0.14114114114114115,0.8588588588588588,0.0,2.8678678678678677,6.68636803695927,16.063346635337588,0.12450705605768483,800,467,333,47,333,train,200,200,1.0,467,333,133,422,0.5275,467,True,388000,0.01,False,1708.3929999999987,0.02231654966086353,100000,True,320708,211262,800,0.5452015,2,14,484
0.55875,0.44125000000000003,0.2776203966005666,0.7223796033994334,0.0,2.991501416430595,6.445570928094823,14.607526182651158,0.13691572241543057,800,447,353,98,353,train,200,200,1.0,447,353,153,639,0.79875,447,True,388800,0.01,False,1708.190999999999,0.02074500368136796,100000,True,321411,211709,800,0.5455015000000001,2,14,485
0.58125,0.41874999999999996,0.11343283582089553,0.8865671641791045,0.0,2.9402985074626864,6.602278890173372,15.766636155637904,0.12685013976712026,800,465,335,38,335,train,200,200,1.0,465,335,135,503,0.62875,465,True,389600,0.01,False,1708.559999999999,0.020842842258352902,100000,True,322061,212174,800,0.5458015,2,14,486
0.59125,0.40874999999999995,0.08256880733944955,0.9174311926605505,0.0,3.2507645259938838,6.900114611132061,16.881014339161005,0.11847629294173095,800,473,327,27,327,train,200,200,1.0,473,327,125,666,0.8325,473,True,390400,0.01,False,1708.640999999999,0.02056410408744341,100000,True,322797,212647,800,0.5461015,2,14,487
0.59,0.41000000000000003,0.0,1.0,0.0,3.051829268292683,6.674164891467934,16.27845095479984,0.12286181317579747,800,472,328,0,328,train,200,200,1.0,472,328,127,529,0.66125,472,True,391200,0.01,False,1708.8809999999985,0.021664383730385452,100000,True,323470,213119,800,0.5464015,2,14,488
0.565,0.43500000000000005,0.06609195402298851,0.9339080459770115,0.0,2.925287356321839,6.550953276810433,15.05966270531134,0.13280509923337308,800,452,348,23,348,train,200,200,1.0,452,348,148,510,0.6375,452,True,392000,0.01,False,1709.7369999999983,0.023185587183907046,100000,True,324140,213571,800,0.5467015000000001,2,14,489
0.58125,0.41874999999999996,0.01791044776119403,0.982089552238806,0.0,3.080597014925373,6.8511902060365655,16.361051238296273,0.12224153392531432,800,465,335,6,335,train,200,200,1.0,465,335,135,602,0.7525,465,True,392800,0.01,False,1709.8659999999986,0.021506925067324118,100000,True,324837,214036,800,0.5470015,2,14,490
0.5825,0.4175,0.08083832335329341,0.9191616766467066,0.0,3.2005988023952097,6.496498348256265,15.560475085643748,0.1285307800046041,800,466,334,27,334,train,200,200,1.0,466,334,130,696,0.87,466,True,393600,0.01,False,1710.1429999999987,0.021674342984188116,100000,True,325573,214502,800,0.5473015,2,14,491
0.57,0.43000000000000005,0.29651162790697677,0.7034883720930233,0.0,2.991279069767442,6.378935551466478,14.834733840619718,0.13481873159892505,800,456,344,102,344,train,200,200,1.0,456,344,143,549,0.68625,456,True,394400,0.01,False,1710.1929999999986,0.0220559673383832,100000,True,326259,214958,800,0.5476015000000001,2,14,492
0.58,0.42000000000000004,0.07142857142857142,0.9285714285714286,0.0,3.1547619047619047,6.841906666773248,16.290253968507734,0.12277279432637414,800,464,336,24,336,train,200,200,1.0,464,336,136,638,0.7975,464,True,395200,0.01,False,1710.3899999999987,0.019430899544677232,100000,True,326983,215422,800,0.5479015,2,14,493
0.57,0.43000000000000005,0.09593023255813954,0.9040697674418605,0.0,3.104651162790698,6.463627356638269,15.031691527065743,0.13305222478779868,800,456,344,33,344,train,200,200,1.0,456,344,142,665,0.83125,456,True,396000,0.01,False,1710.5279999999987,0.021147578142790734,100000,True,327708,215878,800,0.5482015,2,14,494
0.58,0.42000000000000004,0.0,1.0,0.0,2.988095238095238,7.050620374536753,16.78719136794465,0.11913845241670531,800,464,336,0,336,train,200,200,1.0,464,336,135,491,0.61375,464,True,396800,0.01,False,1710.4559999999983,0.022150092210868024,100000,True,328377,216342,800,0.5485015,2,14,495
0.58625,0.41374999999999995,0.24169184290030213,0.7583081570996979,0.0,3.1601208459214503,6.554177758599402,15.840913011720609,0.12625534895117538,800,469,331,80,331,train,200,200,1.0,469,331,129,648,0.81,469,True,397600,0.01,False,1710.6839999999988,0.021244225216360064,100000,True,329094,216811,800,0.5488014999999999,2,14,496
0.5525,0.4475,0.11452513966480447,0.8854748603351955,0.0,2.857541899441341,6.5507686087554395,14.638589069844558,0.1366251891119748,800,442,358,41,358,train,200,200,1.0,442,358,156,531,0.66375,442,True,398400,0.01,False,1710.5039999999985,0.021208033612929285,100000,True,329759,217253,800,0.5491015,2,14,497
0.57875,0.42125,0.09792284866468842,0.9020771513353115,0.0,2.9910979228486645,6.408248581848524,15.212459541480177,0.13147117956478716,800,463,337,33,337,train,200,200,1.0,463,337,136,550,0.6875,463,True,399200,0.01,False,1710.4889999999987,0.022991855950895115,100000,True,330430,217716,800,0.5494015,2,14,498
0.55875,0.44125000000000003,0.1529745042492918,0.8470254957507082,0.0,3.0991501416430594,6.5939359020373765,14.943764083937397,0.13383508925637685,800,447,353,54,353,train,200,200,1.0,447,353,150,720,0.9,447,True,400000,0.01,False,1710.7049999999988,0.018978860932475073,100000,True,331172,218163,800,0.5497015000000001,2,14,499
0.5775,0.4225,0.28402366863905326,0.7159763313609467,0.0,2.7840236686390534,6.650423156718859,15.740646524778365,0.12705958404260403,800,462,338,96,338,train,200,200,1.0,462,338,135,402,0.5025,462,True,400800,0.01,False,1710.8199999999988,0.02312505830421287,100000,True,331777,218625,800,0.5500015,2,14,500
0.5725,0.4275,0.2046783625730994,0.7953216374269005,0.0,2.9649122807017543,7.233965673413293,16.921557130791328,0.11819243256051762,800,458,342,70,342,train,200,200,1.0,458,342,142,574,0.7175,458,True,401600,0.01,False,1710.7549999999987,0.0203182410862064,100000,True,332449,219083,800,0.5503015,2,14,501
0.5925,0.4075,0.08895705521472393,0.911042944785276,0.0,3.125766871165644,6.747450171777175,16.558159930741535,0.12078636807262876,800,474,326,29,326,train,200,200,1.0,474,326,125,570,0.7125,474,True,402400,0.01,False,1710.6319999999987,0.02010717302415287,100000,True,333142,219557,800,0.5506015,2,14,502
0.5725,0.4275,0.0,1.0,0.0,3.064327485380117,6.849441952213225,16.022086437925672,0.1248276875642005,800,458,342,0,342,train,200,200,1.0,458,342,141,616,0.77,458,True,403200,0.01,False,1710.537999999999,0.020170075060013913,100000,True,333848,220015,800,0.5509015,2,14,503
0.545,0.45499999999999996,0.1565934065934066,0.8434065934065934,0.0,2.7747252747252746,6.163522154473055,13.546202537303419,0.14764285374387523,800,436,364,57,364,train,200,200,1.0,436,364,162,494,0.6175,436,True,404000,0.01,False,1710.5199999999988,0.02282976120353851,100000,True,334495,220451,800,0.5512015,2,14,504
0.55375,0.44625000000000004,0.24929971988795518,0.7507002801120448,0.0,2.8403361344537816,6.3970920312077215,14.335220238000495,0.13951651713716284,800,443,357,89,357,train,200,200,1.0,443,357,156,503,0.62875,443,True,404800,0.01,False,1710.410999999999,0.019149249826659796,100000,True,335152,220894,800,0.5515015000000001,2,14,505
0.5675,0.4325,0.0,1.0,0.0,3.161849710982659,6.867863033739576,15.879452101131967,0.12594892992922785,800,454,346,0,346,train,200,200,1.0,454,346,144,664,0.83,454,True,405600,0.01,False,1710.5599999999986,0.02064327359708841,100000,True,335900,221348,800,0.5518015000000001,2,14,506
0.58,0.42000000000000004,0.125,0.875,0.0,3.0089285714285716,6.527161575811419,15.540860894789095,0.12869299928362443,800,464,336,42,336,train,200,200,1.0,464,336,134,550,0.6875,464,True,406400,0.01,False,1710.4629999999988,0.0190495713812561,100000,True,336576,221812,800,0.5521015,2,14,507
0.5575,0.4425,0.0,1.0,0.0,3.016949152542373,6.8192748775376835,15.410790683700979,0.12977919440014676,800,446,354,0,354,train,200,200,1.0,446,354,154,667,0.83375,446,True,407200,0.01,False,1710.554999999999,0.022264256568196288,100000,True,337290,222258,800,0.5524015,2,14,508
0.54875,0.45125000000000004,0.1440443213296399,0.8559556786703602,0.0,2.789473684210526,6.898333454874464,15.287165550968341,0.1308287002801061,800,439,361,52,361,train,200,200,1.0,439,361,160,489,0.61125,439,True,408000,0.01,False,1710.546999999999,0.021113128011929803,100000,True,337936,222697,800,0.5527015000000001,2,14,509
0.59375,0.40625,0.0,1.0,0.0,3.193846153846154,6.738089817207736,16.5860672423575,0.1205831358799993,800,475,325,0,325,train,200,200,1.0,475,325,125,651,0.81375,475,True,408800,0.01,False,1710.4319999999989,0.020247046171716646,100000,True,338649,223172,800,0.5530015,2,14,510
0.5825,0.4175,0.12275449101796407,0.8772455089820359,0.0,3.230538922155689,6.414458992461528,15.36397363463839,0.1301746571271744,800,466,334,41,334,train,200,200,1.0,466,334,133,704,0.88,466,True,409600,0.01,False,1710.486999999999,0.019468083746032788,100000,True,339394,223638,800,0.5533015,2,14,511
0.58125,0.41874999999999996,0.0,1.0,0.0,3.0865671641791046,6.90039305599855,16.478550581489074,0.12136989780197473,800,465,335,0,335,train,200,200,1.0,465,335,133,587,0.73375,465,True,410400,0.01,False,1710.6839999999988,0.02102179385256022,100000,True,340093,224103,800,0.5536015000000001,2,14,512
0.5825,0.4175,0.08982035928143713,0.9101796407185628,0.0,3.2784431137724552,6.417821130026889,15.372026658747039,0.13010646184782368,800,466,334,30,334,train,200,200,1.0,466,334,132,727,0.90875,466,True,411200,0.01,False,1710.6879999999987,0.02006740078828443,100000,True,340855,224569,800,0.5539015,2,14,513
0.5725,0.4275,0.07894736842105263,0.9210526315789473,0.0,3.111111111111111,6.64980081121857,15.555089616885544,0.1285752798125275,800,458,342,27,342,train,200,200,1.0,458,342,140,659,0.82375,458,True,412000,0.01,False,1710.7719999999986,0.019006995778945567,100000,True,341577,225027,800,0.5542015,2,14,514
0.55375,0.44625000000000004,0.0,1.0,0.0,2.73109243697479,6.874100405042859,15.404146565922373,0.12983517077307447,800,443,357,0,357,train,200,200,1.0,443,357,157,449,0.56125,443,True,412800,0.01,False,1710.9609999999989,0.02316810410702601,100000,True,342195,225470,800,0.5545015,2,14,515
0.585,0.41500000000000004,0.29819277108433734,0.7018072289156626,0.0,2.9427710843373496,6.443523472809453,15.526562585083019,0.1288115118230663,800,468,332,99,332,train,200,200,1.0,468,332,130,530,0.6625,468,True,413600,0.01,False,1710.9909999999988,0.022732254953225492,100000,True,342841,225938,800,0.5548015000000001,2,14,516
0.55875,0.44125000000000003,0.0,1.0,0.0,2.7932011331444757,6.828261658741388,15.474813957487566,0.12924226459163923,800,447,353,0,353,train,200,200,1.0,447,353,151,453,0.56625,447,True,414400,0.01,False,1710.8579999999988,0.02000009918041542,100000,True,343474,226385,800,0.5551015,2,14,517
0.56,0.43999999999999995,0.10511363636363637,0.8948863636363636,0.0,3.0511363636363638,7.035567620568545,15.989926410383056,0.12507874949951617,800,448,352,37,352,train,200,200,1.0,448,352,151,658,0.8225,448,True,415200,0.01,False,1710.822999999999,0.018737705296880448,100000,True,344197,226833,800,0.5554015,2,14,518
0.57875,0.42125,0.09198813056379822,0.9080118694362018,0.0,3.1008902077151337,6.702388753970444,15.910715142956546,0.12570145226221163,800,463,337,31,337,train,200,200,1.0,463,337,134,599,0.74875,463,True,416000,0.01,False,1710.9049999999988,0.021852240320658894,100000,True,344906,227296,800,0.5557015000000001,2,14,519
0.59375,0.40625,0.1076923076923077,0.8923076923076924,0.0,2.96,6.770231183515603,16.665184451730713,0.12001067289671048,800,475,325,35,325,train,200,200,1.0,475,325,125,489,0.61125,475,True,416800,0.01,False,1710.8299999999988,0.02269874603174685,100000,True,345543,227771,800,0.5560015,2,14,520
0.5825,0.4175,0.08982035928143713,0.9101796407185628,0.0,3.158682634730539,6.987408454006478,16.736307674267014,0.11950067117104385,800,466,334,30,334,train,200,200,1.0,466,334,132,658,0.8225,466,True,417600,0.01,False,1711.0669999999986,0.020677853817514916,100000,True,346264,228237,800,0.5563015,2,14,521
0.57375,0.42625,0.08504398826979472,0.9149560117302052,0.0,2.8797653958944283,6.493503911815374,15.234026772587386,0.13128505219636782,800,459,341,29,341,train,200,200,1.0,459,341,137,500,0.625,459,True,418400,0.01,False,1710.8419999999987,0.020628139574546366,100000,True,346908,228696,800,0.5566015,2,14,522
0.5675,0.4325,0.0,1.0,0.0,2.800578034682081,6.643354334597903,15.36035684300093,0.1302053084080085,800,454,346,0,346,train,200,200,1.0,454,346,145,438,0.5475,454,True,419200,0.01,False,1710.9119999999984,0.020300947592550075,100000,True,347532,229150,800,0.5569015,2,14,523
0.5725,0.4275,0.1111111111111111,0.8888888888888888,0.0,2.9035087719298245,6.576749113627153,15.384208452929013,0.13000343866370442,800,458,342,38,342,train,200,200,1.0,458,342,140,504,0.63,458,True,420000,0.01,False,1710.6989999999987,0.020242487914511,100000,True,348184,229608,800,0.5572015,2,14,524
0.59375,0.40625,0.1723076923076923,0.8276923076923077,0.0,3.0092307692307694,6.767657509062694,16.658849253077403,0.12005631179059613,800,475,325,56,325,train,200,200,1.0,475,325,125,531,0.66375,475,True,420800,0.01,False,1710.456999999999,0.01885659760735507,100000,True,348837,230083,800,0.5575015000000001,2,14,525
0.53625,0.46375,0.09703504043126684,0.9029649595687331,0.0,2.884097035040431,6.691317820905721,14.428717673112066,0.13861245644351353,800,429,371,36,371,train,200,200,1.0,429,371,170,601,0.75125,429,True,421600,0.01,False,1710.4999999999989,0.018113198410464975,100000,True,349536,230512,800,0.5578015000000001,2,14,526
0.55125,0.44875,0.055710306406685235,0.9442896935933147,0.0,2.9832869080779942,6.966931343685396,15.525195194842109,0.12882285696893875,800,441,359,20,359,train,200,200,1.0,441,359,155,645,0.80625,441,True,422400,0.01,False,1710.455999999999,0.01989415842705057,100000,True,350248,230953,800,0.5581015,2,14,527
0.57625,0.42374999999999996,0.24188790560471976,0.7581120943952803,0.0,3.0589970501474926,6.955449814168096,16.414040859393737,0.12184690029301361,800,461,339,82,339,train,200,200,1.0,461,339,138,605,0.75625,461,True,423200,0.01,False,1710.6479999999988,0.019133836289438478,100000,True,350946,231414,800,0.5584015,2,14,528
0.5925,0.4075,0.2085889570552147,0.7914110429447853,0.0,3.233128834355828,6.511846864951363,15.979992306629113,0.1251565058119786,800,474,326,68,326,train,200,200,1.0,474,326,126,690,0.8625,474,True,424000,0.01,False,1710.506999999999,0.02301935028517619,100000,True,351674,231888,800,0.5587015,2,14,529
0.56875,0.43125,0.26956521739130435,0.7304347826086957,0.0,2.9971014492753625,6.127556315819501,14.208826239581454,0.1407575802727892,800,455,345,93,345,train,200,200,1.0,455,345,143,530,0.6625,455,True,424800,0.01,False,1710.545999999999,0.017112771711690584,100000,True,352364,232343,800,0.5590015,2,14,530
0.515,0.485,0.0,1.0,0.0,2.734536082474227,7.322837175793421,15.098633352151383,0.13246231982413315,800,412,388,0,388,train,200,200,1.0,412,388,188,560,0.7,412,True,425600,0.01,False,1710.388999999999,0.01924310528913338,100000,True,353037,232755,800,0.5593015,2,14,531
0.5775,0.4225,0.22189349112426035,0.7781065088757396,0.0,3.1893491124260356,6.420946650009801,15.197506863928524,0.13160053276547784,800,462,338,75,338,train,200,200,1.0,462,338,136,685,0.85625,462,True,426400,0.01,False,1710.604999999999,0.02078716052463278,100000,True,353777,233217,800,0.5596015,2,14,532
0.58125,0.41874999999999996,0.05373134328358209,0.9462686567164179,0.0,3.065671641791045,6.660279550006249,15.905145194044772,0.12574547265050073,800,465,335,18,335,train,200,200,1.0,465,335,135,606,0.7575,465,True,427200,0.01,False,1710.296999999999,0.02098391157342121,100000,True,354469,233682,800,0.5599015,2,14,533
0.58,0.42000000000000004,0.0744047619047619,0.9255952380952381,0.0,2.9464285714285716,6.864284273843246,16.343533985341065,0.12237255429540829,800,464,336,25,336,train,200,200,1.0,464,336,133,492,0.615,464,True,428000,0.01,False,1709.923999999999,0.021325629610801117,100000,True,355125,234146,800,0.5602015,2,14,534
0.555,0.44499999999999995,0.0,1.0,0.0,2.851123595505618,6.89592929631063,15.496470328787934,0.129061648076374,800,444,356,0,356,train,200,200,1.0,444,356,154,509,0.63625,444,True,428800,0.01,False,1709.6889999999987,0.02006951696064789,100000,True,355784,234590,800,0.5605015,2,14,535
0.57875,0.42125,0.10682492581602374,0.8931750741839762,0.0,2.8427299703264093,6.49654636164867,15.42206851429951,0.12968428963634665,800,463,337,36,337,train,200,200,1.0,463,337,136,467,0.58375,463,True,429600,0.01,False,1709.9139999999989,0.02002607372631246,100000,True,356406,235053,800,0.5608015,2,14,536
0.575,0.42500000000000004,0.10588235294117647,0.8941176470588236,0.0,3.0470588235294116,6.679312584071366,15.716029609579685,0.12725860472933334,800,460,340,36,340,train,200,200,1.0,460,340,139,571,0.71375,460,True,430400,0.01,False,1709.8569999999986,0.021475894175237046,100000,True,357102,235513,800,0.5611015,2,14,537
0.56375,0.43625,0.06303724928366762,0.9369627507163324,0.0,2.9340974212034383,6.73770051750509,15.444585713478716,0.12949521839582726,800,451,349,22,349,train,200,200,1.0,451,349,149,496,0.62,451,True,431200,0.01,False,1710.0249999999987,0.021760514677844185,100000,True,357777,235964,800,0.5614015,2,14,538
0.5825,0.4175,0.0658682634730539,0.9341317365269461,0.0,3.068862275449102,7.111906197311828,17.034505861824737,0.11740874764568955,800,466,334,22,334,train,200,200,1.0,466,334,132,575,0.71875,466,True,432000,0.01,False,1709.9069999999986,0.019258439461700617,100000,True,358468,236430,800,0.5617015,2,14,539
0.58875,0.41125,0.0547112462006079,0.9452887537993921,0.0,3.282674772036474,7.380755319598003,17.947125397198793,0.11143845912572509,800,471,329,18,329,train,200,200,1.0,471,329,127,700,0.875,471,True,432800,0.01,False,1709.7889999999989,0.020212379947770386,100000,True,359219,236901,800,0.5620015,2,14,540
0.59125,0.40874999999999995,0.1162079510703364,0.8837920489296636,0.0,3.085626911314985,6.71844902757496,16.436572544525898,0.12167986936340254,800,473,327,38,327,train,200,200,1.0,473,327,123,542,0.6775,473,True,433600,0.01,False,1709.7269999999987,0.01865871782974864,100000,True,359902,237374,800,0.5623015,2,14,541
0.56125,0.43875,0.07407407407407407,0.9259259259259259,0.0,2.9544159544159543,7.00449964581183,15.964671557405879,0.12527661422963735,800,449,351,26,351,train,200,200,1.0,449,351,150,581,0.72625,449,True,434400,0.01,False,1709.6879999999987,0.019924771247897297,100000,True,360589,237823,800,0.5626015,2,14,542
0.56125,0.43875,0.19943019943019943,0.8005698005698005,0.0,2.8774928774928776,6.795767050140066,15.488927749606988,0.12912449669414638,800,449,351,70,351,train,200,200,1.0,449,351,151,526,0.6575,449,True,435200,0.01,False,1709.881999999999,0.0191336323903397,100000,True,361248,238272,800,0.5629014999999999,2,14,543
0.5775,0.4225,0.15088757396449703,0.849112426035503,0.0,3.0473372781065087,6.641374470803803,15.71922951669539,0.12723269915206722,800,462,338,51,338,train,200,200,1.0,462,338,137,582,0.7275,462,True,436000,0.01,False,1709.703999999999,0.02125995608512312,100000,True,361941,238734,800,0.5632015,2,14,544
0.55,0.44999999999999996,0.04722222222222222,0.9527777777777777,0.0,2.9166666666666665,6.57873789621965,14.619417547154777,0.13680435581985542,800,440,360,17,360,train,200,200,1.0,440,360,157,586,0.7325,440,True,436800,0.01,False,1709.736999999999,0.019402613366619335,100000,True,362631,239174,800,0.5635015,2,14,545
0.5375,0.4625,0.1891891891891892,0.8108108108108109,0.0,2.781081081081081,6.324912089421542,13.675485598749278,0.14624709196307548,800,430,370,70,370,train,200,200,1.0,430,370,168,562,0.7025,430,True,437600,0.01,False,1709.6499999999987,0.019852956463437293,100000,True,363290,239604,800,0.5638015000000001,2,14,546
0.57875,0.42125,0.12759643916913946,0.8724035608308606,0.0,3.14540059347181,6.629493202334491,15.737669323049236,0.12708362076656546,800,463,337,43,337,train,200,200,1.0,463,337,134,644,0.805,463,True,438400,0.01,False,1709.4739999999988,0.019567238283561893,100000,True,364014,240067,800,0.5641015,2,14,547
0.56375,0.43625,0.17765042979942694,0.8223495702005731,0.0,3.0458452722063036,6.66975447620875,15.288835475550144,0.13081441050225137,800,451,349,62,349,train,200,200,1.0,451,349,147,615,0.76875,451,True,439200,0.01,False,1709.286999999999,0.021064321117373764,100000,True,364728,240518,800,0.5644015,2,14,548
0.58125,0.41874999999999996,0.0955223880597015,0.9044776119402985,0.0,3.098507462686567,6.582605900988389,15.719655882957346,0.12722924820309356,800,465,335,32,335,train,200,200,1.0,465,335,132,577,0.72125,465,True,440000,0.01,False,1709.3649999999989,0.01809763852332253,100000,True,365431,240983,800,0.5647015,2,14,549
0.555,0.44499999999999995,0.03651685393258427,0.9634831460674157,0.0,2.904494382022472,6.567083916857363,14.757491947994074,0.13552438361803423,800,444,356,13,356,train,200,200,1.0,444,356,154,545,0.68125,444,True,440800,0.01,False,1709.0589999999988,0.02025080956169404,100000,True,366110,241427,800,0.5650015,2,14,550
0.57125,0.42874999999999996,0.04081632653061224,0.9591836734693877,0.0,2.927113702623907,6.871748169454726,16.02740097832006,0.12478629583831835,800,457,343,14,343,train,200,200,1.0,457,343,141,496,0.62,457,True,441600,0.01,False,1708.8979999999988,0.018988639127928763,100000,True,366773,241884,800,0.5653015,2,14,551
0.54625,0.45375,0.21763085399449036,0.7823691460055097,0.0,2.8512396694214877,6.639461547603905,14.632422143479682,0.13668277065743453,800,437,363,79,363,train,200,200,1.0,437,363,162,531,0.66375,437,True,442400,0.01,False,1708.7939999999987,0.022108778573783638,100000,True,367445,242321,800,0.5656015,2,14,552
0.575,0.42500000000000004,0.1,0.9,0.0,3.088235294117647,6.372033555283743,14.993020130079394,0.13339540550522888,800,460,340,34,340,train,200,200,1.0,460,340,137,656,0.82,460,True,443200,0.01,False,1708.7799999999988,0.019287244062870742,100000,True,368155,242781,800,0.5659015000000001,2,14,553
0.58875,0.41125,0.0,1.0,0.0,3.188449848024316,7.089850820750964,17.2397588346528,0.11601090358525766,800,471,329,0,329,train,200,200,1.0,471,329,125,617,0.77125,471,True,444000,0.01,False,1708.7539999999988,0.022127900538034737,100000,True,368877,243252,800,0.5662015,2,14,554
0.55125,0.44875,0.07799442896935933,0.9220055710306406,0.0,2.7827298050139277,6.400690480340785,14.263377114965538,0.14021924708851338,800,441,359,28,359,train,200,200,1.0,441,359,156,492,0.615,441,True,444800,0.01,False,1708.580999999999,0.020635169614542974,100000,True,369518,243693,800,0.5665015,2,14,555
0.57125,0.42874999999999996,0.0,1.0,0.0,2.9067055393586005,7.074971592163613,16.501391468603178,0.12120190008250846,800,457,343,0,343,train,200,200,1.0,457,343,139,472,0.59,457,True,445600,0.01,False,1708.4189999999987,0.01978552403714275,100000,True,370173,244150,800,0.5668015,2,14,556
0.56,0.43999999999999995,0.17045454545454544,0.8295454545454546,0.0,2.877840909090909,6.575301668876454,14.94386742926467,0.13383416371075318,800,448,352,60,352,train,200,200,1.0,448,352,150,517,0.64625,448,True,446400,0.01,False,1708.315999999999,0.0193689246638678,100000,True,370835,244598,800,0.5671015,2,14,557
0.57,0.43000000000000005,0.061046511627906974,0.938953488372093,0.0,3.005813953488372,6.749059934515787,15.695488219804156,0.12742515377613117,800,456,344,21,344,train,200,200,1.0,456,344,143,563,0.70375,456,True,447200,0.01,False,1708.4759999999985,0.020146718919750128,100000,True,371525,245054,800,0.5674015,2,14,558
0.5825,0.4175,0.10778443113772455,0.8922155688622755,0.0,3.2724550898203595,6.81371472439194,16.32027478896273,0.12254695621623869,800,466,334,36,334,train,200,200,1.0,466,334,131,699,0.87375,466,True,448000,0.01,False,1708.6379999999983,0.019516726274741814,100000,True,372284,245520,800,0.5677015,2,14,559
0.58375,0.41625,0.0990990990990991,0.9009009009009009,0.0,2.9279279279279278,6.92730596568735,16.642176494143783,0.12017658872346294,800,467,333,33,333,train,200,200,1.0,467,333,130,473,0.59125,467,True,448800,0.01,False,1708.5279999999987,0.02003630142426118,100000,True,372929,245987,800,0.5680015,2,14,560
0.56375,0.43625,0.0830945558739255,0.9169054441260746,0.0,3.031518624641834,6.923360722243484,15.870167844684204,0.1260226117060199,800,451,349,29,349,train,200,200,1.0,451,349,145,649,0.81125,451,True,449600,0.01,False,1708.7649999999985,0.019726751196212717,100000,True,373642,246438,800,0.5683015,2,14,561
0.57375,0.42625,0.04398826979472141,0.9560117302052786,0.0,2.9266862170087977,6.97598276777193,16.36594197717755,0.1222050037076398,800,459,341,15,341,train,200,200,1.0,459,341,139,544,0.68,459,True,450400,0.01,False,1708.8999999999987,0.020440607872224063,100000,True,374299,246897,800,0.5686015,2,14,562
0.56375,0.43625,0.06303724928366762,0.9369627507163324,0.0,3.174785100286533,6.900374484872822,15.817477329221369,0.12644241293174985,800,451,349,22,349,train,200,200,1.0,451,349,147,687,0.85875,451,True,451200,0.01,False,1708.9259999999986,0.020186484166843002,100000,True,375058,247348,800,0.5689015,2,14,563
0.57125,0.42874999999999996,0.08746355685131195,0.9125364431486881,0.0,3.239067055393586,6.429848671441773,14.99673159519947,0.13336239215218135,800,457,343,30,343,train,200,200,1.0,457,343,141,749,0.93625,457,True,452000,0.01,False,1708.725999999999,0.019136437797333202,100000,True,375826,247805,800,0.5692015,2,14,564
0.57,0.43000000000000005,0.11337209302325581,0.8866279069767442,0.0,3.072674418604651,6.3895537671418,14.859427365446047,0.134594688665512,800,456,344,39,344,train,200,200,1.0,456,344,144,620,0.775,456,True,452800,0.01,False,1709.1059999999989,0.020706917871139013,100000,True,376539,248261,800,0.5695015,2,14,565
0.5425,0.4575,0.2650273224043716,0.7349726775956285,0.0,3.068306010928962,6.466564202861902,14.134566563632575,0.1414970873706085,800,434,366,97,366,train,200,200,1.0,434,366,162,705,0.88125,434,True,453600,0.01,False,1708.882999999999,0.018567210528999567,100000,True,377296,248695,800,0.5698015000000001,2,14,566
0.56125,0.43875,0.2222222222222222,0.7777777777777778,0.0,2.8376068376068377,6.14580034236003,14.007522147829127,0.1427804274655356,800,449,351,78,351,train,200,200,1.0,449,351,149,498,0.6225,449,True,454400,0.01,False,1708.9889999999987,0.018640826635055417,100000,True,377943,249144,800,0.5701015,2,14,567
0.53875,0.46125000000000005,0.14634146341463414,0.8536585365853658,0.0,2.734417344173442,6.111928675716854,13.250793876892908,0.15093435295885585,800,431,369,54,369,train,200,200,1.0,431,369,167,496,0.62,431,True,455200,0.01,False,1709.245999999999,0.01873738131536811,100000,True,378584,249575,800,0.5704015,2,14,568
0.5475,0.4525,0.0,1.0,0.0,2.9226519337016574,6.52286704706639,14.415175794621856,0.13874267150777156,800,438,362,0,362,train,200,200,1.0,438,362,160,625,0.78125,438,True,456000,0.01,False,1709.195999999999,0.01809608797340843,100000,True,379280,250013,800,0.5707015,2,14,569
0.59375,0.40625,0.18461538461538463,0.8153846153846154,0.0,3.083076923076923,6.5111147262306845,16.0273593261063,0.12478662013537582,800,475,325,60,325,train,200,200,1.0,475,325,124,527,0.65875,475,True,456800,0.01,False,1709.2589999999989,0.020182751375250517,100000,True,379957,250488,800,0.5710015,2,14,570
0.575,0.42500000000000004,0.0,1.0,0.0,2.958823529411765,7.791859133605701,18.333786196719295,0.10908821443319144,800,460,340,0,340,train,200,200,1.0,460,340,140,501,0.62625,460,True,457600,0.01,False,1709.2309999999989,0.020544674648081126,100000,True,380623,250948,800,0.5713015,2,14,571
0.55,0.44999999999999996,0.044444444444444446,0.9555555555555556,0.0,2.8833333333333333,6.429386747455523,14.287526105456719,0.13998224641816445,800,440,360,16,360,train,200,200,1.0,440,360,158,536,0.67,440,True,458400,0.01,False,1709.1139999999991,0.01798382455526735,100000,True,381301,251388,800,0.5716015,2,14,572
0.58875,0.41125,0.13069908814589665,0.8693009118541033,0.0,3.139817629179331,6.582816740779836,16.006849217701728,0.12494651338304798,800,471,329,43,329,train,200,200,1.0,471,329,127,596,0.745,471,True,459200,0.01,False,1709.2019999999989,0.018391100985463708,100000,True,382005,251859,800,0.5719015000000001,2,14,573
0.56625,0.43374999999999997,0.05475504322766571,0.9452449567723343,0.0,2.9971181556195967,6.6836494985548995,15.408990198397463,0.12979435863409144,800,453,347,19,347,train,200,200,1.0,453,347,144,618,0.7725,453,True,460000,0.01,False,1709.257999999999,0.019255806517685416,100000,True,382701,252312,800,0.5722015,2,14,574
0.5525,0.4475,0.18156424581005587,0.8184357541899442,0.0,2.8240223463687153,6.474006159493867,14.467052870377357,0.1382451573184741,800,442,358,65,358,train,200,200,1.0,442,358,156,489,0.61125,442,True,460800,0.01,False,1709.298999999999,0.01962436726782471,100000,True,383355,252754,800,0.5725015,2,14,575
0.60375,0.39625,0.13249211356466878,0.8675078864353313,0.0,3.034700315457413,6.97637436877663,17.605992097859005,0.11359768815545544,800,483,317,42,317,train,200,200,1.0,483,317,114,452,0.565,483,True,461600,0.01,False,1709.5179999999991,0.018904367550767347,100000,True,384002,253237,800,0.5728015,2,14,576
0.5775,0.4225,0.04437869822485207,0.9556213017751479,0.0,2.9792899408284024,6.845070125137878,16.201349408610362,0.12344650742098562,800,462,338,15,338,train,200,200,1.0,462,338,137,534,0.6675,462,True,462400,0.01,False,1709.393999999999,0.018082919019507246,100000,True,384671,253699,800,0.5731015,2,14,577
0.5725,0.4275,0.0,1.0,0.0,3.0584795321637426,6.490367768003194,15.182146825738467,0.13173367528032184,800,458,342,0,342,train,200,200,1.0,458,342,141,614,0.7675,458,True,463200,0.01,False,1709.1299999999987,0.017984420212815166,100000,True,385376,254157,800,0.5734015,2,14,578
0.59375,0.40625,0.16,0.84,0.0,3.1353846153846154,6.723778405676983,16.55083915243565,0.12083979438019471,800,475,325,52,325,train,200,200,1.0,475,325,123,583,0.72875,475,True,464000,0.01,False,1709.401999999999,0.019837610943213804,100000,True,386071,254632,800,0.5737015,2,14,579
0.57,0.43000000000000005,0.125,0.875,0.0,3.0261627906976742,6.350849447001294,14.769417318607662,0.13541495624747799,800,456,344,43,344,train,200,200,1.0,456,344,142,617,0.77125,456,True,464800,0.01,False,1709.658999999999,0.0186706710443832,100000,True,386769,255088,800,0.5740015,2,14,580
0.55,0.44999999999999996,0.18333333333333332,0.8166666666666667,0.0,2.977777777777778,6.59236139298274,14.649691984406088,0.1365216416924606,800,440,360,66,360,train,200,200,1.0,440,360,157,633,0.79125,440,True,465600,0.01,False,1709.590999999999,0.01792969982649083,100000,True,387481,255528,800,0.5743015,2,14,581
0.6,0.4,0.0,1.0,0.0,3.203125,7.272791314027082,18.181978285067707,0.1099990313838697,800,480,320,0,320,train,200,200,1.0,480,320,119,592,0.74,480,True,466400,0.01,False,1709.695999999999,0.018378185513429342,100000,True,388187,256008,800,0.5746015,2,14,582
0.5925,0.4075,0.0,1.0,0.0,3.138036809815951,6.513918693809265,15.98507654922519,0.12511669830551683,800,474,326,0,326,train,200,200,1.0,474,326,125,607,0.75875,474,True,467200,0.01,False,1709.8159999999987,0.017582573600448084,100000,True,388885,256482,800,0.5749015,2,14,583
0.57375,0.42625,0.0,1.0,0.0,3.1143695014662756,6.516632117291482,15.28828649217943,0.13081910788518256,800,459,341,0,341,train,200,200,1.0,459,341,137,599,0.74875,459,True,468000,0.01,False,1709.6739999999984,0.020777256708806816,100000,True,389606,256941,800,0.5752015,2,14,584
0.5575,0.4425,0.059322033898305086,0.940677966101695,0.0,2.906779661016949,7.17795981973366,16.22137812369189,0.12329408665216493,800,446,354,21,354,train,200,200,1.0,446,354,154,569,0.71125,446,True,468800,0.01,False,1709.8999999999983,0.018777217832393944,100000,True,390281,257387,800,0.5755015,2,14,585
0.57875,0.42125,0.1572700296735905,0.8427299703264095,0.0,3.1810089020771515,6.3293128929123545,15.025075116705885,0.13311081538462766,800,463,337,53,337,train,200,200,1.0,463,337,136,694,0.8675,463,True,469600,0.01,False,1709.6129999999987,0.017849598516222615,100000,True,391016,257850,800,0.5758015000000001,2,14,586
0.58875,0.41125,0.060790273556231005,0.939209726443769,0.0,3.1702127659574466,6.745175761829022,16.401643189857804,0.12193900189444001,800,471,329,20,329,train,200,200,1.0,471,329,129,609,0.76125,471,True,470400,0.01,False,1709.8789999999985,0.016556605682708322,100000,True,391730,258321,800,0.5761015,2,14,587
0.56125,0.43875,0.07122507122507123,0.9287749287749287,0.0,2.8233618233618234,6.844328254738916,15.599608557809496,0.12820834526637898,800,449,351,25,351,train,200,200,1.0,449,351,149,456,0.57,449,True,471200,0.01,False,1709.8459999999986,0.017622075440085608,100000,True,392370,258770,800,0.5764015,2,14,588
0.54375,0.45625000000000004,0.15342465753424658,0.8465753424657534,0.0,2.8657534246575342,6.199014053847093,13.586880118021025,0.1472008277564244,800,435,365,56,365,train,200,200,1.0,435,365,164,569,0.71125,435,True,472000,0.01,False,1709.6849999999988,0.016849024719194857,100000,True,393051,259205,800,0.5767015,2,14,589
0.56125,0.43875,0.07692307692307693,0.9230769230769231,0.0,2.962962962962963,6.703300667523993,15.278178159598843,0.1309056602893099,800,449,351,27,351,train,200,200,1.0,449,351,150,592,0.74,449,True,472800,0.01,False,1709.768999999999,0.017338485333239076,100000,True,393741,259654,800,0.5770015000000001,2,14,590
0.5825,0.4175,0.09580838323353294,0.9041916167664671,0.0,2.9790419161676644,6.721063978863624,16.098356835601496,0.12423628202705773,800,466,334,32,334,train,200,200,1.0,466,334,133,508,0.635,466,True,473600,0.01,False,1709.8149999999991,0.016836129291204996,100000,True,394403,260120,800,0.5773015,2,14,591
0.55,0.44999999999999996,0.027777777777777776,0.9722222222222222,0.0,2.797222222222222,6.1383401219046085,13.640755826454685,0.14661944143309338,800,440,360,10,360,train,200,200,1.0,440,360,156,493,0.61625,440,True,474400,0.01,False,1709.8959999999988,0.017087878226302564,100000,True,395053,260560,800,0.5776015,2,14,592
0.5575,0.4425,0.1807909604519774,0.8192090395480226,0.0,2.946327683615819,6.423741872358014,14.516930784989862,0.13777016847582887,800,446,354,64,354,train,200,200,1.0,446,354,153,602,0.7525,446,True,475200,0.01,False,1709.5989999999988,0.016925071069999832,100000,True,395742,261006,800,0.5779015000000001,2,14,593
0.585,0.41500000000000004,0.12048192771084337,0.8795180722891566,0.0,3.0,6.58145402864285,15.858925370223734,0.12611194978917947,800,468,332,40,332,train,200,200,1.0,468,332,130,529,0.66125,468,True,476000,0.01,False,1709.662999999999,0.017579016866875463,100000,True,396407,261474,800,0.5782015,2,14,594
0.57875,0.42125,0.09792284866468842,0.9020771513353115,0.0,3.1186943620178043,6.716375624907616,15.943918397406803,0.1254396786379244,800,463,337,33,337,train,200,200,1.0,463,337,136,589,0.73625,463,True,476800,0.01,False,1709.7289999999991,0.019023130785626563,100000,True,397121,261937,800,0.5785015,2,14,595
0.56875,0.43125,0.0,1.0,0.0,3.092753623188406,6.747264970555502,15.645831815780875,0.12782957298459116,800,455,345,0,345,train,200,200,1.0,455,345,143,659,0.82375,455,True,477600,0.01,False,1709.680999999999,0.018927923587616535,100000,True,397844,262392,800,0.5788015,2,14,596
0.595,0.405,0.05246913580246913,0.9475308641975309,0.0,3.132716049382716,7.1779620299239255,17.723363036849197,0.1128454004943496,800,476,324,17,324,train,200,200,1.0,476,324,123,591,0.73875,476,True,478400,0.01,False,1710.0999999999992,0.017926315368677025,100000,True,398536,262868,800,0.5791015,2,14,597
0.565,0.43500000000000005,0.10919540229885058,0.8908045977011494,0.0,2.954022988505747,6.358236961814428,14.61663669382627,0.13683038320605956,800,452,348,38,348,train,200,200,1.0,452,348,147,534,0.6675,452,True,479200,0.01,False,1710.044999999999,0.01850628604357553,100000,True,399216,263320,800,0.5794015,2,14,598
0.55625,0.44375,0.14084507042253522,0.8591549295774648,0.0,2.859154929577465,6.462023309817161,14.562306050292193,0.13734088495962285,800,445,355,50,355,train,200,200,1.0,445,355,151,536,0.67,445,True,480000,0.01,False,1709.9049999999988,0.019085624939561965,100000,True,399876,263765,800,0.5797015,2,14,599
0.59125,0.40874999999999995,0.12538226299694188,0.8746177370030581,0.0,3.0305810397553516,6.9929667460813505,17.108175525581284,0.11690317281404242,800,473,327,41,327,train,200,200,1.0,473,327,126,527,0.65875,473,True,480800,0.01,False,1710.100999999999,0.018444438504229766,100000,True,400540,264238,800,0.5800015000000001,2,14,600
0.6025,0.39749999999999996,0.08176100628930817,0.9182389937106918,0.0,3.2672955974842766,6.949023633631328,17.481820461965608,0.11440456126130046,800,482,318,26,318,train,200,200,1.0,482,318,117,619,0.77375,482,True,481600,0.01,False,1710.1699999999985,0.018120029226411136,100000,True,401262,264720,800,0.5803015,2,14,601
0.57875,0.42125,0.04154302670623145,0.9584569732937686,0.0,3.020771513353116,6.635188513799304,15.751189350265411,0.12697453859040173,800,463,337,14,337,train,200,200,1.0,463,337,131,575,0.71875,463,True,482400,0.01,False,1710.1689999999987,0.018252026215195657,100000,True,401945,265183,800,0.5806015,2,14,602
0.6075,0.39249999999999996,0.27070063694267515,0.7292993630573248,0.0,3.1019108280254777,6.630053870173365,16.891856994072267,0.11840024460909448,800,486,314,85,314,train,200,200,1.0,486,314,112,543,0.67875,486,True,483200,0.01,False,1710.2239999999988,0.019072367020417005,100000,True,402606,265669,800,0.5809015,2,14,603
0.59625,0.40375000000000005,0.02786377708978328,0.9721362229102167,0.0,3.2879256965944275,6.853152047802674,16.973751201988048,0.11782899231878398,800,477,323,9,323,train,200,200,1.0,477,323,118,685,0.85625,477,True,484000,0.01,False,1710.1179999999988,0.017753061047915252,100000,True,403348,266146,800,0.5812015,2,14,604
0.53375,0.46625000000000005,0.13672922252010725,0.8632707774798928,0.0,2.7506702412868633,6.38811594728298,13.701052970043925,0.14597418201161716,800,427,373,51,373,train,200,200,1.0,427,373,172,544,0.68,427,True,484800,0.01,False,1710.276999999999,0.0167769114580733,100000,True,404001,266573,800,0.5815015,2,14,605
0.59875,0.40125,0.040498442367601244,0.9595015576323987,0.0,3.0218068535825546,6.785642834395706,16.91125940036313,0.1182644031796387,800,479,321,13,321,train,200,200,1.0,479,321,120,502,0.6275,479,True,485600,0.01,False,1710.2629999999988,0.01830752068119182,100000,True,404651,267052,800,0.5818015000000001,2,14,606
0.57625,0.42374999999999996,0.10324483775811209,0.8967551622418879,0.0,2.814159292035398,6.315969493743307,14.904942758096297,0.13418367533908232,800,461,339,35,339,train,200,200,1.0,461,339,138,408,0.51,461,True,486400,0.01,False,1710.344999999999,0.018607130984019022,100000,True,405267,267513,800,0.5821015,2,14,607
0.56,0.43999999999999995,0.1590909090909091,0.8409090909090909,0.0,3.008522727272727,6.789359759963265,15.430363090825603,0.12961457797380901,800,448,352,56,352,train,200,200,1.0,448,352,151,633,0.79125,448,True,487200,0.01,False,1710.2979999999986,0.01800677795894444,100000,True,405975,267961,800,0.5824015,2,14,608
0.57375,0.42625,0.04398826979472141,0.9560117302052786,0.0,3.0,6.832935200930354,16.03034651244658,0.12476336668375339,800,459,341,15,341,train,200,200,1.0,459,341,140,546,0.6825,459,True,488000,0.01,False,1710.1509999999987,0.015654455012918334,100000,True,406658,268420,800,0.5827015,2,14,609
0.565,0.43500000000000005,0.0,1.0,0.0,3.0402298850574714,6.717319256618595,15.442113233605964,0.12951595223686688,800,452,348,0,348,train,200,200,1.0,452,348,147,634,0.7925,452,True,488800,0.01,False,1710.3139999999985,0.018539481976113166,100000,True,407369,268872,800,0.5830015000000001,2,14,610
0.58375,0.41625,0.04804804804804805,0.9519519519519519,0.0,3.045045045045045,6.732332984292648,16.173772935237594,0.12365698517027067,800,467,333,16,333,train,200,200,1.0,467,333,131,595,0.74375,467,True,489600,0.01,False,1710.2569999999987,0.01831271616916638,100000,True,408051,269339,800,0.5833015,2,14,611
0.56875,0.43125,0.1391304347826087,0.8608695652173913,0.0,2.979710144927536,6.9141728157976425,16.03286450040033,0.12474377239014658,800,455,345,48,345,train,200,200,1.0,455,345,144,545,0.68125,455,True,490400,0.01,False,1710.4509999999987,0.01650045026326552,100000,True,408734,269794,800,0.5836015,2,14,612
0.59875,0.40125,0.0,1.0,0.0,2.959501557632399,6.614348916512405,16.4843586704359,0.12132713440571562,800,479,321,0,321,train,200,200,1.0,479,321,120,400,0.5,479,True,491200,0.01,False,1710.4349999999986,0.016530077710194747,100000,True,409363,270273,800,0.5839015000000001,2,14,613
0.58625,0.41374999999999995,0.0513595166163142,0.9486404833836858,0.0,3.205438066465257,6.796547912669036,16.426701903731807,0.12175298557926843,800,469,331,17,331,train,200,200,1.0,469,331,128,643,0.80375,469,True,492000,0.01,False,1710.5289999999982,0.01934862212583539,100000,True,410093,270742,800,0.5842015,2,14,614
0.56,0.43999999999999995,0.26988636363636365,0.7301136363636364,0.0,3.0482954545454546,6.561682220454816,14.91291413739731,0.1341119503252938,800,448,352,95,352,train,200,200,1.0,448,352,152,609,0.76125,448,True,492800,0.01,False,1710.3159999999987,0.018569251447916033,100000,True,410814,271190,800,0.5845015,2,14,615
0.59125,0.40874999999999995,0.05504587155963303,0.944954128440367,0.0,3.238532110091743,6.785321106778233,16.60017396153696,0.12048066512038082,800,473,327,18,327,train,200,200,1.0,473,327,127,669,0.83625,473,True,493600,0.01,False,1710.1009999999983,0.018396971492693412,100000,True,411546,271663,800,0.5848015,2,14,616
0.545,0.45499999999999996,0.04395604395604396,0.9560439560439561,0.0,2.7994505494505493,6.214478758770321,13.658195074220485,0.146432232746108,800,436,364,16,364,train,200,200,1.0,436,364,158,580,0.725,436,True,494400,0.01,False,1710.0859999999986,0.017584681992884724,100000,True,412205,272099,800,0.5851015,2,14,617
0.58125,0.41874999999999996,0.0,1.0,0.0,3.2,6.592900970445755,15.74424112345255,0.12703057481892913,800,465,335,0,335,train,200,200,1.0,465,335,129,654,0.8175,465,True,495200,0.01,False,1710.0149999999985,0.016815488030479175,100000,True,412942,272564,800,0.5854015,2,14,618
0.54,0.45999999999999996,0.22554347826086957,0.7744565217391305,0.0,2.9918478260869565,6.093900078810098,13.247608866978473,0.15097064082147543,800,432,368,83,368,train,200,200,1.0,432,368,165,672,0.84,432,True,496000,0.01,False,1710.0319999999986,0.01727670955238864,100000,True,413675,272996,800,0.5857015,2,14,619
0.58125,0.41874999999999996,0.08059701492537313,0.9194029850746268,0.0,3.056716417910448,7.120560217428705,17.00432290729243,0.11761715011553239,800,465,335,27,335,train,200,200,1.0,465,335,132,575,0.71875,465,True,496800,0.01,False,1710.0799999999988,0.0190472268432859,100000,True,414367,273461,800,0.5860015000000001,2,14,620
0.55,0.44999999999999996,0.26666666666666666,0.7333333333333333,0.0,2.8555555555555556,6.214331692240814,13.809625982757362,0.14482651467151905,800,440,360,96,360,train,200,200,1.0,440,360,160,548,0.685,440,True,497600,0.01,False,1709.8859999999986,0.01864737986586988,100000,True,415035,273901,800,0.5863015,2,14,621
0.5625,0.4375,0.05714285714285714,0.9428571428571428,0.0,2.9914285714285715,6.95299337246906,15.89255627992928,0.12584507896478564,800,450,350,20,350,train,200,200,1.0,450,350,148,570,0.7125,450,True,498400,0.01,False,1709.9949999999988,0.016936268436256795,100000,True,415732,274351,800,0.5866015,2,14,622
0.5775,0.4225,0.257396449704142,0.742603550295858,0.0,2.940828402366864,6.2559235687437305,14.806919689334274,0.13507198269202747,800,462,338,87,338,train,200,200,1.0,462,338,137,526,0.6575,462,True,499200,0.01,False,1710.0279999999987,0.017737582585832568,100000,True,416388,274813,800,0.5869015,2,14,623
0.55125,0.44875,0.3147632311977716,0.6852367688022284,0.0,2.860724233983287,6.377604132892187,14.211931215358634,0.1407268280216997,800,441,359,113,359,train,200,200,1.0,441,359,158,547,0.68375,441,True,500000,0.01,False,1710.1809999999987,0.016800666238123086,100000,True,417056,275254,800,0.5872015,2,14,624
0.56375,0.43625,0.22636103151862463,0.7736389684813754,0.0,2.8796561604584525,6.363896860847235,14.587729193919163,0.13710153056814983,800,451,349,79,349,train,200,200,1.0,451,349,146,496,0.62,451,True,500800,0.01,False,1710.1719999999987,0.01881180433272675,100000,True,417712,275705,800,0.5875015,2,14,625
0.5775,0.4225,0.047337278106508875,0.9526627218934911,0.0,3.0798816568047336,7.324791740144689,17.33678518377441,0.11536164166536542,800,462,338,16,338,train,200,200,1.0,462,338,135,613,0.76625,462,True,501600,0.01,False,1710.0519999999988,0.016486630520448672,100000,True,418415,276167,800,0.5878015000000001,2,14,626
0.56375,0.43625,0.022922636103151862,0.9770773638968482,0.0,2.853868194842407,6.756490508842896,15.487657326860507,0.12913508852829317,800,451,349,8,349,train,200,200,1.0,451,349,148,504,0.63,451,True,502400,0.01,False,1710.1059999999986,0.01680174539593281,100000,True,419063,276618,800,0.5881015,2,14,627
0.56625,0.43374999999999997,0.0,1.0,0.0,2.8530259365994235,6.281622020085066,14.482125694720613,0.13810127340139647,800,453,347,0,347,train,200,200,1.0,453,347,147,487,0.60875,453,True,503200,0.01,False,1709.9359999999983,0.018037745682522654,100000,True,419706,277071,800,0.5884015,2,14,628
0.58625,0.41374999999999995,0.06042296072507553,0.9395770392749244,0.0,2.960725075528701,6.902327551457541,16.682362662133027,0.11988709516187185,800,469,331,20,331,train,200,200,1.0,469,331,131,445,0.55625,469,True,504000,0.01,False,1709.8969999999986,0.01983793268147565,100000,True,420355,277540,800,0.5887015,2,14,629
0.56,0.43999999999999995,0.07102272727272728,0.9289772727272727,0.0,2.9545454545454546,6.969911178409663,15.840707223658324,0.12625698914584896,800,448,352,25,352,train,200,200,1.0,448,352,151,574,0.7175,448,True,504800,0.01,False,1709.6929999999984,0.019006677493707685,100000,True,421044,277988,800,0.5890015000000001,2,14,630
0.5625,0.4375,0.3628571428571429,0.6371428571428571,0.0,3.1314285714285712,6.563226973444063,15.001661653586432,0.13331856471525352,800,450,350,127,350,train,200,200,1.0,450,350,148,701,0.87625,450,True,505600,0.01,False,1709.7839999999987,0.018568519701657352,100000,True,421790,278438,800,0.5893015,2,14,631
0.60125,0.39875000000000005,0.04075235109717868,0.9592476489028213,0.0,3.2852664576802506,6.806297455171387,17.069084527075578,0.11717090022183264,800,481,319,13,319,train,200,200,1.0,481,319,118,653,0.81625,481,True,506400,0.01,False,1709.7319999999986,0.016467175605539522,100000,True,422519,278919,800,0.5896015,2,14,632
0.59125,0.40874999999999995,0.05504587155963303,0.944954128440367,0.0,3.140672782874618,6.704957429149811,16.403565575901677,0.1219247114748138,800,473,327,18,327,train,200,200,1.0,473,327,126,621,0.77625,473,True,507200,0.01,False,1709.7179999999994,0.01661081505466427,100000,True,423219,279392,800,0.5899015000000001,2,14,633
0.5875,0.4125,0.2545454545454545,0.7454545454545455,0.0,3.2,6.5797368648108225,15.950877248026236,0.12538495337286107,800,470,330,84,330,train,200,200,1.0,470,330,130,643,0.80375,470,True,508000,0.01,False,1709.835999999999,0.01854350440988128,100000,True,423945,279862,800,0.5902015,2,14,634
0.56375,0.43625,0.05730659025787966,0.9426934097421203,0.0,2.865329512893983,6.6539725332266615,15.252659101952233,0.1311246771223002,800,451,349,20,349,train,200,200,1.0,451,349,149,481,0.60125,451,True,508800,0.01,False,1710.0929999999994,0.0169158520711062,100000,True,424596,280313,800,0.5905015,2,14,635
0.5525,0.4475,0.0,1.0,0.0,2.67877094972067,6.46345195409805,14.443468053850392,0.13847089857804842,800,442,358,0,358,train,200,200,1.0,442,358,155,405,0.50625,442,True,509600,0.01,False,1710.085999999999,0.01662074647145346,100000,True,425199,280755,800,0.5908015,2,14,636
0.58,0.42000000000000004,0.15476190476190477,0.8452380952380952,0.0,3.0208333333333335,6.632588550588148,15.791877501400352,0.12664738564636466,800,464,336,52,336,train,200,200,1.0,464,336,134,587,0.73375,464,True,510400,0.01,False,1710.061999999999,0.018506084211185225,100000,True,425878,281219,800,0.5911015000000001,2,14,637
0.57375,0.42625,0.0,1.0,0.0,3.1759530791788855,6.959987147728982,16.32841559584512,0.12248585836515051,800,459,341,0,341,train,200,200,1.0,459,341,139,698,0.8725,459,True,511200,0.01,False,1710.0609999999986,0.01800078885164112,100000,True,426621,281678,800,0.5914015,2,14,638
0.57625,0.42374999999999996,0.23303834808259588,0.7669616519174042,0.0,3.032448377581121,6.434327292183794,15.184253196893911,0.13171540108466578,800,461,339,79,339,train,200,200,1.0,461,339,137,592,0.74,461,True,512000,0.01,False,1709.9179999999988,0.015862227285833797,100000,True,427311,282139,800,0.5917015,2,14,639
0.5725,0.4275,0.0,1.0,0.0,3.0526315789473686,6.796590252010924,15.898456729850114,0.12579837363993351,800,458,342,0,342,train,200,200,1.0,458,342,140,630,0.7875,458,True,512800,0.01,False,1709.8839999999984,0.015372679091524333,100000,True,428013,282597,800,0.5920015000000001,2,14,640
0.60875,0.39125,0.07667731629392971,0.9233226837060703,0.0,3.3099041533546325,6.694947998572393,17.111688175264902,0.1168791751880459,800,487,313,24,313,train,200,200,1.0,487,313,109,663,0.82875,487,True,513600,0.01,False,1710.1169999999986,0.017865042600424205,100000,True,428737,283084,800,0.5923015,2,14,641
0.55375,0.44625000000000004,0.0896358543417367,0.9103641456582633,0.0,2.9271708683473388,6.888720398123626,15.436908455178994,0.12955962042574734,800,443,357,32,357,train,200,200,1.0,443,357,156,587,0.73375,443,True,514400,0.01,False,1710.015999999999,0.018406488390173763,100000,True,429426,283527,800,0.5926015,2,14,642
0.575,0.42500000000000004,0.16176470588235295,0.8382352941176471,0.0,2.8117647058823527,6.832959905020699,16.077552717695763,0.12439704195767926,800,460,340,55,340,train,200,200,1.0,460,340,139,437,0.54625,460,True,515200,0.01,False,1710.1299999999987,0.01610813587765733,100000,True,430043,283987,800,0.5929015,2,14,643
0.545,0.45499999999999996,0.0,1.0,0.0,2.7967032967032965,6.355175678292502,13.967419073170333,0.14319037679922914,800,436,364,0,364,train,200,200,1.0,436,364,163,526,0.6575,436,True,516000,0.01,False,1710.368999999999,0.016635683633976443,100000,True,430697,284423,800,0.5932015,2,14,644
0.59875,0.40125,0.2367601246105919,0.7632398753894081,0.0,3.043613707165109,6.604042820223462,16.458673695260966,0.12151647435454478,800,479,321,76,321,train,200,200,1.0,479,321,119,507,0.63375,479,True,516800,0.01,False,1710.5619999999988,0.016280757267959415,100000,True,431353,284902,800,0.5935015,2,14,645
0.5875,0.4125,0.11515151515151516,0.8848484848484849,0.0,3.206060606060606,6.9548307718797,16.860195810617455,0.11862258436764596,800,470,330,38,330,train,200,200,1.0,470,330,127,636,0.795,470,True,517600,0.01,False,1710.4989999999991,0.017576797044312115,100000,True,432081,285372,800,0.5938015000000001,2,14,646
0.6075,0.39249999999999996,0.2229299363057325,0.7770700636942676,0.0,3.200636942675159,6.918626830514274,17.627074727424905,0.11346182114314865,800,486,314,70,314,train,200,200,1.0,486,314,112,563,0.70375,486,True,518400,0.01,False,1710.8729999999987,0.01610984977269254,100000,True,432772,285858,800,0.5941015000000001,2,14,647
0.5825,0.4175,0.18862275449101795,0.811377245508982,0.0,2.904191616766467,6.605191073415831,15.820816942313368,0.12641572222803016,800,466,334,63,334,train,200,200,1.0,466,334,132,434,0.5425,466,True,519200,0.01,False,1710.981999999999,0.018426854229619493,100000,True,433409,286324,800,0.5944015,2,14,648
0.59,0.41000000000000003,0.042682926829268296,0.9573170731707317,0.0,2.8292682926829267,6.554759020096227,15.98721712218592,0.1250999460828328,800,472,328,14,328,train,200,200,1.0,472,328,127,386,0.4825,472,True,520000,0.01,False,1711.0179999999991,0.017037802673912666,100000,True,434010,286796,800,0.5947015,2,14,649
0.5675,0.4325,0.06358381502890173,0.9364161849710982,0.0,2.8121387283236996,6.587432801686418,15.23105850100906,0.1313106373970988,800,454,346,22,346,train,200,200,1.0,454,346,145,456,0.57,454,True,520800,0.01,False,1711.3479999999988,0.014721661445400968,100000,True,434637,287250,800,0.5950015000000001,2,14,650
0.59625,0.40375000000000005,0.12693498452012383,0.8730650154798761,0.0,3.1393188854489162,6.515083194944275,16.136428965806253,0.12394316017738999,800,477,323,41,323,train,200,200,1.0,477,323,122,594,0.7425,477,True,521600,0.01,False,1711.5339999999987,0.017921262914605905,100000,True,435329,287727,800,0.5953015,2,14,651
0.58875,0.41125,0.25227963525835867,0.7477203647416414,0.0,3.115501519756839,6.627500915752365,16.11550374651031,0.12410409450794144,800,471,329,83,329,train,200,200,1.0,471,329,128,562,0.7025,471,True,522400,0.01,False,1711.6279999999988,0.016387437565244908,100000,True,436025,288198,800,0.5956015,2,14,652
0.55625,0.44375,0.16338028169014085,0.8366197183098592,0.0,2.971830985915493,7.40037728359595,16.676906554582423,0.11992631807668473,800,445,355,58,355,train,200,200,1.0,445,355,153,653,0.81625,445,True,523200,0.01,False,1711.4589999999987,0.01709738972109335,100000,True,436726,288643,800,0.5959015,2,14,653
0.56375,0.43625,0.10028653295128939,0.8997134670487106,0.0,2.8567335243553007,6.886869898944561,15.786521258325642,0.12669035611282767,800,451,349,35,349,train,200,200,1.0,451,349,148,487,0.60875,451,True,524000,0.01,False,1711.456999999999,0.0172653236295082,100000,True,437374,289094,800,0.5962015,2,14,654
0.56875,0.43125,0.06086956521739131,0.9391304347826087,0.0,3.101449275362319,7.178878686666507,16.646675215458565,0.12014411130834969,800,455,345,21,345,train,200,200,1.0,455,345,143,650,0.8125,455,True,524800,0.01,False,1711.532999999999,0.015768407945779474,100000,True,438099,289549,800,0.5965015,2,14,655
0.545,0.45499999999999996,0.06868131868131869,0.9313186813186813,0.0,2.96978021978022,6.4852979097112895,14.25340199936547,0.14031737827144955,800,436,364,25,364,train,200,200,1.0,436,364,162,652,0.815,436,True,525600,0.01,False,1711.7309999999989,0.01656740063102916,100000,True,438816,289985,800,0.5968015,2,14,656
0.5725,0.4275,0.15789473684210525,0.8421052631578947,0.0,2.809941520467836,6.481879015401591,15.162290094506647,0.13190619540544257,800,458,342,54,342,train,200,200,1.0,458,342,140,445,0.55625,458,True,526400,0.01,False,1712.0099999999989,0.018079238650316257,100000,True,439436,290443,800,0.5971015,2,14,657
0.57375,0.42625,0.11436950146627566,0.8856304985337243,0.0,3.158357771260997,6.499447125310089,15.24796979544889,0.1311650027400334,800,459,341,39,341,train,200,200,1.0,459,341,141,701,0.87625,459,True,527200,0.01,False,1712.084999999999,0.01563918217421815,100000,True,440172,290902,800,0.5974015,2,14,658
0.59,0.41000000000000003,0.21646341463414634,0.7835365853658537,0.0,3.0213414634146343,6.918442572624897,16.874250177133895,0.11852378499817298,800,472,328,71,328,train,200,200,1.0,472,328,126,503,0.62875,472,True,528000,0.01,False,1711.8029999999987,0.015876433074008673,100000,True,440837,291374,800,0.5977015,2,14,659
0.5775,0.4225,0.0,1.0,0.0,3.088757396449704,6.776321439270421,16.03863062549212,0.12469892515768521,800,462,338,0,338,train,200,200,1.0,462,338,138,603,0.75375,462,True,528800,0.01,False,1711.8589999999988,0.016964848851857825,100000,True,441543,291836,800,0.5980015,2,14,660
0.58875,0.41125,0.13069908814589665,0.8693009118541033,0.0,3.021276595744681,6.87275948515189,16.71187716754259,0.11967536500832789,800,471,329,43,329,train,200,200,1.0,471,329,127,508,0.635,471,True,529600,0.01,False,1711.910999999999,0.01571515732910484,100000,True,442209,292307,800,0.5983015,2,14,661
0.575,0.42500000000000004,0.14411764705882352,0.8558823529411764,0.0,2.861764705882353,6.906879770452042,16.251481812828334,0.12306570090250306,800,460,340,49,340,train,200,200,1.0,460,340,140,450,0.5625,460,True,530400,0.01,False,1711.949999999999,0.0176597436494194,100000,True,442842,292767,800,0.5986015,2,14,662
0.57875,0.42125,0.13649851632047477,0.8635014836795252,0.0,2.99406528189911,6.981608492854411,16.573551318348752,0.12067419719428384,800,463,337,46,337,train,200,200,1.0,463,337,135,562,0.7025,463,True,531200,0.01,False,1711.7979999999986,0.017250830279663204,100000,True,443515,293230,800,0.5989015,2,14,663
0.57625,0.42374999999999996,0.0,1.0,0.0,2.96165191740413,6.615674308981264,15.61221075865785,0.1281048552903302,800,461,339,0,339,train,200,200,1.0,461,339,136,515,0.64375,461,True,532000,0.01,False,1712.084999999999,0.018688158825825668,100000,True,444181,293691,800,0.5992014999999999,2,14,664
0.56625,0.43374999999999997,0.19596541786743515,0.8040345821325648,0.0,3.0172910662824206,6.515902895334124,15.022254513738615,0.13313580848806006,800,453,347,68,347,train,200,200,1.0,453,347,147,590,0.7375,453,True,532800,0.01,False,1711.8979999999983,0.015726994090364314,100000,True,444881,294144,800,0.5995015,2,14,665
0.5675,0.4325,0.3236994219653179,0.6763005780346821,0.0,2.9971098265895955,6.052785788634341,13.994880436148765,0.14290940241504327,800,454,346,112,346,train,200,200,1.0,454,346,146,548,0.685,454,True,533600,0.01,False,1712.2249999999988,0.0163127111052745,100000,True,445572,294598,800,0.5998015,2,14,666
0.605,0.395,0.18670886075949367,0.8132911392405063,0.0,3.1740506329113924,6.59645053398546,16.69987476958344,0.11976137711180498,800,484,316,59,316,train,200,200,1.0,484,316,115,550,0.6875,484,True,534400,0.01,False,1712.2739999999988,0.01521262999427563,100000,True,446259,295082,800,0.6001015000000001,2,14,667
0.55625,0.44375,0.08169014084507042,0.9183098591549296,0.0,3.0,6.43989467389022,14.51243870172444,0.13781281293283604,800,445,355,29,355,train,200,200,1.0,445,355,152,613,0.76625,445,True,535200,0.01,False,1712.3389999999988,0.01451901260043087,100000,True,446969,295527,800,0.6004015,2,14,668
0.595,0.405,0.09259259259259259,0.9074074074074074,0.0,3.212962962962963,7.110635724199181,17.55712524493625,0.11391386528821576,800,476,324,30,324,train,200,200,1.0,476,324,123,607,0.75875,476,True,536000,0.01,False,1712.0399999999988,0.01501990447519347,100000,True,447686,296003,800,0.6007015,2,14,669
0.57625,0.42374999999999996,0.07374631268436578,0.9262536873156342,0.0,3.0471976401179943,6.3812303626182745,15.058950708243716,0.13281137834558027,800,461,339,25,339,train,200,200,1.0,461,339,139,560,0.7,461,True,536800,0.01,False,1712.2389999999987,0.015413662866958475,100000,True,448380,296464,800,0.6010015,2,14,670
0.60875,0.39125,0.0,1.0,0.0,3.1405750798722045,6.95320281505647,17.771764383530915,0.11253806638655411,800,487,313,0,313,train,200,200,1.0,487,313,109,486,0.6075,487,True,537600,0.01,False,1711.861999999999,0.01704121171103907,100000,True,449053,296951,800,0.6013015,2,14,671
0.58625,0.41374999999999995,0.09667673716012085,0.9033232628398792,0.0,2.86404833836858,6.317607644638684,15.269142343537606,0.13098312629500533,800,469,331,32,331,train,200,200,1.0,469,331,128,424,0.53,469,True,538400,0.01,False,1711.945999999999,0.016340370172983967,100000,True,449670,297420,800,0.6016015,2,14,672
0.58,0.42000000000000004,0.07142857142857142,0.9285714285714286,0.0,2.9464285714285716,6.495313354417343,15.46503179623177,0.12932401474191102,800,464,336,24,336,train,200,200,1.0,464,336,135,517,0.64625,464,True,539200,0.01,False,1711.8359999999989,0.015682197158021154,100000,True,450325,297884,800,0.6019015,2,14,673
0.56125,0.43875,0.045584045584045586,0.9544159544159544,0.0,2.717948717948718,6.914041781158364,15.75849978611593,0.12691563455565139,800,449,351,16,351,train,200,200,1.0,449,351,147,416,0.52,449,True,540000,0.01,False,1711.7349999999992,0.0172354076353804,100000,True,450931,298333,800,0.6022015000000001,2,14,674
0.58875,0.41125,0.13677811550151975,0.8632218844984803,0.0,3.1458966565349544,6.53239191463322,15.884235658682604,0.12591100025053864,800,471,329,45,329,train,200,200,1.0,471,329,129,608,0.76,471,True,540800,0.01,False,1711.7859999999991,0.016660315111585076,100000,True,451637,298804,800,0.6025015,2,14,675
0.54,0.45999999999999996,0.09510869565217392,0.904891304347826,0.0,2.7744565217391304,5.914478447210412,12.857561841761765,0.15555048652411976,800,432,368,35,368,train,200,200,1.0,432,368,167,546,0.6825,432,True,541600,0.01,False,1711.575999999999,0.015110471982770832,100000,True,452290,299236,800,0.6028015,2,14,676
0.5725,0.4275,0.0935672514619883,0.9064327485380117,0.0,2.9473684210526314,6.9546841563965645,16.268267032506582,0.12293872457365508,800,458,342,32,342,train,200,200,1.0,458,342,141,564,0.705,458,True,542400,0.01,False,1711.7189999999991,0.015020717113402497,100000,True,452956,299694,800,0.6031015,2,14,677
0.5725,0.4275,0.21929824561403508,0.7807017543859649,0.0,3.0321637426900585,6.425669971618722,15.030806951154906,0.13306005502561047,800,458,342,75,342,train,200,200,1.0,458,342,139,604,0.755,458,True,543200,0.01,False,1711.6979999999994,0.01506167586063384,100000,True,453652,300152,800,0.6034015,2,14,678
0.56,0.43999999999999995,0.125,0.875,0.0,2.934659090909091,6.617437973466125,15.039631757877556,0.13298197935946315,800,448,352,44,352,train,200,200,1.0,448,352,149,584,0.73,448,True,544000,0.01,False,1711.7069999999992,0.015682147436309607,100000,True,454334,300600,800,0.6037015,2,14,679
0.55125,0.44875,0.21448467966573817,0.7855153203342619,0.0,2.9192200557103063,6.168917055800524,13.74689037504295,0.1454874481017858,800,441,359,77,359,train,200,200,1.0,441,359,157,590,0.7375,441,True,544800,0.01,False,1711.4169999999992,0.015364286450203508,100000,True,455023,301041,800,0.6040015,2,14,680
0.58,0.42000000000000004,0.05357142857142857,0.9464285714285714,0.0,2.875,6.839767980773287,16.285161858984015,0.12281118341459175,800,464,336,18,336,train,200,200,1.0,464,336,134,440,0.55,464,True,545600,0.01,False,1711.6479999999992,0.01584706427598576,100000,True,455655,301505,800,0.6043015,2,14,681
0.59125,0.40874999999999995,0.14984709480122324,0.8501529051987767,0.0,3.1926605504587156,6.714906479360703,16.42790575990386,0.12174406337790583,800,473,327,49,327,train,200,200,1.0,473,327,124,609,0.76125,473,True,546400,0.01,False,1711.5849999999991,0.01586144238943234,100000,True,456372,301978,800,0.6046015,2,14,682
0.605,0.395,0.20569620253164558,0.7943037974683544,0.0,3.170886075949367,6.7188290580457934,17.00969381783745,0.11758001181083415,800,484,316,65,316,train,200,200,1.0,484,316,115,565,0.70625,484,True,547200,0.01,False,1711.5399999999988,0.015164210577495396,100000,True,457058,302462,800,0.6049015,2,14,683
0.54625,0.45375,0.12121212121212122,0.8787878787878788,0.0,2.787878787878788,6.394354382277653,14.09224106287086,0.14192206839758398,800,437,363,44,363,train,200,200,1.0,437,363,160,449,0.56125,437,True,548000,0.01,False,1711.9509999999987,0.015537532936796196,100000,True,457708,302899,800,0.6052015,2,14,684
0.5475,0.4525,0.09668508287292818,0.9033149171270718,0.0,2.798342541436464,6.342991961792048,14.017661794015577,0.14267714754352545,800,438,362,35,362,train,200,200,1.0,438,362,161,494,0.6175,438,True,548800,0.01,False,1711.8669999999986,0.01639866092300508,100000,True,458360,303337,800,0.6055015,2,14,685
0.57875,0.42125,0.12462908011869436,0.8753709198813057,0.0,3.1958456973293767,6.559546421875539,15.571623553413742,0.12843875869074314,800,463,337,42,337,train,200,200,1.0,463,337,135,704,0.88,463,True,549600,0.01,False,1712.0879999999988,0.015976066557923333,100000,True,459101,303800,800,0.6058015,2,14,686
0.56375,0.43625,0.04297994269340974,0.9570200573065902,0.0,3.1260744985673354,6.4546096458917415,14.79566681006703,0.1351747120068419,800,451,349,15,349,train,200,200,1.0,451,349,147,689,0.86125,451,True,550400,0.01,False,1712.1819999999987,0.016365175724495203,100000,True,459843,304251,800,0.6061015000000001,2,14,687
0.57,0.43000000000000005,0.04941860465116279,0.9505813953488372,0.0,2.9186046511627906,6.93930555850453,16.137919903498904,0.12393170941233725,800,456,344,17,344,train,200,200,1.0,456,344,143,515,0.64375,456,True,551200,0.01,False,1712.3819999999987,0.016301752869039773,100000,True,460504,304707,800,0.6064015,2,14,688
0.56125,0.43875,0.18518518518518517,0.8148148148148148,0.0,2.908831908831909,6.262873870752984,14.274356400576602,0.14011139583983007,800,449,351,65,351,train,200,200,1.0,449,351,149,548,0.685,449,True,552000,0.01,False,1712.4669999999987,0.016020206676330417,100000,True,461174,305156,800,0.6067015,2,14,689
0.57125,0.42874999999999996,0.08746355685131195,0.9125364431486881,0.0,3.0349854227405246,6.968289481003096,16.252570218083022,0.12305745941492682,800,457,343,30,343,train,200,200,1.0,457,343,143,599,0.74875,457,True,552800,0.01,False,1712.463999999999,0.014857096826890483,100000,True,461872,305613,800,0.6070015,2,14,690
0.54375,0.45625000000000004,0.0,1.0,0.0,2.926027397260274,6.334580585414671,13.88401224200476,0.14405057883406283,800,435,365,0,365,train,200,200,1.0,435,365,162,615,0.76875,435,True,553600,0.01,False,1712.3479999999993,0.015636713092671926,100000,True,462577,306048,800,0.6073015,2,14,691
0.5625,0.4375,0.12571428571428572,0.8742857142857143,0.0,2.888571428571429,6.498810552295412,14.85442411953237,0.1346400226562914,800,450,350,44,350,train,200,200,1.0,450,350,147,500,0.625,450,True,554400,0.01,False,1712.2069999999992,0.016393919521651697,100000,True,463239,306498,800,0.6076015,2,14,692
0.5975,0.40249999999999997,0.11801242236024845,0.8819875776397516,0.0,3.2422360248447206,7.066039224244866,17.55537695464563,0.11392520964756302,800,478,322,38,322,train,200,200,1.0,478,322,121,636,0.795,478,True,555200,0.01,False,1712.3639999999987,0.015978904382172913,100000,True,463961,306976,800,0.6079015,2,14,693
0.555,0.44499999999999995,0.06460674157303371,0.9353932584269663,0.0,2.9887640449438204,6.477411621919665,14.55598117285318,0.13740056243889545,800,444,356,23,356,train,200,200,1.0,444,356,155,644,0.805,444,True,556000,0.01,False,1712.4289999999987,0.01488337439877796,100000,True,464670,307420,800,0.6082015000000001,2,14,694
0.5775,0.4225,0.1301775147928994,0.8698224852071006,0.0,3.0857988165680474,6.24863283689205,14.789663519271125,0.13522958094306703,800,462,338,44,338,train,200,200,1.0,462,338,137,575,0.71875,462,True,556800,0.01,False,1712.3199999999988,0.016777678153011948,100000,True,465375,307882,800,0.6085015,2,14,695
0.55875,0.44125000000000003,0.21246458923512748,0.7875354107648725,0.0,2.9801699716713883,6.363384974281675,14.421269063527873,0.1386840500090316,800,447,353,75,353,train,200,200,1.0,447,353,152,597,0.74625,447,True,557600,0.01,False,1712.5449999999992,0.015624459131249751,100000,True,466074,308329,800,0.6088015,2,14,696
0.58625,0.41374999999999995,0.1933534743202417,0.8066465256797583,0.0,2.9425981873111784,6.834729769237562,16.51898433652583,0.12107281896125507,800,469,331,64,331,train,200,200,1.0,469,331,130,492,0.615,469,True,558400,0.01,False,1712.3819999999992,0.015741491245244106,100000,True,466717,308798,800,0.6091015,2,14,697
0.575,0.42500000000000004,0.05588235294117647,0.9441176470588235,0.0,3.0352941176470587,6.59247743964728,15.511711622699481,0.12893483637700215,800,460,340,19,340,train,200,200,1.0,460,340,137,616,0.77,460,True,559200,0.01,False,1712.299999999999,0.01584683355427842,100000,True,467410,309258,800,0.6094015,2,14,698
0.5425,0.4575,0.18032786885245902,0.819672131147541,0.0,2.8524590163934427,6.279848768351242,13.72644539530326,0.14570414571308712,800,434,366,66,366,train,200,200,1.0,434,366,163,536,0.67,434,True,560000,0.01,False,1712.373999999999,0.015853533354238607,100000,True,468089,309692,800,0.6097015,2,14,699
0.57,0.43000000000000005,0.0,1.0,0.0,3.052325581395349,7.024224877587708,16.33540669206444,0.12243343785077468,800,456,344,0,344,train,200,200,1.0,456,344,143,600,0.75,456,True,560800,0.01,False,1712.0729999999985,0.01636299817590043,100000,True,468795,310148,800,0.6100015,2,14,700
0.56625,0.43374999999999997,0.0,1.0,0.0,3.0547550432276656,6.49183423940902,14.966764817081314,0.13362941319939992,800,453,347,0,347,train,200,200,1.0,453,347,145,652,0.815,453,True,561600,0.01,False,1711.9249999999986,0.015676592397794592,100000,True,469508,310601,800,0.6103015,2,14,701
0.58625,0.41374999999999995,0.0634441087613293,0.9365558912386707,0.0,2.9788519637462234,6.758655986561519,16.33512020921213,0.12243558506977546,800,469,331,21,331,train,200,200,1.0,469,331,130,478,0.5975,469,True,562400,0.01,False,1711.9529999999984,0.01506923438049853,100000,True,470163,311070,800,0.6106015,2,14,702
0.58,0.42000000000000004,0.09226190476190477,0.9077380952380952,0.0,2.8839285714285716,6.835970010744536,16.276119073201276,0.12287941560301138,800,464,336,31,336,train,200,200,1.0,464,336,134,465,0.58125,464,True,563200,0.01,False,1712.0059999999985,0.01512547456426546,100000,True,470797,311534,800,0.6109015,2,14,703
0.57,0.43000000000000005,0.05232558139534884,0.9476744186046512,0.0,2.8517441860465116,6.944673331538181,16.15040309660042,0.12383591840014135,800,456,344,18,344,train,200,200,1.0,456,344,144,451,0.56375,456,True,564000,0.01,False,1712.044999999999,0.014377305404050276,100000,True,471434,311990,800,0.6112015,2,14,704
0.57,0.43000000000000005,0.14534883720930233,0.8546511627906976,0.0,2.877906976744186,6.749086918527001,15.695550973318609,0.1274246443084328,800,456,344,50,344,train,200,200,1.0,456,344,142,454,0.5675,456,True,564800,0.01,False,1712.0739999999992,0.016163013628683984,100000,True,472080,312446,800,0.6115015,2,14,705
0.58625,0.41374999999999995,0.03927492447129909,0.9607250755287009,0.0,3.0725075528700905,6.792070811121746,16.415881114493647,0.12183324099698749,800,469,331,13,331,train,200,200,1.0,469,331,130,551,0.68875,469,True,565600,0.01,False,1711.8439999999987,0.015030065617029322,100000,True,472766,312915,800,0.6118015,2,14,706
0.5725,0.4275,0.11695906432748537,0.8830409356725146,0.0,2.9298245614035086,6.688583317600607,15.645808930059898,0.1278297599657791,800,458,342,40,342,train,200,200,1.0,458,342,141,457,0.57125,458,True,566400,0.01,False,1711.902999999999,0.014955838230671361,100000,True,473426,313373,800,0.6121015000000001,2,14,707
0.59375,0.40625,0.12923076923076923,0.8707692307692307,0.0,2.9723076923076923,7.29073627759195,17.94642776022634,0.11144279110701283,800,475,325,42,325,train,200,200,1.0,475,325,122,457,0.57125,475,True,567200,0.01,False,1711.860999999999,0.014381306846626103,100000,True,474068,313848,800,0.6124015,2,14,708
0.595,0.405,0.06481481481481481,0.9351851851851852,0.0,3.1203703703703702,6.772015563327723,16.721026082290674,0.11960988459423615,800,476,324,21,324,train,200,200,1.0,476,324,123,566,0.7075,476,True,568000,0.01,False,1711.926999999999,0.015484255594601563,100000,True,474756,314324,800,0.6127015,2,14,709
0.5475,0.4525,0.0718232044198895,0.9281767955801105,0.0,2.850828729281768,6.480412692452495,14.321354016469602,0.13965159982079864,800,438,362,26,362,train,200,200,1.0,438,362,159,555,0.69375,438,True,568800,0.01,False,1711.827999999999,0.016049258881248533,100000,True,475428,314762,800,0.6130015,2,14,710
0.58,0.42000000000000004,0.0,1.0,0.0,3.1220238095238093,6.614091235712896,15.747836275506895,0.1270015743756914,800,464,336,0,336,train,200,200,1.0,464,336,133,562,0.7025,464,True,569600,0.01,False,1711.7479999999994,0.014329048470826819,100000,True,476142,315226,800,0.6133015,2,14,711
0.545,0.45499999999999996,0.07967032967032966,0.9203296703296703,0.0,2.8076923076923075,6.509077575957385,14.305665002104144,0.13980475564790806,800,436,364,29,364,train,200,200,1.0,436,364,164,555,0.69375,436,True,570400,0.01,False,1711.4859999999992,0.014118170177098363,100000,True,476800,315662,800,0.6136015,2,14,712
0.5725,0.4275,0.2309941520467836,0.7690058479532164,0.0,3.0321637426900585,6.296665146112705,14.72904127745662,0.13578616301802882,800,458,342,79,342,train,200,200,1.0,458,342,140,605,0.75625,458,True,571200,0.01,False,1711.532999999999,0.015692054552491754,100000,True,477497,316120,800,0.6139015,2,14,713
0.53,0.47,0.12234042553191489,0.8776595744680851,0.0,2.595744680851064,6.773445270028258,14.411585680911186,0.13877723411443146,800,424,376,46,376,train,200,200,1.0,424,376,172,399,0.49875,424,True,572000,0.01,False,1711.354999999999,0.017360048082191496,100000,True,478097,316544,800,0.6142015000000001,2,14,714
0.57875,0.42125,0.1632047477744807,0.8367952522255193,0.0,3.169139465875371,6.180603832564611,14.672056575821033,0.13631354198128712,800,463,337,55,337,train,200,200,1.0,463,337,136,661,0.82625,463,True,572800,0.01,False,1711.411999999999,0.013842416757252068,100000,True,478828,317007,800,0.6145015,2,14,715
0.5725,0.4275,0.05263157894736842,0.9473684210526315,0.0,3.064327485380117,6.48851953261366,15.17782346810213,0.131771199223869,800,458,342,18,342,train,200,200,1.0,458,342,138,618,0.7725,458,True,573600,0.01,False,1711.3249999999985,0.01528533577104099,100000,True,479536,317465,800,0.6148015,2,14,716
0.555,0.44499999999999995,0.056179775280898875,0.9438202247191011,0.0,2.8820224719101124,6.710853008436743,15.080568558284815,0.1326209945115935,800,444,356,20,356,train,200,200,1.0,444,356,153,550,0.6875,444,True,574400,0.01,False,1711.5219999999986,0.015609363131225108,100000,True,480207,317909,800,0.6151015,2,14,717
0.55125,0.44875,0.0,1.0,0.0,2.8774373259052926,6.626205209441381,14.76591690126213,0.1354470578003218,800,441,359,0,359,train,200,200,1.0,441,359,157,599,0.74875,441,True,575200,0.01,False,1711.745999999999,0.014920735411760689,100000,True,480882,318350,800,0.6154015,2,14,718
0.58375,0.41625,0.07507507507507508,0.924924924924925,0.0,2.954954954954955,6.682319319615207,16.05361998706356,0.12458249302099178,800,467,333,25,333,train,200,200,1.0,467,333,131,507,0.63375,467,True,576000,0.01,False,1711.8179999999986,0.014910618887743112,100000,True,481533,318817,800,0.6157015,2,14,719
0.56125,0.43875,0.13675213675213677,0.8632478632478633,0.0,2.740740740740741,6.528588826195699,14.879974532639768,0.13440883219342392,800,449,351,48,351,train,200,200,1.0,449,351,149,400,0.5,449,True,576800,0.01,False,1711.8479999999988,0.016002958226017654,100000,True,482145,319266,800,0.6160015,2,14,720
0.54375,0.45625000000000004,0.19726027397260273,0.8027397260273973,0.0,3.0767123287671234,6.176859162339497,13.538321451703007,0.1477288013240679,800,435,365,72,365,train,200,200,1.0,435,365,165,686,0.8575,435,True,577600,0.01,False,1711.854999999999,0.014733509929646971,100000,True,482903,319701,800,0.6163015000000001,2,14,721
0.57625,0.42374999999999996,0.168141592920354,0.831858407079646,0.0,3.1091445427728615,6.959903548432542,16.42455114674346,0.12176892885115738,800,461,339,57,339,train,200,200,1.0,461,339,134,650,0.8125,461,True,578400,0.01,False,1711.7379999999987,0.013700922911775706,100000,True,483619,320162,800,0.6166015,2,14,722
0.5825,0.4175,0.2155688622754491,0.7844311377245509,0.0,3.059880239520958,6.424807780134688,15.388761150023205,0.12996497771992413,800,466,334,72,334,train,200,200,1.0,466,334,129,601,0.75125,466,True,579200,0.01,False,1711.5399999999988,0.0160464880237123,100000,True,484309,320628,800,0.6169015,2,14,723
0.58375,0.41625,0.07207207207207207,0.9279279279279279,0.0,3.186186186186186,6.475891876003411,15.557698200608796,0.1285537213931645,800,467,333,24,333,train,200,200,1.0,467,333,131,647,0.80875,467,True,580000,0.01,False,1711.4939999999988,0.01478906960144741,100000,True,485039,321095,800,0.6172015,2,14,724
0.57125,0.42874999999999996,0.3323615160349854,0.6676384839650146,0.0,3.0816326530612246,6.23666700826561,14.546162118403757,0.13749331154982844,800,457,343,114,343,train,200,200,1.0,457,343,143,600,0.75,457,True,580800,0.01,False,1711.5989999999986,0.014052336898166685,100000,True,485753,321552,800,0.6175015,2,14,725
0.565,0.43500000000000005,0.07758620689655173,0.9224137931034483,0.0,3.0258620689655173,6.620682775327295,15.219960403051255,0.13140638655006262,800,452,348,27,348,train,200,200,1.0,452,348,147,606,0.7575,452,True,581600,0.01,False,1711.6689999999985,0.01368682391490438,100000,True,486459,322004,800,0.6178015,2,14,726
0.5875,0.4125,0.06060606060606061,0.9393939393939394,0.0,3.3,6.96885622985555,16.89419692086194,0.11838384561093183,800,470,330,20,330,train,200,200,1.0,470,330,129,693,0.86625,470,True,582400,0.01,False,1711.623999999999,0.015471826684806728,100000,True,487218,322474,800,0.6181015000000001,2,14,727
0.5725,0.4275,0.11403508771929824,0.8859649122807017,0.0,3.1315789473684212,7.133027112120155,16.68544353712317,0.11986495867192458,800,458,342,39,342,train,200,200,1.0,458,342,141,650,0.8125,458,True,583200,0.01,False,1711.6609999999987,0.014884668201993918,100000,True,487948,322932,800,0.6184015,2,14,728
0.5825,0.4175,0.10179640718562874,0.8982035928143712,0.0,3.0209580838323356,6.732040975517242,16.12464904315507,0.12403370731650137,800,466,334,34,334,train,200,200,1.0,466,334,131,554,0.6925,466,True,584000,0.01,False,1711.6019999999987,0.013534084861603332,100000,True,488624,323398,800,0.6187015,2,14,729
0.55375,0.44625000000000004,0.07563025210084033,0.9243697478991597,0.0,2.7815126050420167,6.3030794688955,14.124547829457702,0.14159745318210218,800,443,357,27,357,train,200,200,1.0,443,357,156,466,0.5825,443,True,584800,0.01,False,1711.5869999999984,0.01265545454018138,100000,True,489260,323841,800,0.6190015,2,14,730
0.58125,0.41874999999999996,0.06865671641791045,0.9313432835820895,0.0,2.985074626865672,6.296631843285784,15.036732760085453,0.13300761753969179,800,465,335,23,335,train,200,200,1.0,465,335,131,503,0.62875,465,True,585600,0.01,False,1711.4619999999989,0.015335898958146571,100000,True,489926,324306,800,0.6193015000000001,2,14,731
0.55375,0.44625000000000004,0.12324929971988796,0.876750700280112,0.0,2.7983193277310923,6.325687742743681,14.175210627997044,0.14109137793338028,800,443,357,44,357,train,200,200,1.0,443,357,155,480,0.6,443,True,586400,0.01,False,1711.5429999999988,0.013778096838623242,100000,True,490569,324749,800,0.6196015,2,14,732
0.595,0.405,0.22530864197530864,0.7746913580246914,0.0,3.1882716049382718,6.603424218810374,16.304751157556478,0.12266363225501267,800,476,324,73,324,train,200,200,1.0,476,324,124,635,0.79375,476,True,587200,0.01,False,1711.670999999999,0.015355485759864678,100000,True,491278,325225,800,0.6199015,2,14,733
0.5725,0.4275,0.14619883040935672,0.8538011695906432,0.0,2.961988304093567,6.460770449536169,15.112913332248349,0.13233715803374227,800,458,342,50,342,train,200,200,1.0,458,342,142,547,0.68375,458,True,588000,0.01,False,1711.901999999999,0.014932559370063245,100000,True,491949,325683,800,0.6202015000000001,2,14,734
0.57,0.43000000000000005,0.06395348837209303,0.936046511627907,0.0,3.13953488372093,6.348589222791008,14.764160983234904,0.135463166669007,800,456,344,22,344,train,200,200,1.0,456,344,141,681,0.85125,456,True,588800,0.01,False,1711.590999999999,0.017242380962707103,100000,True,492685,326139,800,0.6205015,2,14,735
0.5625,0.4375,0.16857142857142857,0.8314285714285714,0.0,3.1228571428571428,6.362578276107305,14.54303605967384,0.13752286605035444,800,450,350,59,350,train,200,200,1.0,450,350,147,652,0.815,450,True,589600,0.01,False,1711.5089999999989,0.014378888887586072,100000,True,493428,326589,800,0.6208015,2,14,736
0.58125,0.41874999999999996,0.05970149253731343,0.9402985074626866,0.0,3.0507462686567166,6.624213368892442,15.81901700034016,0.12643010624218898,800,465,335,20,335,train,200,200,1.0,465,335,134,577,0.72125,465,True,590400,0.01,False,1711.5509999999988,0.012503696945495904,100000,True,494115,327054,800,0.6211015,2,14,737
0.5575,0.4425,0.14124293785310735,0.8587570621468926,0.0,2.861581920903955,6.96161863140678,15.732471483405151,0.12712560783025287,800,446,354,50,354,train,200,200,1.0,446,354,154,520,0.65,446,True,591200,0.01,False,1711.709999999999,0.015188723681494593,100000,True,494774,327500,800,0.6214015,2,14,738
0.56375,0.43625,0.10888252148997135,0.8911174785100286,0.0,2.845272206303725,6.044257914053741,13.855032467744964,0.14435188114182157,800,451,349,38,349,train,200,200,1.0,451,349,148,480,0.6,451,True,592000,0.01,False,1711.8339999999992,0.01495024385276338,100000,True,495419,327951,800,0.6217015,2,14,739
0.585,0.41500000000000004,0.04819277108433735,0.9518072289156626,0.0,3.0,6.836970287434742,16.474627198637933,0.12139880167760964,800,468,332,16,332,train,200,200,1.0,468,332,131,551,0.68875,468,True,592800,0.01,False,1711.856999999999,0.013299036256503314,100000,True,496083,328419,800,0.6220015,2,14,740
0.585,0.41500000000000004,0.2319277108433735,0.7680722891566265,0.0,3.069277108433735,6.546006969913424,15.77351077087572,0.12679485430046486,800,468,332,77,332,train,200,200,1.0,468,332,130,603,0.75375,468,True,593600,0.01,False,1711.9749999999992,0.013820670933200744,100000,True,496772,328887,800,0.6223015000000001,2,14,741
0.55375,0.44625000000000004,0.11484593837535013,0.8851540616246498,0.0,2.9859943977591037,6.401204331056855,14.344435475757658,0.13942688810445236,800,443,357,41,357,train,200,200,1.0,443,357,155,611,0.76375,443,True,594400,0.01,False,1711.9479999999987,0.015319468737579882,100000,True,497482,329330,800,0.6226015,2,14,742
0.56375,0.43625,0.08022922636103152,0.9197707736389685,0.0,2.9054441260744985,6.358202363570866,14.574675905033505,0.13722432066631965,800,451,349,28,349,train,200,200,1.0,451,349,148,512,0.64,451,True,595200,0.01,False,1711.9419999999986,0.014635623725844198,100000,True,498147,329781,800,0.6229015,2,14,743
0.58,0.42000000000000004,0.13392857142857142,0.8660714285714286,0.0,3.1607142857142856,6.921466555820846,16.479682275763917,0.12136156307705814,800,464,336,45,336,train,200,200,1.0,464,336,136,587,0.73375,464,True,596000,0.01,False,1711.840999999999,0.014688552380539477,100000,True,498873,330245,800,0.6232015,2,14,744
0.6075,0.39249999999999996,0.1464968152866242,0.8535031847133758,0.0,3.1815286624203822,6.636978621972002,16.909499673814018,0.1182767106407762,800,486,314,46,314,train,200,200,1.0,486,314,111,572,0.715,486,True,596800,0.01,False,1711.6079999999988,0.014384614190785214,100000,True,499560,330731,800,0.6235015,2,14,745
0.58125,0.41874999999999996,0.03880597014925373,0.9611940298507463,0.0,2.943283582089552,6.523011418270333,15.577340700347065,0.1283916194986632,800,465,335,13,335,train,200,200,1.0,465,335,134,485,0.60625,465,True,597600,0.01,False,1711.7489999999984,0.015510568662139122,100000,True,500212,331196,800,0.6238015,2,14,746
0.60125,0.39875000000000005,0.0438871473354232,0.9561128526645768,0.0,3.3448275862068964,6.8494595543615135,17.177328036016338,0.11643254386284796,800,481,319,14,319,train,200,200,1.0,481,319,116,686,0.8575,481,True,598400,0.01,False,1711.5769999999986,0.01417697559510998,100000,True,500961,331677,800,0.6241015000000001,2,14,747
0.57375,0.42625,0.05571847507331378,0.9442815249266863,0.0,3.0234604105571847,7.179204997934403,16.842709672573378,0.11874573859435424,800,459,341,19,341,train,200,200,1.0,459,341,138,598,0.7475,459,True,599200,0.01,False,1711.6919999999986,0.015985640932340176,100000,True,501653,332136,800,0.6244015,2,14,748
0.58875,0.41125,0.2066869300911854,0.7933130699088146,0.0,2.9240121580547114,6.4943772533742194,15.791798792399318,0.12664801687839458,800,471,329,68,329,train,200,200,1.0,471,329,128,464,0.58,471,True,600000,0.01,False,1711.8909999999987,0.013338063591218087,100000,True,502287,332607,800,0.6247015,2,14,749
0.5925,0.4075,0.06134969325153374,0.9386503067484663,0.0,3.1134969325153374,7.384159960788407,18.12063794058505,0.11037139015512096,800,474,326,20,326,train,200,200,1.0,474,326,124,615,0.76875,474,True,600800,0.01,False,1711.4769999999987,0.01448506008278855,100000,True,502976,333081,800,0.6250015,2,14,750
0.6025,0.39749999999999996,0.0,1.0,0.0,3.3710691823899372,6.704162401913327,16.865817363303968,0.11858304622410577,800,482,318,0,318,train,200,200,1.0,482,318,117,676,0.845,482,True,601600,0.01,False,1711.537999999999,0.013855229683686047,100000,True,503731,333563,800,0.6253015,2,14,751
0.58,0.42000000000000004,0.08928571428571429,0.9107142857142857,0.0,3.119047619047619,6.929366298133832,16.498491186032933,0.12122320625859004,800,464,336,30,336,train,200,200,1.0,464,336,135,609,0.76125,464,True,602400,0.01,False,1711.3009999999986,0.014922366050814161,100000,True,504444,334027,800,0.6256015,2,14,752
0.59875,0.40125,0.0,1.0,0.0,3.1121495327102804,7.112617255163879,17.7261489225268,0.11282766543038311,800,479,321,0,321,train,200,200,1.0,479,321,121,600,0.75,479,True,603200,0.01,False,1711.4359999999986,0.01469594667229103,100000,True,505122,334506,800,0.6259015,2,14,753
0.5625,0.4375,0.1657142857142857,0.8342857142857143,0.0,2.9485714285714284,6.393688708014455,14.614145618318755,0.1368537068286093,800,450,350,58,350,train,200,200,1.0,450,350,148,557,0.69625,450,True,604000,0.01,False,1711.4979999999987,0.014228421833031461,100000,True,505805,334956,800,0.6262015000000001,2,14,754
0.5875,0.4125,0.05757575757575758,0.9424242424242424,0.0,3.1303030303030304,6.709207461770345,16.264745361867504,0.122965343477739,800,470,330,19,330,train,200,200,1.0,470,330,130,594,0.7425,470,True,604800,0.01,False,1711.7389999999987,0.01567876897053793,100000,True,506508,335426,800,0.6265015,2,14,755
0.59125,0.40874999999999995,0.18960244648318042,0.8103975535168195,0.0,3.0305810397553516,6.735024862999769,16.477125047094237,0.12138039823595942,800,473,327,62,327,train,200,200,1.0,473,327,126,476,0.595,473,True,605600,0.01,False,1711.7669999999987,0.013829574944684281,100000,True,507172,335899,800,0.6268015,2,14,756
0.57,0.43000000000000005,0.06976744186046512,0.9302325581395349,0.0,2.921511627906977,6.483091224502252,15.07695633605175,0.13265276859744135,800,456,344,24,344,train,200,200,1.0,456,344,143,536,0.67,456,True,606400,0.01,False,1711.3859999999988,0.013953658614336745,100000,True,507834,336355,800,0.6271015,2,14,757
0.5525,0.4475,0.1005586592178771,0.8994413407821229,0.0,2.958100558659218,6.825433846499209,15.2523661374284,0.13112719573995268,800,442,358,36,358,train,200,200,1.0,442,358,158,614,0.7675,442,True,607200,0.01,False,1711.4159999999988,0.013508048064213653,100000,True,508535,336797,800,0.6274015000000001,2,14,758
0.58625,0.41374999999999995,0.0,1.0,0.0,3.190332326283988,6.555347914001866,15.843741181877622,0.12623281187448573,800,469,331,0,331,train,200,200,1.0,469,331,130,642,0.8025,469,True,608000,0.01,False,1711.6459999999988,0.015550789623521268,100000,True,509260,337266,800,0.6277015,2,14,759
0.55625,0.44375,0.07605633802816901,0.923943661971831,0.0,2.8422535211267608,6.151852112303433,13.863328703782383,0.14426549660142823,800,445,355,27,355,train,200,200,1.0,445,355,150,513,0.64125,445,True,608800,0.01,False,1711.6689999999987,0.015077404816984198,100000,True,509919,337711,800,0.6280015,2,14,760
0.565,0.43500000000000005,0.13505747126436782,0.8649425287356322,0.0,3.1839080459770117,6.192469545905123,14.235562174494534,0.14049322221944596,800,452,348,47,348,train,200,200,1.0,452,348,144,746,0.9325,452,True,609600,0.01,False,1711.3969999999986,0.014816723413059663,100000,True,510680,338163,800,0.6283015000000001,2,14,761
0.59625,0.40375000000000005,0.07120743034055728,0.9287925696594427,0.0,3.2569659442724457,7.132924797698862,17.666686805446098,0.11320741812117603,800,477,323,23,323,train,200,200,1.0,477,323,123,637,0.79625,477,True,610400,0.01,False,1711.5539999999992,0.01333315507741645,100000,True,511409,338640,800,0.6286015,2,14,762
0.57125,0.42874999999999996,0.2653061224489796,0.7346938775510204,0.0,2.8454810495626823,6.521634519365282,15.210809374612902,0.13148544240768895,800,457,343,91,343,train,200,200,1.0,457,343,140,460,0.575,457,True,611200,0.01,False,1711.4639999999988,0.013370677300263195,100000,True,512043,339097,800,0.6289015,2,14,763
0.5675,0.4325,0.23699421965317918,0.7630057803468208,0.0,2.9248554913294798,6.662118518907684,15.403742240248981,0.12983857875614987,800,454,346,82,346,train,200,200,1.0,454,346,145,503,0.62875,454,True,612000,0.01,False,1711.459999999999,0.013755000772798667,100000,True,512709,339551,800,0.6292015,2,14,764
0.57125,0.42874999999999996,0.0,1.0,0.0,3.1661807580174925,6.4887850414326715,15.134192516461042,0.1321510875340495,800,457,343,0,343,train,200,200,1.0,457,343,141,699,0.87375,457,True,612800,0.01,False,1711.341999999999,0.013972986205189955,100000,True,513452,340008,800,0.6295015,2,14,765
0.54625,0.45375,0.01928374655647383,0.9807162534435262,0.0,2.8650137741046833,6.774239498900759,14.9294534411036,0.13396337701778305,800,437,363,7,363,train,200,200,1.0,437,363,163,571,0.71375,437,True,613600,0.01,False,1711.2659999999987,0.013510110576607986,100000,True,514129,340445,800,0.6298015,2,14,766
0.55,0.44999999999999996,0.05,0.95,0.0,2.7805555555555554,6.5587212918786895,14.574936204174865,0.13722186992675256,800,440,360,18,360,train,200,200,1.0,440,360,159,488,0.61,440,True,614400,0.01,False,1711.2979999999986,0.014731873229611664,100000,True,514770,340885,800,0.6301015000000001,2,14,767
0.58375,0.41625,0.05405405405405406,0.9459459459459459,0.0,3.0870870870870872,6.928200509759932,16.64432554897281,0.12016107195905143,800,467,333,18,333,train,200,200,1.0,467,333,132,616,0.77,467,True,615200,0.01,False,1711.3799999999987,0.013951079932576249,100000,True,515465,341352,800,0.6304015000000001,2,14,768
0.5625,0.4375,0.0,1.0,0.0,2.9485714285714284,6.809143219926591,15.56375593126078,0.12850368566772977,800,450,350,0,350,train,200,200,1.0,450,350,150,596,0.745,450,True,616000,0.01,False,1711.515999999999,0.013139285050565377,100000,True,516147,341802,800,0.6307015,2,14,769
0.59,0.41000000000000003,0.0,1.0,0.0,3.1310975609756095,7.142567108904338,17.420895387571555,0.11480466161497321,800,472,328,0,328,train,200,200,1.0,472,328,125,566,0.7075,472,True,616800,0.01,False,1711.3099999999988,0.01419623885238252,100000,True,516846,342274,800,0.6310015,2,14,770
0.5725,0.4275,0.06140350877192982,0.9385964912280702,0.0,3.0146198830409356,6.721353788928017,15.72246500334039,0.12720651625397675,800,458,342,21,342,train,200,200,1.0,458,342,139,568,0.71,458,True,617600,0.01,False,1711.6689999999985,0.015390021353960037,100000,True,517536,342732,800,0.6313015,2,14,771
0.58625,0.41374999999999995,0.0,1.0,0.0,3.0725075528700905,6.733495549799422,16.274309485920053,0.12289307891866798,800,469,331,0,331,train,200,200,1.0,469,331,130,571,0.71375,469,True,618400,0.01,False,1711.8609999999985,0.01253715576218383,100000,True,518222,343201,800,0.6316015,2,14,772
0.57875,0.42125,0.050445103857566766,0.9495548961424333,0.0,3.0741839762611276,6.472178850894912,15.364222791441929,0.13017254612540674,800,463,337,17,337,train,200,200,1.0,463,337,135,600,0.75,463,True,619200,0.01,False,1712.0119999999986,0.01199820464651566,100000,True,518922,343664,800,0.6319015,2,14,773
0.5725,0.4275,0.07894736842105263,0.9210526315789473,0.0,2.9444444444444446,6.767763698023585,15.831026194207217,0.1263341981413578,800,458,342,27,342,train,200,200,1.0,458,342,137,544,0.68,458,True,620000,0.01,False,1712.367999999999,0.01415137010622857,100000,True,519589,344122,800,0.6322015000000001,2,14,774
0.58875,0.41125,0.11854103343465046,0.8814589665653495,0.0,3.1003039513677813,6.943223239585463,16.88321760385523,0.11846083175184013,800,471,329,39,329,train,200,200,1.0,471,329,127,576,0.72,471,True,620800,0.01,False,1712.311999999999,0.012005123739072587,100000,True,520280,344593,800,0.6325015,2,14,775
0.55,0.44999999999999996,0.041666666666666664,0.9583333333333334,0.0,2.8777777777777778,6.84858028176542,15.219067292812044,0.13141409795491205,800,440,360,15,360,train,200,200,1.0,440,360,158,546,0.6825,440,True,621600,0.01,False,1712.304999999999,0.013070682234829292,100000,True,520956,345033,800,0.6328015,2,14,776
0.6025,0.39749999999999996,0.06289308176100629,0.9371069182389937,0.0,3.248427672955975,7.381907750341444,18.57083710777722,0.10769573759076412,800,482,318,20,318,train,200,200,1.0,482,318,116,651,0.81375,482,True,622400,0.01,False,1712.330999999999,0.01278128033770372,100000,True,521671,345515,800,0.6331015,2,14,777
0.57875,0.42125,0.0,1.0,0.0,3.0741839762611276,6.547696694920983,15.543493637794617,0.12867120137887927,800,463,337,0,337,train,200,200,1.0,463,337,135,554,0.6925,463,True,623200,0.01,False,1712.531999999999,0.01399997848784551,100000,True,522370,345978,800,0.6334015,2,14,778
0.56625,0.43374999999999997,0.09510086455331412,0.9048991354466859,0.0,3.1671469740634004,6.462216044827917,14.898480794992315,0.1342418752301403,800,453,347,33,347,train,200,200,1.0,453,347,147,698,0.8725,453,True,624000,0.01,False,1712.298999999999,0.013253844063074212,100000,True,523122,346431,800,0.6337015,2,14,779
0.555,0.44499999999999995,0.22191011235955055,0.7780898876404494,0.0,2.8820224719101124,7.201768525029923,16.183749494449266,0.12358075615826629,800,444,356,79,356,train,200,200,1.0,444,356,155,551,0.68875,444,True,624800,0.01,False,1712.437999999999,0.012771450728178025,100000,True,523792,346875,800,0.6340015,2,14,780
0.555,0.44499999999999995,0.06460674157303371,0.9353932584269663,0.0,2.75,6.425489202002606,14.439301577533948,0.13851085450779643,800,444,356,23,356,train,200,200,1.0,444,356,155,434,0.5425,444,True,625600,0.01,False,1712.098999999999,0.013122516972944141,100000,True,524416,347319,800,0.6343015,2,14,781
0.60375,0.39625,0.13249211356466878,0.8675078864353313,0.0,3.145110410094637,7.049455132223614,17.790423046621108,0.11242003603617819,800,483,317,42,317,train,200,200,1.0,483,317,115,573,0.71625,483,True,626400,0.01,False,1712.1479999999992,0.013696196670498467,100000,True,525096,347802,800,0.6346015,2,14,782
0.59375,0.40625,0.08,0.92,0.0,3.1076923076923078,6.749630160998211,16.614474242457135,0.12037696594028471,800,475,325,26,325,train,200,200,1.0,475,325,123,550,0.6875,475,True,627200,0.01,False,1712.0209999999993,0.013146667054679711,100000,True,525781,348277,800,0.6349015,2,14,783
0.58375,0.41625,0.12612612612612611,0.8738738738738738,0.0,2.987987987987988,6.526497194148063,15.679272538493846,0.1275569383139328,800,467,333,42,333,train,200,200,1.0,467,333,131,476,0.595,467,True,628000,0.01,False,1711.9439999999988,0.013152531372497833,100000,True,526444,348744,800,0.6352015,2,14,784
0.57375,0.42625,0.2903225806451613,0.7096774193548387,0.0,2.935483870967742,6.554320083856156,15.376704009046701,0.1300668855187252,800,459,341,99,341,train,200,200,1.0,459,341,139,529,0.66125,459,True,628800,0.01,False,1712.031999999999,0.013752081341517624,100000,True,527106,349203,800,0.6355014999999999,2,14,785
0.59625,0.40375000000000005,0.15789473684210525,0.8421052631578947,0.0,3.1671826625387,6.820444549611926,16.89274191854347,0.11839404222499626,800,477,323,51,323,train,200,200,1.0,477,323,121,604,0.755,477,True,629600,0.01,False,1712.0009999999993,0.01484339835587889,100000,True,527807,349680,800,0.6358015,2,14,786
0.57625,0.42374999999999996,0.24778761061946902,0.7522123893805309,0.0,3.0678466076696167,6.4454389799741625,15.210475468965575,0.1314883288218481,800,461,339,84,339,train,200,200,1.0,461,339,139,598,0.7475,461,True,630400,0.01,False,1711.8039999999987,0.013795085081947036,100000,True,528508,350141,800,0.6361015,2,14,787
0.57,0.43000000000000005,0.0,1.0,0.0,3.0959302325581395,7.350987390666059,17.095319513176882,0.11699108627121138,800,456,344,0,344,train,200,200,1.0,456,344,141,655,0.81875,456,True,631200,0.01,False,1711.4809999999989,0.013919491934939288,100000,True,529230,350597,800,0.6364015000000001,2,14,788
0.58375,0.41625,0.08708708708708708,0.9129129129129129,0.0,3.2612612612612613,6.517785776606267,15.658344208063106,0.1277274259286062,800,467,333,29,333,train,200,200,1.0,467,333,132,677,0.84625,467,True,632000,0.01,False,1711.440999999999,0.012830955753124727,100000,True,529983,351064,800,0.6367015,2,14,789
0.5925,0.4075,0.049079754601226995,0.950920245398773,0.0,3.187116564417178,6.967235145380215,17.09750955921525,0.11697610070479743,800,474,326,16,326,train,200,200,1.0,474,326,125,604,0.755,474,True,632800,0.01,False,1711.6659999999988,0.014150333961006255,100000,True,530697,351538,800,0.6370015,2,14,790
0.56,0.43999999999999995,0.06818181818181818,0.9318181818181818,0.0,2.8863636363636362,6.659666755524618,15.13560626255595,0.13213874391987918,800,448,352,24,352,train,200,200,1.0,448,352,150,545,0.68125,448,True,633600,0.01,False,1711.8829999999987,0.01454777835169807,100000,True,531361,351986,800,0.6373015,2,14,791
0.55,0.44999999999999996,0.10555555555555556,0.8944444444444445,0.0,3.161111111111111,6.668165966810801,14.81814659291289,0.13496964599854508,800,440,360,38,360,train,200,200,1.0,440,360,160,769,0.96125,440,True,634400,0.01,False,1712.016999999999,0.014137602183182026,100000,True,532139,352426,800,0.6376014999999999,2,14,792
0.57375,0.42625,0.22287390029325513,0.7771260997067448,0.0,3.0527859237536656,6.6321749280235665,15.55935466985001,0.12854003539590758,800,459,341,76,341,train,200,200,1.0,459,341,139,577,0.72125,459,True,635200,0.01,False,1711.7439999999988,0.013573120217770338,100000,True,532839,352885,800,0.6379015,2,14,793
0.58125,0.41874999999999996,0.14925373134328357,0.8507462686567164,0.0,2.925373134328358,6.833116765304544,16.31789078281682,0.12256486004343489,800,465,335,50,335,train,200,200,1.0,465,335,134,427,0.53375,465,True,636000,0.01,False,1711.7629999999988,0.012720456519164145,100000,True,533485,353350,800,0.6382015,2,14,794
0.545,0.45499999999999996,0.07142857142857142,0.9285714285714286,0.0,3.0054945054945055,6.3443639591770795,13.94365705313644,0.14343439403152322,800,436,364,26,364,train,200,200,1.0,436,364,161,634,0.7925,436,True,636800,0.01,False,1711.8769999999993,0.013916117495391518,100000,True,534216,353786,800,0.6385015,2,14,795
0.5675,0.4325,0.11271676300578035,0.8872832369942196,0.0,2.7947976878612715,6.680490477320319,15.446220756809986,0.12948151081669818,800,454,346,39,346,train,200,200,1.0,454,346,145,406,0.5075,454,True,637600,0.01,False,1711.8069999999993,0.013503957040375098,100000,True,534838,354240,800,0.6388015,2,14,796
0.575,0.42500000000000004,0.04411764705882353,0.9558823529411765,0.0,3.1,6.294205597971179,14.809895524638069,0.13504484192158925,800,460,340,15,340,train,200,200,1.0,460,340,138,649,0.81125,460,True,638400,0.01,False,1711.8939999999993,0.012878405076917262,100000,True,535553,354700,800,0.6391015,2,14,797
0.5525,0.4475,0.0,1.0,0.0,2.7849162011173183,6.794266586641881,15.182718629367333,0.13172871399536307,800,442,358,0,358,train,200,200,1.0,442,358,157,427,0.53375,442,True,639200,0.01,False,1712.0569999999989,0.013878511232323944,100000,True,536192,355142,800,0.6394015,2,14,798
0.5625,0.4375,0.16857142857142857,0.8314285714285714,0.0,2.9457142857142857,6.655748994248761,15.213140558282882,0.13146529425254594,800,450,350,59,350,train,200,200,1.0,450,350,147,551,0.68875,450,True,640000,0.01,False,1711.946999999999,0.01216893121258181,100000,True,536874,355592,800,0.6397015,2,14,799
