hit_rate,miss_rate,outage_probability,noma_success_rate,sic_success_rate,cic_benefit_rate,avg_throughput,spectral_efficiency,energy_per_bit,total_requests,cache_hits,noma_transmissions,outages,cic_events,phase,capacity,current_size,utilization,total_hits,total_misses,evictions,cic_opportunities,cic_rate,noma_paired_hits,noma_awareness_enabled,training_step,epsilon,eval_mode,avg_episode_reward,avg_loss,replay_buffer_size,use_neural_network,cic_count,sic_count,warm_up_steps,beta,action_dim,state_dim,episode
0.4825,0.5175000000000001,0.0966183574879227,0.9033816425120773,0.0,1.9396135265700483,6.2155150120088125,12.010657028036352,0.16651878372110873,800,386,414,40,414,train,200,196,0.98,386,414,0,288,0.36,386,True,800,0.9975250000000315,False,1251.0,1.3884551525115967,800,True,525,386,800,0.0,2,14,0
0.455,0.5449999999999999,0.13990825688073394,0.8600917431192661,0.0,2.353211009174312,5.6645417410042365,10.393654570649975,0.19242509806393618,800,364,436,61,436,train,200,200,1.0,364,436,14,568,0.71,364,True,1600,0.995050000000063,False,1257.25,0.009987540098372848,1600,True,1187,750,800,0.0,2,14,1
0.47375,0.52625,0.2209026128266033,0.7790973871733967,0.0,2.2684085510688834,5.4920646854992246,10.436227430877386,0.19164013176664335,800,379,421,93,421,train,200,200,1.0,379,421,14,449,0.56125,379,True,2400,0.9925750000000946,False,1252.766666666666,0.02417818601243198,2400,True,1810,1129,800,0.0,2,14,2
0.485,0.515,0.0,1.0,0.0,2.4781553398058254,6.052389399143931,11.752212425522195,0.17018072236820825,800,388,412,0,412,train,200,200,1.0,388,412,12,564,0.705,388,True,3200,0.9901000000001261,False,1254.474999999999,0.019846469950862228,3200,True,2482,1517,800,0.0,2,14,3
0.51,0.49,0.13520408163265307,0.8647959183673469,0.0,2.1301020408163267,6.047412336483437,12.341657829558034,0.16205278315284663,800,408,392,53,392,train,200,200,1.0,408,392,2,358,0.4475,408,True,4000,0.9876250000001576,False,1258.5199999999988,0.006885210031177849,4000,True,3043,1925,800,0.0,2,14,4
0.48125,0.51875,0.3566265060240964,0.6433734939759036,0.0,2.1783132530120484,5.181031426758556,9.987530461221315,0.20024970214262877,800,385,415,148,415,train,200,200,1.0,385,415,14,473,0.59125,385,True,4800,0.9851500000001892,False,1263.5166666666653,0.005635172767797485,4800,True,3637,2310,800,0.0,2,14,5
0.52125,0.47875,0.08877284595300261,0.9112271540469974,0.0,2.608355091383812,6.061520114298788,12.66113861994525,0.15796367609855996,800,417,383,34,383,train,200,187,0.935,417,383,0,598,0.7475,417,True,5600,0.9826750000002207,False,1262.7857142857126,0.009854275069665163,5600,True,4316,2727,800,0.0,2,14,6
0.48625,0.5137499999999999,0.13381995133819952,0.8661800486618005,0.0,2.3090024330900243,5.648584574907262,10.994811824637006,0.1819039772484719,800,389,411,55,411,train,200,200,1.0,389,411,11,501,0.62625,389,True,6400,0.9802000000002522,False,1262.4749999999988,0.011775881202192978,6400,True,4942,3116,800,0.0,2,14,7
0.5425,0.4575,0.10655737704918032,0.8934426229508197,0.0,2.557377049180328,6.19286865516889,13.536324929330906,0.14775059038855823,800,434,366,39,366,train,200,190,0.95,434,366,0,522,0.6525,434,True,7200,0.9777250000002837,False,1266.7111111111099,0.022728696514386682,7200,True,5587,3550,800,0.0,2,14,8
0.47875,0.52125,0.11270983213429256,0.8872901678657075,0.0,2.304556354916067,5.906635606350152,11.331675024172954,0.1764964134369862,800,383,417,47,417,train,200,200,1.0,383,417,19,496,0.62,383,True,8000,0.9752500000003153,False,1267.7399999999989,0.007262984331464395,8000,True,6215,3933,800,0.0,2,14,9
0.49125,0.50875,0.1941031941031941,0.8058968058968059,0.0,2.3415233415233416,5.908940135957971,11.614624345863334,0.1721967013691941,800,393,407,79,407,train,200,179,0.895,393,407,0,547,0.68375,393,True,8800,0.9727750000003468,False,1259.881818181817,0.012768589200568385,8800,True,6856,4326,800,0.0,2,14,10
0.49375,0.50625,0.19753086419753085,0.8024691358024691,0.0,2.1555555555555554,5.968195485444169,11.789028119395889,0.1696492687730129,800,395,405,80,405,train,200,200,1.0,395,405,19,398,0.4975,395,True,9600,0.9703000000003783,False,1263.2749999999987,0.021307730531552806,9600,True,7430,4721,800,0.0,2,14,11
0.4925,0.5075000000000001,0.0,1.0,0.0,2.605911330049261,5.946287048861778,11.716821771156212,0.1706947531559696,800,394,406,0,406,train,200,200,1.0,394,406,1,647,0.80875,394,True,10400,0.9678250000004098,False,1261.4692307692296,0.009353976903948933,10400,True,8132,5115,800,0.0,2,14,12
0.51125,0.48875,0.22250639386189258,0.7774936061381074,0.0,2.6547314578005117,5.884675520447706,12.040256819330345,0.1661094136122618,800,409,391,87,391,train,200,200,1.0,409,391,21,573,0.71625,409,True,11200,0.9653500000004414,False,1266.6428571428557,0.01664030580664985,11200,True,8816,5524,800,0.0,2,14,13
0.535,0.46499999999999997,0.10752688172043011,0.8924731182795699,0.0,2.736559139784946,6.1519363905228515,13.229970732307207,0.15117191416879386,800,428,372,40,372,train,200,187,0.935,428,372,0,643,0.80375,428,True,12000,0.9628750000004729,False,1265.5733333333321,0.011908558563445694,12000,True,9515,5952,800,0.0,2,14,14
0.5,0.5,0.055,0.945,0.0,2.4575,6.143159195337833,12.286318390675666,0.16278269343221974,800,400,400,22,400,train,200,200,1.0,400,400,9,552,0.69,400,True,12800,0.9604000000005044,False,1265.3624999999988,0.008453690424212255,12800,True,10163,6352,800,0.0,2,14,15
0.5075,0.49250000000000005,0.116751269035533,0.883248730964467,0.0,2.261421319796954,5.798021156398918,11.772631789642473,0.1698855477463921,800,406,394,46,394,train,200,200,1.0,406,394,7,421,0.52625,406,True,13600,0.9579250000005359,False,1264.041176470587,0.007636959576047957,13600,True,10759,6758,800,0.0,2,14,16
0.4775,0.5225,0.04066985645933014,0.9593301435406698,0.0,2.0861244019138754,5.4963443887701064,10.519319404344701,0.19012636874339586,800,382,418,17,418,train,200,200,1.0,382,418,11,394,0.4925,382,True,14400,0.9554500000005675,False,1263.5555555555543,0.009283370937919245,14400,True,11328,7140,800,0.0,2,14,17
0.49125,0.50875,0.07371007371007371,0.9262899262899262,0.0,2.3955773955773956,6.661969334682755,13.094780019032443,0.15273261536987448,800,393,407,30,407,train,200,200,1.0,393,407,2,553,0.69125,393,True,15200,0.952975000000599,False,1261.5842105263146,0.0069102077581919726,15200,True,11975,7533,800,0.0,2,14,18
0.505,0.495,0.0,1.0,0.0,2.191919191919192,6.07584792185477,12.274440246171253,0.16294022048165144,800,404,396,0,396,train,200,200,1.0,404,396,0,400,0.5,404,True,16000,0.9505000000006305,False,1260.6199999999988,0.008304568445309997,16000,True,12554,7937,800,0.0,2,14,19
0.52625,0.47375,0.044854881266490766,0.9551451187335093,0.0,2.678100263852243,6.728361621505789,14.202346430619079,0.14082180080385634,800,421,379,17,379,train,200,196,0.98,421,379,0,557,0.69625,421,True,16800,0.948025000000662,False,1261.35238095238,0.01489697074634023,16800,True,13240,8358,800,0.0,2,14,20
0.505,0.495,0.15404040404040403,0.8459595959595959,0.0,2.6035353535353534,5.929420998665168,11.978628280131652,0.16696402569877716,800,404,396,61,396,train,200,200,1.0,404,396,10,649,0.81125,404,True,17600,0.9455500000006936,False,1262.7681818181807,0.01145137069921475,17600,True,13930,8762,800,0.0,2,14,21
0.4825,0.5175000000000001,0.19082125603864733,0.8091787439613527,0.0,2.2729468599033815,5.690733449854584,10.996586376530596,0.18187462286191733,800,386,414,79,414,train,200,200,1.0,386,414,4,512,0.64,386,True,18400,0.9430750000007251,False,1261.3608695652163,0.0111842211720068,18400,True,14554,9148,800,0.0,2,14,22
0.49375,0.50625,0.09876543209876543,0.9012345679012346,0.0,2.0320987654320986,5.75323494360058,11.364414703408553,0.1759879458992407,800,395,405,40,405,train,200,193,0.965,395,405,0,362,0.4525,395,True,19200,0.9406000000007566,False,1259.6249999999989,0.010533692943572532,19200,True,15104,9543,800,0.0,2,14,23
0.49875,0.50125,0.19201995012468828,0.8079800498753117,0.0,2.513715710723192,5.6435652792203665,11.258983100689012,0.17763593586685522,800,399,401,77,401,train,200,200,1.0,399,401,0,594,0.7425,399,True,20000,0.9381250000007881,False,1258.1559999999988,0.010933366063982248,20000,True,15773,9942,800,0.0,2,14,24
0.50625,0.49375,0.20506329113924052,0.7949367088607595,0.0,2.3367088607594937,5.838888768635835,11.825597506097894,0.16912464668011032,800,405,395,81,395,train,200,186,0.93,405,395,0,458,0.5725,405,True,20800,0.9356500000008197,False,1255.9115384615372,0.01619972339569358,20800,True,16396,10347,800,0.0,2,14,25
0.49125,0.50875,0.2727272727272727,0.7272727272727273,0.0,2.2334152334152333,6.182652399516723,12.152633709123778,0.16457337955462847,800,393,407,111,407,train,200,200,1.0,393,407,9,435,0.54375,393,True,21600,0.9331750000008512,False,1255.9555555555544,0.011573231802904047,21600,True,16996,10740,800,0.0,2,14,26
0.48,0.52,0.14903846153846154,0.8509615384615384,0.0,2.3653846153846154,6.1302508439124495,11.788943930600864,0.16965048029523228,800,384,416,62,416,train,200,200,1.0,384,416,13,533,0.66625,384,True,22400,0.9307000000008827,False,1255.3749999999986,0.010837002046173438,22400,True,17640,11124,800,0.0,2,14,27
0.47875,0.52125,0.1366906474820144,0.8633093525179856,0.0,2.326139088729017,6.21810105740682,11.929210661691739,0.16765568625781735,800,383,417,57,417,train,200,200,1.0,383,417,18,495,0.61875,383,True,23200,0.9282250000009142,False,1254.865517241378,0.011286322301311885,23200,True,18275,11507,800,0.0,2,14,28
0.53,0.47,0.14361702127659576,0.8563829787234043,0.0,2.574468085106383,6.325205932892452,13.457884963600963,0.14861176220552674,800,424,376,54,376,train,200,188,0.94,424,376,0,545,0.68125,424,True,24000,0.9257500000009458,False,1255.4133333333318,0.011545476605533622,24000,True,18940,11931,800,0.0,2,14,29
0.5,0.5,0.055,0.945,0.0,2.24,6.0082652345164425,12.016530469032885,0.1664373926529031,800,400,400,22,400,train,200,200,1.0,400,400,2,453,0.56625,400,True,24800,0.9232750000009773,False,1255.5838709677405,0.016368024601542856,24800,True,19542,12331,800,0.0,2,14,30
0.48625,0.5137499999999999,0.1386861313868613,0.8613138686131386,0.0,2.389294403892944,5.983014350077346,11.64577002448145,0.17173617509152672,800,389,411,57,411,train,200,200,1.0,389,411,18,518,0.6475,389,True,25600,0.9208000000010088,False,1256.040624999999,0.009161866966460366,25600,True,20185,12720,800,0.0,2,14,31
0.515,0.485,0.12628865979381443,0.8737113402061856,0.0,2.600515463917526,6.257905677083487,12.902898303264921,0.15500393423188683,800,412,388,49,388,train,200,200,1.0,412,388,5,596,0.745,412,True,26400,0.9183250000010403,False,1257.0424242424233,0.010319999679632019,26400,True,20864,13132,800,0.0,2,14,32
0.51875,0.48124999999999996,0.06233766233766234,0.9376623376623376,0.0,2.4363636363636365,6.257070035632287,13.001703970145012,0.15382599116181025,800,415,385,24,385,train,200,194,0.97,415,385,0,501,0.62625,415,True,27200,0.9158500000010719,False,1257.0588235294108,0.010711101162887643,27200,True,21500,13547,800,0.0,2,14,33
0.5225,0.47750000000000004,0.0,1.0,0.0,2.316753926701571,6.167111062876362,12.915415838484527,0.1548537054486878,800,418,382,0,382,train,200,200,1.0,418,382,4,399,0.49875,418,True,28000,0.9133750000011034,False,1257.6742857142847,0.010385342742374633,28000,True,22102,13965,800,0.0,2,14,34
0.50625,0.49375,0.09873417721518987,0.9012658227848102,0.0,2.4329113924050634,5.939139931730029,12.02863783641525,0.1662698658983016,800,405,395,39,395,train,200,200,1.0,405,395,2,502,0.6275,405,True,28800,0.9109000000011349,False,1257.8527777777767,0.006315480667690281,28800,True,22742,14370,800,0.0,2,14,35
0.515,0.485,0.13659793814432988,0.8634020618556701,0.0,2.417525773195876,6.301071830256991,12.99190068094225,0.15394206352991827,800,412,388,53,388,train,200,197,0.985,412,388,0,489,0.61125,412,True,29600,0.9084250000011664,False,1258.1351351351339,0.015082959332794417,29600,True,23372,14782,800,0.0,2,14,36
0.51375,0.48624999999999996,0.0,1.0,0.0,2.506426735218509,6.676067145970507,13.729701071404643,0.14566959539749005,800,411,389,0,389,train,200,200,1.0,411,389,22,508,0.635,411,True,30400,0.905950000001198,False,1260.0973684210514,0.005964164411416277,30400,True,24015,15193,800,0.0,2,14,37
0.50125,0.49875,0.3609022556390977,0.6390977443609023,0.0,2.3333333333333335,5.9287176196469265,11.8871531220991,0.16824886324395466,800,401,399,144,399,train,200,200,1.0,401,399,24,460,0.575,401,True,31200,0.9034750000012295,False,1261.1666666666656,0.012610609941184521,31200,True,24631,15594,800,0.0,2,14,38
0.485,0.515,0.0,1.0,0.0,1.8713592233009708,6.479484895610072,12.58152406914577,0.1589632534984127,800,388,412,0,412,train,200,200,1.0,388,412,26,249,0.31125,388,True,32000,0.901000000001261,False,1261.514999999999,0.005686088523070794,32000,True,25129,15982,800,0.0,2,14,39
0.5025,0.49750000000000005,0.05778894472361809,0.9422110552763819,0.0,2.2939698492462313,5.946352166776142,11.95246666688672,0.1673294773154087,800,402,398,23,398,train,200,200,1.0,402,398,3,449,0.56125,402,True,32800,0.8985250000012925,False,1261.2512195121942,0.008753622581134551,32800,True,25738,16384,800,0.0,2,14,40
0.51,0.49,0.14030612244897958,0.8596938775510204,0.0,2.36734693877551,6.068836829011688,12.385381283697322,0.16148069681411972,800,408,392,55,392,train,200,200,1.0,408,392,5,500,0.625,408,True,33600,0.8960500000013241,False,1261.3904761904753,0.013059919945080765,33600,True,26362,16792,800,0.0,2,14,41
0.5275,0.47250000000000003,0.10582010582010581,0.8941798941798942,0.0,2.5899470899470898,6.7896205910850425,14.369567388539773,0.13918303494613687,800,422,378,40,378,train,200,183,0.915,422,378,0,532,0.665,422,True,34400,0.8935750000013556,False,1261.1720930232548,0.010636687476799125,34400,True,27028,17214,800,0.0,2,14,42
0.50375,0.49624999999999997,0.1561712846347607,0.8438287153652393,0.0,2.1536523929471034,5.916060841650844,11.921533182167948,0.16776365669069898,800,403,397,62,397,train,200,200,1.0,403,397,26,359,0.44875,403,True,35200,0.8911000000013871,False,1262.6659090909081,0.014075084540236276,35200,True,27590,17617,800,0.0,2,14,43
0.50625,0.49375,0.12658227848101267,0.8734177215189873,0.0,2.2455696202531645,5.741176950446496,11.62770015280303,0.17200305939415458,800,405,395,50,395,train,200,200,1.0,405,395,14,420,0.525,405,True,36000,0.8886250000014186,False,1262.7333333333324,0.01045485342037864,36000,True,28182,18022,800,0.0,2,14,44
0.50875,0.49124999999999996,0.1272264631043257,0.8727735368956743,0.0,2.4529262086513994,5.79661702754222,11.799729318152101,0.1694954135026896,800,407,393,50,393,train,200,200,1.0,407,393,16,475,0.59375,407,True,36800,0.8861500000014502,False,1263.6391304347817,0.01292763735720655,36800,True,28821,18429,800,0.0,2,14,45
0.49375,0.50625,0.0,1.0,0.0,2.2493827160493827,6.426511893435823,12.694344480860885,0.15755047478153572,800,395,405,0,405,train,200,200,1.0,395,405,12,465,0.58125,395,True,37600,0.8836750000014817,False,1263.168085106382,0.006568704004894244,37600,True,29429,18824,800,0.0,2,14,46
0.52,0.48,0.0,1.0,0.0,2.4661458333333335,6.1525354784630055,12.817782246797927,0.1560332326990209,800,416,384,0,384,train,200,193,0.965,416,384,0,456,0.57,416,True,38400,0.8812000000015132,False,1262.9854166666657,0.010126646204007557,38400,True,30069,19240,800,0.0,2,14,47
0.49375,0.50625,0.07407407407407407,0.9259259259259259,0.0,2.471604938271605,6.085653606873332,12.021044161725099,0.1663748983110787,800,395,405,30,405,train,200,200,1.0,395,405,10,537,0.67125,395,True,39200,0.8787250000015447,False,1262.6183673469377,0.007161844519723673,39200,True,30734,19635,800,0.0,2,14,48
0.50375,0.49624999999999997,0.22670025188916876,0.7732997481108312,0.0,2.3879093198992445,5.762391141869849,11.611871318629419,0.1722375270204136,800,403,397,90,397,train,200,200,1.0,403,397,14,494,0.6175,403,True,40000,0.8762500000015763,False,1263.009999999999,0.0168913009892276,40000,True,31372,20038,800,0.0,2,14,49
0.50625,0.49375,0.1949367088607595,0.8050632911392405,0.0,2.610126582278481,5.648905579588583,11.440821427014853,0.17481262274380602,800,405,395,77,395,train,200,200,1.0,405,395,10,611,0.76375,405,True,40800,0.8737750000016078,False,1263.5039215686263,0.008347313414269593,40800,True,32059,20443,800,0.0,2,14,50
0.5,0.5,0.115,0.885,0.0,2.39,6.228321761980519,12.456643523961038,0.1605568944919143,800,400,400,46,400,train,200,200,1.0,400,400,11,507,0.63375,400,True,41600,0.8713000000016393,False,1263.528846153845,0.009896078428719193,41600,True,32694,20843,800,0.0,2,14,51
0.48125,0.51875,0.18072289156626506,0.8192771084337349,0.0,2.366265060240964,5.654108226856685,10.899485738518912,0.18349489581255896,800,385,415,75,415,train,200,200,1.0,385,415,24,549,0.68625,385,True,42400,0.8688250000016708,False,1263.5698113207536,0.0118857717255014,42400,True,33339,21228,800,0.0,2,14,52
0.51625,0.48375,0.041343669250646,0.958656330749354,0.0,2.661498708010336,6.051555151528375,12.509674731841603,0.1598762592051481,800,413,387,16,387,train,200,200,1.0,413,387,9,615,0.76875,413,True,43200,0.8663500000017024,False,1264.1296296296287,0.01634572245020536,43200,True,34029,21641,800,0.0,2,14,53
0.52125,0.47875,0.14360313315926893,0.856396866840731,0.0,2.3342036553524803,6.055385297021526,12.64832438020162,0.15812371187527363,800,417,383,55,383,train,200,200,1.0,417,383,0,445,0.55625,417,True,44000,0.8638750000017339,False,1264.5036363636352,0.012163877305865753,44000,True,34634,22058,800,0.0,2,14,54
0.53125,0.46875,0.09866666666666667,0.9013333333333333,0.0,2.461333333333333,6.163793948150629,13.14942708938801,0.15209788125401003,800,425,375,37,375,train,200,192,0.96,425,375,0,473,0.59125,425,True,44800,0.8614000000017654,False,1264.9428571428562,0.009260016466287197,44800,True,35262,22483,800,0.0,2,14,55
0.5375,0.4625,0.0,1.0,0.0,2.7864864864864867,6.281626517828688,13.58189517368365,0.14725485467412605,800,430,370,0,370,train,200,196,0.98,430,370,0,610,0.7625,430,True,45600,0.858925000001797,False,1265.5280701754377,0.011769185497396393,45600,True,35965,22913,800,0.0,2,14,56
0.53875,0.46125000000000005,0.20596205962059622,0.7940379403794038,0.0,2.758807588075881,6.131669948513307,13.293593384310691,0.15044841091351804,800,431,369,76,369,train,200,200,1.0,431,369,22,607,0.75875,431,True,46400,0.8564500000018285,False,1267.144827586206,0.01043815462049679,46400,True,36655,23344,800,0.0,2,14,57
0.4875,0.5125,0.12439024390243902,0.875609756097561,0.0,1.9365853658536585,5.646343107012488,11.017254842951195,0.18153342447911094,800,390,410,51,410,train,200,200,1.0,390,410,15,309,0.38625,390,True,47200,0.85397500000186,False,1267.0169491525417,0.011401199676402029,47200,True,37179,23734,800,0.0,2,14,58
0.5125,0.48750000000000004,0.09487179487179487,0.9051282051282051,0.0,2.312820512820513,6.338432489506243,13.001912798987163,0.15382352050198322,800,410,390,37,390,train,200,200,1.0,410,390,1,448,0.56,410,True,48000,0.8515000000018915,False,1266.7933333333324,0.006711578781323624,48000,True,37782,24144,800,0.0,2,14,59
0.505,0.495,0.1919191919191919,0.8080808080808081,0.0,2.242424242424242,6.00338034556116,12.128041102143758,0.16490709284011904,800,404,396,76,396,train,200,200,1.0,404,396,20,418,0.5225,404,True,48800,0.849025000001923,False,1267.4573770491795,0.009277651333977701,48800,True,38369,24548,800,0.0,2,14,60
0.5075,0.49250000000000005,0.23096446700507614,0.7690355329949239,0.0,2.520304568527919,5.700654910659559,11.574933828750375,0.17278716488489154,800,406,394,91,394,train,200,200,1.0,406,394,25,552,0.69,406,True,49600,0.8465500000019546,False,1268.3322580645154,0.010375544353300938,49600,True,39021,24954,800,0.0,2,14,61
0.49625,0.5037499999999999,0.1513647642679901,0.8486352357320099,0.0,2.521091811414392,6.313977035054247,12.5339494492392,0.159566624079643,800,397,403,61,403,train,200,200,1.0,397,403,21,556,0.695,397,True,50400,0.8440750000019861,False,1268.6539682539676,0.01506245578500966,50400,True,39689,25351,800,0.0,2,14,62
0.48375,0.51625,0.0,1.0,0.0,2.539951573849879,5.708093634894647,11.056839970740235,0.18088350788223478,800,387,413,0,413,train,200,200,1.0,387,413,38,601,0.75125,387,True,51200,0.8416000000020176,False,1269.237499999999,0.007915914224286098,51200,True,40369,25738,800,0.0,2,14,63
0.5425,0.4575,0.13114754098360656,0.8688524590163934,0.0,2.5327868852459017,6.893187542105989,15.067076594767189,0.13273975129950571,800,434,366,48,366,train,200,200,1.0,434,366,8,425,0.53125,434,True,52000,0.8391250000020491,False,1270.1199999999992,0.009336763827159303,52000,True,40995,26172,800,0.0,2,14,64
0.5225,0.47750000000000004,0.05759162303664921,0.9424083769633508,0.0,2.481675392670157,6.669746814356237,13.968056155719868,0.14318384589118419,800,418,382,22,382,train,200,200,1.0,418,382,18,497,0.62125,418,True,52800,0.8366500000020807,False,1270.978787878787,0.0150247273320565,52800,True,41634,26590,800,0.0,2,14,65
0.51875,0.48124999999999996,0.05194805194805195,0.948051948051948,0.0,2.568831168831169,6.4304759198219354,13.362027885344283,0.1496778795225863,800,415,385,20,385,train,200,200,1.0,415,385,32,531,0.66375,415,True,53600,0.8341750000021122,False,1272.071641791044,0.007846991815749788,53600,True,42293,27005,800,0.0,2,14,66
0.55875,0.44125000000000003,0.0708215297450425,0.9291784702549575,0.0,2.9206798866855523,6.616849201661768,14.995692241726388,0.1333716355177578,800,447,353,25,353,train,200,185,0.925,447,353,0,656,0.82,447,True,54400,0.8317000000021437,False,1272.504411764705,0.006020162954155239,54400,True,43013,27452,800,0.0,2,14,67
0.5025,0.49750000000000005,0.06030150753768844,0.9396984924623115,0.0,2.2386934673366836,5.938354400752064,11.93639075528053,0.16755483638261603,800,402,398,24,398,train,200,200,1.0,402,398,5,437,0.54625,402,True,55200,0.8292250000021752,False,1272.143478260869,0.008346629251827836,55200,True,43600,27854,800,0.0,2,14,68
0.485,0.515,0.0,1.0,0.0,2.4101941747572817,6.2476340953902465,12.131328340563586,0.16486240779689307,800,388,412,0,412,train,200,200,1.0,388,412,35,543,0.67875,388,True,56000,0.8267500000022068,False,1272.4257142857134,0.016774650065635797,56000,True,44254,28242,800,0.0,2,14,69
0.55625,0.44375,0.29295774647887324,0.7070422535211267,0.0,2.704225352112676,6.4944090124601725,14.635287915403206,0.13665600646606066,800,445,355,104,355,train,200,200,1.0,445,355,0,535,0.66875,445,True,56800,0.8242750000022383,False,1273.4845070422527,0.013418623356701574,56800,True,44915,28687,800,0.0,2,14,70
0.5225,0.47750000000000004,0.0,1.0,0.0,2.837696335078534,6.123950466315433,12.825027154587294,0.15594508891816528,800,418,382,0,382,train,200,200,1.0,418,382,4,683,0.85375,418,True,57600,0.8218000000022698,False,1273.7416666666659,0.007230103901092661,57600,True,45651,29105,800,0.0,2,14,71
0.56125,0.43875,0.07692307692307693,0.9230769230769231,0.0,3.0028490028490027,6.5364685256222845,14.897933961532273,0.13424680262136812,800,449,351,27,351,train,200,200,1.0,449,351,30,656,0.82,449,True,58400,0.8193250000023014,False,1276.160273972602,0.011978429221489933,58400,True,46379,29554,800,0.0,2,14,72
0.50875,0.49124999999999996,0.09923664122137404,0.9007633587786259,0.0,2.3689567430025447,5.927810299410515,12.0667894135583,0.16574417033853187,800,407,393,39,393,train,200,200,1.0,407,393,26,449,0.56125,407,True,59200,0.8168500000023329,False,1276.7513513513504,0.0070540612901095305,59200,True,46995,29961,800,0.0,2,14,73
0.52125,0.47875,0.05221932114882506,0.9477806788511749,0.0,2.3759791122715406,6.099657690221639,12.74079935294337,0.1569760220372642,800,417,383,20,383,train,200,200,1.0,417,383,13,466,0.5825,417,True,60000,0.8143750000023644,False,1277.2279999999992,0.00925561942101922,60000,True,47610,30378,800,0.0,2,14,74
0.5275,0.47250000000000003,0.29365079365079366,0.7063492063492064,0.0,2.4894179894179893,6.799764795423443,14.39103660407078,0.1389753952424985,800,422,378,111,378,train,200,200,1.0,422,378,5,505,0.63125,422,True,60800,0.8119000000023959,False,1277.3631578947359,0.01360008304240182,60800,True,48250,30800,800,0.0,2,14,75
0.49625,0.5037499999999999,0.24813895781637718,0.7518610421836228,0.0,2.2828784119106698,5.406135683106886,10.731782993760568,0.1863623221940655,800,397,403,100,403,train,200,200,1.0,397,403,22,447,0.55875,397,True,61600,0.8094250000024275,False,1277.4896103896097,0.006798432581417728,61600,True,48851,31197,800,0.0,2,14,76
0.49625,0.5037499999999999,0.3746898263027295,0.6253101736972705,0.0,2.357320099255583,5.747491006866863,11.409411428023548,0.17529388019855638,800,397,403,151,403,train,200,200,1.0,397,403,26,502,0.6275,397,True,62400,0.806950000002459,False,1277.5346153846147,0.010204947817401262,62400,True,49476,31594,800,0.0,2,14,77
0.495,0.505,0.03712871287128713,0.9628712871287128,0.0,2.222772277227723,5.867614906266521,11.619039418349546,0.17213126903085202,800,396,404,15,404,train,200,200,1.0,396,404,32,405,0.50625,396,True,63200,0.8044750000024905,False,1278.0037974683537,0.012268440408515744,63200,True,50057,31990,800,0.0,2,14,78
0.51375,0.48624999999999996,0.0,1.0,0.0,2.5218508997429305,6.051042164575385,12.444302652083055,0.1607161169183891,800,411,389,0,389,train,200,200,1.0,411,389,18,558,0.6975,411,True,64000,0.802000000002522,False,1278.373749999999,0.015269049818234634,64000,True,50715,32401,800,0.0,2,14,79
0.54625,0.45375,0.09917355371900827,0.9008264462809917,0.0,3.046831955922865,6.481202702792634,14.283642320204153,0.14002030820745268,800,437,363,36,363,train,200,197,0.985,437,363,0,702,0.8775,437,True,64800,0.7995250000025536,False,1278.895061728394,0.004181103525770596,64800,True,51476,32838,800,0.0,2,14,80
0.52125,0.47875,0.07571801566579635,0.9242819843342036,0.0,2.245430809399478,5.989388422582456,12.51047190095552,0.15986607186634139,800,417,383,29,383,train,200,200,1.0,417,383,22,369,0.46125,417,True,65600,0.7970500000025851,False,1279.7243902439013,0.007273417267933837,65600,True,52044,33255,800,0.0,2,14,81
0.51125,0.48875,0.2659846547314578,0.7340153452685422,0.0,2.4296675191815855,5.846121942290027,11.961374817984709,0.16720485984544764,800,409,391,104,391,train,200,200,1.0,409,391,15,503,0.62875,409,True,66400,0.7945750000026166,False,1280.024096385541,0.0041786182621581245,66400,True,52678,33664,800,0.0,2,14,82
0.525,0.475,0.08947368421052632,0.9105263157894737,0.0,2.8105263157894735,6.157228356940697,12.962586014611995,0.154290200870838,800,420,380,34,380,train,200,200,1.0,420,380,9,652,0.815,420,True,67200,0.7921000000026481,False,1280.3761904761895,0.01272666940370982,67200,True,53398,34084,800,0.0,2,14,83
0.51625,0.48375,0.05426356589147287,0.9457364341085271,0.0,2.44702842377261,6.358401962227666,13.143983384449957,0.15216087402895748,800,413,387,21,387,train,200,200,1.0,413,387,10,498,0.6225,413,True,68000,0.7896250000026797,False,1280.6517647058815,0.009058372259460157,68000,True,54033,34497,800,0.0,2,14,84
0.5425,0.4575,0.07923497267759563,0.9207650273224044,0.0,2.5027322404371586,6.1433074472278735,13.427994420170215,0.14894257008297504,800,434,366,29,366,train,200,200,1.0,434,366,23,407,0.50875,434,True,68800,0.7871500000027112,False,1281.736046511627,0.010520864277641522,68800,True,54651,34931,800,0.0,2,14,85
0.52,0.48,0.0,1.0,0.0,2.3984375,6.759543242035332,14.082381754240275,0.14202143038749748,800,416,384,0,384,train,200,200,1.0,416,384,7,438,0.5475,416,True,69600,0.7846750000027427,False,1281.9494252873553,0.013424688943632645,69600,True,55269,35347,800,0.0,2,14,86
0.50875,0.49124999999999996,0.03816793893129771,0.9618320610687023,0.0,2.371501272264631,6.130442651651147,12.479272573335667,0.1602657517292618,800,407,393,15,393,train,200,200,1.0,407,393,2,500,0.625,407,True,70400,0.7822000000027742,False,1281.6386363636354,0.011736482031556078,70400,True,55903,35754,800,0.0,2,14,87
0.5125,0.48750000000000004,0.0,1.0,0.0,2.5,6.428540611939298,13.186749973208817,0.15166739371439883,800,410,390,0,390,train,200,200,1.0,410,390,22,543,0.67875,410,True,71200,0.7797250000028058,False,1282.1988764044936,0.01568728112761164,71200,True,56551,36164,800,0.0,2,14,88
0.50375,0.49624999999999997,0.09571788413098237,0.9042821158690176,0.0,2.18639798488665,5.776298204188562,11.63989562556889,0.1718228465560018,800,403,397,38,397,train,200,200,1.0,403,397,18,390,0.4875,403,True,72000,0.7772500000028373,False,1282.2633333333324,0.005744487637639395,72000,True,57125,36567,800,0.0,2,14,89
0.5125,0.48750000000000004,0.06923076923076923,0.9307692307692308,0.0,2.617948717948718,6.263000692776708,12.847180908259913,0.1556761762974886,800,410,390,27,390,train,200,200,1.0,410,390,8,591,0.73875,410,True,72800,0.7747750000028688,False,1282.2978021978013,0.00442330209290958,72800,True,57808,36977,800,0.0,2,14,90
0.5125,0.48750000000000004,0.24871794871794872,0.7512820512820513,0.0,2.3692307692307693,5.757397285181102,11.810045713192004,0.16934735466484852,800,410,390,97,390,train,200,200,1.0,410,390,24,482,0.6025,410,True,73600,0.7723000000029003,False,1282.6184782608686,0.010302486544969725,73600,True,58421,37387,800,0.0,2,14,91
0.49625,0.5037499999999999,0.141439205955335,0.858560794044665,0.0,2.3548387096774195,5.787940575830984,11.489708339118579,0.17406882237303406,800,397,403,57,403,train,200,200,1.0,397,403,44,501,0.62625,397,True,74400,0.7698250000029319,False,1283.2419354838703,0.014749311491614207,74400,True,59038,37784,800,0.0,2,14,92
0.51375,0.48624999999999996,0.17480719794344474,0.8251928020565553,0.0,2.61439588688946,6.3220342384111605,13.001612829637349,0.1538270694725637,800,411,389,68,389,train,200,200,1.0,411,389,16,539,0.67375,411,True,75200,0.7673500000029634,False,1283.3563829787226,0.012139702721688081,75200,True,59715,38195,800,0.0,2,14,93
0.5175,0.48250000000000004,0.23834196891191708,0.7616580310880829,0.0,2.7072538860103625,6.280685297040883,13.016964346198721,0.15364565399490013,800,414,386,92,386,train,200,200,1.0,414,386,23,637,0.79625,414,True,76000,0.7648750000029949,False,1283.966315789473,0.007564419139307574,76000,True,60417,38609,800,0.0,2,14,94
0.5025,0.49750000000000005,0.19095477386934673,0.8090452261306532,0.0,2.6331658291457285,5.770563017399788,11.59912164301465,0.17242684933858435,800,402,398,76,398,train,200,200,1.0,402,398,23,614,0.7675,402,True,76800,0.7624000000030264,False,1284.190624999999,0.00938880911198794,76800,True,61117,39011,800,0.0,2,14,95
0.535,0.46499999999999997,0.16129032258064516,0.8387096774193549,0.0,2.6129032258064515,5.996830652549898,12.89641000548365,0.15508191808027078,800,428,372,60,372,train,200,199,0.995,428,372,0,566,0.7075,428,True,77600,0.759925000003058,False,1284.456701030927,0.010509095645247726,77600,True,61777,39439,800,0.0,2,14,96
0.5225,0.47750000000000004,0.387434554973822,0.612565445026178,0.0,2.4581151832460733,6.504214661118202,13.621391960456968,0.14682787235005199,800,418,382,148,382,train,200,200,1.0,418,382,41,508,0.635,418,True,78400,0.7574500000030895,False,1285.3857142857134,0.012558572254056344,78400,True,62402,39857,800,0.0,2,14,97
0.55,0.44999999999999996,0.11944444444444445,0.8805555555555555,0.0,2.691666666666667,6.237479310096173,13.861065133547052,0.14428905576379752,800,440,360,43,360,train,200,200,1.0,440,360,12,508,0.635,440,True,79200,0.754975000003121,False,1286.0858585858577,0.005065984049870167,79200,True,63065,40297,800,0.0,2,14,98
0.51125,0.48875,0.18925831202046037,0.8107416879795396,0.0,2.6035805626598467,6.50236658437972,13.304074852950833,0.15032988179229925,800,409,391,74,391,train,200,200,1.0,409,391,27,542,0.6775,409,True,80000,0.7525000000031525,False,1286.4659999999992,0.006535133549768943,80000,True,63743,40706,800,0.0,2,14,99
0.52375,0.47624999999999995,0.05774278215223097,0.9422572178477691,0.0,2.797900262467192,6.537325983056039,13.72666873082633,0.145701775078796,800,419,381,22,381,train,200,200,1.0,419,381,16,647,0.80875,419,True,80800,0.7500250000031841,False,1287.209999999999,0.006571837424562545,80800,True,64464,41125,800,0.0,2,14,100
0.55125,0.44875,0.1894150417827298,0.8105849582172702,0.0,2.6991643454039,6.646768329429197,14.811740009870075,0.13502802497662417,800,441,359,68,359,train,200,200,1.0,441,359,19,493,0.61625,441,True,81600,0.7475500000032156,False,1288.5199999999993,0.009166146744828439,81600,True,65123,41566,800,0.0,2,14,101
0.55625,0.44375,0.07042253521126761,0.9295774647887324,0.0,2.6816901408450704,6.622870213921166,14.924777946864598,0.1340053438061476,800,445,355,25,355,train,200,200,1.0,445,355,10,516,0.645,445,True,82400,0.7450750000032471,False,1289.9359999999992,0.012969158710620831,82400,True,65775,42011,800,0.0,2,14,102
0.50375,0.49624999999999997,0.29974811083123426,0.7002518891687658,0.0,2.3148614609571787,5.725835633849584,11.538207826397148,0.17333714473615164,800,403,397,119,397,train,200,200,1.0,403,397,24,413,0.51625,403,True,83200,0.7426000000032786,False,1290.338999999999,0.011762506291270257,83200,True,66382,42414,800,0.0,2,14,103
0.50625,0.49375,0.0,1.0,0.0,2.739240506329114,6.210621909423578,12.578474753262944,0.1590017899015289,800,405,395,0,395,train,200,200,1.0,405,395,7,662,0.8275,405,True,84000,0.7401250000033102,False,1290.4519999999989,0.005593525882759422,84000,True,67103,42819,800,0.0,2,14,104
0.52625,0.47375,0.12928759894459102,0.8707124010554089,0.0,2.5857519788918206,6.3509631930063355,13.405727056477753,0.149189968703233,800,421,379,49,379,train,200,200,1.0,421,379,26,530,0.6625,421,True,84800,0.7376500000033417,False,1291.155999999999,0.00428158007991442,84800,True,67758,43240,800,0.0,2,14,105
0.50625,0.49375,0.3493670886075949,0.6506329113924051,0.0,2.3620253164556964,6.080586554589065,12.315112009294308,0.1624020957739227,800,405,395,138,395,train,200,200,1.0,405,395,29,481,0.60125,405,True,85600,0.7351750000033732,False,1291.999999999999,0.016781246644968634,85600,True,68375,43645,800,0.0,2,14,106
0.52125,0.47875,0.14882506527415143,0.8511749347258486,0.0,2.2114882506527413,5.917387139589764,12.360077576166608,0.16181128214409524,800,417,383,57,383,train,200,200,1.0,417,383,14,350,0.4375,417,True,86400,0.7327000000034047,False,1292.5979999999993,0.0068155485133320325,86400,True,68938,44062,800,0.0,2,14,107
0.4975,0.5025,0.24378109452736318,0.7562189054726368,0.0,2.4378109452736316,6.048087563302574,12.035995150850894,0.1661682291271618,800,398,402,98,402,train,200,200,1.0,398,402,36,548,0.685,398,True,87200,0.7302250000034363,False,1292.8239999999992,0.009228683559049386,87200,True,69581,44460,800,0.0,2,14,108
0.53625,0.46375,0.0646900269541779,0.9353099730458221,0.0,2.7035040431266846,7.2089772902160725,15.544964507204469,0.12865902646950916,800,429,371,24,371,train,200,200,1.0,429,371,19,603,0.75375,429,True,88000,0.7277500000034678,False,1293.6079999999993,0.012738061162817758,88000,True,70264,44889,800,0.0,2,14,109
0.53125,0.46875,0.04533333333333334,0.9546666666666667,0.0,2.517333333333333,6.2453156739878555,13.323340104507425,0.15011250814826674,800,425,375,17,375,train,200,200,1.0,425,375,22,497,0.62125,425,True,88800,0.7252750000034993,False,1295.626999999999,0.0031817743114515907,88800,True,70897,45314,800,0.0,2,14,110
0.5125,0.48750000000000004,0.18461538461538463,0.8153846153846154,0.0,2.5205128205128204,6.633947305980136,13.608097037907973,0.14697132115009287,800,410,390,72,390,train,200,200,1.0,410,390,16,505,0.63125,410,True,89600,0.7228000000035308,False,1295.7249999999992,0.011659132228778617,89600,True,71549,45724,800,0.0,2,14,111
0.51625,0.48375,0.07493540051679587,0.9250645994832042,0.0,2.612403100775194,6.179578640761184,12.774322771599348,0.15656407276998838,800,413,387,29,387,train,200,200,1.0,413,387,37,549,0.68625,413,True,90400,0.7203250000035624,False,1297.134999999999,0.0150778784238355,90400,True,72223,46137,800,0.0,2,14,112
0.50375,0.49624999999999997,0.20654911838790932,0.7934508816120907,0.0,2.239294710327456,6.104668084584285,12.30159815533357,0.1625805017157763,800,403,397,82,397,train,200,200,1.0,403,397,29,371,0.46375,403,True,91200,0.7178500000035939,False,1297.1109999999992,0.017235203287709736,91200,True,72806,46540,800,0.0,2,14,113
0.51625,0.48375,0.1937984496124031,0.8062015503875969,0.0,2.5555555555555554,6.0923519177406,12.594009132280311,0.1588056653757463,800,413,387,75,387,train,200,200,1.0,413,387,24,521,0.65125,413,True,92000,0.7153750000036254,False,1297.990999999999,0.0059229658115873465,92000,True,73472,46953,800,0.0,2,14,114
0.51875,0.48124999999999996,0.18701298701298702,0.812987012987013,0.0,2.5324675324675323,5.77867718202001,12.007640897703917,0.16656061061773067,800,415,385,72,385,train,200,200,1.0,415,385,22,510,0.6375,415,True,92800,0.7129000000036569,False,1298.580999999999,0.008752167028869735,92800,True,74120,47368,800,0.0,2,14,115
0.53,0.47,0.0,1.0,0.0,2.5930851063829787,6.729435501748285,14.317947876060181,0.1396848219669824,800,424,376,0,376,train,200,200,1.0,424,376,30,515,0.64375,424,True,93600,0.7104250000036885,False,1300.0249999999992,0.011340069680882152,93600,True,74774,47792,800,0.0,2,14,116
0.4975,0.5025,0.12935323383084577,0.8706467661691543,0.0,2.400497512437811,6.166402649613876,12.271448058933087,0.16297995072750082,800,398,402,52,402,train,200,200,1.0,398,402,53,512,0.64,398,True,94400,0.70795000000372,False,1301.1139999999991,0.011582196449671756,94400,True,75399,48190,800,0.0,2,14,117
0.51375,0.48624999999999996,0.15167095115681234,0.8483290488431876,0.0,2.3316195372750643,6.031300525385871,12.403702879970941,0.1612421725474841,800,411,389,59,389,train,200,200,1.0,411,389,43,457,0.57125,411,True,95200,0.7054750000037515,False,1302.595999999999,0.006810802911859355,95200,True,75998,48601,800,0.0,2,14,118
0.515,0.485,0.06958762886597938,0.9304123711340206,0.0,2.5077319587628866,6.313039221701137,13.016575714847706,0.15365024133948274,800,412,388,27,388,train,200,200,1.0,412,388,31,506,0.6325,412,True,96000,0.703000000003783,False,1303.6959999999992,0.010331663002434653,96000,True,76642,49013,800,0.0,2,14,119
0.52,0.48,0.171875,0.828125,0.0,2.7265625,6.061657806175086,12.628453762864764,0.1583725163472666,800,416,384,66,384,train,200,200,1.0,416,384,30,642,0.8025,416,True,96800,0.7005250000038146,False,1304.5749999999994,0.010879916728736134,96800,True,77338,49429,800,0.0,2,14,120
0.50875,0.49124999999999996,0.0,1.0,0.0,2.3613231552162848,6.167966713820076,12.555657432712623,0.15929074289564335,800,407,393,0,393,train,200,200,1.0,407,393,43,465,0.58125,407,True,97600,0.6980500000038461,False,1305.3939999999993,0.01168758501917182,97600,True,77949,49836,800,0.0,2,14,121
0.52,0.48,0.0,1.0,0.0,2.4505208333333335,6.157946805459918,12.829055844708163,0.15589611770417047,800,416,384,0,384,train,200,200,1.0,416,384,30,509,0.63625,416,True,98400,0.6955750000038776,False,1306.6559999999993,0.009437632587723782,98400,True,78573,50252,800,0.0,2,14,122
0.53375,0.46625000000000005,0.08847184986595175,0.9115281501340483,0.0,2.4986595174262733,6.368696995171896,13.659403742996023,0.14641927551380252,800,427,373,33,373,train,200,200,1.0,427,373,30,498,0.6225,427,True,99200,0.6931000000039091,False,1308.5019999999993,0.014025471175264101,99200,True,79200,50679,800,0.0,2,14,123
0.55625,0.44375,0.18309859154929578,0.8169014084507042,0.0,2.9464788732394367,6.516912636071595,14.686000306640214,0.13618411808800715,800,445,355,65,355,train,200,200,1.0,445,355,7,640,0.8,445,True,100000,0.6906250000039407,False,1309.9509999999993,0.011301984460951644,100000,True,79921,51124,800,0.0,2,14,124
0.51125,0.48875,0.04092071611253197,0.959079283887468,0.0,2.452685421994885,5.919145598644868,12.110783833544488,0.1651420772997693,800,409,391,16,391,train,200,200,1.0,409,391,27,490,0.6125,409,True,100800,0.6881500000039722,False,1311.3079999999993,0.014042977345452528,100000,True,80558,51533,800,0.0,2,14,125
0.53625,0.46375,0.10242587601078167,0.8975741239892183,0.0,2.641509433962264,7.261846788392111,15.658968815939861,0.12772233111315245,800,429,371,38,371,train,200,200,1.0,429,371,33,547,0.68375,429,True,101600,0.6856750000040037,False,1312.6659999999993,0.009094563555481727,100000,True,81221,51962,800,0.0,2,14,126
0.525,0.475,0.22105263157894736,0.7789473684210526,0.0,2.7026315789473685,6.618468021925914,13.933616888265083,0.14353774874378838,800,420,380,84,380,train,200,200,1.0,420,380,50,553,0.69125,420,True,102400,0.6832000000040352,False,1314.413999999999,0.007497773606446572,100000,True,81905,52382,800,0.0,2,14,127
0.55625,0.44375,0.2084507042253521,0.7915492957746478,0.0,2.659154929577465,6.214299206320269,14.004054549454127,0.14281578188210922,800,445,355,74,355,train,200,200,1.0,445,355,19,464,0.58,445,True,103200,0.6807250000040668,False,1316.148999999999,0.011575903835473583,100000,True,82552,52827,800,0.0,2,14,128
0.51625,0.48375,0.09819121447028424,0.9018087855297158,0.0,2.289405684754522,6.608079633867783,13.660112938227975,0.14641167383052728,800,413,387,38,387,train,200,200,1.0,413,387,28,368,0.46,413,True,104000,0.6782500000040983,False,1317.0409999999993,0.00939087806866155,100000,True,83130,53240,800,0.0,2,14,129
0.525,0.475,0.042105263157894736,0.9578947368421052,0.0,2.8,6.400662397863732,13.475078732344699,0.14842213835822202,800,420,380,16,380,train,200,200,1.0,420,380,48,640,0.8,420,True,104800,0.6757750000041298,False,1318.5229999999992,0.010416290242064861,100000,True,83843,53660,800,0.0,2,14,130
0.51625,0.48375,0.10335917312661498,0.896640826873385,0.0,2.516795865633075,6.1765323444607745,12.768025518265167,0.1566412909450189,800,413,387,40,387,train,200,200,1.0,413,387,26,493,0.61625,413,True,105600,0.6733000000041613,False,1319.0519999999992,0.015668027045758207,100000,True,84490,54073,800,0.0,2,14,131
0.53125,0.46875,0.06133333333333333,0.9386666666666666,0.0,2.437333333333333,6.337046751084695,13.519033068980683,0.14793957450914036,800,425,375,23,375,train,200,200,1.0,425,375,30,448,0.56,425,True,106400,0.6708250000041929,False,1319.9289999999994,0.009930576466394996,100000,True,85108,54498,800,0.0,2,14,132
0.53625,0.46375,0.0,1.0,0.0,2.8975741239892185,6.3835675961060545,13.765105328530575,0.1452949288992836,800,429,371,0,371,train,200,200,1.0,429,371,22,670,0.8375,429,True,107200,0.6683500000042244,False,1321.2189999999994,0.009167539851259789,100000,True,85838,54927,800,0.0,2,14,133
0.53875,0.46125000000000005,0.10569105691056911,0.8943089430894309,0.0,2.3008130081300813,6.201974997440884,13.446016254614383,0.14874294081815073,800,431,369,39,369,train,200,200,1.0,431,369,33,335,0.41875,431,True,108000,0.6658750000042559,False,1322.6119999999992,0.009612375147407875,100000,True,86404,55358,800,0.0,2,14,134
0.53625,0.46375,0.2668463611859838,0.7331536388140162,0.0,2.450134770889488,6.1404345424132885,13.240829201969355,0.1510479418994796,800,429,371,99,371,train,200,200,1.0,429,371,20,430,0.5375,429,True,108800,0.6634000000042874,False,1323.6279999999992,0.009317595169923152,100000,True,87022,55787,800,0.0,2,14,135
0.54375,0.45625000000000004,0.10410958904109589,0.8958904109589041,0.0,2.747945205479452,6.393705113127765,14.013600247951265,0.14271849950139634,800,435,365,38,365,train,200,200,1.0,435,365,37,594,0.7425,435,True,109600,0.660925000004319,False,1325.1069999999993,0.012605267123581143,100000,True,87701,56222,800,0.0,2,14,136
0.525,0.475,0.19736842105263158,0.8026315789473685,0.0,2.6026315789473684,6.494077310221067,13.671741705728563,0.14628714051568023,800,420,380,75,380,train,200,200,1.0,420,380,40,510,0.6375,420,True,110400,0.6584500000043505,False,1325.758999999999,0.009082362122280757,100000,True,88362,56642,800,0.0,2,14,137
0.545,0.45499999999999996,0.15934065934065933,0.8406593406593407,0.0,2.4148351648351647,6.627724180191246,14.56642676965109,0.1373020323808559,800,436,364,58,364,train,200,200,1.0,436,364,19,382,0.4775,436,True,111200,0.655975000004382,False,1326.6079999999993,0.007980127618575352,100000,True,88957,57078,800,0.0,2,14,138
0.505,0.495,0.07828282828282829,0.9217171717171717,0.0,2.606060606060606,5.664313475303834,11.443057525866331,0.17477846244145173,800,404,396,31,396,train,200,200,1.0,404,396,57,577,0.72125,404,True,112000,0.6535000000044136,False,1327.8439999999994,0.010351458435870882,100000,True,89634,57482,800,0.0,2,14,139
0.53875,0.46125000000000005,0.056910569105691054,0.943089430894309,0.0,2.3983739837398375,6.472887384420752,14.033360183026021,0.14251754205091163,800,431,369,21,369,train,200,200,1.0,431,369,20,432,0.54,431,True,112800,0.6510250000044451,False,1329.0289999999993,0.012724808755519916,100000,True,90233,57913,800,0.0,2,14,140
0.51625,0.48375,0.14728682170542637,0.8527131782945736,0.0,2.5710594315245476,6.022451132783949,12.449511385599894,0.16064887512881515,800,413,387,57,387,train,200,200,1.0,413,387,28,555,0.69375,413,True,113600,0.6485500000044766,False,1329.8169999999993,0.007805138384901511,100000,True,90899,58326,800,0.0,2,14,141
0.5325,0.4675,0.040106951871657755,0.9598930481283422,0.0,2.657754010695187,6.9447367456430324,14.855051862338037,0.13463433305612305,800,426,374,15,374,train,200,200,1.0,426,374,39,516,0.645,426,True,114400,0.6460750000045081,False,1331.2989999999993,0.010174129531587823,100000,True,91571,58752,800,0.0,2,14,142
0.54375,0.45625000000000004,0.03287671232876712,0.9671232876712329,0.0,2.791780821917808,6.818870979937186,14.945470640958217,0.13381980722099038,800,435,365,12,365,train,200,200,1.0,435,365,24,615,0.76875,435,True,115200,0.6436000000045397,False,1332.047999999999,0.009147304363068542,100000,True,92265,59187,800,0.0,2,14,143
0.5175,0.48250000000000004,0.0,1.0,0.0,2.766839378238342,6.941251353403949,14.386013167676579,0.1390239239106029,800,414,386,0,386,train,200,200,1.0,414,386,40,621,0.77625,414,True,116000,0.6411250000045712,False,1333.2819999999992,0.009978887226534425,100000,True,92974,59601,800,0.0,2,14,144
0.5175,0.48250000000000004,0.0,1.0,0.0,2.7020725388601035,6.62262450200516,13.725646636280125,0.14571262491295148,800,414,386,0,386,train,200,200,1.0,414,386,50,600,0.75,414,True,116800,0.6386500000046027,False,1334.3179999999993,0.008772573716632905,100000,True,93663,60015,800,0.0,2,14,145
0.5225,0.47750000000000004,0.11518324607329843,0.8848167539267016,0.0,2.505235602094241,6.464024737300798,13.537224580734655,0.14774077123949594,800,418,382,44,382,train,200,200,1.0,418,382,42,465,0.58125,418,True,117600,0.6361750000046342,False,1335.9249999999995,0.008698371338905417,100000,True,94297,60433,800,0.0,2,14,146
0.54375,0.45625000000000004,0.2191780821917808,0.7808219178082192,0.0,2.695890410958904,6.232240578007367,13.659705376454504,0.14641604228502894,800,435,365,80,365,train,200,200,1.0,435,365,30,555,0.69375,435,True,118400,0.6337000000046658,False,1337.4009999999994,0.012286875652571326,100000,True,94960,60868,800,0.0,2,14,147
0.52375,0.47624999999999995,0.1889763779527559,0.8110236220472441,0.0,2.540682414698163,6.147776647321271,12.908717369703455,0.15493406065996662,800,419,381,72,381,train,200,200,1.0,419,381,44,520,0.65,419,True,119200,0.6312250000046973,False,1338.9019999999991,0.009486641306284582,100000,True,95607,61287,800,0.0,2,14,148
0.52125,0.47875,0.09399477806788512,0.9060052219321149,0.0,2.3211488250652743,7.0243357389893575,14.672241752458188,0.13631182158410932,800,417,383,36,383,train,200,200,1.0,417,383,34,393,0.49125,417,True,120000,0.6287500000047288,False,1339.862999999999,0.011434185467733187,100000,True,96194,61704,800,0.0,2,14,149
0.5225,0.47750000000000004,0.08900523560209424,0.9109947643979057,0.0,2.636125654450262,6.642893362201819,13.911818559584962,0.1437626570123746,800,418,382,34,382,train,200,200,1.0,418,382,34,544,0.68,418,True,120800,0.6262750000047603,False,1340.779999999999,0.004915101289843733,100000,True,96864,62122,800,0.0,2,14,150
0.5275,0.47250000000000003,0.0,1.0,0.0,2.494708994708995,6.401154290953237,13.547416488789919,0.14762962382199885,800,422,378,0,378,train,200,200,1.0,422,378,35,437,0.54625,422,True,121600,0.6238000000047919,False,1341.9259999999992,0.02532451700884849,100000,True,97492,62544,800,0.0,2,14,151
0.50875,0.49124999999999996,0.043256997455470736,0.9567430025445293,0.0,2.6259541984732824,6.524723184020255,13.281879255003064,0.150581100881988,800,407,393,17,393,train,200,200,1.0,407,393,47,601,0.75125,407,True,122400,0.6213250000048234,False,1343.2469999999992,0.008964948287102743,100000,True,98172,62951,800,0.0,2,14,152
0.52,0.48,0.1640625,0.8359375,0.0,2.6640625,6.095788519103207,12.69955941479835,0.1574857784175938,800,416,384,63,384,train,200,200,1.0,416,384,47,592,0.74,416,True,123200,0.6188500000048549,False,1344.292999999999,0.005482007128484838,100000,True,98854,63367,800,0.0,2,14,153
0.52375,0.47624999999999995,0.07349081364829396,0.926509186351706,0.0,2.4750656167979,6.1979337131859165,13.014034043434995,0.15368024959247065,800,419,381,28,381,train,200,200,1.0,419,381,41,460,0.575,419,True,124000,0.6163750000048864,False,1345.3869999999993,0.008716850359778618,100000,True,99478,63786,800,0.0,2,14,154
0.5325,0.4675,0.0,1.0,0.0,2.572192513368984,7.0848307217242,15.154718121335186,0.13197210162453307,800,426,374,0,374,train,200,200,1.0,426,374,27,516,0.645,426,True,124800,0.613900000004918,False,1346.3479999999995,0.013974987529436475,100000,True,100124,64212,800,0.0,2,14,155
0.55625,0.44375,0.0,1.0,0.0,2.8535211267605636,6.235303709154919,14.051388640349112,0.14233468671252333,800,445,355,0,355,train,200,200,1.0,445,355,22,603,0.75375,445,True,125600,0.6114250000049495,False,1347.3979999999992,0.011391735694123781,100000,True,100816,64657,800,0.0,2,14,156
0.5225,0.47750000000000004,0.0,1.0,0.0,2.612565445026178,5.989591057599045,12.543646193924703,0.15944327264018857,800,418,382,0,382,train,200,200,1.0,418,382,51,546,0.6825,418,True,126400,0.608950000004981,False,1348.0339999999994,0.007450876213188167,100000,True,101485,65075,800,0.0,2,14,157
0.53375,0.46625000000000005,0.08579088471849866,0.9142091152815014,0.0,2.6568364611260056,6.604483086769123,14.1651111780571,0.14119197335338685,800,427,373,32,373,train,200,200,1.0,427,373,13,550,0.6875,427,True,127200,0.6064750000050125,False,1348.943999999999,0.010075592324756143,100000,True,102158,65502,800,0.0,2,14,158
0.55625,0.44375,0.11830985915492957,0.8816901408450705,0.0,2.808450704225352,6.349854223539352,14.309530644595723,0.13976698814753505,800,445,355,42,355,train,200,200,1.0,445,355,38,548,0.685,445,True,128000,0.6040000000050441,False,1350.6789999999994,0.006747270965352072,100000,True,102835,65947,800,0.0,2,14,159
0.50875,0.49124999999999996,0.05089058524173028,0.9491094147582697,0.0,2.6463104325699747,6.158195156049101,12.53576622096509,0.15954349855816202,800,407,393,20,393,train,200,200,1.0,407,393,67,550,0.6875,407,True,128800,0.6015250000050756,False,1352.1219999999992,0.004999007020451245,100000,True,103519,66354,800,0.0,2,14,160
0.5325,0.4675,0.0,1.0,0.0,2.622994652406417,6.710702504110896,14.354443859060739,0.13932967516101782,800,426,374,0,374,train,200,200,1.0,426,374,15,545,0.68125,426,True,129600,0.5990500000051071,False,1352.6889999999994,0.0038351236714879635,100000,True,104179,66780,800,0.0,2,14,161
0.5475,0.4525,0.1464088397790055,0.8535911602209945,0.0,2.665745856353591,6.188957963805934,13.677255168631898,0.14622817044365014,800,438,362,53,362,train,200,200,1.0,438,362,22,536,0.67,438,True,130400,0.5965750000051386,False,1353.841999999999,0.009009381518990268,100000,True,104839,67218,800,0.0,2,14,162
0.5425,0.4575,0.06830601092896176,0.9316939890710383,0.0,2.4453551912568305,6.827322771076703,14.923109882134868,0.13402032255986338,800,434,366,25,366,train,200,200,1.0,434,366,23,399,0.49875,434,True,131200,0.5941000000051702,False,1354.7369999999992,0.00628947556419007,100000,True,105444,67652,800,0.0,2,14,163
0.5525,0.4475,0.0,1.0,0.0,2.5726256983240225,6.299168772709996,14.076354799351947,0.14208223851334556,800,442,358,0,358,train,200,200,1.0,442,358,35,440,0.55,442,True,132000,0.5916250000052017,False,1355.852999999999,0.009851324813171232,100000,True,106074,68094,800,0.0,2,14,164
0.5,0.5,0.0,1.0,0.0,2.47,6.0992682144484105,12.198536428896821,0.1639540949570186,800,400,400,0,400,train,200,200,1.0,400,400,57,529,0.66125,400,True,132800,0.5891500000052332,False,1356.6259999999993,0.013311145938641857,100000,True,106719,68494,800,0.0,2,14,165
0.55625,0.44375,0.056338028169014086,0.9436619718309859,0.0,2.7915492957746477,6.531972627650385,14.719938315831852,0.13587013458126548,800,445,355,20,355,train,200,200,1.0,445,355,47,591,0.73875,445,True,133600,0.5866750000052647,False,1357.916999999999,0.0076117569558118705,100000,True,107391,68939,800,0.0,2,14,166
0.5375,0.4625,0.13513513513513514,0.8648648648648649,0.0,2.6324324324324326,6.503012526044521,14.060567623880045,0.14224176814905112,800,430,370,50,370,train,200,200,1.0,430,370,37,487,0.60875,430,True,134400,0.5842000000052963,False,1358.9699999999991,0.003954576545620512,100000,True,108041,69369,800,0.0,2,14,167
0.5275,0.47250000000000003,0.06613756613756613,0.9338624338624338,0.0,2.4656084656084656,6.098802448772327,12.907518410100163,0.15494845224741227,800,422,378,25,378,train,200,200,1.0,422,378,42,429,0.53625,422,True,135200,0.5817250000053278,False,1360.4279999999987,0.010008002384420251,100000,True,108661,69791,800,0.0,2,14,168
0.52,0.48,0.0,1.0,0.0,2.453125,6.772190910275843,14.108731063074673,0.14175619274751033,800,416,384,0,384,train,200,200,1.0,416,384,39,451,0.56375,416,True,136000,0.5792500000053593,False,1361.3789999999988,0.008700975216197549,100000,True,109285,70207,800,0.0,2,14,169
0.54625,0.45375,0.03856749311294766,0.9614325068870524,0.0,2.8567493112947657,6.966526086713116,15.353225535455902,0.13026578652031842,800,437,363,14,363,train,200,200,1.0,437,363,37,627,0.78375,437,True,136800,0.5767750000053908,False,1362.117999999999,0.009898333515739068,100000,True,109990,70644,800,0.0,2,14,170
0.53875,0.46125000000000005,0.0,1.0,0.0,2.6910569105691056,5.998244451078859,13.0043240131791,0.15379499910746,800,431,369,0,369,train,200,200,1.0,431,369,40,571,0.71375,431,True,137600,0.5743000000054224,False,1363.5609999999988,0.01402607684933173,100000,True,110657,71075,800,0.0,2,14,171
0.52625,0.47375,0.24802110817941952,0.7519788918205804,0.0,2.532981530343008,5.96867521659433,12.598786736874576,0.15874544444397404,800,421,379,94,379,train,200,200,1.0,421,379,40,491,0.61375,421,True,138400,0.5718250000054539,False,1363.162999999999,0.009983068949841254,100000,True,111292,71496,800,0.0,2,14,172
0.53125,0.46875,0.216,0.784,0.0,2.3493333333333335,6.39052063793427,13.633110694259777,0.1467016622143397,800,425,375,81,375,train,200,200,1.0,425,375,47,363,0.45375,425,True,139200,0.5693500000054854,False,1364.298999999999,0.010220183476376406,100000,True,111867,71921,800,0.0,2,14,173
0.5525,0.4475,0.0670391061452514,0.9329608938547486,0.0,2.9608938547486034,6.667404407664845,14.899227726625353,0.134235145384478,800,442,358,24,358,train,200,200,1.0,442,358,35,635,0.79375,442,True,140000,0.5668750000055169,False,1365.766999999999,0.01463549873958982,100000,True,112596,72363,800,0.0,2,14,174
0.52375,0.47624999999999995,0.10236220472440945,0.8976377952755905,0.0,2.3832020997375327,6.220611349696515,13.061651127971686,0.15311999841405774,800,419,381,39,381,train,200,200,1.0,419,381,59,419,0.52375,419,True,140800,0.5644000000055485,False,1367.449999999999,0.01168930454987276,100000,True,113195,72782,800,0.0,2,14,175
0.53875,0.46125000000000005,0.0948509485094851,0.9051490514905149,0.0,2.7046070460704605,6.249905589954105,13.549930818328685,0.14760222962132363,800,431,369,35,369,train,200,200,1.0,431,369,54,541,0.67625,431,True,141600,0.56192500000558,False,1369.0899999999992,0.008484145414950035,100000,True,113867,73213,800,0.0,2,14,176
0.55,0.44999999999999996,0.12222222222222222,0.8777777777777778,0.0,2.725,6.268907273059648,13.930905051243663,0.14356569028668045,800,440,360,44,360,train,200,200,1.0,440,360,28,526,0.6575,440,True,142400,0.5594500000056115,False,1370.5159999999992,0.004219403055139992,100000,True,114534,73653,800,0.0,2,14,177
0.56625,0.43374999999999997,0.0,1.0,0.0,2.930835734870317,6.435491036095713,14.836866942007406,0.13479934866420004,800,453,347,0,347,train,200,200,1.0,453,347,20,624,0.78,453,True,143200,0.556975000005643,False,1371.851999999999,0.009755698646840756,100000,True,115233,74106,800,0.0,2,14,178
0.5275,0.47250000000000003,0.16666666666666666,0.8333333333333334,0.0,2.6084656084656084,5.972795679537728,12.640837417011065,0.15821736598783828,800,422,378,63,378,train,200,200,1.0,422,378,39,502,0.6275,422,True,144000,0.5545000000056746,False,1372.9259999999992,0.009459318454028108,100000,True,115887,74528,800,0.0,2,14,179
0.53125,0.46875,0.104,0.896,0.0,2.517333333333333,6.393666878403892,13.639822673928302,0.1466294722308142,800,425,375,39,375,train,200,200,1.0,425,375,36,505,0.63125,425,True,144800,0.5520250000057061,False,1373.7419999999993,0.005389654171412985,100000,True,116527,74953,800,0.0,2,14,180
0.58375,0.41625,0.03003003003003003,0.96996996996997,0.0,3.135135135135135,6.4364248685123595,15.46288256699666,0.12934198984791606,800,467,333,10,333,train,200,200,1.0,467,333,28,662,0.8275,467,True,145600,0.5495500000057376,False,1375.0919999999992,0.007224562043884362,100000,True,117252,75420,800,0.0,2,14,181
0.54625,0.45375,0.17079889807162535,0.8292011019283747,0.0,2.790633608815427,7.205438339426614,15.879753916091712,0.1259465361093099,800,437,363,62,363,train,200,200,1.0,437,363,36,565,0.70625,437,True,146400,0.5470750000057691,False,1376.367999999999,0.006654420928534819,100000,True,117934,75857,800,0.0,2,14,182
0.55,0.44999999999999996,0.2861111111111111,0.7138888888888889,0.0,2.625,6.317791607048289,14.039536904551753,0.14245484118151935,800,440,360,103,360,train,200,200,1.0,440,360,29,499,0.62375,440,True,147200,0.5446000000058007,False,1377.4689999999994,0.014083663997589611,100000,True,118580,76297,800,0.0,2,14,183
0.56,0.43999999999999995,0.036931818181818184,0.9630681818181818,0.0,2.664772727272727,6.552724993004253,14.892556802282392,0.13429527424689666,800,448,352,13,352,train,200,200,1.0,448,352,22,450,0.5625,448,True,148000,0.5421250000058322,False,1378.634999999999,0.00779687740294321,100000,True,119223,76745,800,0.0,2,14,184
0.54875,0.45125000000000004,0.19667590027700832,0.8033240997229917,0.0,2.7229916897506925,6.651498497337002,14.740162874985046,0.13568371102561708,800,439,361,71,361,train,200,200,1.0,439,361,51,518,0.6475,439,True,148800,0.5396500000058637,False,1379.6829999999993,0.012112372254723596,100000,True,119883,77184,800,0.0,2,14,185
0.5275,0.47250000000000003,0.09259259259259259,0.9074074074074074,0.0,2.611111111111111,6.105271449652166,12.921209417253262,0.15478427254104143,800,422,378,35,378,train,200,200,1.0,422,378,52,533,0.66625,422,True,149600,0.5371750000058952,False,1381.1219999999992,0.013797508077768725,100000,True,120540,77606,800,0.0,2,14,186
0.5225,0.47750000000000004,0.0549738219895288,0.9450261780104712,0.0,2.5392670157068062,5.884669888549751,12.323915996962828,0.1622860785884041,800,418,382,21,382,train,200,200,1.0,418,382,54,563,0.70375,418,True,150400,0.5347000000059268,False,1382.809999999999,0.013077320393640547,100000,True,121182,78024,800,0.0,2,14,187
0.54625,0.45375,0.11570247933884298,0.8842975206611571,0.0,2.757575757575758,6.479536943053944,14.279971224361308,0.1400563046365279,800,437,363,42,363,train,200,200,1.0,437,363,45,544,0.68,437,True,151200,0.5322250000059583,False,1384.043999999999,0.0060786061876569875,100000,True,121863,78461,800,0.0,2,14,188
0.5675,0.4325,0.1907514450867052,0.8092485549132948,0.0,2.8034682080924855,6.420025965177433,14.84399067093048,0.1347346575686464,800,454,346,66,346,train,200,200,1.0,454,346,35,499,0.62375,454,True,152000,0.5297500000059898,False,1385.851999999999,0.011011578998441109,100000,True,122523,78915,800,0.0,2,14,189
0.5325,0.4675,0.034759358288770054,0.9652406417112299,0.0,2.7914438502673797,6.389115476354395,13.666557168672504,0.14634263591890928,800,426,374,13,374,train,200,200,1.0,426,374,70,556,0.695,426,True,152800,0.5272750000060213,False,1387.8639999999987,0.01845862950947776,100000,True,123217,79341,800,0.0,2,14,190
0.52625,0.47375,0.12401055408970976,0.8759894459102903,0.0,2.467018469656992,6.386246840227233,13.480204412089147,0.14836570268967028,800,421,379,47,379,train,200,200,1.0,421,379,48,442,0.5525,421,True,153600,0.5248000000060529,False,1389.0289999999984,0.006283061109352275,100000,True,123827,79762,800,0.0,2,14,191
0.51,0.49,0.22704081632653061,0.7729591836734694,0.0,2.6760204081632653,5.736497216884151,11.707137177314593,0.17083595841650195,800,408,392,89,392,train,200,200,1.0,408,392,64,613,0.76625,408,True,154400,0.5223250000060844,False,1389.9579999999987,0.010632202054403024,100000,True,124520,80170,800,0.0,2,14,192
0.54125,0.45875,0.17983651226158037,0.8201634877384196,0.0,2.776566757493188,6.673910301742382,14.548033355296747,0.137475626509464,800,433,367,66,367,train,200,200,1.0,433,367,50,584,0.73,433,True,155200,0.5198500000061159,False,1391.851999999999,0.013738243689513183,100000,True,125211,80603,800,0.0,2,14,193
0.52,0.48,0.0859375,0.9140625,0.0,2.5703125,6.231204690634952,12.981676438822817,0.15406330680210364,800,416,384,33,384,train,200,200,1.0,416,384,62,500,0.625,416,True,156000,0.5173750000061474,False,1392.8829999999987,0.007300664474678342,100000,True,125857,81019,800,0.0,2,14,194
0.54125,0.45875,0.07629427792915532,0.9237057220708447,0.0,2.3923705722070845,6.701203248712996,14.60752751763051,0.13691570990272695,800,433,367,28,367,train,200,200,1.0,433,367,31,387,0.48375,433,True,156800,0.514900000006179,False,1393.7759999999987,0.012652618560096016,100000,True,126449,81452,800,0.0,2,14,195
0.54,0.45999999999999996,0.23641304347826086,0.7635869565217391,0.0,2.717391304347826,6.23978643829001,13.564753126717415,0.14744094354808118,800,432,368,87,368,train,200,200,1.0,432,368,46,544,0.68,432,True,157600,0.5124250000062105,False,1395.0819999999987,0.013744817377883009,100000,True,127119,81884,800,0.0,2,14,196
0.5425,0.4575,0.16120218579234974,0.8387978142076503,0.0,2.6174863387978142,6.268040695069836,13.700635399059752,0.1459786310448971,800,434,366,59,366,train,200,200,1.0,434,366,63,485,0.60625,434,True,158400,0.509950000006242,False,1396.251999999999,0.009535191607210437,100000,True,127753,82318,800,0.0,2,14,197
0.525,0.475,0.24473684210526317,0.7552631578947369,0.0,2.6973684210526314,6.309394624740146,13.282936052084517,0.15056912057377073,800,420,380,93,380,train,200,200,1.0,420,380,50,595,0.74375,420,True,159200,0.5074750000062735,False,1397.011999999999,0.010787467948539416,100000,True,128433,82738,800,0.0,2,14,198
0.53,0.47,0.05585106382978723,0.9441489361702128,0.0,2.5531914893617023,6.500071992631008,13.829940409853208,0.14461378290358287,800,424,376,21,376,train,200,200,1.0,424,376,39,476,0.595,424,True,160000,0.5050000000063051,False,1397.950999999999,0.011026305135856092,100000,True,129077,83162,800,0.0,2,14,199
0.5525,0.4475,0.24022346368715083,0.7597765363128491,0.0,2.670391061452514,6.229652207646413,13.921010519880252,0.14366773138658645,800,442,358,86,358,train,200,200,1.0,442,358,65,444,0.555,442,True,160800,0.5025250000063366,False,1400.0499999999988,0.015629467122635105,100000,True,129716,83604,800,0.0,2,14,200
0.5475,0.4525,0.1132596685082873,0.8867403314917127,0.0,2.74585635359116,6.143157505460311,13.576038686100135,0.14731837808091292,800,438,362,41,362,train,200,200,1.0,438,362,53,563,0.70375,438,True,161600,0.5000500000063681,False,1400.8289999999988,0.0037916073696032983,100000,True,130386,84042,800,0.0,2,14,201
0.55625,0.44375,0.09859154929577464,0.9014084507042254,0.0,2.436619718309859,6.44187717575245,14.516906311554816,0.1377704007366975,800,445,355,35,355,train,200,200,1.0,445,355,51,334,0.4175,445,True,162400,0.4975750000063561,False,1401.7739999999985,0.008892620118203923,100000,True,130964,84487,800,0.0,2,14,202
0.575,0.42500000000000004,0.03823529411764706,0.961764705882353,0.0,2.7,6.328584544263018,14.890787162971808,0.13431123406110473,800,460,340,13,340,train,200,200,1.0,460,340,31,470,0.5875,460,True,163200,0.49510000000634324,False,1403.5249999999987,0.006856939940007578,100000,True,131596,84947,800,0.0,2,14,203
0.5375,0.4625,0.13513513513513514,0.8648648648648649,0.0,2.7405405405405405,6.642390533890702,14.3619254786826,0.13925709355396665,800,430,370,50,370,train,200,200,1.0,430,370,50,575,0.71875,430,True,164000,0.49262500000633036,False,1405.101999999999,0.007682061310370045,100000,True,132275,85377,800,0.0,2,14,204
0.525,0.475,0.05526315789473684,0.9447368421052632,0.0,2.544736842105263,6.801594239800356,14.31914576800075,0.13967313640101603,800,420,380,21,380,train,200,200,1.0,420,380,56,492,0.615,420,True,164800,0.4901500000063175,False,1405.727999999999,0.009803041082632262,100000,True,132917,85797,800,0.0,2,14,205
0.525,0.475,0.06842105263157895,0.9315789473684211,0.0,2.7657894736842104,6.312815182759447,13.290137226861994,0.1504875356710091,800,420,380,26,380,train,200,200,1.0,420,380,59,640,0.8,420,True,165600,0.4876750000063046,False,1406.851999999999,0.02258708401786862,100000,True,133617,86217,800,0.0,2,14,206
0.5475,0.4525,0.09668508287292818,0.9033149171270718,0.0,2.574585635359116,6.450792253505395,14.255894482884852,0.14029284534906827,800,438,362,35,362,train,200,200,1.0,438,362,43,505,0.63125,438,True,166400,0.4852000000062917,False,1408.203999999999,0.012336054498446174,100000,True,134252,86655,800,0.0,2,14,207
0.54875,0.45125000000000004,0.32132963988919666,0.6786703601108033,0.0,2.9085872576177287,6.196248545953327,13.731298716794075,0.1456526466468826,800,439,361,116,361,train,200,200,1.0,439,361,39,633,0.79125,439,True,167200,0.4827250000062788,False,1409.4519999999989,0.00928632458424545,100000,True,134967,87094,800,0.0,2,14,208
0.55125,0.44875,0.04178272980501393,0.958217270194986,0.0,2.9220055710306405,6.792180247455274,15.135777710206739,0.13213724714332384,800,441,359,15,359,train,200,200,1.0,441,359,38,658,0.8225,441,True,168000,0.48025000000626594,False,1410.503999999999,0.008717243705468718,100000,True,135687,87535,800,0.0,2,14,209
0.55375,0.44625000000000004,0.15966386554621848,0.8403361344537815,0.0,2.5798319327731094,6.2802701436275035,14.073434495523818,0.14211172124587768,800,443,357,57,357,train,200,200,1.0,443,357,55,445,0.55625,443,True,168800,0.47777500000625306,False,1411.5879999999988,0.012886092715270935,100000,True,136306,87978,800,0.0,2,14,210
0.5625,0.4375,0.2742857142857143,0.7257142857142858,0.0,2.8257142857142856,6.397516692636419,14.622895297454672,0.13677181976049088,800,450,350,96,350,train,200,200,1.0,450,350,41,545,0.68125,450,True,169600,0.4753000000062402,False,1413.462999999999,0.006164735497804941,100000,True,136979,88428,800,0.0,2,14,211
0.53125,0.46875,0.0,1.0,0.0,2.7013333333333334,6.543698975140183,13.959891146965722,0.1432675927730793,800,425,375,0,375,train,200,200,1.0,425,375,51,555,0.69375,425,True,170400,0.4728250000062273,False,1414.2369999999992,0.005417461495671887,100000,True,137651,88853,800,0.0,2,14,212
0.55375,0.44625000000000004,0.0896358543417367,0.9103641456582633,0.0,2.8907563025210083,6.539728217493361,14.654853148444507,0.13647356133434088,800,443,357,32,357,train,200,200,1.0,443,357,60,598,0.7475,443,True,171200,0.4703500000062144,False,1415.956999999999,0.004214419074633042,100000,True,138347,89296,800,0.0,2,14,213
0.54375,0.45625000000000004,0.18082191780821918,0.8191780821917808,0.0,2.495890410958904,6.187457715183812,13.561551156567258,0.14747575531074028,800,435,365,66,365,train,200,200,1.0,435,365,43,409,0.51125,435,True,172000,0.4678750000062015,False,1417.046999999999,0.009241707204273553,100000,True,138958,89731,800,0.0,2,14,214
0.5275,0.47250000000000003,0.0,1.0,0.0,2.6560846560846563,6.591033319444221,13.949276866548615,0.14337660791550752,800,422,378,0,378,train,200,200,1.0,422,378,49,583,0.72875,422,True,172800,0.46540000000618864,False,1418.143999999999,0.009182121087578708,100000,True,139631,90153,800,0.0,2,14,215
0.545,0.45499999999999996,0.12912087912087913,0.8708791208791209,0.0,2.7967032967032965,6.243363282978224,13.721677545007086,0.14575477330960462,800,436,364,47,364,train,200,200,1.0,436,364,62,563,0.70375,436,True,173600,0.46292500000617576,False,1419.3219999999992,0.008918512795353307,100000,True,140316,90589,800,0.0,2,14,216
0.53375,0.46625000000000005,0.10991957104557641,0.8900804289544236,0.0,2.6568364611260056,6.002240879116072,12.873438882822674,0.1553586433434384,800,427,373,41,373,train,200,200,1.0,427,373,56,505,0.63125,427,True,174400,0.4604500000061629,False,1420.192999999999,0.015090852027642541,100000,True,140982,91016,800,0.0,2,14,217
0.535,0.46499999999999997,0.0,1.0,0.0,2.588709677419355,6.130962299346106,13.1848651598841,0.15168907499222242,800,428,372,0,372,train,200,200,1.0,428,372,65,486,0.6075,428,True,175200,0.45797500000615,False,1421.516999999999,0.006009965007797291,100000,True,141621,91444,800,0.0,2,14,218
0.5625,0.4375,0.24,0.76,0.0,2.6514285714285712,6.247031883812209,14.278930020142193,0.14006651739162201,800,450,350,84,350,train,200,200,1.0,450,350,50,492,0.615,450,True,176000,0.4555000000061371,False,1422.772999999999,0.011906585751639796,100000,True,142247,91894,800,0.0,2,14,219
0.5675,0.4325,0.15028901734104047,0.8497109826589595,0.0,2.8728323699421967,6.365325413301364,14.717515406477142,0.13589250255649843,800,454,346,52,346,train,200,200,1.0,454,346,53,567,0.70875,454,True,176800,0.4530250000061242,False,1424.3139999999987,0.00949819840650889,100000,True,142927,92348,800,0.0,2,14,220
0.51625,0.48375,0.04392764857881137,0.9560723514211886,0.0,2.537467700258398,6.380403501967898,13.18946460355121,0.15163617782191918,800,413,387,17,387,train,200,200,1.0,413,387,75,527,0.65875,413,True,177600,0.45055000000611134,False,1425.454999999999,0.009721856176074652,100000,True,143567,92761,800,0.0,2,14,221
0.53125,0.46875,0.12266666666666666,0.8773333333333333,0.0,2.509333333333333,5.947127527896036,12.687205392844877,0.1576391284031649,800,425,375,46,375,train,200,200,1.0,425,375,51,485,0.60625,425,True,178400,0.44807500000609846,False,1426.420999999999,0.01591297047409171,100000,True,144196,93186,800,0.0,2,14,222
0.555,0.44499999999999995,0.07865168539325842,0.9213483146067416,0.0,3.1264044943820224,6.663348961131521,14.973817890183193,0.13356647013259032,800,444,356,28,356,train,200,200,1.0,444,356,51,741,0.92625,444,True,179200,0.4456000000060856,False,1427.0469999999993,0.007055565824121004,100000,True,144962,93630,800,0.0,2,14,223
0.525,0.475,0.07368421052631578,0.9263157894736842,0.0,2.3657894736842104,6.289120332952544,13.240253332531672,0.15105451155424224,800,420,380,28,380,train,200,200,1.0,420,380,64,401,0.50125,420,True,180000,0.4431250000060727,False,1427.9579999999987,0.014991693754018343,100000,True,145552,94050,800,0.0,2,14,224
0.53125,0.46875,0.288,0.712,0.0,2.9466666666666668,5.946296115139127,12.685431712296804,0.15766116954941878,800,425,375,108,375,train,200,200,1.0,425,375,55,700,0.875,425,True,180800,0.4406500000060598,False,1429.1779999999987,0.010217166634683963,100000,True,146299,94475,800,0.0,2,14,225
0.5275,0.47250000000000003,0.06084656084656084,0.9391534391534392,0.0,2.4788359788359786,6.412036272796537,13.570447138193728,0.14737907893771926,800,422,378,23,378,train,200,200,1.0,422,378,84,457,0.57125,422,True,181600,0.4381750000060469,False,1430.3059999999991,0.01422614163831895,100000,True,146913,94897,800,0.0,2,14,226
0.55125,0.44875,0.2200557103064067,0.7799442896935933,0.0,2.777158774373259,6.09210524296379,13.575721989891452,0.14732181474320183,800,441,359,79,359,train,200,200,1.0,441,359,54,508,0.635,441,True,182400,0.43570000000603404,False,1430.9389999999987,0.014819079001790669,100000,True,147588,95338,800,0.0,2,14,227
0.51,0.49,0.04591836734693878,0.9540816326530612,0.0,2.3520408163265305,6.423959590206909,13.110121612667163,0.15255388615675197,800,408,392,18,392,train,200,200,1.0,408,392,64,437,0.54625,408,True,183200,0.43322500000602115,False,1431.4239999999988,0.008994532955475733,100000,True,148185,95746,800,0.0,2,14,228
0.55625,0.44375,0.2056338028169014,0.7943661971830986,0.0,2.816901408450704,6.526760019701714,14.708191593694005,0.135978647494467,800,445,355,73,355,train,200,200,1.0,445,355,41,544,0.68,445,True,184000,0.43075000000600827,False,1432.4679999999987,0.008464789678764646,100000,True,148862,96191,800,0.0,2,14,229
0.56875,0.43125,0.10144927536231885,0.8985507246376812,0.0,2.9217391304347826,6.287789861473195,14.580382287474077,0.13717061463595429,800,455,345,35,345,train,200,200,1.0,455,345,36,595,0.74375,455,True,184800,0.4282750000059954,False,1433.2349999999988,0.01209970661901025,100000,True,149558,96646,800,0.0,2,14,230
0.57125,0.42874999999999996,0.16909620991253643,0.8309037900874635,0.0,3.0466472303206995,6.6367006645779885,15.479185223505512,0.1292057670427609,800,457,343,58,343,train,200,200,1.0,457,343,42,628,0.785,457,True,185600,0.4258000000059825,False,1435.0359999999991,0.012331475645114552,100000,True,150280,97103,800,0.0,2,14,231
0.56375,0.43625,0.11174785100286533,0.8882521489971347,0.0,2.896848137535817,6.447170043514146,14.778613280261654,0.13533069457005173,800,451,349,39,349,train,200,200,1.0,451,349,38,593,0.74125,451,True,186400,0.4233250000059696,False,1435.9839999999988,0.007179102098489238,100000,True,150979,97554,800,0.0,2,14,232
0.545,0.45499999999999996,0.06318681318681318,0.9368131868131868,0.0,2.708791208791209,6.43897953515406,14.151603373964967,0.14132674207640997,800,436,364,23,364,train,200,200,1.0,436,364,61,559,0.69875,436,True,187200,0.42085000000595674,False,1437.1559999999993,0.006411047901274287,100000,True,151644,97990,800,0.0,2,14,233
0.555,0.44499999999999995,0.22752808988764045,0.7724719101123596,0.0,2.688202247191011,6.626497001439491,14.891004497616834,0.13430927378472562,800,444,356,81,356,train,200,200,1.0,444,356,43,491,0.61375,444,True,188000,0.41837500000594385,False,1437.7119999999986,0.010942617797081767,100000,True,152294,98434,800,0.0,2,14,234
0.54125,0.45875,0.051771117166212535,0.9482288828337875,0.0,2.430517711171662,6.9270222102522965,15.099775935154868,0.13245229654988833,800,433,367,19,367,train,200,200,1.0,433,367,41,427,0.53375,433,True,188800,0.41590000000593097,False,1438.4109999999991,0.008004066769281053,100000,True,152892,98867,800,0.0,2,14,235
0.5475,0.4525,0.13812154696132597,0.861878453038674,0.0,2.574585635359116,6.441285090659367,14.234884178252743,0.140499913800176,800,438,362,50,362,train,200,200,1.0,438,362,56,447,0.55875,438,True,189600,0.4134250000059181,False,1439.123999999999,0.012560403867901186,100000,True,153508,99305,800,0.0,2,14,236
0.54375,0.45625000000000004,0.13972602739726028,0.8602739726027397,0.0,2.723287671232877,6.323336625136963,13.85936794550567,0.14430672508760126,800,435,365,51,365,train,200,200,1.0,435,365,60,543,0.67875,435,True,190400,0.4109500000059052,False,1440.0359999999991,0.005210854962242593,100000,True,154176,99740,800,0.0,2,14,237
0.53375,0.46625000000000005,0.1876675603217158,0.8123324396782842,0.0,2.635388739946381,6.238357361631802,13.379854931113787,0.14947845176924598,800,427,373,70,373,train,200,200,1.0,427,373,67,546,0.6825,427,True,191200,0.4084750000058923,False,1441.0249999999992,0.012943086373925326,100000,True,154830,100167,800,0.0,2,14,238
0.54,0.45999999999999996,0.19293478260869565,0.8070652173913043,0.0,2.5407608695652173,6.680173521560489,14.522116351218454,0.13772097341942818,800,432,368,71,368,train,200,200,1.0,432,368,55,462,0.5775,432,True,192000,0.40600000000587944,False,1441.759999999999,0.011724292117578443,100000,True,155451,100599,800,0.0,2,14,239
0.5275,0.47250000000000003,0.13227513227513227,0.8677248677248677,0.0,2.8968253968253967,6.2085665782628965,13.13982344605904,0.1522090466595919,800,422,378,50,378,train,200,200,1.0,422,378,70,683,0.85375,422,True,192800,0.40352500000586655,False,1443.0389999999993,0.011267111833149102,100000,True,156186,101021,800,0.0,2,14,240
0.55,0.44999999999999996,0.10277777777777777,0.8972222222222223,0.0,2.5388888888888888,6.281379344556154,13.95862076568034,0.14328063163069396,800,440,360,37,360,train,200,200,1.0,440,360,64,410,0.5125,440,True,193600,0.40105000000585367,False,1444.5569999999993,0.007460477532404184,100000,True,156794,101461,800,0.0,2,14,241
0.54,0.45999999999999996,0.2554347826086957,0.7445652173913043,0.0,2.5869565217391304,5.827655229682274,12.668815716700596,0.15786795267402234,800,432,368,94,368,train,200,200,1.0,432,368,67,436,0.545,432,True,194400,0.3985750000058408,False,1445.5159999999992,0.007103269059043669,100000,True,157426,101893,800,0.0,2,14,242
0.5575,0.4425,0.05649717514124294,0.943502824858757,0.0,3.053672316384181,6.664407609567401,15.060808157214465,0.13279499872269174,800,446,354,20,354,train,200,200,1.0,446,354,65,673,0.84125,446,True,195200,0.3961000000058279,False,1446.705999999999,0.012967184780281969,100000,True,158165,102339,800,0.0,2,14,243
0.52,0.48,0.17447916666666666,0.8255208333333334,0.0,2.7760416666666665,6.345014681606423,13.218780586680047,0.15129988631593652,800,416,384,67,384,train,200,200,1.0,416,384,68,655,0.81875,416,True,196000,0.393625000005815,False,1447.6099999999992,0.00877265477887704,100000,True,158876,102755,800,0.0,2,14,244
0.54375,0.45625000000000004,0.2054794520547945,0.7945205479452054,0.0,2.8054794520547945,6.2130549281652865,13.6176546370746,0.14686816880749212,800,435,365,75,365,train,200,200,1.0,435,365,66,592,0.74,435,True,196800,0.39115000000580213,False,1448.5729999999985,0.010039233437310032,100000,True,159567,103190,800,0.0,2,14,245
0.525,0.475,0.18947368421052632,0.8105263157894737,0.0,2.25,6.342304865829723,13.352220770167838,0.14978781690522183,800,420,380,72,380,train,200,200,1.0,420,380,70,283,0.35375,420,True,197600,0.38867500000578925,False,1449.3339999999985,0.011788757400572648,100000,True,160113,103610,800,0.0,2,14,246
0.54375,0.45625000000000004,0.043835616438356165,0.9561643835616438,0.0,2.5424657534246577,6.8806574475940465,15.080893035822568,0.13261814106427766,800,435,365,16,365,train,200,200,1.0,435,365,73,475,0.59375,435,True,198400,0.38620000000577637,False,1450.6249999999986,0.004978254039015155,100000,True,160727,104045,800,0.0,2,14,247
0.5375,0.4625,0.1945945945945946,0.8054054054054054,0.0,2.518918918918919,6.580515646534062,14.228141938452026,0.14056649200236987,800,430,370,72,370,train,200,200,1.0,430,370,68,383,0.47875,430,True,199200,0.3837250000057635,False,1451.709999999999,0.00486129094271746,100000,True,161337,104475,800,0.0,2,14,248
0.55125,0.44875,0.07242339832869081,0.9275766016713092,0.0,2.8802228412256268,6.505444742971117,14.496812797707225,0.137961359362819,800,441,359,26,359,train,200,200,1.0,441,359,50,637,0.79625,441,True,200000,0.3812500000057506,False,1452.7049999999988,0.008692988459733897,100000,True,162040,104916,800,0.0,2,14,249
0.55625,0.44375,0.14366197183098592,0.856338028169014,0.0,2.8450704225352115,6.119615626983644,13.790683103061735,0.1450254483446125,800,445,355,51,355,train,200,200,1.0,445,355,55,560,0.7,445,True,200800,0.3787750000057377,False,1454.0999999999985,0.011082700677179673,100000,True,162721,105361,800,0.0,2,14,250
0.5525,0.4475,0.11731843575418995,0.88268156424581,0.0,2.659217877094972,6.743916434316269,15.070204322494456,0.13271220198486036,800,442,358,42,358,train,200,200,1.0,442,358,62,499,0.62375,442,True,201600,0.37630000000572483,False,1455.4079999999988,0.004759709441550512,100000,True,163363,105803,800,0.0,2,14,251
0.545,0.45499999999999996,0.08241758241758242,0.9175824175824175,0.0,2.541208791208791,6.604752730254773,14.515940066494005,0.13777957134284685,800,436,364,30,364,train,200,200,1.0,436,364,50,442,0.5525,436,True,202400,0.37382500000571195,False,1456.3979999999988,0.011956402316609455,100000,True,163979,106239,800,0.0,2,14,252
0.54625,0.45375,0.07988980716253444,0.9201101928374655,0.0,2.8567493112947657,6.875646491403934,15.152939925959084,0.13198758853215825,800,437,363,29,363,train,200,200,1.0,437,363,60,605,0.75625,437,True,203200,0.37135000000569907,False,1457.4339999999988,0.011004667148154113,100000,True,164678,106676,800,0.0,2,14,253
0.5575,0.4425,0.3728813559322034,0.6271186440677966,0.0,2.7203389830508473,6.518274910873104,14.730564770334697,0.13577211947960888,800,446,354,132,354,train,200,200,1.0,446,354,53,495,0.61875,446,True,204000,0.3688750000056862,False,1458.5979999999988,0.013616309642602574,100000,True,165325,107122,800,0.0,2,14,254
0.55625,0.44375,0.2056338028169014,0.7943661971830986,0.0,2.749295774647887,6.20922145499585,13.992611729568113,0.14293257317886937,800,445,355,73,355,train,200,200,1.0,445,355,67,486,0.6075,445,True,204800,0.3664000000056733,False,1459.947999999999,0.008632304573548027,100000,True,165975,107567,800,0.0,2,14,255
0.5525,0.4475,0.33519553072625696,0.664804469273743,0.0,3.036312849162011,5.99875114148952,13.405030483775462,0.1491977211406318,800,442,358,120,358,train,200,200,1.0,442,358,83,697,0.87125,442,True,205600,0.3639250000056604,False,1461.3559999999989,0.012590789471578318,100000,True,166717,108009,800,0.0,2,14,256
0.53,0.47,0.0,1.0,0.0,2.7898936170212765,6.242762706204676,13.282473842988672,0.15057436014118156,800,424,376,0,376,train,200,200,1.0,424,376,68,637,0.79625,424,True,206400,0.36145000000564753,False,1462.186999999999,0.01307632784195448,100000,True,167420,108433,800,0.0,2,14,257
0.55875,0.44125000000000003,0.141643059490085,0.8583569405099151,0.0,2.8526912181303117,6.518784635031363,14.773449597804786,0.13537799596224184,800,447,353,50,353,train,200,200,1.0,447,353,71,562,0.7025,447,True,207200,0.35897500000563465,False,1464.087999999999,0.005207225845733774,100000,True,168105,108880,800,0.0,2,14,258
0.54375,0.45625000000000004,0.12876712328767123,0.8712328767123287,0.0,2.734246575342466,6.987603990845872,15.315296418292323,0.1305883964224966,800,435,365,47,365,train,200,200,1.0,435,365,57,586,0.7325,435,True,208000,0.35650000000562176,False,1464.7849999999992,0.006944756969824084,100000,True,168775,109315,800,0.0,2,14,259
0.55625,0.44375,0.2056338028169014,0.7943661971830986,0.0,2.9690140845070423,6.6655725199550435,15.021008495673337,0.13314685232859574,800,445,355,73,355,train,200,200,1.0,445,355,71,584,0.73,445,True,208800,0.3540250000056089,False,1465.7759999999992,0.009101192131201969,100000,True,169489,109760,800,0.0,2,14,260
0.555,0.44499999999999995,0.10955056179775281,0.8904494382022472,0.0,2.865168539325843,6.075474603280694,13.652751917484705,0.14649061318097012,800,444,356,39,356,train,200,200,1.0,444,356,56,567,0.70875,444,True,209600,0.351550000005596,False,1467.0899999999988,0.010980750321359666,100000,True,170181,110204,800,0.0,2,14,261
0.5525,0.4475,0.1005586592178771,0.8994413407821229,0.0,2.7793296089385473,6.3320203038926275,14.149766042218161,0.14134509320031652,800,442,358,36,358,train,200,200,1.0,442,358,57,558,0.6975,442,True,210400,0.3490750000055831,False,1468.1559999999986,0.01193712724125362,100000,True,170851,110646,800,0.0,2,14,262
0.55625,0.44375,0.16338028169014085,0.8366197183098592,0.0,3.016901408450704,6.471390736969921,14.583415745284329,0.1371420821385221,800,445,355,58,355,train,200,200,1.0,445,355,53,706,0.8825,445,True,211200,0.34660000000557023,False,1469.3049999999985,0.01150168784923153,100000,True,171590,111091,800,0.0,2,14,263
0.54,0.45999999999999996,0.3804347826086957,0.6195652173913043,0.0,2.619565217391304,6.406364231452527,13.926878764027233,0.14360719540159625,800,432,368,140,368,train,200,200,1.0,432,368,82,518,0.6475,432,True,212000,0.34412500000555735,False,1470.2979999999986,0.00855349859175476,100000,True,172226,111523,800,0.0,2,14,264
0.5625,0.4375,0.24571428571428572,0.7542857142857143,0.0,2.9257142857142857,6.354078102829361,14.523607092181397,0.13770683737903341,800,450,350,86,350,train,200,200,1.0,450,350,54,605,0.75625,450,True,212800,0.34165000000554446,False,1471.4189999999987,0.00851589345254979,100000,True,172924,111973,800,0.0,2,14,265
0.58625,0.41374999999999995,0.2084592145015106,0.7915407854984894,0.0,3.1299093655589125,6.748990274318451,16.31175897116242,0.12261093383833116,800,469,331,69,331,train,200,200,1.0,469,331,35,650,0.8125,469,True,213600,0.3391750000055316,False,1471.7399999999989,0.011722899901651545,100000,True,173645,112442,800,0.0,2,14,266
0.555,0.44499999999999995,0.2303370786516854,0.7696629213483146,0.0,2.691011235955056,6.475097246480532,14.550780329169735,0.13744967312788234,800,444,356,82,356,train,200,200,1.0,444,356,47,492,0.615,444,True,214400,0.3367000000055187,False,1472.5759999999987,0.011399688225828868,100000,True,174298,112886,800,0.0,2,14,267
0.5425,0.4575,0.0546448087431694,0.9453551912568307,0.0,2.6174863387978142,6.2770624064208,13.720354986712133,0.1457688231781872,800,434,366,20,366,train,200,200,1.0,434,366,43,528,0.66,434,True,215200,0.3342250000055058,False,1473.3499999999988,0.009732168525624729,100000,True,174947,113320,800,0.0,2,14,268
0.52375,0.47624999999999995,0.09973753280839895,0.9002624671916011,0.0,2.711286089238845,6.526893979237441,13.704764260866018,0.14593465177004206,800,419,381,38,381,train,200,200,1.0,419,381,82,596,0.745,419,True,216000,0.33175000000549293,False,1474.6969999999988,0.007716913847689284,100000,True,175630,113739,800,0.0,2,14,269
0.58875,0.41125,0.13677811550151975,0.8632218844984803,0.0,3.0060790273556233,6.389565258545205,15.536936798894114,0.1287255027092828,800,471,329,45,329,train,200,200,1.0,471,329,52,554,0.6925,471,True,216800,0.32927500000548005,False,1476.2579999999987,0.01572422488810844,100000,True,176314,114210,800,0.0,2,14,270
0.53125,0.46875,0.17866666666666667,0.8213333333333334,0.0,2.6693333333333333,6.3982916608217515,13.649688876419736,0.14652348622063194,800,425,375,67,375,train,200,200,1.0,425,375,79,515,0.64375,425,True,217600,0.32680000000546716,False,1477.0379999999986,0.011435265845648246,100000,True,176973,114635,800,0.0,2,14,271
0.57625,0.42374999999999996,0.0471976401179941,0.9528023598820059,0.0,2.8053097345132745,6.747001241738593,15.922126824161872,0.1256113597189161,800,461,339,16,339,train,200,200,1.0,461,339,31,518,0.6475,461,True,218400,0.3243250000054543,False,1477.8549999999989,0.006730465397959051,100000,True,177631,115096,800,0.0,2,14,272
0.50875,0.49124999999999996,0.2340966921119593,0.7659033078880407,0.0,2.676844783715013,5.903693834457579,12.017697372941637,0.16642123178297752,800,407,393,92,393,train,200,200,1.0,407,393,82,560,0.7,407,True,219200,0.3218500000054414,False,1478.5009999999988,0.006673081605695188,100000,True,178320,115503,800,0.0,2,14,273
0.56375,0.43625,0.17191977077363896,0.828080229226361,0.0,2.8137535816618913,6.916660398776783,15.854808937024146,0.12614469262569292,800,451,349,60,349,train,200,200,1.0,451,349,69,550,0.6875,451,True,220000,0.3193750000054285,False,1479.4439999999986,0.011400980489852372,100000,True,178988,115954,800,0.0,2,14,274
0.5475,0.4525,0.10497237569060773,0.8950276243093923,0.0,2.6878453038674035,6.692311819890113,14.789639380972627,0.13522980165243703,800,438,362,38,362,train,200,200,1.0,438,362,79,537,0.67125,438,True,220800,0.3169000000054156,False,1480.408999999999,0.010086850569641682,100000,True,179638,116392,800,0.0,2,14,275
0.5425,0.4575,0.1721311475409836,0.8278688524590164,0.0,2.560109289617486,6.4865142116506265,14.178173140219949,0.14106189705967814,800,434,366,63,366,train,200,200,1.0,434,366,68,476,0.595,434,True,221600,0.31442500000540274,False,1481.0319999999986,0.004989366593890736,100000,True,180264,116826,800,0.0,2,14,276
0.5525,0.4475,0.0,1.0,0.0,2.636871508379888,6.495713113608544,14.515560030410155,0.13778317858973352,800,442,358,0,358,train,200,200,1.0,442,358,76,426,0.5325,442,True,222400,0.31195000000538986,False,1482.1639999999984,0.016371520625252742,100000,True,180888,117268,800,0.0,2,14,277
0.545,0.45499999999999996,0.15934065934065933,0.8406593406593407,0.0,2.771978021978022,6.2295907895567995,13.691408328696262,0.14607701063214482,800,436,364,58,364,train,200,200,1.0,436,364,47,566,0.7075,436,True,223200,0.309475000005377,False,1482.3919999999987,0.019236878317024093,100000,True,181569,117704,800,0.0,2,14,278
0.5375,0.4625,0.10810810810810811,0.8918918918918919,0.0,2.8864864864864863,6.0635167182429255,13.110306417822542,0.15255173573068745,800,430,370,40,370,train,200,200,1.0,430,370,93,657,0.82125,430,True,224000,0.3070000000053641,False,1483.9539999999988,0.0143659045296954,100000,True,182292,118134,800,0.0,2,14,279
0.55875,0.44125000000000003,0.2096317280453258,0.7903682719546742,0.0,2.8895184135977336,6.306885370899063,14.293224636598442,0.13992643723508763,800,447,353,74,353,train,200,200,1.0,447,353,58,536,0.67,447,True,224800,0.3045250000053512,False,1485.3159999999987,0.01661487788478553,100000,True,182987,118581,800,0.0,2,14,280
0.5275,0.47250000000000003,0.031746031746031744,0.9682539682539683,0.0,2.6825396825396823,6.076987173615802,12.861348515588999,0.15550468891934913,800,422,378,12,378,train,200,200,1.0,422,378,78,535,0.66875,422,True,225600,0.3020500000053383,False,1485.4359999999986,0.012334927172960307,100000,True,183657,119003,800,0.0,2,14,281
0.55875,0.44125000000000003,0.11048158640226628,0.8895184135977338,0.0,2.8158640226628897,6.489877822496673,14.707938407924473,0.13598098826157867,800,447,353,39,353,train,200,200,1.0,447,353,42,563,0.70375,447,True,226400,0.29957500000532544,False,1486.064999999999,0.010731057974116992,100000,True,184338,119450,800,0.0,2,14,282
0.5375,0.4625,0.062162162162162166,0.9378378378378378,0.0,2.718918918918919,6.913330697426102,14.947742048488868,0.13379947242280574,800,430,370,23,370,train,200,200,1.0,430,370,78,577,0.72125,430,True,227200,0.29710000000531256,False,1487.2139999999986,0.007884178909589536,100000,True,185008,119880,800,0.0,2,14,283
0.535,0.46499999999999997,0.0,1.0,0.0,2.6155913978494625,6.55899693242692,14.105369747154667,0.1417899733116489,800,428,372,0,372,train,200,200,1.0,428,372,65,524,0.655,428,True,228000,0.2946250000052997,False,1488.0769999999989,0.007974947112015797,100000,True,185654,120308,800,0.0,2,14,284
0.5525,0.4475,0.0,1.0,0.0,2.7569832402234637,7.635652738103231,17.0629111465994,0.11721329278553945,800,442,358,0,358,train,200,200,1.0,442,358,70,561,0.70125,442,True,228800,0.2921500000052868,False,1488.775999999999,0.011826703726947017,100000,True,186314,120750,800,0.0,2,14,285
0.53875,0.46125000000000005,0.0948509485094851,0.9051490514905149,0.0,2.769647696476965,7.444037613453792,16.138834934317163,0.12392468280019746,800,431,369,35,369,train,200,200,1.0,431,369,73,587,0.73375,431,True,229600,0.2896750000052739,False,1489.572999999999,0.008139542992757924,100000,True,186998,121181,800,0.0,2,14,286
0.53375,0.46625000000000005,0.19839142091152814,0.8016085790884718,0.0,2.5898123324396782,6.441510995739259,13.815573181210206,0.14476417111090903,800,427,373,74,373,train,200,200,1.0,427,373,78,505,0.63125,427,True,230400,0.287200000005261,False,1490.731999999999,0.0057207947707502175,100000,True,187635,121608,800,0.0,2,14,287
0.5475,0.4525,0.08287292817679558,0.9171270718232044,0.0,2.5193370165745854,7.356669537714839,16.257833232518983,0.12301762303721951,800,438,362,30,362,train,200,200,1.0,438,362,78,399,0.49875,438,True,231200,0.28472500000524814,False,1491.5509999999986,0.010174994139051706,100000,True,188234,122046,800,0.0,2,14,288
0.57125,0.42874999999999996,0.06997084548104957,0.9300291545189504,0.0,3.0145772594752187,6.635013284143411,15.475249642316992,0.12923862594959437,800,457,343,24,343,train,200,200,1.0,457,343,75,621,0.77625,457,True,232000,0.28225000000523526,False,1492.7899999999981,0.012349908267424325,100000,True,188941,122503,800,0.0,2,14,289
0.56375,0.43625,0.08022922636103152,0.9197707736389685,0.0,3.0458452722063036,6.416126145817195,14.707452483248586,0.13598548098509577,800,451,349,28,349,train,200,200,1.0,451,349,55,674,0.8425,451,True,232800,0.2797750000052224,False,1493.1669999999983,0.013575178616374615,100000,True,189678,122954,800,0.0,2,14,290
0.555,0.44499999999999995,0.0702247191011236,0.9297752808988764,0.0,3.081460674157303,6.584366011551023,14.796328115844997,0.13516867052023893,800,444,356,25,356,train,200,200,1.0,444,356,70,706,0.8825,444,True,233600,0.2773000000052095,False,1494.2909999999986,0.004976552284606441,100000,True,190427,123398,800,0.0,2,14,291
0.57125,0.42874999999999996,0.10495626822157435,0.8950437317784257,0.0,2.7084548104956268,6.76508154645025,15.778615851779008,0.12675383055063755,800,457,343,36,343,train,200,200,1.0,457,343,53,447,0.55875,457,True,234400,0.2748250000051966,False,1495.2579999999987,0.01611130833392963,100000,True,191058,123855,800,0.0,2,14,292
0.545,0.45499999999999996,0.19230769230769232,0.8076923076923077,0.0,2.7774725274725274,6.398491338126888,14.0626183255536,0.14222102553730984,800,436,364,70,364,train,200,200,1.0,436,364,79,553,0.69125,436,True,235200,0.2723500000051837,False,1495.8319999999987,0.010760597912521916,100000,True,191732,124291,800,0.0,2,14,293
0.53625,0.46375,0.0,1.0,0.0,2.5256064690026956,6.3462047140742435,13.684538467006455,0.14615034367596816,800,429,371,0,371,train,200,200,1.0,429,371,75,422,0.5275,429,True,236000,0.26987500000517084,False,1496.5839999999992,0.00997559823026677,100000,True,192344,124720,800,0.0,2,14,294
0.5325,0.4675,0.11497326203208556,0.8850267379679144,0.0,2.9171122994652405,6.177367821369837,13.213621008277727,0.15135896502155555,800,426,374,43,374,train,200,200,1.0,426,374,75,682,0.8525,426,True,236800,0.26740000000515796,False,1497.9109999999987,0.009002630994582433,100000,True,193076,125146,800,0.0,2,14,295
0.57625,0.42374999999999996,0.0,1.0,0.0,2.728613569321534,6.442126331482058,15.202658009397187,0.1315559423071771,800,461,339,0,339,train,200,200,1.0,461,339,41,455,0.56875,461,True,237600,0.2649250000051451,False,1498.6609999999987,0.006021565478094999,100000,True,193712,125607,800,0.0,2,14,296
0.56375,0.43625,0.0,1.0,0.0,3.031518624641834,6.848464933420065,15.69848695339843,0.12740081295331696,800,451,349,0,349,train,200,200,1.0,451,349,77,596,0.745,451,True,238400,0.2624500000051322,False,1499.4729999999988,0.005153971706640732,100000,True,194433,126058,800,0.0,2,14,297
0.54625,0.45375,0.15702479338842976,0.8429752066115702,0.0,2.5785123966942147,5.946160365129135,13.104485653177157,0.15261949632606175,800,437,363,57,363,train,200,200,1.0,437,363,79,445,0.55625,437,True,239200,0.2599750000051193,False,1500.6549999999988,0.00725365308138862,100000,True,195054,126495,800,0.0,2,14,298
0.58125,0.41874999999999996,0.09253731343283582,0.9074626865671642,0.0,3.2328358208955223,6.814357919219273,16.273093538434086,0.12290226165518953,800,465,335,31,335,train,200,200,1.0,465,335,42,713,0.89125,465,True,240000,0.2575000000051064,False,1501.7439999999988,0.010567726456301899,100000,True,195814,126960,800,0.0,2,14,299
0.58,0.42000000000000004,0.0,1.0,0.0,3.0416666666666665,6.987630831476399,16.637216265419998,0.12021241823711493,800,464,336,0,336,train,200,200,1.0,464,336,59,548,0.685,464,True,240800,0.25502500000509354,False,1502.1389999999985,0.008975431264370854,100000,True,196516,127424,800,0.0,2,14,300
0.55875,0.44125000000000003,0.0,1.0,0.0,2.878186968838527,6.975269961478372,15.807977249809344,0.12651840070329817,800,447,353,0,353,train,200,200,1.0,447,353,60,603,0.75375,447,True,241600,0.25255000000508065,False,1502.7869999999984,0.013557092818591627,100000,True,197203,127871,800,0.0,2,14,301
0.575,0.42500000000000004,0.09705882352941177,0.9029411764705882,0.0,2.976470588235294,7.27577013055947,17.119459130728167,0.11682612077446697,800,460,340,33,340,train,200,200,1.0,460,340,50,598,0.7475,460,True,242400,0.25007500000506777,False,1503.4669999999983,0.008184000194578402,100000,True,197901,128331,800,0.0,2,14,302
0.5775,0.4225,0.08284023668639054,0.9171597633136095,0.0,3.0088757396449703,6.773057460882569,16.030905232858153,0.12475901834293482,800,462,338,28,338,train,200,200,1.0,462,338,55,585,0.73125,462,True,243200,0.24760000000507643,False,1504.2199999999984,0.01054716964983527,100000,True,198610,128793,800,0.0,2,14,303
0.5625,0.4375,0.09428571428571429,0.9057142857142857,0.0,2.742857142857143,6.977912390510872,15.949514035453422,0.1253956700846367,800,450,350,33,350,train,200,200,1.0,450,350,69,498,0.6225,450,True,244000,0.24512500000508575,False,1505.4499999999985,0.008885817498630787,100000,True,199261,129243,800,0.0,2,14,304
0.54375,0.45625000000000004,0.23835616438356164,0.7616438356164383,0.0,2.9506849315068493,6.421856254437968,14.075301379590066,0.14209287219242822,800,435,365,87,365,train,200,200,1.0,435,365,89,646,0.8075,435,True,244800,0.24265000000509507,False,1506.8769999999986,0.010906534164569166,100000,True,199993,129678,800,0.0,2,14,305
0.54875,0.45125000000000004,0.22437673130193905,0.775623268698061,0.0,2.520775623268698,6.5252976255534385,14.46049335302701,0.13830786759300578,800,439,361,81,361,train,200,200,1.0,439,361,91,343,0.42875,439,True,245600,0.2401750000051044,False,1508.294999999999,0.00488199414261544,100000,True,200580,130117,800,0.0,2,14,306
0.585,0.41500000000000004,0.0,1.0,0.0,2.9819277108433737,6.5226235546695985,15.717165191974937,0.1272494101557948,800,468,332,0,332,train,200,200,1.0,468,332,65,504,0.63,468,True,246400,0.2377000000051137,False,1509.492999999999,0.012088372760554194,100000,True,201254,130585,800,0.0,2,14,307
0.535,0.46499999999999997,0.06451612903225806,0.9354838709677419,0.0,2.6048387096774195,6.067106609679733,13.047541096085448,0.15328558732036063,800,428,372,24,372,train,200,200,1.0,428,372,74,492,0.615,428,True,247200,0.23522500000512303,False,1510.0919999999987,0.011067706358953728,100000,True,201895,131013,800,0.0,2,14,308
0.5725,0.4275,0.21637426900584794,0.783625730994152,0.0,2.909356725146199,6.412747328491375,15.000578546178655,0.13332819089897655,800,458,342,74,342,train,200,200,1.0,458,342,67,523,0.65375,458,True,248000,0.23275000000513235,False,1511.1239999999984,0.010377162609402149,100000,True,202566,131471,800,0.0,2,14,309
0.55875,0.44125000000000003,0.0,1.0,0.0,2.8328611898016995,6.461807484472147,14.644322910985036,0.13657169485792717,800,447,353,0,353,train,200,200,1.0,447,353,92,567,0.70875,447,True,248800,0.23027500000514167,False,1512.199999999999,0.00711064057006297,100000,True,203240,131918,800,0.0,2,14,310
0.53,0.47,0.1702127659574468,0.8297872340425532,0.0,2.765957446808511,5.877335622195469,12.50496940892653,0.1599364168433969,800,424,376,64,376,train,200,200,1.0,424,376,87,593,0.74125,424,True,249600,0.227800000005151,False,1512.6659999999988,0.004471057620667125,100000,True,203929,132342,800,0.0,2,14,311
0.5375,0.4625,0.04054054054054054,0.9594594594594594,0.0,2.8405405405405406,6.187987231393206,13.379431851660986,0.1494831785216433,800,430,370,15,370,train,200,200,1.0,430,370,100,653,0.81625,430,True,250400,0.22532500000516031,False,1514.0869999999984,0.01256064998873626,100000,True,204634,132772,800,0.0,2,14,312
0.5475,0.4525,0.2983425414364641,0.7016574585635359,0.0,2.751381215469613,5.959824412623892,13.170882679831806,0.15185011123533448,800,438,362,108,362,train,200,200,1.0,438,362,89,568,0.71,438,True,251200,0.22285000000516964,False,1514.6169999999986,0.0040875570868047365,100000,True,205298,133210,800,0.0,2,14,313
0.5475,0.4525,0.2154696132596685,0.7845303867403315,0.0,2.7845303867403315,6.308425311102911,13.94127140575229,0.14345893870015203,800,438,362,78,362,train,200,200,1.0,438,362,93,561,0.70125,438,True,252000,0.22037500000517896,False,1516.0109999999986,0.00697460779130779,100000,True,205966,133648,800,0.0,2,14,314
0.56625,0.43374999999999997,0.09221902017291066,0.9077809798270894,0.0,2.8011527377521612,6.624803459640344,15.273322097153528,0.13094728096991667,800,453,347,32,347,train,200,200,1.0,453,347,65,527,0.65875,453,True,252800,0.21790000000518828,False,1517.2899999999981,0.014837031403203582,100000,True,206624,134101,800,0.0,2,14,315
0.545,0.45499999999999996,0.0,1.0,0.0,2.9065934065934065,6.9714413890101214,15.321849206615653,0.13053254688973456,800,436,364,0,364,train,200,200,1.0,436,364,88,650,0.8125,436,True,253600,0.2154250000051976,False,1518.1109999999985,0.012705017002845124,100000,True,207338,134537,800,0.0,2,14,316
0.5675,0.4325,0.10982658959537572,0.8901734104046243,0.0,2.994219653179191,6.504761095140351,15.039910046567286,0.13297951874761915,800,454,346,38,346,train,200,200,1.0,454,346,82,590,0.7375,454,True,254400,0.21295000000520692,False,1519.4479999999987,0.0014342985453367873,100000,True,208039,134991,800,0.0,2,14,317
0.55875,0.44125000000000003,0.059490084985835696,0.9405099150141643,0.0,2.9745042492917846,6.610051277453023,14.980286181196652,0.13350879788334166,800,447,353,21,353,train,200,200,1.0,447,353,86,616,0.77,447,True,255200,0.21047500000521624,False,1520.1449999999986,0.0036323945007461587,100000,True,208748,135438,800,0.0,2,14,318
0.59,0.41000000000000003,0.13109756097560976,0.8689024390243902,0.0,3.100609756097561,6.704268104016845,16.35187342443133,0.12231014441512252,800,472,328,43,328,train,200,200,1.0,472,328,61,638,0.7975,472,True,256000,0.20800000000522556,False,1521.3799999999985,0.009940780742490461,100000,True,209457,135910,800,0.0,2,14,319
0.56125,0.43875,0.0,1.0,0.0,2.6866096866096867,6.5015387336307,14.818321900012993,0.13496804924977682,800,449,351,0,351,train,200,200,1.0,449,351,71,455,0.56875,449,True,256800,0.20552500000523488,False,1521.9909999999986,0.009780861207909766,100000,True,210091,136359,800,0.0,2,14,320
0.5525,0.4475,0.0446927374301676,0.9553072625698324,0.0,2.67877094972067,6.91921409030862,15.461930928063957,0.12934995048839137,800,442,358,16,358,train,200,200,1.0,442,358,72,476,0.595,442,True,257600,0.2030500000052442,False,1522.6309999999983,0.012172378918912728,100000,True,210724,136801,800,0.0,2,14,321
0.58125,0.41874999999999996,0.11940298507462686,0.8805970149253731,0.0,2.8835820895522386,6.876359692642859,16.421157474968023,0.1217940941769024,800,465,335,40,335,train,200,200,1.0,465,335,49,514,0.6425,465,True,258400,0.20057500000525352,False,1523.7259999999985,0.00795626264582097,100000,True,211388,137266,800,0.0,2,14,322
0.55625,0.44375,0.10704225352112676,0.8929577464788733,0.0,2.8901408450704227,6.451205886104685,14.537928757419007,0.13757117904291274,800,445,355,38,355,train,200,200,1.0,445,355,70,600,0.75,445,True,259200,0.19810000000526284,False,1524.3999999999985,0.01795563913692604,100000,True,212084,137711,800,0.0,2,14,323
0.5675,0.4325,0.1994219653179191,0.8005780346820809,0.0,2.838150289017341,6.3072811147607855,14.583308935863087,0.1371430865790428,800,454,346,69,346,train,200,200,1.0,454,346,64,544,0.68,454,True,260000,0.19562500000527216,False,1525.1409999999987,0.012823552001063944,100000,True,212757,138165,800,0.0,2,14,324
0.56375,0.43625,0.04871060171919771,0.9512893982808023,0.0,3.189111747851003,6.47402290179995,14.840167110143152,0.1347693718780979,800,451,349,17,349,train,200,200,1.0,451,349,71,752,0.94,451,True,260800,0.19315000000528149,False,1526.0969999999986,0.007878283641948656,100000,True,213529,138616,800,0.0,2,14,325
0.54,0.45999999999999996,0.0,1.0,0.0,2.6005434782608696,6.53515242891604,14.206853106339217,0.14077712953247776,800,432,368,0,368,train,200,200,1.0,432,368,105,438,0.5475,432,True,261600,0.1906750000052908,False,1527.2119999999986,0.007636739794797905,100000,True,214151,139048,800,0.0,2,14,326
0.575,0.42500000000000004,0.052941176470588235,0.9470588235294117,0.0,2.9441176470588237,6.883526612756872,16.19653320648676,0.12348321548212517,800,460,340,18,340,train,200,200,1.0,460,340,65,575,0.71875,460,True,262400,0.18820000000530013,False,1528.2699999999988,0.008508528330276021,100000,True,214835,139508,800,0.0,2,14,327
0.56875,0.43125,0.13333333333333333,0.8666666666666667,0.0,2.7507246376811594,6.9512032780609925,16.118732238982012,0.12407923714764253,800,455,345,46,345,train,200,200,1.0,455,345,65,500,0.625,455,True,263200,0.18572500000530945,False,1529.3289999999988,0.007421404387496295,100000,True,215476,139963,800,0.0,2,14,328
0.555,0.44499999999999995,0.11797752808988764,0.8820224719101124,0.0,2.587078651685393,6.305411512880025,14.169464073887697,0.14114859881579536,800,444,356,42,356,train,200,200,1.0,444,356,75,421,0.52625,444,True,264000,0.18325000000531877,False,1530.2409999999986,0.008299605524916842,100000,True,216092,140407,800,0.0,2,14,329
0.5375,0.4625,0.26756756756756755,0.7324324324324324,0.0,2.72972972972973,6.1547625554326535,13.30759471444898,0.15029011950810772,800,430,370,99,370,train,200,200,1.0,430,370,92,582,0.7275,430,True,264800,0.1807750000053281,False,1531.071999999999,0.007830986963199393,100000,True,216765,140837,800,0.0,2,14,330
0.5425,0.4575,0.05191256830601093,0.9480874316939891,0.0,2.8060109289617485,6.498246089328724,14.203816588696665,0.1408072251222669,800,434,366,19,366,train,200,200,1.0,434,366,74,562,0.7025,434,True,265600,0.1783000000053374,False,1531.5249999999987,0.011613499848172068,100000,True,217449,141271,800,0.0,2,14,331
0.56625,0.43374999999999997,0.12103746397694524,0.8789625360230547,0.0,2.9538904899135447,6.3614758377363465,14.666226715242297,0.1363677269437982,800,453,347,42,347,train,200,200,1.0,453,347,89,620,0.775,453,True,266400,0.17582500000534673,False,1532.794999999999,0.01180761371855624,100000,True,218148,141724,800,0.0,2,14,332
0.59,0.41000000000000003,0.1402439024390244,0.8597560975609756,0.0,2.972560975609756,6.591070214575065,16.075781011158693,0.12441075171475267,800,472,328,46,328,train,200,200,1.0,472,328,54,549,0.68625,472,True,267200,0.17335000000535605,False,1533.4829999999988,0.01130761520966189,100000,True,218822,142196,800,0.0,2,14,333
0.56,0.43999999999999995,0.08522727272727272,0.9147727272727273,0.0,2.835227272727273,6.505401546117722,14.785003513903915,0.13527220322397535,800,448,352,30,352,train,200,200,1.0,448,352,71,570,0.7125,448,True,268000,0.17087500000536537,False,1534.5139999999988,0.011817100638199917,100000,True,219496,142644,800,0.0,2,14,334
0.555,0.44499999999999995,0.0702247191011236,0.9297752808988764,0.0,2.8876404494382024,6.24347271322947,14.030275760066225,0.14254887317984974,800,444,356,25,356,train,200,200,1.0,444,356,88,602,0.7525,444,True,268800,0.1684000000053747,False,1535.9729999999988,0.00637068724117853,100000,True,220196,143088,800,0.0,2,14,335
0.565,0.43500000000000005,0.27873563218390807,0.7212643678160919,0.0,2.8850574712643677,6.63234802261325,15.246777063478737,0.13117526357689627,800,452,348,97,348,train,200,200,1.0,452,348,61,573,0.71625,452,True,269600,0.16592500000538402,False,1536.7129999999988,0.013425334859930445,100000,True,220882,143540,800,0.0,2,14,336
0.57,0.43000000000000005,0.14534883720930233,0.8546511627906976,0.0,2.9593023255813953,6.808531083500281,15.833793217442512,0.1263121206987091,800,456,344,50,344,train,200,200,1.0,456,344,78,569,0.71125,456,True,270400,0.16345000000539334,False,1537.6659999999983,0.01592026427955716,100000,True,221579,143996,800,0.0,2,14,337
0.5675,0.4325,0.0,1.0,0.0,2.907514450867052,6.674801605243244,15.433067295360102,0.129591866718633,800,454,346,0,346,train,200,200,1.0,454,346,76,595,0.74375,454,True,271200,0.16097500000540266,False,1538.5389999999984,0.011349444889747247,100000,True,222263,144450,800,0.0,2,14,338
0.555,0.44499999999999995,0.0,1.0,0.0,2.651685393258427,6.403897621018943,14.390781170829085,0.13897786202559395,800,444,356,0,356,train,200,200,1.0,444,356,92,471,0.58875,444,True,272000,0.15850000000541198,False,1539.9309999999982,0.015828018702704866,100000,True,222887,144894,800,0.0,2,14,339
0.58125,0.41874999999999996,0.04776119402985075,0.9522388059701492,0.0,2.6417910447761193,6.5964793105552815,15.752786413266344,0.12696166554481325,800,465,335,16,335,train,200,200,1.0,465,335,71,362,0.4525,465,True,272800,0.1560250000054213,False,1541.137999999998,0.014556195903205662,100000,True,223483,145359,800,0.0,2,14,340
0.56125,0.43875,0.06267806267806268,0.9373219373219374,0.0,2.7891737891737893,6.735150716749696,15.35077086438677,0.13028661672228636,800,449,351,22,351,train,200,200,1.0,449,351,76,532,0.665,449,True,273600,0.15355000000543062,False,1541.788999999998,0.011182240283087595,100000,True,224145,145808,800,0.0,2,14,341
0.555,0.44499999999999995,0.29775280898876405,0.702247191011236,0.0,2.7668539325842696,6.010825835470047,13.507473787573138,0.14806617665547483,800,444,356,106,356,train,200,200,1.0,444,356,83,546,0.6825,444,True,274400,0.15107500000543994,False,1542.6179999999981,0.007630651564340951,100000,True,224806,146252,800,0.0,2,14,342
0.57625,0.42374999999999996,0.1710914454277286,0.8289085545722714,0.0,3.0648967551622417,6.769765799063361,15.975848493364863,0.12518896888829698,800,461,339,58,339,train,200,200,1.0,461,339,82,605,0.75625,461,True,275200,0.14860000000544926,False,1543.3299999999983,0.00540571570454631,100000,True,225519,146713,800,0.0,2,14,343
0.55625,0.44375,0.17746478873239438,0.8225352112676056,0.0,2.788732394366197,6.636778054028176,14.956119558373356,0.13372452608405883,800,445,355,63,355,train,200,200,1.0,445,355,59,519,0.64875,445,True,276000,0.14612500000545858,False,1543.8669999999981,0.009389527168950735,100000,True,226180,147158,800,0.0,2,14,344
0.5475,0.4525,0.11878453038674033,0.8812154696132597,0.0,2.850828729281768,6.568468500711615,14.515952487760476,0.13777945344519107,800,438,362,43,362,train,200,200,1.0,438,362,90,604,0.755,438,True,276800,0.1436500000054679,False,1544.8339999999982,0.010379989530956663,100000,True,226871,147596,800,0.0,2,14,345
0.57875,0.42125,0.05341246290801187,0.9465875370919882,0.0,3.1602373887240356,6.815153248845544,16.17840533850574,0.1236215781563996,800,463,337,18,337,train,200,200,1.0,463,337,87,638,0.7975,463,True,277600,0.14117500000547722,False,1546.3479999999984,0.010159146458390752,100000,True,227603,148059,800,0.0,2,14,346
0.5625,0.4375,0.11714285714285715,0.8828571428571429,0.0,2.874285714285714,6.957706145092576,15.903328331640173,0.12575983833654097,800,450,350,41,350,train,200,200,1.0,450,350,84,542,0.6775,450,True,278400,0.13870000000548655,False,1547.0579999999984,0.009505936007735727,100000,True,228279,148509,800,0.0,2,14,347
0.5825,0.4175,0.12574850299401197,0.874251497005988,0.0,3.07185628742515,6.99977097240114,16.765918496769196,0.11928961723065762,800,466,334,42,334,train,200,200,1.0,466,334,68,609,0.76125,466,True,279200,0.13622500000549587,False,1547.9659999999985,0.01601350968638144,100000,True,228984,148975,800,0.0,2,14,348
0.58625,0.41374999999999995,0.2719033232628399,0.7280966767371602,0.0,3.1570996978851964,6.35633672329902,15.36274736749008,0.1301850477755239,800,469,331,90,331,train,200,200,1.0,469,331,55,653,0.81625,469,True,280000,0.1337500000055052,False,1548.8239999999985,0.005785441125608486,100000,True,229706,149444,800,0.0,2,14,349
0.525,0.475,0.11578947368421053,0.8842105263157894,0.0,2.6973684210526314,6.6228211327578705,13.942781332121834,0.1434434028877965,800,420,380,44,380,train,200,200,1.0,420,380,106,574,0.7175,420,True,280800,0.1312750000055145,False,1549.4459999999985,0.008692436941037157,100000,True,230379,149864,800,0.0,2,14,350
0.555,0.44499999999999995,0.17134831460674158,0.8286516853932584,0.0,2.792134831460674,6.5341315520421945,14.68344168998246,0.13620784842047404,800,444,356,61,356,train,200,200,1.0,444,356,60,535,0.66875,444,True,281600,0.12880000000552383,False,1549.5579999999984,0.010255382968643971,100000,True,231050,150308,800,0.0,2,14,351
0.57625,0.42374999999999996,0.032448377581120944,0.967551622418879,0.0,2.9085545722713864,6.250032320467459,14.749338809362735,0.13559929877876423,800,461,339,11,339,train,200,200,1.0,461,339,64,497,0.62125,461,True,282400,0.12632500000553315,False,1550.3469999999986,0.008392424150988518,100000,True,231730,150769,800,0.0,2,14,352
0.57625,0.42374999999999996,0.0,1.0,0.0,2.8289085545722714,6.797591077601107,16.041512867495236,0.12467652000906852,800,461,339,0,339,train,200,200,1.0,461,339,66,507,0.63375,461,True,283200,0.12385000000553731,False,1551.0549999999982,0.015216743526798382,100000,True,232383,151230,800,0.0,2,14,353
0.545,0.45499999999999996,0.2445054945054945,0.7554945054945055,0.0,2.8241758241758244,6.91095680689593,15.188916059111934,0.13167496562733233,800,436,364,89,364,train,200,200,1.0,436,364,81,595,0.74375,436,True,284000,0.12137500000553553,False,1551.7479999999982,0.0084977943017293,100000,True,233075,151666,800,0.0,2,14,354
0.55875,0.44125000000000003,0.26912181303116145,0.7308781869688386,0.0,2.7677053824362607,6.108801316819629,13.844308933302274,0.14446369332231748,800,447,353,95,353,train,200,200,1.0,447,353,87,512,0.64,447,True,284800,0.11890000000553375,False,1552.5159999999983,0.01067560508437964,100000,True,233727,152113,800,0.0,2,14,355
0.57875,0.42125,0.09495548961424333,0.9050445103857567,0.0,2.9762611275964392,6.417072824201874,15.233407297808604,0.13129039097429696,800,463,337,32,337,train,200,200,1.0,463,337,73,604,0.755,463,True,285600,0.11642500000553196,False,1552.9309999999982,0.00670436330645316,100000,True,234417,152576,800,0.0,2,14,356
0.56625,0.43374999999999997,0.040345821325648415,0.9596541786743515,0.0,2.829971181556196,6.8932119748493506,15.89213135411954,0.12584844382635701,800,453,347,14,347,train,200,200,1.0,453,347,77,489,0.61125,453,True,286400,0.11395000000553018,False,1553.8629999999985,0.010947579254516313,100000,True,235081,153029,800,0.0,2,14,357
0.57375,0.42625,0.06158357771260997,0.9384164222873901,0.0,2.929618768328446,6.343791280814684,14.882794793700137,0.13438336197759018,800,459,341,21,341,train,200,200,1.0,459,341,76,553,0.69125,459,True,287200,0.1114750000055284,False,1554.6679999999988,0.0013304981422334093,100000,True,235765,153488,800,0.0,2,14,358
0.555,0.44499999999999995,0.1853932584269663,0.8146067415730337,0.0,2.5898876404494384,6.6416139116320005,14.924975082319103,0.13400357380625066,800,444,356,66,356,train,200,200,1.0,444,356,67,433,0.54125,444,True,288000,0.10900000000552662,False,1555.2619999999984,0.007320350537484046,100000,True,236376,153932,800,0.0,2,14,359
0.56375,0.43625,0.04871060171919771,0.9512893982808023,0.0,2.7535816618911175,6.905305048869269,15.828779481648754,0.12635212982268904,800,451,349,17,349,train,200,200,1.0,451,349,87,494,0.6175,451,True,288800,0.10652500000552484,False,1555.9929999999988,0.008775467531704636,100000,True,237020,154383,800,0.0,2,14,360
0.5525,0.4475,0.08379888268156424,0.9162011173184358,0.0,2.5921787709497206,6.7414464468888085,15.06468479751689,0.13276082618931792,800,442,358,30,358,train,200,200,1.0,442,358,75,431,0.53875,442,True,289600,0.10405000000552306,False,1556.5849999999982,0.011155273995245806,100000,True,237625,154825,800,0.0,2,14,361
0.5825,0.4175,0.0,1.0,0.0,2.805389221556886,7.243635281223325,17.35002462568461,0.11527361160278944,800,466,334,0,334,train,200,200,1.0,466,334,70,434,0.5425,466,True,290400,0.10157500000552128,False,1557.6759999999983,0.007427752394687559,100000,True,238257,155291,800,0.0,2,14,362
0.5475,0.4525,0.0,1.0,0.0,2.6298342541436464,6.292227323437952,13.905474747929176,0.14382824292265484,800,438,362,0,362,train,200,200,1.0,438,362,75,485,0.60625,438,True,291200,0.0991000000055195,False,1558.1329999999984,0.003717538316268474,100000,True,238892,155729,800,0.0,2,14,363
0.56,0.43999999999999995,0.05397727272727273,0.9460227272727273,0.0,2.934659090909091,6.377863763699195,14.49514491749817,0.13797723385198107,800,448,352,19,352,train,200,200,1.0,448,352,93,596,0.745,448,True,292000,0.09662500000551771,False,1558.7359999999985,0.010424196790354471,100000,True,239586,156177,800,0.0,2,14,364
0.585,0.41500000000000004,0.10542168674698796,0.8945783132530121,0.0,2.963855421686747,6.601570029197075,15.907397660715842,0.12572766725629206,800,468,332,35,332,train,200,200,1.0,468,332,63,546,0.6825,468,True,292800,0.09415000000551593,False,1559.6689999999985,0.009483667938202416,100000,True,240258,156645,800,0.0,2,14,365
0.57,0.43000000000000005,0.05813953488372093,0.9418604651162791,0.0,2.9156976744186047,6.535324050325086,15.198428024011827,0.13159255660126312,800,456,344,20,344,train,200,200,1.0,456,344,78,583,0.72875,456,True,293600,0.09167500000551415,False,1560.5329999999985,0.010641742532861827,100000,True,240940,157101,800,0.0,2,14,366
0.5725,0.4275,0.23684210526315788,0.7631578947368421,0.0,2.763157894736842,6.722610814647972,15.72540541438122,0.1271827305750068,800,458,342,81,342,train,200,200,1.0,458,342,78,448,0.56,458,True,294400,0.08920000000551237,False,1561.6299999999983,0.010832516795962874,100000,True,241573,157559,800,0.0,2,14,367
0.575,0.42500000000000004,0.0,1.0,0.0,3.0470588235294116,7.0876643030815725,16.67685718372135,0.11992667311154075,800,460,340,0,340,train,200,200,1.0,460,340,57,625,0.78125,460,True,295200,0.08672500000551059,False,1562.6089999999986,0.008785008775266761,100000,True,242288,158019,800,0.0,2,14,368
0.54875,0.45125000000000004,0.07202216066481995,0.9279778393351801,0.0,2.9113573407202216,6.741486148182973,14.93958149181822,0.13387255868548364,800,439,361,26,361,train,200,200,1.0,439,361,79,610,0.7625,439,True,296000,0.08425000000550881,False,1563.2719999999986,0.006315264254517387,100000,True,243003,158458,800,0.0,2,14,369
0.59125,0.40874999999999995,0.0,1.0,0.0,3.1926605504587156,6.958335425902404,17.023450583247474,0.11748499460903482,800,473,327,0,327,train,200,200,1.0,473,327,69,665,0.83125,473,True,296800,0.08177500000550703,False,1563.5999999999985,0.007511475400897325,100000,True,243735,158931,800,0.0,2,14,370
0.5775,0.4225,0.0,1.0,0.0,3.0532544378698225,7.454608075984299,17.64404278339479,0.11335270632432638,800,462,338,0,338,train,200,200,1.0,462,338,73,622,0.7775,462,True,297600,0.07930000000550524,False,1564.4559999999985,0.005110263716969712,100000,True,244456,159393,800,0.0,2,14,371
0.5525,0.4475,0.07541899441340782,0.9245810055865922,0.0,2.946927374301676,6.134498757860882,13.708377112538285,0.1458961905979893,800,442,358,27,358,train,200,200,1.0,442,358,97,650,0.8125,442,True,298400,0.07682500000550346,False,1565.6409999999987,0.003794535406123032,100000,True,245169,159835,800,0.0,2,14,372
0.58,0.42000000000000004,0.22321428571428573,0.7767857142857143,0.0,2.8601190476190474,6.31348966348574,15.032118246394619,0.13304844781138483,800,464,336,75,336,train,200,200,1.0,464,336,65,509,0.63625,464,True,299200,0.07435000000550168,False,1566.503999999998,0.011084807457846181,100000,True,245822,160299,800,0.0,2,14,373
0.57,0.43000000000000005,0.0,1.0,0.0,2.979651162790698,6.55735926604711,15.249672711737464,0.1311503556702976,800,456,344,0,344,train,200,200,1.0,456,344,69,611,0.76375,456,True,300000,0.0718750000054999,False,1566.7689999999982,0.012305840347380581,100000,True,246523,160755,800,0.0,2,14,374
0.565,0.43500000000000005,0.0,1.0,0.0,2.6695402298850577,6.730890260059059,15.473310942664504,0.12925481866233343,800,452,348,0,348,train,200,200,1.0,452,348,63,426,0.5325,452,True,300800,0.06940000000549812,False,1566.8599999999985,0.008313543234071403,100000,True,247150,161207,800,0.0,2,14,375
0.5825,0.4175,0.05389221556886228,0.9461077844311377,0.0,3.029940119760479,7.283221176442346,17.44484114117927,0.11464707438802163,800,466,334,18,334,train,200,200,1.0,466,334,72,557,0.69625,466,True,301600,0.06692500000549634,False,1567.9389999999983,0.004886784282225562,100000,True,247848,161673,800,0.0,2,14,376
0.5725,0.4275,0.08187134502923976,0.9181286549707602,0.0,2.973684210526316,6.523466518938353,15.25957080453416,0.13106528523107144,800,458,342,28,342,train,200,200,1.0,458,342,65,613,0.76625,458,True,302400,0.06445000000549456,False,1568.411999999998,0.012549543420664121,100000,True,248552,162131,800,0.0,2,14,377
0.585,0.41500000000000004,0.14156626506024098,0.858433734939759,0.0,2.8704819277108435,6.552458452823868,15.789056512828596,0.12667001339662073,800,468,332,47,332,train,200,200,1.0,468,332,88,457,0.57125,468,True,303200,0.061975000005492775,False,1570.2009999999982,0.006042435961608135,100000,True,249197,162599,800,0.0,2,14,378
0.57875,0.42125,0.0,1.0,0.0,3.029673590504451,6.458175700213202,15.330980890713832,0.13045479700593882,800,463,337,0,337,train,200,200,1.0,463,337,83,579,0.72375,463,True,304000,0.059500000005490994,False,1570.845999999998,0.010825716771023508,100000,True,249899,163062,800,0.0,2,14,379
0.57125,0.42874999999999996,0.0,1.0,0.0,3.0991253644314867,6.603414069156497,15.4015488493446,0.1298570695430485,800,457,343,0,343,train,200,200,1.0,457,343,73,698,0.8725,457,True,304800,0.05702500000548921,False,1571.4189999999985,0.0025221767926268514,100000,True,250635,163519,800,0.0,2,14,380
0.5775,0.4225,0.10355029585798817,0.8964497041420119,0.0,2.8491124260355027,6.764618704609539,16.010931845229678,0.12491465327146983,800,462,338,35,338,train,200,200,1.0,462,338,76,517,0.64625,462,True,305600,0.05455000000548743,False,1572.4929999999983,0.00488085929024237,100000,True,251284,163981,800,0.0,2,14,381
0.55375,0.44625000000000004,0.0,1.0,0.0,2.831932773109244,6.7316762876171685,15.084988879814384,0.13258213286960072,800,443,357,0,357,train,200,200,1.0,443,357,86,570,0.7125,443,True,306400,0.05207500000548565,False,1573.6529999999984,0.014424003936819646,100000,True,251960,164424,800,0.0,2,14,382
0.55125,0.44875,0.04178272980501393,0.958217270194986,0.0,2.8467966573816157,6.318669181728084,14.080599847862025,0.14203940326474634,800,441,359,15,359,train,200,200,1.0,441,359,102,552,0.69,441,True,307200,0.04960000000548387,False,1574.6179999999983,0.007497841724534738,100000,True,252638,164865,800,0.0,2,14,383
0.5725,0.4275,0.14327485380116958,0.8567251461988304,0.0,2.91812865497076,7.172058008377569,16.776743879245775,0.11921264426490805,800,458,342,49,342,train,200,200,1.0,458,342,65,537,0.67125,458,True,308000,0.04712500000548209,False,1575.3759999999984,0.01317567298625363,100000,True,253327,165323,800,0.0,2,14,384
0.55375,0.44625000000000004,0.0,1.0,0.0,2.8151260504201683,6.60668301051006,14.804891900302655,0.13509048316381927,800,443,357,0,357,train,200,200,1.0,443,357,85,532,0.665,443,True,308800,0.044650000005480306,False,1576.092999999998,0.007275794596698688,100000,True,254000,165766,800,0.0,2,14,385
0.59625,0.40375000000000005,0.034055727554179564,0.9659442724458205,0.0,3.08359133126935,6.898764456289548,17.08672311155306,0.11704994497439447,800,477,323,11,323,train,200,200,1.0,477,323,73,611,0.76375,477,True,309600,0.042175000005478525,False,1577.1459999999984,0.01039781275497262,100000,True,254687,166243,800,0.0,2,14,386
0.5525,0.4475,0.10614525139664804,0.8938547486033519,0.0,2.810055865921788,6.289361225443976,14.054438492612237,0.14230379968942244,800,442,358,38,358,train,200,200,1.0,442,358,105,540,0.675,442,True,310400,0.03970000000547674,False,1577.9589999999985,0.012294342619788949,100000,True,255355,166685,800,0.0,2,14,387
0.55,0.44999999999999996,0.13333333333333333,0.8666666666666667,0.0,2.7694444444444444,6.328351341623959,14.063002981386575,0.14221713546154743,800,440,360,48,360,train,200,200,1.0,440,360,81,523,0.65375,440,True,311200,0.03722500000547496,False,1578.6209999999983,0.011740071368640201,100000,True,256025,167125,800,0.0,2,14,388
0.555,0.44499999999999995,0.047752808988764044,0.952247191011236,0.0,2.853932584269663,6.802528734330241,15.286581425461215,0.1308336994606796,800,444,356,17,356,train,200,200,1.0,444,356,77,595,0.74375,444,True,312000,0.03475000000547318,False,1578.5379999999982,0.00622028556681471,100000,True,256704,167569,800,0.0,2,14,389
0.57125,0.42874999999999996,0.061224489795918366,0.9387755102040817,0.0,3.131195335276968,6.435102697210372,15.008985882706407,0.1332535066412736,800,457,343,21,343,train,200,200,1.0,457,343,87,697,0.87125,457,True,312800,0.0322750000054714,False,1579.5249999999983,0.012342522354792891,100000,True,257443,168026,800,0.0,2,14,390
0.5775,0.4225,0.11538461538461539,0.8846153846153846,0.0,2.86094674556213,7.268237469993988,17.202928923062693,0.11625927241487048,800,462,338,39,338,train,200,200,1.0,462,338,68,539,0.67375,462,True,313600,0.029800000005471245,False,1580.200999999998,0.01171615164817922,100000,True,258100,168488,800,0.0,2,14,391
0.5525,0.4475,0.055865921787709494,0.9441340782122905,0.0,2.8072625698324023,6.100635341811064,13.632704674438132,0.14670603139742916,800,442,358,20,358,train,200,200,1.0,442,358,104,525,0.65625,442,True,314400,0.02732500000547224,False,1581.0439999999983,0.0047474399734983306,100000,True,258770,168930,800,0.0,2,14,392
0.54375,0.45625000000000004,0.0,1.0,0.0,2.8164383561643835,6.340027117943703,13.895949847547842,0.14392682917986577,800,435,365,0,365,train,200,200,1.0,435,365,84,583,0.72875,435,True,315200,0.024850000005473234,False,1581.5799999999979,0.012139632972539402,100000,True,259454,169365,800,0.0,2,14,393
0.59375,0.40625,0.06461538461538462,0.9353846153846154,0.0,2.9107692307692306,6.674155589597317,16.428690682085705,0.12173824674785892,800,475,325,21,325,train,200,200,1.0,475,325,64,468,0.585,475,True,316000,0.022375000005474228,False,1582.5219999999981,0.00953544832946136,100000,True,260104,169840,800,0.0,2,14,394
0.565,0.43500000000000005,0.08333333333333333,0.9166666666666666,0.0,3.0517241379310347,6.632834530492679,15.247895472396964,0.13116564207962797,800,452,348,29,348,train,200,200,1.0,452,348,97,587,0.73375,452,True,316800,0.019900000005475222,False,1583.6959999999976,0.0060407503220085345,100000,True,260828,170292,800,0.0,2,14,395
0.57625,0.42374999999999996,0.0,1.0,0.0,2.9852507374631267,6.803063881901292,16.054428039885057,0.12457622252448174,800,461,339,0,339,train,200,200,1.0,461,339,80,608,0.76,461,True,317600,0.017425000005476216,False,1584.661999999998,0.004067098650839398,100000,True,261522,170753,800,0.0,2,14,396
0.58375,0.41625,0.06906906906906907,0.9309309309309309,0.0,2.93993993993994,6.72115455458118,16.146917848843678,0.12386264788875638,800,467,333,23,333,train,200,200,1.0,467,333,80,501,0.62625,467,True,318400,0.01495000000547683,False,1585.113999999998,0.006655162341739924,100000,True,262191,171220,800,0.0,2,14,397
0.5775,0.4225,0.038461538461538464,0.9615384615384616,0.0,2.727810650887574,6.308253948715856,14.930778576842261,0.13395148750662028,800,462,338,13,338,train,200,200,1.0,462,338,58,423,0.52875,462,True,319200,0.012475000005476437,False,1585.4569999999983,0.011911339973630674,100000,True,262814,171682,800,0.0,2,14,398
0.55,0.44999999999999996,0.0,1.0,0.0,2.775,6.31272795208494,14.028284337966534,0.14256910908108308,800,440,360,0,360,train,200,200,1.0,440,360,71,512,0.64,440,True,320000,0.010000000005476043,False,1585.8889999999983,0.006026922038599878,100000,True,263486,172122,800,0.0,2,14,399
0.58375,0.41625,0.06006006006006006,0.93993993993994,0.0,3.1321321321321323,6.623994470134425,15.913500228551174,0.12567945274614722,800,467,333,20,333,train,200,200,1.0,467,333,70,626,0.7825,467,True,320800,0.01,False,1586.439999999998,0.011326929282913624,100000,True,264212,172589,800,0.0,2,14,400
0.5875,0.4125,0.048484848484848485,0.9515151515151515,0.0,3.0636363636363635,7.013768571479756,17.003075324799408,0.11762578014830943,800,470,330,16,330,train,200,200,1.0,470,330,88,600,0.75,470,True,321600,0.01,False,1587.5949999999982,0.006708733154737274,100000,True,264905,173059,800,0.0,2,14,401
0.5875,0.4125,0.0,1.0,0.0,3.1515151515151514,6.983900404440342,16.9306676471281,0.11812883234638735,800,470,330,0,330,train,200,200,1.0,470,330,78,648,0.81,470,True,322400,0.01,False,1588.340999999998,0.016024740344910242,100000,True,265620,173529,800,0.0,2,14,402
0.525,0.475,0.0,1.0,0.0,2.705263157894737,6.841886315753657,14.40397119106033,0.13885059706598682,800,420,380,0,380,train,200,200,1.0,420,380,99,549,0.68625,420,True,323200,0.01,False,1588.7619999999981,0.011135957607548335,100000,True,266291,173949,800,0.0,2,14,403
0.5525,0.4475,0.055865921787709494,0.9441340782122905,0.0,2.5865921787709496,6.664615540260249,14.892995620693295,0.13429131727005078,800,442,358,20,358,train,200,200,1.0,442,358,91,395,0.49375,442,True,324000,0.01,False,1589.2809999999981,0.004813577060313037,100000,True,266894,174391,800,0.0,2,14,404
0.56,0.43999999999999995,0.38920454545454547,0.6107954545454546,0.0,2.71875,6.139193337494899,13.952712130670227,0.14334130750133442,800,448,352,137,352,train,200,200,1.0,448,352,94,435,0.54375,448,True,324800,0.01,False,1589.8949999999982,0.010218682508730125,100000,True,267522,174839,800,0.0,2,14,405
0.56625,0.43374999999999997,0.138328530259366,0.861671469740634,0.0,2.610951008645533,6.26903218517897,14.453100138741142,0.13837861640763524,800,453,347,48,347,train,200,200,1.0,453,347,78,406,0.5075,453,True,325600,0.01,False,1589.9289999999983,0.009429977699273877,100000,True,268121,175292,800,0.0,2,14,406
0.55,0.44999999999999996,0.14166666666666666,0.8583333333333333,0.0,2.7055555555555557,6.244522506717976,13.876716681595504,0.14412631214504598,800,440,360,51,360,train,200,200,1.0,440,360,90,494,0.6175,440,True,326400,0.01,False,1590.1649999999981,0.004804636200642563,100000,True,268773,175732,800,0.0,2,14,407
0.585,0.41500000000000004,0.04819277108433735,0.9518072289156626,0.0,2.75,7.048656602604259,16.984714705070502,0.11775293460789973,800,468,332,16,332,train,200,200,1.0,468,332,69,410,0.5125,468,True,327200,0.01,False,1591.181999999998,0.005979097145354899,100000,True,269387,176200,800,0.0,2,14,408
0.57125,0.42874999999999996,0.2303206997084548,0.7696793002915452,0.0,2.7551020408163267,6.4293432600172284,14.9955527930431,0.13337287578540366,800,457,343,79,343,train,200,200,1.0,457,343,64,452,0.565,457,True,328000,0.01,False,1591.406999999998,0.008999114204889337,100000,True,270023,176657,800,0.0,2,14,409
0.57,0.43000000000000005,0.06395348837209303,0.936046511627907,0.0,2.880813953488372,7.033358998260238,16.356648833163344,0.12227443533206941,800,456,344,22,344,train,200,200,1.0,456,344,82,535,0.66875,456,True,328800,0.01,False,1591.6219999999978,0.001294565293683263,100000,True,270692,177113,800,0.0,2,14,410
0.585,0.41500000000000004,0.06325301204819277,0.9367469879518072,0.0,3.0481927710843375,7.131563253862234,17.184489768342733,0.11638401994829081,800,468,332,21,332,train,200,200,1.0,468,332,73,611,0.76375,468,True,329600,0.01,False,1592.3809999999978,0.007401418175027175,100000,True,271391,177581,800,0.0,2,14,411
0.58875,0.41125,0.0,1.0,0.0,2.972644376899696,6.886393083541176,16.74502877456821,0.11943843315680253,800,471,329,0,329,train,200,200,1.0,471,329,54,523,0.65375,471,True,330400,0.01,False,1592.1329999999978,0.010867470743614832,100000,True,272064,178052,800,0.0,2,14,412
0.56,0.43999999999999995,0.2215909090909091,0.7784090909090909,0.0,3.059659090909091,6.299454459884114,14.316941954282077,0.13969463635366747,800,448,352,78,352,train,200,200,1.0,448,352,105,674,0.8425,448,True,331200,0.01,False,1592.963999999998,0.00473079378006787,100000,True,272794,178500,800,0.0,2,14,413
0.5825,0.4175,0.1467065868263473,0.8532934131736527,0.0,3.1107784431137726,6.524063258076105,15.626498821739174,0.1279877228299952,800,466,334,49,334,train,200,200,1.0,466,334,69,654,0.8175,466,True,332000,0.01,False,1593.1979999999978,0.009445919678364589,100000,True,273513,178966,800,0.0,2,14,414
0.55125,0.44875,0.09192200557103064,0.9080779944289693,0.0,2.746518105849582,6.588245005579438,14.681325917725767,0.13622747776379404,800,441,359,33,359,train,200,200,1.0,441,359,85,520,0.65,441,True,332800,0.01,False,1593.567999999998,0.01696103652324382,100000,True,274167,179407,800,0.0,2,14,415
0.56625,0.43374999999999997,0.04899135446685879,0.9510086455331412,0.0,2.873198847262248,7.374198650885531,17.001034353626586,0.1176399011024508,800,453,347,17,347,train,200,200,1.0,453,347,99,461,0.57625,453,True,333600,0.01,False,1594.1099999999979,0.010459962547702161,100000,True,274831,179860,800,0.0,2,14,416
0.52375,0.47624999999999995,0.09711286089238845,0.9028871391076115,0.0,2.5695538057742784,6.661085254604984,13.986530718330675,0.1429947168656206,800,419,381,37,381,train,200,200,1.0,419,381,113,465,0.58125,419,True,334400,0.01,False,1594.3959999999977,0.006536325044244222,100000,True,275452,180279,800,0.0,2,14,417
0.56875,0.43125,0.14782608695652175,0.8521739130434782,0.0,3.139130434782609,6.422620641716551,14.89303337209635,0.13429097686353195,800,455,345,51,345,train,200,200,1.0,455,345,93,668,0.835,455,True,335200,0.01,False,1594.982999999998,0.009442052596587019,100000,True,276197,180734,800,0.0,2,14,418
0.5875,0.4125,0.29393939393939394,0.706060606060606,0.0,2.881818181818182,6.371286150817246,15.445542183799386,0.12948719936149422,800,470,330,97,330,train,200,200,1.0,470,330,80,459,0.57375,470,True,336000,0.01,False,1595.1969999999978,0.014215437762486545,100000,True,276839,181204,800,0.0,2,14,419
0.5575,0.4425,0.0,1.0,0.0,2.7824858757062145,6.491561798344038,14.670196154449803,0.13633082877309413,800,446,354,0,354,train,200,200,1.0,446,354,95,467,0.58375,446,True,336800,0.01,False,1595.713999999998,0.016960538307757816,100000,True,277489,181650,800,0.0,2,14,420
0.57875,0.42125,0.228486646884273,0.771513353115727,0.0,3.0741839762611276,7.08460527857548,16.818054073769684,0.11891982218794887,800,463,337,77,337,train,200,200,1.0,463,337,91,603,0.75375,463,True,337600,0.01,False,1596.5529999999976,0.008340765655921132,100000,True,278199,182113,800,0.0,2,14,421
0.58625,0.41374999999999995,0.0,1.0,0.0,2.879154078549849,6.878309575284524,16.624313172893107,0.12030572205900898,800,469,331,0,331,train,200,200,1.0,469,331,82,456,0.57,469,True,338400,0.01,False,1597.3779999999979,0.008404577003730082,100000,True,278848,182582,800,0.0,2,14,422
0.575,0.42500000000000004,0.04411764705882353,0.9558823529411765,0.0,2.9970588235294118,6.795621456829216,15.989697545480508,0.12508053978577602,800,460,340,15,340,train,200,200,1.0,460,340,90,551,0.68875,460,True,339200,0.01,False,1598.445999999998,0.007239731401405151,100000,True,279546,183042,800,0.0,2,14,423
0.57875,0.42125,0.11275964391691394,0.887240356083086,0.0,2.8664688427299705,6.526876114408092,15.494067927378259,0.12908165946955535,800,463,337,38,337,train,200,200,1.0,463,337,86,450,0.5625,463,True,340000,0.01,False,1599.554999999998,0.006589157058351702,100000,True,280192,183505,800,0.0,2,14,424
0.575,0.42500000000000004,0.0,1.0,0.0,2.8941176470588235,7.088628823466754,16.679126643451188,0.11991035518548993,800,460,340,0,340,train,200,200,1.0,460,340,80,546,0.6825,460,True,340800,0.01,False,1600.4099999999983,0.010860431226301443,100000,True,280866,183965,800,0.0,2,14,425
0.57875,0.42125,0.2344213649851632,0.7655786350148368,0.0,2.851632047477745,6.333772714933458,15.035662231296042,0.13301708759040168,800,463,337,79,337,train,200,200,1.0,463,337,77,534,0.6675,463,True,341600,0.01,False,1600.5199999999982,0.008431136686394893,100000,True,281513,184428,800,0.0,2,14,426
0.54875,0.45125000000000004,0.0,1.0,0.0,2.839335180055402,7.131430508603692,15.803724118789347,0.12655244959776046,800,439,361,0,361,train,200,200,1.0,439,361,83,557,0.69625,439,True,342400,0.01,False,1600.8169999999982,0.009577242225495865,100000,True,282205,184867,800,0.0,2,14,427
0.585,0.41500000000000004,0.2469879518072289,0.7530120481927711,0.0,2.9006024096385543,6.374438474959303,15.360092710745308,0.13020754741935117,800,468,332,82,332,train,200,200,1.0,468,332,77,507,0.63375,468,True,343200,0.01,False,1601.292999999998,0.011959100932344882,100000,True,282861,185335,800,0.0,2,14,428
0.5825,0.4175,0.11676646706586827,0.8832335329341318,0.0,2.92814371257485,6.689251876705701,16.022160183726232,0.12482711301509815,800,466,334,39,334,train,200,200,1.0,466,334,91,543,0.67875,466,True,344000,0.01,False,1602.295999999998,0.006087303712465655,100000,True,283525,185801,800,0.0,2,14,429
0.6,0.4,0.24375,0.75625,0.0,3.246875,6.785928532360426,16.964821330901067,0.11789101464670554,800,480,320,78,320,train,200,200,1.0,480,320,79,628,0.785,480,True,344800,0.01,False,1603.1689999999978,0.006120327670560073,100000,True,284251,186281,800,0.0,2,14,430
0.5825,0.4175,0.0,1.0,0.0,3.1107784431137726,7.229814760803345,17.3169215827625,0.11549396874273699,800,466,334,0,334,train,200,200,1.0,466,334,81,610,0.7625,466,True,345600,0.01,False,1604.2249999999979,0.00534392758751892,100000,True,284971,186747,800,0.0,2,14,431
0.57125,0.42874999999999996,0.06997084548104957,0.9300291545189504,0.0,3.0903790087463556,6.70546547896184,15.639569630231698,0.12788075677823946,800,457,343,24,343,train,200,200,1.0,457,343,93,683,0.85375,457,True,346400,0.01,False,1604.607999999998,0.005130747784405685,100000,True,285704,187204,800,0.0,2,14,432
0.5575,0.4425,0.23728813559322035,0.7627118644067796,0.0,2.7175141242937855,6.28932229733864,14.21315773409862,0.1407146840565783,800,446,354,84,354,train,200,200,1.0,446,354,91,505,0.63125,446,True,347200,0.01,False,1605.146999999998,0.007069480792179093,100000,True,286342,187650,800,0.0,2,14,433
0.57875,0.42125,0.1632047477744807,0.8367952522255193,0.0,3.0326409495548963,6.4125524326024355,15.222676397869284,0.13138294132560946,800,463,337,55,337,train,200,200,1.0,463,337,82,600,0.75,463,True,348000,0.01,False,1605.923999999998,0.005089357782790103,100000,True,287042,188113,800,0.0,2,14,434
0.55875,0.44125000000000003,0.2804532577903683,0.7195467422096318,0.0,2.73371104815864,6.79823247714151,15.406759154994923,0.12981315407605326,800,447,353,99,353,train,200,200,1.0,447,353,86,511,0.63875,447,True,348800,0.01,False,1606.3349999999978,0.009090196970373655,100000,True,287679,188560,800,0.0,2,14,435
0.57375,0.42625,0.05278592375366569,0.9472140762463344,0.0,2.844574780058651,6.406132590514636,15.029050065723487,0.1330756096528927,800,459,341,18,341,train,200,200,1.0,459,341,75,511,0.63875,459,True,349600,0.01,False,1606.7829999999979,0.007010031539393822,100000,True,288332,189019,800,0.0,2,14,436
0.5775,0.4225,0.1301775147928994,0.8698224852071006,0.0,2.7071005917159763,6.762365719637651,16.005599336420474,0.12495627048773071,800,462,338,44,338,train,200,200,1.0,462,338,89,402,0.5025,462,True,350400,0.01,False,1607.3109999999976,0.01157727920153775,100000,True,288932,189481,800,0.0,2,14,437
0.57625,0.42374999999999996,0.1710914454277286,0.8289085545722714,0.0,2.9587020648967552,6.549902276092521,15.456996521752261,0.1293912434531151,800,461,339,58,339,train,200,200,1.0,461,339,76,543,0.67875,461,True,351200,0.01,False,1607.689999999998,0.015486100792204525,100000,True,289611,189942,800,0.0,2,14,438
0.5625,0.4375,0.2057142857142857,0.7942857142857143,0.0,2.9657142857142857,6.1564533243269235,14.071893312747255,0.14212728561467045,800,450,350,72,350,train,200,200,1.0,450,350,87,633,0.79125,450,True,352000,0.01,False,1607.7759999999978,0.008317042065773422,100000,True,290317,190392,800,0.0,2,14,439
0.59375,0.40625,0.052307692307692305,0.9476923076923077,0.0,3.1753846153846155,6.798309188069203,16.734299539862654,0.11951501138340535,800,475,325,17,325,train,200,200,1.0,475,325,67,598,0.7475,475,True,352800,0.01,False,1607.929999999998,0.006834376963906834,100000,True,291039,190867,800,0.0,2,14,440
0.61125,0.38875000000000004,0.06430868167202572,0.9356913183279743,0.0,3.2508038585209005,6.767077208555403,17.407272562200394,0.11489450704316351,800,489,311,20,311,train,200,200,1.0,489,311,43,608,0.76,489,True,353600,0.01,False,1608.271999999998,0.008919930822030438,100000,True,291759,191356,800,0.0,2,14,441
0.55125,0.44875,0.08356545961002786,0.9164345403899722,0.0,2.8579387186629526,6.314583553537123,14.071495383926734,0.14213130484230654,800,441,359,30,359,train,200,200,1.0,441,359,105,552,0.69,441,True,354400,0.01,False,1608.9539999999981,0.001610799264835805,100000,True,292431,191797,800,0.0,2,14,442
0.5675,0.4325,0.11560693641618497,0.884393063583815,0.0,3.014450867052023,6.351383549674422,14.685279883640282,0.13619079893928634,800,454,346,40,346,train,200,200,1.0,454,346,78,614,0.7675,454,True,355200,0.01,False,1608.9199999999983,0.012929262144389213,100000,True,293140,192251,800,0.0,2,14,443
0.5825,0.4175,0.0,1.0,0.0,2.9910179640718564,7.069236635446892,16.932303318435668,0.11811742102578723,800,466,334,0,334,train,200,200,1.0,466,334,86,569,0.71125,466,True,356000,0.01,False,1610.113999999998,0.012956726309148507,100000,True,293822,192717,800,0.0,2,14,444
0.55125,0.44875,0.0,1.0,0.0,2.8272980501392757,6.81649484925049,15.18996066685346,0.1316659103906878,800,441,359,0,359,train,200,200,1.0,441,359,74,578,0.7225,441,True,356800,0.01,False,1609.9109999999978,0.012048602766981276,100000,True,294499,193158,800,0.0,2,14,445
0.57625,0.42374999999999996,0.07669616519174041,0.9233038348082596,0.0,2.9528023598820057,6.723696947575918,15.867131439707181,0.12604672795455893,800,461,339,26,339,train,200,200,1.0,461,339,56,564,0.705,461,True,357600,0.01,False,1609.4869999999976,0.009517710535837977,100000,True,295180,193619,800,0.0,2,14,446
0.57125,0.42874999999999996,0.18950437317784258,0.8104956268221575,0.0,2.793002915451895,6.500071281967147,15.160516109544366,0.1319216302102599,800,457,343,65,343,train,200,200,1.0,457,343,72,440,0.55,457,True,358400,0.01,False,1609.3879999999976,0.011368848968904785,100000,True,295828,194076,800,0.0,2,14,447
0.54375,0.45625000000000004,0.16164383561643836,0.8383561643835616,0.0,2.8958904109589043,6.306206414291944,13.821822277900152,0.144698720601973,800,435,365,59,365,train,200,200,1.0,435,365,108,595,0.74375,435,True,359200,0.01,False,1609.7729999999972,0.010479839076469943,100000,True,296530,194511,800,0.0,2,14,448
0.55625,0.44375,0.1267605633802817,0.8732394366197183,0.0,2.684507042253521,7.02690198320529,15.835272074828824,0.1263003243991701,800,445,355,45,355,train,200,200,1.0,445,355,101,435,0.54375,445,True,360000,0.01,False,1610.2989999999977,0.005143734035436864,100000,True,297141,194956,800,0.0,2,14,449
0.55625,0.44375,0.14929577464788732,0.8507042253521127,0.0,2.8901408450704227,6.438901945495916,14.51020156731474,0.13783406045200242,800,445,355,53,355,train,200,200,1.0,445,355,103,560,0.7,445,True,360800,0.01,False,1610.933999999998,0.012099600974461283,100000,True,297822,195401,800,0.0,2,14,450
0.58375,0.41625,0.0,1.0,0.0,3.018018018018018,6.812229808085238,16.365717256661235,0.12220668172584692,800,467,333,0,333,train,200,200,1.0,467,333,85,554,0.6925,467,True,361600,0.01,False,1612.2499999999977,0.01375306685349642,100000,True,298507,195868,800,0.0,2,14,451
0.565,0.43500000000000005,0.14942528735632185,0.8505747126436781,0.0,3.103448275862069,6.341245681899584,14.577576280228929,0.13719701832138803,800,452,348,52,348,train,200,200,1.0,452,348,89,674,0.8425,452,True,362400,0.01,False,1612.6889999999978,0.006212698345239005,100000,True,299245,196320,800,0.0,2,14,452
0.58375,0.41625,0.12612612612612611,0.8738738738738738,0.0,3.324324324324324,6.4659848541468286,15.533897547499889,0.1287506882213145,800,467,333,42,333,train,200,200,1.0,467,333,81,752,0.94,467,True,363200,0.01,False,1613.4029999999977,0.013362881862040012,100000,True,300023,196787,800,0.0,2,14,453
0.59125,0.40874999999999995,0.25076452599388377,0.7492354740061162,0.0,3.143730886850153,6.988459056613046,17.097147539114484,0.1169785775916388,800,473,327,82,327,train,200,200,1.0,473,327,68,640,0.8,473,True,364000,0.01,False,1613.8089999999977,0.01339719359526498,100000,True,300733,197260,800,0.0,2,14,454
0.5775,0.4225,0.21005917159763313,0.7899408284023669,0.0,2.837278106508876,6.664166690471418,15.773175598748919,0.12679754862797787,800,462,338,71,338,train,200,200,1.0,462,338,68,497,0.62125,462,True,364800,0.01,False,1613.9269999999974,0.010688658161197963,100000,True,301386,197722,800,0.0,2,14,455
0.57,0.43000000000000005,0.1308139534883721,0.8691860465116279,0.0,3.0813953488372094,6.9734319445948225,16.21728359208098,0.12332521588119817,800,456,344,45,344,train,200,200,1.0,456,344,93,640,0.8,456,True,365600,0.01,False,1614.3529999999976,0.014949752753636858,100000,True,302113,198178,800,0.0,2,14,456
0.56625,0.43374999999999997,0.0,1.0,0.0,3.0720461095100866,6.7942732658055105,15.66403058398965,0.12768105815908062,800,453,347,0,347,train,200,200,1.0,453,347,97,663,0.82875,453,True,366400,0.01,False,1614.6959999999976,0.007995570254943232,100000,True,302839,198631,800,0.0,2,14,457
0.54875,0.45125000000000004,0.3185595567867036,0.6814404432132964,0.0,2.814404432132964,6.673551286008046,14.789033320793454,0.135235343420857,800,439,361,115,361,train,200,200,1.0,439,361,85,585,0.73125,439,True,367200,0.01,False,1614.2539999999976,0.006779588385397801,100000,True,303521,199070,800,0.0,2,14,458
0.54875,0.45125000000000004,0.27977839335180055,0.7202216066481995,0.0,2.664819944598338,6.2723584155730485,13.89996324780731,0.1438852725251267,800,439,361,101,361,train,200,200,1.0,439,361,87,445,0.55625,439,True,368000,0.01,False,1614.6839999999977,0.00860019620093226,100000,True,304152,199509,800,0.0,2,14,459
0.59125,0.40874999999999995,0.20795107033639143,0.7920489296636085,0.0,2.8440366972477062,6.978413185427907,17.072570484227295,0.1171469757203653,800,473,327,68,327,train,200,200,1.0,473,327,74,469,0.58625,473,True,368800,0.01,False,1614.8399999999974,0.0025523244570058523,100000,True,304790,199982,800,0.0,2,14,460
0.57625,0.42374999999999996,0.16519174041297935,0.8348082595870207,0.0,3.0707964601769913,6.704238839013244,15.821212599441283,0.1264125608217052,800,461,339,56,339,train,200,200,1.0,461,339,75,611,0.76375,461,True,369600,0.01,False,1615.2089999999976,0.012101735695086973,100000,True,305506,200443,800,0.0,2,14,461
0.59,0.41000000000000003,0.0,1.0,0.0,2.9695121951219514,6.9524932831492245,16.957300690607862,0.11794329985006043,800,472,328,0,328,train,200,200,1.0,472,328,60,548,0.685,472,True,370400,0.01,False,1615.1279999999972,0.009443678967586492,100000,True,306174,200915,800,0.0,2,14,462
0.5825,0.4175,0.0,1.0,0.0,3.1467065868263475,7.154754496280669,17.13713651803753,0.11670561169276554,800,466,334,0,334,train,200,200,1.0,466,334,71,625,0.78125,466,True,371200,0.01,False,1615.7539999999976,0.01404104545028531,100000,True,306903,201381,800,0.0,2,14,463
0.56875,0.43125,0.1565217391304348,0.8434782608695652,0.0,2.8956521739130436,6.321438991089056,14.65840925469926,0.13644045307022867,800,455,345,54,345,train,200,200,1.0,455,345,80,535,0.66875,455,True,372000,0.01,False,1615.9019999999978,0.011098013731325409,100000,True,307576,201836,800,0.0,2,14,464
0.56625,0.43374999999999997,0.07492795389048991,0.9250720461095101,0.0,2.8328530259365996,6.367985809923478,14.68123529665355,0.13622831863854679,800,453,347,26,347,train,200,200,1.0,453,347,60,545,0.68125,453,True,372800,0.01,False,1615.4719999999977,0.008607083690449144,100000,True,308241,202289,800,0.0,2,14,465
0.565,0.43500000000000005,0.14655172413793102,0.853448275862069,0.0,3.043103448275862,6.418005646024166,14.754035967871644,0.1355561288013121,800,452,348,51,348,train,200,200,1.0,452,348,82,644,0.805,452,True,373600,0.01,False,1615.5419999999974,0.005961389809208413,100000,True,308962,202741,800,0.0,2,14,466
0.5775,0.4225,0.11834319526627218,0.8816568047337278,0.0,2.911242603550296,6.756081440775713,15.990725303611155,0.12507250059184893,800,462,338,40,338,train,200,200,1.0,462,338,55,514,0.6425,462,True,374400,0.01,False,1615.2679999999975,0.009065956806789472,100000,True,309639,203203,800,0.0,2,14,467
0.5575,0.4425,0.0480225988700565,0.9519774011299436,0.0,2.7542372881355934,6.555899896762575,14.815592987034067,0.13499290927810376,800,446,354,17,354,train,200,200,1.0,446,354,81,525,0.65625,446,True,375200,0.01,False,1615.4789999999973,0.010780101581513008,100000,True,310286,203649,800,0.0,2,14,468
0.57375,0.42625,0.1495601173020528,0.8504398826979472,0.0,2.8944281524926687,6.721497057755094,15.768908053384386,0.12683186389502424,800,459,341,51,341,train,200,200,1.0,459,341,86,518,0.6475,459,True,376000,0.01,False,1615.9959999999971,0.010778265292756259,100000,True,310956,204108,800,0.0,2,14,469
0.59625,0.40375000000000005,0.07120743034055728,0.9287925696594427,0.0,3.015479876160991,6.958873533917295,17.235600084005682,0.11603889567244965,800,477,323,23,323,train,200,200,1.0,477,323,65,510,0.6375,477,True,376800,0.01,False,1615.9989999999973,0.006672455868365432,100000,True,311620,204585,800,0.0,2,14,470
0.55875,0.44125000000000003,0.18696883852691218,0.8130311614730878,0.0,2.7790368271954673,6.882039505611166,15.596690097702359,0.1282323356732357,800,447,353,66,353,train,200,200,1.0,447,353,103,506,0.6325,447,True,377600,0.01,False,1616.4509999999975,0.005607206886625135,100000,True,312273,205032,800,0.0,2,14,471
0.555,0.44499999999999995,0.0,1.0,0.0,2.769662921348315,6.522308195700322,14.656872349888365,0.13645476007814403,800,444,356,0,356,train,200,200,1.0,444,356,92,504,0.63,444,True,378400,0.01,False,1616.5069999999976,0.010139379340180311,100000,True,312925,205476,800,0.0,2,14,472
0.55625,0.44375,0.05352112676056338,0.9464788732394366,0.0,2.676056338028169,6.555592814661313,14.773166906279016,0.13538058648413043,800,445,355,19,355,train,200,200,1.0,445,355,106,431,0.53875,445,True,379200,0.01,False,1616.9189999999974,0.007820010372986417,100000,True,313554,205921,800,0.0,2,14,473
0.56875,0.43125,0.23478260869565218,0.7652173913043478,0.0,2.718840579710145,6.927221659119913,16.06312268781429,0.12450879189992292,800,455,345,81,345,train,200,200,1.0,455,345,56,448,0.56,455,True,380000,0.01,False,1616.7229999999975,0.0085973851347444,100000,True,314191,206376,800,0.0,2,14,474
0.57375,0.42625,0.05571847507331378,0.9442815249266863,0.0,2.9824046920821115,6.595389937717909,15.47305557235873,0.12925695190889291,800,459,341,19,341,train,200,200,1.0,459,341,85,569,0.71125,459,True,380800,0.01,False,1617.3469999999975,0.012269255003893705,100000,True,314880,206835,800,0.0,2,14,475
0.55375,0.44625000000000004,0.23249299719887956,0.7675070028011205,0.0,2.5910364145658265,6.237390204854594,13.97734499687304,0.1430886910530886,800,443,357,83,357,train,200,200,1.0,443,357,87,392,0.49,443,True,381600,0.01,False,1617.0459999999978,0.010145728765701278,100000,True,315473,207278,800,0.0,2,14,476
0.5425,0.4575,0.09836065573770492,0.9016393442622951,0.0,2.860655737704918,6.467403868855037,14.136401899136692,0.14147871673923898,800,434,366,36,366,train,200,200,1.0,434,366,98,607,0.75875,434,True,382400,0.01,False,1617.3829999999975,0.0141945794511048,100000,True,316163,207712,800,0.0,2,14,477
0.5825,0.4175,0.09580838323353294,0.9041916167664671,0.0,2.9520958083832336,6.945854296496674,16.636776758075865,0.1202155939869275,800,466,334,32,334,train,200,200,1.0,466,334,91,536,0.67,466,True,383200,0.01,False,1617.4819999999975,0.01468139737689853,100000,True,316828,208178,800,0.0,2,14,478
0.57375,0.42625,0.03519061583577713,0.9648093841642229,0.0,3.131964809384164,6.495706588946863,15.239194343570352,0.1312405337782066,800,459,341,12,341,train,200,200,1.0,459,341,77,671,0.83875,459,True,384000,0.01,False,1617.2809999999974,0.010008645395910207,100000,True,317563,208637,800,0.0,2,14,479
0.5625,0.4375,0.15714285714285714,0.8428571428571429,0.0,2.737142857142857,6.2859036723407655,14.367779822493178,0.13920035139102993,800,450,350,55,350,train,200,200,1.0,450,350,77,472,0.59,450,True,384800,0.01,False,1617.3309999999974,0.011504752299997563,100000,True,318190,209087,800,0.0,2,14,480
0.56875,0.43125,0.0,1.0,0.0,2.9014492753623187,6.657797125072432,15.438370145095494,0.1295473538465047,800,455,345,0,345,train,200,200,1.0,455,345,85,527,0.65875,455,True,385600,0.01,False,1617.5989999999977,0.014872886238363208,100000,True,318866,209542,800,0.0,2,14,481
0.55625,0.44375,0.0,1.0,0.0,2.904225352112676,6.557091776566462,14.776544848600476,0.1353496382606266,800,445,355,0,355,train,200,200,1.0,445,355,71,630,0.7875,445,True,386400,0.01,False,1617.4099999999971,0.009597065907910292,100000,True,319559,209987,800,0.0,2,14,482
0.55875,0.44125000000000003,0.0,1.0,0.0,2.9008498583569406,7.119322640436537,16.134442244615382,0.12395842196946527,800,447,353,0,353,train,200,200,1.0,447,353,116,585,0.73125,447,True,387200,0.01,False,1617.6599999999971,0.010459463825327475,100000,True,320242,210434,800,0.0,2,14,483
0.58,0.42000000000000004,0.13988095238095238,0.8601190476190477,0.0,2.669642857142857,6.659126801164568,15.855063812296592,0.12614266480901043,800,464,336,47,336,train,200,200,1.0,464,336,86,381,0.47625,464,True,388000,0.01,False,1618.0399999999975,0.00456292577633576,100000,True,320845,210898,800,0.0,2,14,484
0.5575,0.4425,0.2796610169491525,0.7203389830508474,0.0,2.957627118644068,6.433070928094824,14.53801339682446,0.13757037811210576,800,446,354,99,354,train,200,200,1.0,446,354,75,639,0.79875,446,True,388800,0.01,False,1617.6009999999972,0.008125854000654726,100000,True,321548,211344,800,0.0,2,14,485
0.57875,0.42125,0.11275964391691394,0.887240356083086,0.0,2.798219584569733,6.5866109856245005,15.635871775963206,0.12791100033671102,800,463,337,38,337,train,200,200,1.0,463,337,79,447,0.55875,463,True,389600,0.01,False,1617.7049999999974,0.006673837130499578,100000,True,322173,211807,800,0.0,2,14,486
0.59,0.41000000000000003,0.08231707317073171,0.9176829268292683,0.0,3.201219512195122,6.890611799426366,16.80637024250333,0.11900249555028827,800,472,328,27,328,train,200,200,1.0,472,328,46,666,0.8325,472,True,390400,0.01,False,1617.3109999999974,0.01758280162846859,100000,True,322909,212279,800,0.0,2,14,487
0.59,0.41000000000000003,0.0,1.0,0.0,2.942073170731707,6.674164891467934,16.27845095479984,0.12286181317579747,800,472,328,0,328,train,200,200,1.0,472,328,88,480,0.6,472,True,391200,0.01,False,1617.8569999999975,0.01054664383113959,100000,True,323567,212751,800,0.0,2,14,488
0.5675,0.4325,0.06647398843930635,0.9335260115606936,0.0,2.8757225433526012,6.57309486604564,15.197907204729804,0.13159706616563444,800,454,346,23,346,train,200,200,1.0,454,346,86,529,0.66125,454,True,392000,0.01,False,1618.2519999999972,0.006256982068616707,100000,True,324239,213205,800,0.0,2,14,489
0.5825,0.4175,0.017964071856287425,0.9820359281437125,0.0,3.0209580838323356,6.8604432081685855,16.4321993010026,0.12171225308093551,800,466,334,6,334,train,200,200,1.0,466,334,48,602,0.7525,466,True,392800,0.01,False,1617.8039999999976,0.01550921973592267,100000,True,324936,213671,800,0.0,2,14,490
0.5825,0.4175,0.08083832335329341,0.9191616766467066,0.0,3.068862275449102,6.494093173196368,15.554714187296689,0.12857838311380682,800,466,334,27,334,train,200,200,1.0,466,334,49,644,0.805,466,True,393600,0.01,False,1617.508999999997,0.01360879332480181,100000,True,325648,214137,800,0.0,2,14,491
0.56375,0.43625,0.2922636103151863,0.7077363896848138,0.0,2.902578796561605,6.334042579908559,14.519295312111309,0.13774773203570662,800,451,349,102,349,train,200,200,1.0,451,349,98,549,0.68625,451,True,394400,0.01,False,1617.658999999997,0.0046732045492490215,100000,True,326332,214588,800,0.0,2,14,492
0.57875,0.42125,0.0712166172106825,0.9287833827893175,0.0,3.121661721068249,6.833470149260609,16.221887594683942,0.12329021442951055,800,463,337,24,337,train,200,200,1.0,463,337,72,638,0.7975,463,True,395200,0.01,False,1618.1219999999971,0.006192233969359222,100000,True,327056,215051,800,0.0,2,14,493
0.56625,0.43374999999999997,0.09510086455331412,0.9048991354466859,0.0,3.0144092219020173,6.450177138858469,14.870725392180908,0.13449243041308587,800,453,347,33,347,train,200,200,1.0,453,347,63,645,0.80625,453,True,396000,0.01,False,1617.788999999997,0.017694324254471212,100000,True,327773,215504,800,0.0,2,14,494
0.57875,0.42125,0.0,1.0,0.0,2.8991097922848663,7.0437165964141455,16.72098895291192,0.11961015019100919,800,463,337,0,337,train,200,200,1.0,463,337,87,478,0.5975,463,True,396800,0.01,False,1617.6569999999972,0.011278298755069045,100000,True,328434,215967,800,0.0,2,14,495
0.59,0.41000000000000003,0.23780487804878048,0.7621951219512195,0.0,3.073170731707317,6.59122581973548,16.076160535940193,0.12440781463513996,800,472,328,78,328,train,200,200,1.0,472,328,61,600,0.75,472,True,397600,0.01,False,1617.6789999999971,0.01283326746307921,100000,True,329135,216439,800,0.0,2,14,496
0.55625,0.44375,0.10985915492957747,0.8901408450704226,0.0,2.7943661971830984,6.5831087835346045,14.835174723458264,0.13481472495483862,800,445,355,39,355,train,200,200,1.0,445,355,73,531,0.66375,445,True,398400,0.01,False,1617.242999999997,0.013349438663171896,100000,True,329802,216884,800,0.0,2,14,497
0.5775,0.4225,0.09763313609467456,0.9023668639053254,0.0,2.8698224852071004,6.39842398906421,15.144198790684522,0.13206377092925095,800,462,338,33,338,train,200,200,1.0,462,338,71,550,0.6875,462,True,399200,0.01,False,1617.5209999999972,0.010098861120313813,100000,True,330473,217346,800,0.0,2,14,498
0.56,0.43999999999999995,0.1534090909090909,0.8465909090909091,0.0,3.0880681818181817,6.6051244121999915,15.011646391363616,0.13322989017051617,800,448,352,54,352,train,200,200,1.0,448,352,113,720,0.9,448,True,400000,0.01,False,1618.516999999997,0.010611185447378374,100000,True,331215,217794,800,0.0,2,14,499
0.58,0.42000000000000004,0.28273809523809523,0.7172619047619048,0.0,2.7529761904761907,6.673792396592664,15.8899818966492,0.12586546750073704,800,464,336,95,336,train,200,200,1.0,464,336,94,402,0.5025,464,True,400800,0.01,False,1618.7469999999976,0.01676713511662456,100000,True,331822,218258,800,0.0,2,14,500
0.5675,0.4325,0.2023121387283237,0.7976878612716763,0.0,2.907514450867052,7.199454680369599,16.646137989293873,0.12014798875789207,800,454,346,70,346,train,200,200,1.0,454,346,112,574,0.7175,454,True,401600,0.01,False,1618.7679999999973,0.014032012381912864,100000,True,332493,218712,800,0.0,2,14,501
0.59125,0.40874999999999995,0.08868501529051988,0.9113149847094801,0.0,3.067278287461774,6.73889089023327,16.486583217696072,0.12131076364284359,800,473,327,29,327,train,200,200,1.0,473,327,71,570,0.7125,473,True,402400,0.01,False,1618.6469999999972,0.0141745025381897,100000,True,333186,219185,800,0.0,2,14,502
0.5675,0.4325,0.0,1.0,0.0,2.921965317919075,6.809742806150118,15.745070072023395,0.12702388689610833,800,454,346,0,346,train,200,200,1.0,454,346,76,570,0.7125,454,True,403200,0.01,False,1618.584999999997,0.012468106407031882,100000,True,333878,219639,800,0.0,2,14,503
0.54375,0.45625000000000004,0.15342465753424658,0.8465753424657534,0.0,2.750684931506849,6.155644231767845,13.49182297373774,0.14823793670381408,800,435,365,56,365,train,200,200,1.0,435,365,137,494,0.6175,435,True,404000,0.01,False,1619.1979999999976,0.012554168223650776,100000,True,334524,220074,800,0.0,2,14,504
0.5525,0.4475,0.25139664804469275,0.7486033519553073,0.0,2.7653631284916202,6.384592031207721,14.267244762475356,0.14018123564125368,800,442,358,90,358,train,200,200,1.0,442,358,75,503,0.62875,442,True,404800,0.01,False,1618.6809999999975,0.0071816704098182525,100000,True,335181,220516,800,0.0,2,14,505
0.565,0.43500000000000005,0.0,1.0,0.0,3.1695402298850577,6.844757331576674,15.735074325463618,0.12710457914796486,800,452,348,0,348,train,200,200,1.0,452,348,99,715,0.89375,452,True,405600,0.01,False,1619.1809999999975,0.009604583383570571,100000,True,335946,220968,800,0.0,2,14,506
0.57875,0.42125,0.12166172106824925,0.8783382789317508,0.0,2.9554896142433233,6.521262973820094,15.480742964558086,0.1291927657851331,800,463,337,41,337,train,200,200,1.0,463,337,80,567,0.70875,463,True,406400,0.01,False,1619.3999999999971,0.00784398625486574,100000,True,336623,221431,800,0.0,2,14,507
0.555,0.44499999999999995,0.0,1.0,0.0,2.985955056179775,6.801021209076713,15.283193728262276,0.13086270026804164,800,444,356,0,356,train,200,200,1.0,444,356,103,667,0.83375,444,True,407200,0.01,False,1619.4769999999976,0.0033527828026944915,100000,True,337336,221875,800,0.0,2,14,508
0.5475,0.4525,0.143646408839779,0.856353591160221,0.0,2.7679558011049723,6.89211466186105,15.231192622897348,0.13130948111005838,800,438,362,52,362,train,200,200,1.0,438,362,102,511,0.63875,438,True,408000,0.01,False,1619.8899999999974,0.00756868724686683,100000,True,337997,222313,800,0.0,2,14,509
0.58875,0.41125,0.0,1.0,0.0,3.1337386018237083,6.699281672711627,16.290046620575385,0.12277435704044397,800,471,329,0,329,train,200,200,1.0,471,329,90,651,0.81375,471,True,408800,0.01,False,1620.0909999999974,0.008370582120064682,100000,True,338710,222784,800,0.0,2,14,510
0.58125,0.41874999999999996,0.12238805970149254,0.8776119402985074,0.0,3.023880597014925,6.403770579031111,15.292586457387728,0.13078232420479896,800,465,335,41,335,train,200,200,1.0,465,335,78,584,0.73,465,True,409600,0.01,False,1620.1419999999976,0.01434024250818311,100000,True,339414,223249,800,0.0,2,14,511
0.57875,0.42125,0.0,1.0,0.0,3.0178041543026706,6.872549560725987,16.314657710922223,0.12258914869302184,800,463,337,0,337,train,200,200,1.0,463,337,80,587,0.73375,463,True,410400,0.01,False,1620.5699999999974,0.009428178337448117,100000,True,340113,223712,800,0.0,2,14,512
0.585,0.41500000000000004,0.09036144578313253,0.9096385542168675,0.0,3.289156626506024,6.436814822551139,15.51039716277383,0.12894576322005197,800,468,332,30,332,train,200,200,1.0,468,332,68,727,0.90875,468,True,411200,0.01,False,1620.3129999999974,0.007855320299022424,100000,True,340875,224180,800,0.0,2,14,513
0.57,0.43000000000000005,0.07848837209302326,0.9215116279069767,0.0,3.0755813953488373,6.626747847117417,15.411041504924226,0.1297770821888286,800,456,344,27,344,train,200,200,1.0,456,344,111,659,0.82375,456,True,412000,0.01,False,1620.7669999999969,0.004249751506376924,100000,True,341597,224636,800,0.0,2,14,514
0.5525,0.4475,0.0,1.0,0.0,2.6983240223463687,6.8670013857862,15.345254493376983,0.13033345265555554,800,442,358,0,358,train,200,200,1.0,442,358,113,470,0.5875,442,True,412800,0.01,False,1621.289999999997,0.014419395590521163,100000,True,342223,225078,800,0.0,2,14,515
0.57875,0.42125,0.3056379821958457,0.6943620178041543,0.0,2.7596439169139466,6.382594838198635,15.151560446762337,0.1319996053889862,800,463,337,103,337,train,200,200,1.0,463,337,66,471,0.58875,463,True,413600,0.01,False,1621.0249999999974,0.006452896595910715,100000,True,342847,225541,800,0.0,2,14,516
0.55625,0.44375,0.0,1.0,0.0,2.732394366197183,6.807071669648348,15.339879818925853,0.1303791179336662,800,445,355,0,355,train,200,200,1.0,445,355,113,453,0.56625,445,True,414400,0.01,False,1621.3479999999972,0.014519577133969506,100000,True,343480,225986,800,0.0,2,14,517
0.56125,0.43875,0.10256410256410256,0.8974358974358975,0.0,2.988603988603989,7.048497015189709,16.06495046197085,0.12449462603289223,800,449,351,36,351,train,200,200,1.0,449,351,84,646,0.8075,449,True,415200,0.01,False,1621.045999999997,0.01306598932358611,100000,True,344191,226435,800,0.0,2,14,518
0.57375,0.42625,0.093841642228739,0.906158357771261,0.0,3.0175953079178885,6.6520143235137255,15.605898706190558,0.12815666932444197,800,459,341,32,341,train,200,200,1.0,459,341,62,599,0.74875,459,True,416000,0.01,False,1620.670999999997,0.006463237246971403,100000,True,344899,226894,800,0.0,2,14,519
0.59125,0.40874999999999995,0.10703363914373089,0.8929663608562691,0.0,2.8929663608562692,6.7477722414381915,16.50831129403839,0.12115109561341116,800,473,327,35,327,train,200,200,1.0,473,327,80,489,0.61125,473,True,416800,0.01,False,1620.7069999999972,0.00770773166032086,100000,True,345535,227367,800,0.0,2,14,520
0.58,0.42000000000000004,0.08928571428571429,0.9107142857142857,0.0,3.1220238095238093,6.976881983054806,16.61162376917811,0.12039762203806244,800,464,336,30,336,train,200,200,1.0,464,336,81,658,0.8225,464,True,417600,0.01,False,1620.7219999999973,0.009581530430968996,100000,True,346256,227831,800,0.0,2,14,521
0.57125,0.42874999999999996,0.08454810495626822,0.9154518950437318,0.0,2.8104956268221573,6.473033884731476,15.097455124738136,0.13247265737673056,800,457,343,29,343,train,200,200,1.0,457,343,93,500,0.625,457,True,418400,0.01,False,1620.5349999999971,0.008625808118295027,100000,True,346900,228288,800,0.0,2,14,522
0.5625,0.4375,0.0,1.0,0.0,2.68,6.600616636952473,15.087123741605652,0.1325633722009328,800,450,350,0,350,train,200,200,1.0,450,350,92,438,0.5475,450,True,419200,0.01,False,1620.2649999999974,0.006908239658223465,100000,True,347523,228738,800,0.0,2,14,523
0.57,0.43000000000000005,0.11046511627906977,0.8895348837209303,0.0,2.828488372093023,6.557392909255819,15.24975095175772,0.13114968279330985,800,456,344,38,344,train,200,200,1.0,456,344,81,504,0.63,456,True,420000,0.01,False,1620.0059999999974,0.007222111266855791,100000,True,348175,229194,800,0.0,2,14,524
0.5925,0.4075,0.17177914110429449,0.8282208588957055,0.0,2.923312883435583,6.761822196681046,16.59342870351177,0.12052964072318144,800,474,326,56,326,train,200,200,1.0,474,326,52,531,0.66375,474,True,420800,0.01,False,1619.5479999999973,0.011333537297687143,100000,True,348828,229668,800,0.0,2,14,525
0.535,0.46499999999999997,0.0967741935483871,0.9032258064516129,0.0,2.8655913978494625,6.681720834393429,14.369292116975117,0.13918570126619573,800,428,372,36,372,train,200,200,1.0,428,372,118,601,0.75125,428,True,421600,0.01,False,1619.6279999999977,0.002400518584713609,100000,True,349527,230096,800,0.0,2,14,526
0.55,0.44999999999999996,0.05555555555555555,0.9444444444444444,0.0,2.941666666666667,6.956703797657416,15.459341772572035,0.1293716142267066,800,440,360,20,360,train,200,200,1.0,440,360,88,645,0.80625,440,True,422400,0.01,False,1619.6009999999978,0.012375435083340562,100000,True,350239,230536,800,0.0,2,14,527
0.5775,0.4225,0.24260355029585798,0.757396449704142,0.0,3.0384615384615383,6.965068477339127,16.48536917713403,0.12131969739410464,800,462,338,82,338,train,200,200,1.0,462,338,88,605,0.75625,462,True,423200,0.01,False,1619.8349999999973,0.010155243167291701,100000,True,350937,230998,800,0.0,2,14,528
0.59,0.41000000000000003,0.21036585365853658,0.7896341463414634,0.0,3.091463414634146,6.497607415012128,15.847822963444214,0.12620029922175122,800,472,328,69,328,train,200,200,1.0,472,328,55,641,0.80125,472,True,424000,0.01,False,1619.1499999999974,0.011331418955778645,100000,True,351643,231470,800,0.0,2,14,529
0.565,0.43500000000000005,0.2672413793103448,0.7327586206896551,0.0,2.939655172413793,6.0950940080733815,14.011710363387083,0.14273774922054094,800,452,348,93,348,train,200,200,1.0,452,348,105,530,0.6625,452,True,424800,0.01,False,1619.1699999999976,0.01063672402780412,100000,True,352333,231922,800,0.0,2,14,530
0.5125,0.48750000000000004,0.0,1.0,0.0,2.6794871794871793,7.299119255739721,14.972552319466095,0.13357775997882224,800,410,390,0,390,train,200,200,1.0,410,390,137,560,0.7,410,True,425600,0.01,False,1618.8089999999972,0.0068987874063122945,100000,True,353006,232332,800,0.0,2,14,531
0.5775,0.4225,0.22189349112426035,0.7781065088757396,0.0,3.1568047337278107,6.420946650009801,15.197506863928524,0.13160053276547784,800,462,338,75,338,train,200,200,1.0,462,338,81,685,0.85625,462,True,426400,0.01,False,1618.8409999999974,0.014467352920401027,100000,True,353746,232794,800,0.0,2,14,532
0.5775,0.4225,0.05029585798816568,0.9497041420118343,0.0,2.9822485207100593,6.628798102353239,15.689462964149678,0.12747408911127087,800,462,338,17,338,train,200,200,1.0,462,338,59,606,0.7575,462,True,427200,0.01,False,1618.3429999999976,0.00909590999235661,100000,True,354436,233256,800,0.0,2,14,533
0.57875,0.42125,0.07418397626112759,0.9258160237388724,0.0,2.922848664688427,6.853037791868052,16.268338971793593,0.12293818093338503,800,463,337,25,337,train,200,200,1.0,463,337,69,550,0.6875,463,True,428000,0.01,False,1617.715999999998,0.011655836796489894,100000,True,355107,233719,800,0.0,2,14,534
0.555,0.44499999999999995,0.0,1.0,0.0,2.7752808988764044,6.905570043686236,15.51813492963199,0.12888146733284203,800,444,356,0,356,train,200,200,1.0,444,356,81,502,0.6275,444,True,428800,0.01,False,1617.4039999999977,0.01274167817450234,100000,True,355765,234163,800,0.0,2,14,535
0.5775,0.4225,0.10650887573964497,0.893491124260355,0.0,2.662721893491124,6.484607716316085,15.348183943943397,0.13030857639605156,800,462,338,36,338,train,200,200,1.0,462,338,72,404,0.505,462,True,429600,0.01,False,1617.4999999999977,0.013161712672276735,100000,True,356363,234625,800,0.0,2,14,536
0.57375,0.42625,0.10557184750733138,0.8944281524926686,0.0,2.9912023460410557,6.678708454817571,15.66852423417612,0.12764443990440455,800,459,341,36,341,train,200,200,1.0,459,341,75,571,0.71375,459,True,430400,0.01,False,1617.1119999999976,0.01008411525862357,100000,True,357058,235084,800,0.0,2,14,537
0.56125,0.43875,0.06267806267806268,0.9373219373219374,0.0,2.888888888888889,6.715361063822741,15.305666242331032,0.1306705613682193,800,449,351,22,351,train,200,200,1.0,449,351,108,496,0.62,449,True,431200,0.01,False,1617.4599999999978,0.007349984975362532,100000,True,357732,235533,800,0.0,2,14,538
0.57875,0.42125,0.06528189910979229,0.9347181008902077,0.0,2.9851632047477743,7.090463349580757,16.831960473782214,0.11882157180176597,800,463,337,22,337,train,200,200,1.0,463,337,64,575,0.71875,463,True,432000,0.01,False,1617.1699999999976,0.012329229125925848,100000,True,358423,235996,800,0.0,2,14,539
0.585,0.41500000000000004,0.05421686746987952,0.9457831325301205,0.0,3.2560240963855422,7.363176575916672,17.742594158835352,0.11272308784699625,800,468,332,18,332,train,200,200,1.0,468,332,92,700,0.875,468,True,432800,0.01,False,1617.3459999999975,0.014205996716336813,100000,True,359174,236464,800,0.0,2,14,540
0.5925,0.4075,0.11349693251533742,0.8865030674846626,0.0,3.0276073619631902,6.7269886670120265,16.507947649109266,0.1211537643874171,800,474,326,37,326,train,200,200,1.0,474,326,55,542,0.6775,474,True,433600,0.01,False,1617.2849999999976,0.00911260786958337,100000,True,359857,236938,800,0.0,2,14,541
0.56,0.43999999999999995,0.07386363636363637,0.9261363636363636,0.0,2.90625,6.987182905898236,15.879961149768718,0.12594489250555432,800,448,352,26,352,train,200,200,1.0,448,352,111,581,0.72625,448,True,434400,0.01,False,1617.355999999997,0.011746000052198724,100000,True,360543,237386,800,0.0,2,14,542
0.55875,0.44125000000000003,0.19830028328611898,0.8016997167138811,0.0,2.781869688385269,6.780496006890381,15.366563188420127,0.13015272025869468,800,447,353,70,353,train,200,200,1.0,447,353,77,526,0.6575,447,True,435200,0.01,False,1617.3299999999974,0.013390727116302514,100000,True,361202,237833,800,0.0,2,14,543
0.57125,0.42874999999999996,0.15160349854227406,0.8483965014577259,0.0,2.947521865889213,6.5868295809881525,15.362867827377615,0.1301840269976073,800,457,343,52,343,train,200,200,1.0,457,343,60,582,0.7275,457,True,436000,0.01,False,1616.5379999999973,0.01334485167364619,100000,True,361893,238290,800,0.0,2,14,544
0.54875,0.45125000000000004,0.04709141274238227,0.9529085872576177,0.0,2.853185595567867,6.58272713890223,14.587760972636522,0.1371012318992316,800,439,361,17,361,train,200,200,1.0,439,361,89,586,0.7325,439,True,436800,0.01,False,1616.798999999997,0.015789280322526338,100000,True,362583,238729,800,0.0,2,14,545
0.53625,0.46375,0.18867924528301888,0.8113207547169812,0.0,2.719676549865229,6.30779238134631,13.601708639021693,0.14704035008235927,800,429,371,70,371,train,200,200,1.0,429,371,92,562,0.7025,429,True,437600,0.01,False,1617.0149999999971,0.008325585922120808,100000,True,363241,239158,800,0.0,2,14,546
0.57375,0.42625,0.12609970674486803,0.873900293255132,0.0,3.102639296187683,6.590192108702826,15.460861252088742,0.12935889970099837,800,459,341,43,341,train,200,200,1.0,459,341,82,644,0.805,459,True,438400,0.01,False,1617.1479999999976,0.005963396998313328,100000,True,363964,239617,800,0.0,2,14,547
0.56625,0.43374999999999997,0.1786743515850144,0.8213256484149856,0.0,3.0288184438040346,6.68155996972524,15.404172840865106,0.1298349493128434,800,453,347,62,347,train,200,200,1.0,453,347,97,615,0.76875,453,True,439200,0.01,False,1617.2199999999973,0.00890467730592718,100000,True,364678,240070,800,0.0,2,14,548
0.5825,0.4175,0.09580838323353294,0.9041916167664671,0.0,3.059880239520958,6.59437686000484,15.794914634742133,0.12662303318821652,800,466,334,32,334,train,200,200,1.0,466,334,79,577,0.72125,466,True,440000,0.01,False,1617.4409999999975,0.008210996561742831,100000,True,365381,240536,800,0.0,2,14,549
0.55625,0.44375,0.036619718309859155,0.9633802816901409,0.0,2.8535211267605636,6.5787227667647805,14.825290742005139,0.13490460556927314,800,445,355,13,355,train,200,200,1.0,445,355,107,545,0.68125,445,True,440800,0.01,False,1617.3619999999976,0.013163456149068225,100000,True,366060,240981,800,0.0,2,14,550
0.57,0.43000000000000005,0.040697674418604654,0.9593023255813954,0.0,2.7877906976744184,6.861547002983673,15.957086053450402,0.12533616684780238,800,456,344,14,344,train,200,200,1.0,456,344,93,438,0.5475,456,True,441600,0.01,False,1617.0919999999976,0.013044906857526257,100000,True,366700,241437,800,0.0,2,14,551
0.545,0.45499999999999996,0.21703296703296704,0.782967032967033,0.0,2.857142857142857,6.634587683907338,14.58151139320294,0.13715999295740253,800,436,364,79,364,train,200,200,1.0,436,364,93,578,0.7225,436,True,442400,0.01,False,1616.8229999999974,0.007616786248186145,100000,True,367392,241873,800,0.0,2,14,552
0.57375,0.42625,0.09970674486803519,0.9002932551319648,0.0,2.970674486803519,6.362443577047613,14.926553846446014,0.1339894004051174,800,459,341,34,341,train,200,200,1.0,459,341,96,610,0.7625,459,True,443200,0.01,False,1617.0309999999972,0.010816584162148502,100000,True,368077,242332,800,0.0,2,14,553
0.59,0.41000000000000003,0.0,1.0,0.0,3.1646341463414633,7.092224072163902,17.29810749308269,0.11561958444296734,800,472,328,0,328,train,200,200,1.0,472,328,88,617,0.77125,472,True,444000,0.01,False,1617.3949999999975,0.003609867840946208,100000,True,368799,242804,800,0.0,2,14,554
0.5525,0.4475,0.0782122905027933,0.9217877094972067,0.0,2.706703910614525,6.413674760662642,14.332234102039424,0.13954558554938812,800,442,358,28,358,train,200,200,1.0,442,358,93,493,0.61625,442,True,444800,0.01,False,1617.346999999997,0.01517589595231584,100000,True,369442,243246,800,0.0,2,14,555
0.56875,0.43125,0.0,1.0,0.0,2.7623188405797103,7.054035343990405,16.35718340635456,0.12227043925074685,800,455,345,0,345,train,200,200,1.0,455,345,73,435,0.54375,455,True,445600,0.01,False,1617.0979999999972,0.01001214825122588,100000,True,370087,243701,800,0.0,2,14,556
0.56,0.43999999999999995,0.17045454545454544,0.8295454545454546,0.0,2.835227272727273,6.598528537211929,14.996655766390747,0.13336306648327775,800,448,352,60,352,train,200,200,1.0,448,352,92,517,0.64625,448,True,446400,0.01,False,1616.863999999997,0.01706093114120449,100000,True,370748,244149,800,0.0,2,14,557
0.56375,0.43625,0.06303724928366762,0.9369627507163324,0.0,2.9169054441260744,6.693827938595278,15.344018197353071,0.13034395386372855,800,451,349,22,349,train,200,200,1.0,451,349,89,563,0.70375,451,True,447200,0.01,False,1617.2389999999975,0.012759449894292629,100000,True,371438,244600,800,0.0,2,14,558
0.58375,0.41625,0.10510510510510511,0.8948948948948949,0.0,3.204204204204204,6.824557889374961,16.395334268768675,0.12198592399605918,800,467,333,35,333,train,200,200,1.0,467,333,59,643,0.80375,467,True,448000,0.01,False,1617.3309999999974,0.005957338350945065,100000,True,372182,245067,800,0.0,2,14,559
0.58125,0.41874999999999996,0.10149253731343283,0.8985074626865671,0.0,2.925373134328358,6.910036216335193,16.50157902408404,0.12120052251248208,800,465,335,34,335,train,200,200,1.0,465,335,75,518,0.6475,465,True,448800,0.01,False,1617.1369999999974,0.011534461499550161,100000,True,372843,245532,800,0.0,2,14,560
0.5625,0.4375,0.08857142857142856,0.9114285714285715,0.0,2.842857142857143,6.901513634136007,15.774888306596589,0.12678378199125884,800,450,350,31,350,train,200,200,1.0,450,350,82,545,0.68125,450,True,449600,0.01,False,1617.1919999999973,0.008097888371084992,100000,True,373510,245982,800,0.0,2,14,561
0.57,0.43000000000000005,0.0436046511627907,0.9563953488372093,0.0,2.741279069767442,6.946485958017148,16.15461850701662,0.12380360446960209,800,456,344,15,344,train,200,200,1.0,456,344,83,493,0.61625,456,True,450400,0.01,False,1617.2779999999973,0.01032788479793453,100000,True,374143,246438,800,0.0,2,14,562
0.5625,0.4375,0.06285714285714286,0.9371428571428572,0.0,3.111428571428571,6.888630018670942,15.745440042676439,0.1270209022154478,800,450,350,22,350,train,200,200,1.0,450,350,106,645,0.80625,450,True,451200,0.01,False,1617.5869999999975,0.010895973667024918,100000,True,374889,246888,800,0.0,2,14,563
0.57125,0.42874999999999996,0.08746355685131195,0.9125364431486881,0.0,3.2215743440233235,6.434031958101175,15.006488532014401,0.13327568243118693,800,457,343,30,343,train,200,200,1.0,457,343,69,749,0.93625,457,True,452000,0.01,False,1617.4539999999972,0.01497688140218088,100000,True,375657,247345,800,0.0,2,14,564
0.56875,0.43125,0.11304347826086956,0.8869565217391304,0.0,3.0608695652173914,6.378222012288386,14.790080028494808,0.13522577268999003,800,455,345,39,345,train,200,200,1.0,455,345,100,620,0.775,455,True,452800,0.01,False,1618.4099999999974,0.010729025025166266,100000,True,376370,247800,800,0.0,2,14,565
0.5425,0.4575,0.26229508196721313,0.7377049180327869,0.0,3.060109289617486,6.471059412461837,14.144392158386529,0.14139879449073073,800,434,366,96,366,train,200,200,1.0,434,366,117,705,0.88125,434,True,453600,0.01,False,1618.7139999999972,0.018649779889055935,100000,True,377128,248234,800,0.0,2,14,566
0.56,0.43999999999999995,0.2215909090909091,0.7784090909090909,0.0,2.8636363636363638,6.134304171662654,13.941600390142396,0.1434555534538293,800,448,352,78,352,train,200,200,1.0,448,352,96,566,0.7075,448,True,454400,0.01,False,1619.1349999999975,0.0049154734057538,100000,True,377801,248682,800,0.0,2,14,567
0.54,0.45999999999999996,0.14673913043478262,0.8532608695652174,0.0,2.6875,6.1198740895144965,13.30407410764021,0.15032989021396445,800,432,368,54,368,train,200,200,1.0,432,368,116,496,0.62,432,True,455200,0.01,False,1619.4939999999976,0.007971140938334429,100000,True,378442,249114,800,0.0,2,14,568
0.5475,0.4525,0.0,1.0,0.0,2.908839779005525,6.52286704706639,14.415175794621856,0.13874267150777156,800,438,362,0,362,train,200,200,1.0,438,362,145,625,0.78125,438,True,456000,0.01,False,1620.1409999999978,0.009495083435549532,100000,True,379138,249552,800,0.0,2,14,569
0.59125,0.40874999999999995,0.1834862385321101,0.8165137614678899,0.0,2.932721712538226,6.490811173236783,15.879660362658797,0.12594727811074743,800,473,327,60,327,train,200,200,1.0,473,327,57,494,0.6175,473,True,456800,0.01,False,1619.9969999999971,0.010767308636441158,100000,True,379801,250025,800,0.0,2,14,570
0.57375,0.42625,0.0,1.0,0.0,2.868035190615836,7.780664214837057,18.25375768876729,0.10956648127474204,800,459,341,0,341,train,200,200,1.0,459,341,71,501,0.62625,459,True,457600,0.01,False,1619.5239999999974,0.009580106086277738,100000,True,380467,250484,800,0.0,2,14,571
0.55125,0.44875,0.04178272980501393,0.958217270194986,0.0,2.7715877437325904,6.4418867474555235,14.355179381516487,0.1393225362669567,800,441,359,15,359,train,200,200,1.0,441,359,94,502,0.6275,441,True,458400,0.01,False,1619.529999999997,0.01871299249722142,100000,True,381127,250925,800,0.0,2,14,572
0.59,0.41000000000000003,0.13109756097560976,0.8689024390243902,0.0,3.1158536585365852,6.592044528896304,16.07815738755196,0.1243923636142809,800,472,328,43,328,train,200,200,1.0,472,328,70,596,0.745,472,True,459200,0.01,False,1619.480999999997,0.0060265436878989935,100000,True,381831,251397,800,0.0,2,14,573
0.565,0.43500000000000005,0.05172413793103448,0.9482758620689655,0.0,2.9655172413793105,6.673493455761548,15.341364266118502,0.13036650230755634,800,452,348,18,348,train,200,200,1.0,452,348,85,618,0.7725,452,True,460000,0.01,False,1619.8929999999973,0.01320381022806032,100000,True,382528,251849,800,0.0,2,14,574
0.5525,0.4475,0.18156424581005587,0.8184357541899442,0.0,2.7737430167597767,6.464605516464598,14.446045846848262,0.1384461894419604,800,442,358,65,358,train,200,200,1.0,442,358,103,489,0.61125,442,True,460800,0.01,False,1620.2139999999972,0.007200637919572728,100000,True,383182,252291,800,0.0,2,14,575
0.605,0.395,0.13291139240506328,0.8670886075949367,0.0,2.9240506329113924,6.993403955785375,17.704820141228797,0.11296358754544178,800,484,316,42,316,train,200,200,1.0,484,316,71,417,0.52125,484,True,461600,0.01,False,1620.8329999999976,0.012075392608735455,100000,True,383810,252775,800,0.0,2,14,576
0.57625,0.42374999999999996,0.04424778761061947,0.9557522123893806,0.0,2.8761061946902653,6.834177400394949,16.127852272318464,0.124009072394144,800,461,339,15,339,train,200,200,1.0,461,339,85,498,0.6225,461,True,462400,0.01,False,1620.9069999999979,0.007174801552901044,100000,True,384468,253236,800,0.0,2,14,577
0.57125,0.42874999999999996,0.0,1.0,0.0,3.0320699708454812,6.485214944119207,15.125865758878616,0.13222383643237315,800,457,343,0,343,train,200,200,1.0,457,343,86,614,0.7675,457,True,463200,0.01,False,1620.4179999999972,0.01455910710740227,100000,True,385173,253693,800,0.0,2,14,578
0.595,0.405,0.16049382716049382,0.8395061728395061,0.0,3.0771604938271606,6.724320894584444,16.60326146810974,0.1204582607966179,800,476,324,52,324,train,200,200,1.0,476,324,92,533,0.66625,476,True,464000,0.01,False,1621.0919999999978,0.010127455823030686,100000,True,385854,254169,800,0.0,2,14,579
0.57,0.43000000000000005,0.12209302325581395,0.877906976744186,0.0,2.953488372093023,6.351460585883883,14.770838571822985,0.13540192659171174,800,456,344,42,344,train,200,200,1.0,456,344,76,617,0.77125,456,True,464800,0.01,False,1621.2829999999972,0.006096619100076168,100000,True,386552,254625,800,0.0,2,14,580
0.55,0.44999999999999996,0.18333333333333332,0.8166666666666667,0.0,2.963888888888889,6.59236139298274,14.649691984406088,0.1365216416924606,800,440,360,66,360,train,200,200,1.0,440,360,111,633,0.79125,440,True,465600,0.01,False,1621.3529999999973,0.004787000128762884,100000,True,387264,255065,800,0.0,2,14,581
0.5975,0.40249999999999997,0.0,1.0,0.0,3.130434782608696,7.261086160261856,18.039965615557406,0.11086495632093826,800,478,322,0,322,train,200,200,1.0,478,322,52,592,0.74,478,True,466400,0.01,False,1621.641999999997,0.015391541171384233,100000,True,387970,255543,800,0.0,2,14,582
0.58875,0.41125,0.0,1.0,0.0,3.0060790273556233,6.47947911306106,15.755572311394674,0.12693921620057996,800,471,329,0,329,train,200,200,1.0,471,329,80,562,0.7025,471,True,467200,0.01,False,1621.5959999999975,0.005932089614989308,100000,True,388649,256014,800,0.0,2,14,583
0.57125,0.42874999999999996,0.0,1.0,0.0,3.1137026239067054,6.4968295527338356,15.152955225035184,0.1319874552718053,800,457,343,0,343,train,200,200,1.0,457,343,88,640,0.8,457,True,468000,0.01,False,1621.5239999999974,0.003621446369049863,100000,True,389384,256471,800,0.0,2,14,584
0.55625,0.44375,0.059154929577464786,0.9408450704225352,0.0,2.8563380281690143,7.1673490518749885,16.15177251126758,0.1238254190742711,800,445,355,21,355,train,200,200,1.0,445,355,105,572,0.715,445,True,468800,0.01,False,1622.1499999999974,0.011681930844051749,100000,True,390060,256916,800,0.0,2,14,585
0.5775,0.4225,0.15680473372781065,0.8431952662721893,0.0,3.133136094674556,6.32153217812255,14.962206338751598,0.13367012556297056,800,462,338,53,338,train,200,200,1.0,462,338,68,655,0.81875,462,True,469600,0.01,False,1621.7549999999974,0.007007698129516484,100000,True,390787,257378,800,0.0,2,14,586
0.58875,0.41125,0.060790273556231005,0.939209726443769,0.0,3.1732522796352582,6.745175761829022,16.401643189857804,0.12193900189444001,800,471,329,20,329,train,200,200,1.0,471,329,78,652,0.815,471,True,470400,0.01,False,1622.4269999999972,0.012139565858251444,100000,True,391512,257849,800,0.0,2,14,587
0.56,0.43999999999999995,0.07102272727272728,0.9289772727272727,0.0,2.6306818181818183,6.833223116971412,15.530052538571391,0.12878256496767654,800,448,352,25,352,train,200,200,1.0,448,352,80,411,0.51375,448,True,471200,0.01,False,1621.8269999999975,0.010448277034090552,100000,True,392125,258297,800,0.0,2,14,588
0.5425,0.4575,0.15300546448087432,0.8469945355191257,0.0,2.8224043715846996,6.191170028722138,13.532612084638552,0.14779112764713662,800,434,366,56,366,train,200,200,1.0,434,366,90,569,0.71125,434,True,472000,0.01,False,1621.4679999999976,0.010326419380899097,100000,True,392804,258731,800,0.0,2,14,589
0.56125,0.43875,0.07692307692307693,0.9230769230769231,0.0,2.9173789173789175,6.703660268435471,15.278997762815889,0.13089863818603006,800,449,351,27,351,train,200,200,1.0,449,351,97,592,0.74,449,True,472800,0.01,False,1622.0529999999972,0.009854716499501138,100000,True,393494,259180,800,0.0,2,14,590
0.58,0.42000000000000004,0.09821428571428571,0.9017857142857143,0.0,2.8898809523809526,6.701849470849081,15.956784454402575,0.12533853582563045,800,464,336,33,336,train,200,200,1.0,464,336,58,551,0.68875,464,True,473600,0.01,False,1622.1619999999973,0.010450770307743369,100000,True,394162,259644,800,0.0,2,14,591
0.55125,0.44875,0.027855153203342618,0.9721448467966574,0.0,2.752089136490251,6.146754704518863,13.697503519819193,0.14601200847338056,800,441,359,10,359,train,200,200,1.0,441,359,98,493,0.61625,441,True,474400,0.01,False,1622.1329999999973,0.009292903543864669,100000,True,394812,260085,800,0.0,2,14,592
0.555,0.44499999999999995,0.18258426966292135,0.8174157303370787,0.0,2.890449438202247,6.40051559315805,14.383181108220336,0.13905129782847214,800,444,356,65,356,train,200,200,1.0,444,356,98,602,0.7525,444,True,475200,0.01,False,1621.9259999999972,0.005113572822797324,100000,True,395501,260529,800,0.0,2,14,593
0.5825,0.4175,0.11976047904191617,0.8802395209580839,0.0,2.7904191616766467,6.559507967263614,15.711396328775123,0.12729613321109073,800,466,334,40,334,train,200,200,1.0,466,334,73,425,0.53125,466,True,476000,0.01,False,1622.2419999999977,0.006935402142503335,100000,True,396128,260995,800,0.0,2,14,594
0.57875,0.42125,0.09792284866468842,0.9020771513353115,0.0,3.077151335311573,6.71823929453797,15.948342538962539,0.12540488110999043,800,463,337,33,337,train,200,200,1.0,463,337,102,589,0.73625,463,True,476800,0.01,False,1622.5149999999976,0.009769765735854889,100000,True,396842,261458,800,0.0,2,14,595
0.57,0.43000000000000005,0.0,1.0,0.0,3.058139534883721,6.750719735530363,15.699348222163634,0.12739382372425434,800,456,344,0,344,train,200,200,1.0,456,344,69,659,0.82375,456,True,477600,0.01,False,1622.3459999999977,0.014717519944133528,100000,True,397565,261914,800,0.0,2,14,596
0.595,0.405,0.05246913580246913,0.9475308641975309,0.0,3.1018518518518516,7.1779620299239255,17.723363036849197,0.1128454004943496,800,476,324,17,324,train,200,200,1.0,476,324,76,591,0.73875,476,True,478400,0.01,False,1623.1459999999975,0.00673497336226319,100000,True,398257,262390,800,0.0,2,14,597
0.56625,0.43374999999999997,0.10951008645533142,0.8904899135446686,0.0,2.9394812680115274,6.36921949094292,14.684079518024024,0.1362019320002383,800,453,347,38,347,train,200,200,1.0,453,347,82,575,0.71875,453,True,479200,0.01,False,1623.2169999999976,0.012817052854625217,100000,True,398950,262843,800,0.0,2,14,598
0.5575,0.4425,0.1440677966101695,0.8559322033898306,0.0,2.8079096045197742,6.475722360422542,14.634400814514219,0.13666429021244414,800,446,354,51,354,train,200,200,1.0,446,354,92,536,0.67,446,True,480000,0.01,False,1622.8809999999974,0.011146787575544295,100000,True,399610,263289,800,0.0,2,14,599
0.58875,0.41125,0.12462006079027356,0.8753799392097265,0.0,3.0060790273556233,6.972154490519862,16.95356715020027,0.11796927350338622,800,471,329,41,329,train,200,200,1.0,471,329,86,564,0.705,471,True,480800,0.01,False,1622.9159999999974,0.015718959095665924,100000,True,400286,263760,800,0.0,2,14,600
0.6025,0.39749999999999996,0.08176100628930817,0.9182389937106918,0.0,3.229559748427673,6.949023633631328,17.481820461965608,0.11440456126130046,800,482,318,26,318,train,200,200,1.0,482,318,54,627,0.78375,482,True,481600,0.01,False,1622.5469999999975,0.007351202758682121,100000,True,401011,264242,800,0.0,2,14,601
0.58,0.42000000000000004,0.03869047619047619,0.9613095238095238,0.0,2.9672619047619047,6.648273729288886,15.829223164973538,0.12634858825071996,800,464,336,13,336,train,200,200,1.0,464,336,67,575,0.71875,464,True,482400,0.01,False,1622.5309999999974,0.012583740878380923,100000,True,401694,264706,800,0.0,2,14,602
0.60625,0.39375000000000004,0.2698412698412698,0.7301587301587301,0.0,2.965079365079365,6.618381015028799,16.808586704835044,0.11898680330004743,800,485,315,85,315,train,200,200,1.0,485,315,59,503,0.62875,485,True,483200,0.01,False,1622.8079999999973,0.015206438520526716,100000,True,402339,265191,800,0.0,2,14,603
0.59,0.41000000000000003,0.03048780487804878,0.9695121951219512,0.0,3.225609756097561,6.802831287725492,16.59227143347681,0.12053804736853393,800,472,328,10,328,train,200,200,1.0,472,328,80,685,0.85625,472,True,484000,0.01,False,1622.4759999999974,0.011780312709056488,100000,True,403080,265663,800,0.0,2,14,604
0.53,0.47,0.1356382978723404,0.8643617021276596,0.0,2.6968085106382977,6.366336675221504,13.545397181322349,0.1476516320066115,800,424,376,51,376,train,200,200,1.0,424,376,120,544,0.68,424,True,484800,0.01,False,1623.1109999999974,0.020085056534448996,100000,True,403732,266087,800,0.0,2,14,605
0.5975,0.40249999999999997,0.040372670807453416,0.9596273291925466,0.0,2.959627329192547,6.781567850987192,16.848615778850167,0.11870411351599414,800,478,322,13,322,train,200,200,1.0,478,322,80,502,0.6275,478,True,485600,0.01,False,1623.3019999999974,0.006116296311056431,100000,True,404381,266565,800,0.0,2,14,606
0.575,0.42500000000000004,0.10294117647058823,0.8970588235294118,0.0,2.723529411764706,6.30412624458153,14.833238222544777,0.13483232521407465,800,460,340,35,340,train,200,200,1.0,460,340,77,411,0.51375,460,True,486400,0.01,False,1623.2409999999977,0.006946078812934502,100000,True,404998,267025,800,0.0,2,14,607
0.55625,0.44375,0.15492957746478872,0.8450704225352113,0.0,2.9577464788732395,6.764449482464977,15.243829819639384,0.1312006250176908,800,445,355,55,355,train,200,200,1.0,445,355,84,633,0.79125,445,True,487200,0.01,False,1623.016999999997,0.005888557854323153,100000,True,405707,267470,800,0.0,2,14,608
0.57375,0.42625,0.04398826979472141,0.9560117302052786,0.0,2.967741935483871,6.839076563208789,16.04475440048983,0.12465133152421094,800,459,341,15,341,train,200,200,1.0,459,341,92,546,0.6825,459,True,488000,0.01,False,1623.1119999999971,0.007147511598286655,100000,True,406390,267929,800,0.0,2,14,609
0.565,0.43500000000000005,0.0,1.0,0.0,3.0201149425287355,6.717319256618595,15.442113233605964,0.12951595223686688,800,452,348,0,348,train,200,200,1.0,452,348,77,634,0.7925,452,True,488800,0.01,False,1622.8549999999973,0.011695584840936135,100000,True,407101,268381,800,0.0,2,14,610
0.58,0.42000000000000004,0.050595238095238096,0.9494047619047619,0.0,2.9642857142857144,6.702407180126303,15.958112333634054,0.1253281063691166,800,464,336,17,336,train,200,200,1.0,464,336,70,595,0.74375,464,True,489600,0.01,False,1622.6289999999974,0.0024026687554555793,100000,True,407782,268845,800,0.0,2,14,611
0.565,0.43500000000000005,0.14367816091954022,0.8563218390804598,0.0,2.8735632183908044,6.884534935822404,15.826517093844608,0.12637019175734238,800,452,348,50,348,train,200,200,1.0,452,348,98,506,0.6325,452,True,490400,0.01,False,1622.8629999999976,0.010793684047257557,100000,True,408450,269297,800,0.0,2,14,612
0.595,0.405,0.0,1.0,0.0,2.8209876543209877,6.5832938526493425,16.255046549751462,0.12303871255481454,800,476,324,0,324,train,200,200,1.0,476,324,56,400,0.5,476,True,491200,0.01,False,1622.8599999999974,0.009486602971687717,100000,True,409077,269773,800,0.0,2,14,613
0.585,0.41500000000000004,0.05120481927710843,0.9487951807228916,0.0,3.144578313253012,6.796829999713802,16.377903613768197,0.12211575102436713,800,468,332,17,332,train,200,200,1.0,468,332,69,643,0.80375,468,True,492000,0.01,False,1622.5829999999976,0.009763217522749983,100000,True,409806,270241,800,0.0,2,14,614
0.56125,0.43875,0.27350427350427353,0.7264957264957265,0.0,2.982905982905983,6.538984887478452,14.903669259210146,0.13419514115720485,800,449,351,96,351,train,200,200,1.0,449,351,84,607,0.75875,449,True,492800,0.01,False,1622.1159999999977,0.013074324991212052,100000,True,410519,270690,800,0.0,2,14,615
0.585,0.41500000000000004,0.05421686746987952,0.9457831325301205,0.0,3.1716867469879517,6.745377113530461,16.253920755495088,0.12304723457716162,800,468,332,18,332,train,200,200,1.0,468,332,63,669,0.83625,468,True,493600,0.01,False,1621.8019999999974,0.010912174403833887,100000,True,411251,271158,800,0.0,2,14,616
0.54625,0.45375,0.0440771349862259,0.9559228650137741,0.0,2.746556473829201,6.223952134763647,13.716698919589305,0.14580767659365396,800,437,363,16,363,train,200,200,1.0,437,363,103,580,0.725,437,True,494400,0.01,False,1621.5059999999974,0.00868710745507542,100000,True,411910,271595,800,0.0,2,14,617
0.58,0.42000000000000004,0.0,1.0,0.0,3.1398809523809526,6.585253120088115,15.679174095447893,0.1275577391911642,800,464,336,0,336,train,200,200,1.0,464,336,66,654,0.8175,464,True,495200,0.01,False,1621.5319999999972,0.012335535163720124,100000,True,412647,272059,800,0.0,2,14,618
0.5275,0.47250000000000003,0.23015873015873015,0.7698412698412699,0.0,2.878306878306878,5.985888304620653,12.668546676445827,0.15787130529491028,800,422,378,87,378,train,200,200,1.0,422,378,79,663,0.82875,422,True,496000,0.01,False,1621.2489999999973,0.01564763435661007,100000,True,413377,272481,800,0.0,2,14,619
0.58,0.42000000000000004,0.08333333333333333,0.9166666666666666,0.0,3.0535714285714284,7.1075831269207095,16.922816968858832,0.11818363359246728,800,464,336,28,336,train,200,200,1.0,464,336,97,597,0.74625,464,True,496800,0.01,False,1621.440999999997,0.008381577975487744,100000,True,414077,272945,800,0.0,2,14,620
0.55,0.44999999999999996,0.26944444444444443,0.7305555555555555,0.0,2.6527777777777777,6.213053737678252,13.80678608372945,0.14485630384010162,800,440,360,97,360,train,200,200,1.0,440,360,92,450,0.5625,440,True,497600,0.01,False,1621.0629999999976,0.010740059107656635,100000,True,414706,273385,800,0.0,2,14,621
0.56,0.43999999999999995,0.056818181818181816,0.9431818181818182,0.0,2.8551136363636362,6.936275016691095,15.764261401570671,0.12686924867921373,800,448,352,20,352,train,200,200,1.0,448,352,106,509,0.63625,448,True,498400,0.01,False,1621.3399999999976,0.011770163593337202,100000,True,415378,273833,800,0.0,2,14,622
0.5775,0.4225,0.257396449704142,0.742603550295858,0.0,2.866863905325444,6.2559235687437305,14.806919689334274,0.13507198269202747,800,462,338,87,338,train,200,200,1.0,462,338,69,526,0.6575,462,True,499200,0.01,False,1621.3779999999977,0.0057440712383049685,100000,True,416034,274295,800,0.0,2,14,623
0.55,0.44999999999999996,0.3194444444444444,0.6805555555555556,0.0,2.7888888888888888,6.360993963328781,14.135542140730625,0.1414873218224247,800,440,360,115,360,train,200,200,1.0,440,360,84,547,0.68375,440,True,500000,0.01,False,1621.4259999999972,0.011915064568006528,100000,True,416700,274735,800,0.0,2,14,624
0.56375,0.43625,0.22636103151862463,0.7736389684813754,0.0,2.7879656160458453,6.368537079516752,14.598365798319204,0.1370016361852141,800,451,349,79,349,train,200,200,1.0,451,349,99,458,0.5725,451,True,500800,0.01,False,1621.8469999999973,0.014039560971614264,100000,True,417342,275186,800,0.0,2,14,625
0.57625,0.42374999999999996,0.0471976401179941,0.9528023598820059,0.0,3.050147492625369,7.313791438710885,17.259684811117133,0.11587697121281036,800,461,339,16,339,train,200,200,1.0,461,339,102,613,0.76625,461,True,501600,0.01,False,1622.057999999997,0.0072107572915183485,100000,True,418045,275647,800,0.0,2,14,626
0.5625,0.4375,0.022857142857142857,0.9771428571428571,0.0,2.802857142857143,6.744705311422675,15.41646928325183,0.12973139071296716,800,450,350,8,350,train,200,200,1.0,450,350,85,504,0.63,450,True,502400,0.01,False,1622.097999999997,0.010872654615968712,100000,True,418693,276097,800,0.0,2,14,627
0.565,0.43500000000000005,0.0,1.0,0.0,2.7557471264367814,6.269738643531474,14.4131922839804,0.13876176495771225,800,452,348,0,348,train,200,200,1.0,452,348,85,487,0.60875,452,True,503200,0.01,False,1621.7409999999973,0.007206102393647598,100000,True,419336,276549,800,0.0,2,14,628
0.5875,0.4125,0.06060606060606061,0.9393939393939394,0.0,2.875757575757576,6.9153266003846126,16.764428122144515,0.11930022219834355,800,470,330,20,330,train,200,200,1.0,470,330,58,445,0.55625,470,True,504000,0.01,False,1621.9419999999968,0.008140090574697752,100000,True,419986,277019,800,0.0,2,14,629
0.555,0.44499999999999995,0.0702247191011236,0.9297752808988764,0.0,2.8876404494382024,6.92843849761733,15.56952471374681,0.12845607279418997,800,444,356,25,356,train,200,200,1.0,444,356,86,574,0.7175,444,True,504800,0.01,False,1621.2849999999974,0.008554862087808033,100000,True,420675,277463,800,0.0,2,14,630
0.5625,0.4375,0.3628571428571429,0.6371428571428571,0.0,3.105714285714286,6.565374188956477,15.006569574757663,0.1332749626779575,800,450,350,127,350,train,200,200,1.0,450,350,89,701,0.87625,450,True,505600,0.01,False,1621.257999999997,0.009466121650348214,100000,True,421420,277913,800,0.0,2,14,631
0.59375,0.40625,0.04,0.96,0.0,3.267692307692308,6.749443528472498,16.61401483931692,0.12038029454909466,800,475,325,13,325,train,200,200,1.0,475,325,64,694,0.8675,475,True,506400,0.01,False,1621.0539999999974,0.003840259618023083,100000,True,422162,278388,800,0.0,2,14,632
0.59,0.41000000000000003,0.054878048780487805,0.9451219512195121,0.0,3.051829268292683,6.695869215980244,16.331388331659134,0.12246356276538412,800,472,328,18,328,train,200,200,1.0,472,328,83,574,0.7175,472,True,507200,0.01,False,1621.5919999999971,0.009606356873628102,100000,True,422844,278860,800,0.0,2,14,633
0.58375,0.41625,0.25225225225225223,0.7477477477477478,0.0,3.159159159159159,6.547325523252291,15.72931056637187,0.12715115462694568,800,467,333,84,333,train,200,200,1.0,467,333,88,643,0.80375,467,True,508000,0.01,False,1621.9479999999976,0.008344064669672661,100000,True,423568,279327,800,0.0,2,14,634
0.56,0.43999999999999995,0.056818181818181816,0.9431818181818182,0.0,2.840909090909091,6.622083594019554,15.050189986408078,0.13288868790402064,800,448,352,20,352,train,200,200,1.0,448,352,98,535,0.66875,448,True,508800,0.01,False,1622.4829999999974,0.007174743815041893,100000,True,424229,279775,800,0.0,2,14,635
0.55125,0.44875,0.0,1.0,0.0,2.5598885793871866,6.453320628563409,14.380658782314004,0.13907568702344095,800,441,359,0,359,train,200,200,1.0,441,359,102,405,0.50625,441,True,509600,0.01,False,1622.7649999999976,0.006533022665080352,100000,True,424831,280216,800,0.0,2,14,636
0.57625,0.42374999999999996,0.15339233038348082,0.8466076696165191,0.0,2.887905604719764,6.597228487814487,15.568680797202328,0.12846303588929625,800,461,339,52,339,train,200,200,1.0,461,339,56,541,0.67625,461,True,510400,0.01,False,1622.5899999999974,0.01075155008749789,100000,True,425493,280677,800,0.0,2,14,637
0.5725,0.4275,0.0,1.0,0.0,3.0350877192982457,6.9476617569960775,16.251840367242288,0.1230629857792144,800,458,342,0,342,train,200,200,1.0,458,342,90,646,0.8075,458,True,511200,0.01,False,1622.4969999999976,0.01387499592581662,100000,True,426205,281135,800,0.0,2,14,638
0.575,0.42500000000000004,0.2323529411764706,0.7676470588235295,0.0,2.9058823529411764,6.426683217061611,15.121607569556732,0.132261070180558,800,460,340,79,340,train,200,200,1.0,460,340,89,535,0.66875,460,True,512000,0.01,False,1622.8469999999973,0.009584104195446343,100000,True,426870,281595,800,0.0,2,14,639
0.57,0.43000000000000005,0.0,1.0,0.0,2.9593023255813953,6.78722060814444,15.78423397242893,0.12670871475254958,800,456,344,0,344,train,200,200,1.0,456,344,79,595,0.74375,456,True,512800,0.01,False,1622.3959999999972,0.011870225199395464,100000,True,427558,282051,800,0.0,2,14,640
0.61,0.39,0.07692307692307693,0.9230769230769231,0.0,3.301282051282051,6.704660008391265,17.191435918951964,0.11633699531725478,800,488,312,24,312,train,200,200,1.0,488,312,77,663,0.82875,488,True,513600,0.01,False,1623.147999999997,0.008494094147645228,100000,True,428283,282539,800,0.0,2,14,641
0.55,0.44999999999999996,0.08888888888888889,0.9111111111111111,0.0,2.8555555555555556,6.859042136880439,15.242315859734308,0.13121365666508777,800,440,360,32,360,train,200,200,1.0,440,360,88,587,0.73375,440,True,514400,0.01,False,1622.5799999999972,0.007336705569041441,100000,True,428972,282979,800,0.0,2,14,642
0.575,0.42500000000000004,0.16176470588235295,0.8382352941176471,0.0,2.7294117647058824,6.837141744538923,16.087392340091583,0.12432095629418921,800,460,340,55,340,train,200,200,1.0,460,340,84,437,0.54625,460,True,515200,0.01,False,1623.068999999997,0.007139173529483287,100000,True,429589,283439,800,0.0,2,14,643
0.5425,0.4575,0.0,1.0,0.0,2.7295081967213113,6.335457361538065,13.847994232870088,0.14442524789999764,800,434,366,0,366,train,200,200,1.0,434,366,118,526,0.6575,434,True,516000,0.01,False,1623.891999999997,0.009625300493207761,100000,True,430242,283873,800,0.0,2,14,644
0.595,0.405,0.23765432098765432,0.7623456790123457,0.0,2.990740740740741,6.57243133925515,16.228225529025064,0.12324206342972566,800,476,324,77,324,train,200,200,1.0,476,324,87,507,0.63375,476,True,516800,0.01,False,1624.5119999999972,0.008393575736745333,100000,True,430898,284349,800,0.0,2,14,645
0.58625,0.41374999999999995,0.11782477341389729,0.8821752265861027,0.0,3.1842900302114803,6.942039962244681,16.778344319624605,0.11920127289679722,800,469,331,39,331,train,200,200,1.0,469,331,65,636,0.795,469,True,517600,0.01,False,1624.5919999999971,0.012245551202722709,100000,True,431626,284818,800,0.0,2,14,646
0.605,0.395,0.22468354430379747,0.7753164556962026,0.0,3.107594936708861,6.873259475639684,17.40065690035363,0.11493818948636096,800,484,316,71,316,train,200,200,1.0,484,316,67,520,0.65,484,True,518400,0.01,False,1625.0009999999972,0.010606767806352764,100000,True,432309,285302,800,0.0,2,14,647
0.58125,0.41874999999999996,0.191044776119403,0.808955223880597,0.0,2.7791044776119405,6.592691073415831,15.743739876813924,0.1270346191977825,800,465,335,64,335,train,200,200,1.0,465,335,41,434,0.5425,465,True,519200,0.01,False,1624.327999999997,0.013639643778878963,100000,True,432945,285767,800,0.0,2,14,648
0.58875,0.41125,0.0425531914893617,0.9574468085106383,0.0,2.696048632218845,6.544392808945178,15.913417164608335,0.12568010876055133,800,471,329,14,329,train,200,200,1.0,471,329,85,338,0.4225,471,True,520000,0.01,False,1624.4949999999972,0.011252447722345096,100000,True,433530,286238,800,0.0,2,14,649
0.56625,0.43374999999999997,0.06051873198847262,0.9394812680115274,0.0,2.7435158501440924,6.578358682228887,15.166244800527695,0.13187179992837858,800,453,347,21,347,train,200,200,1.0,453,347,91,464,0.58,453,True,520800,0.01,False,1624.575999999997,0.006903632920220844,100000,True,434159,286691,800,0.0,2,14,650
0.59375,0.40625,0.12923076923076923,0.8707692307692307,0.0,2.8461538461538463,6.49262565437931,15.981847764625995,0.12514197541205296,800,475,325,42,325,train,200,200,1.0,475,325,67,440,0.55,475,True,521600,0.01,False,1624.679999999997,0.010673823622119017,100000,True,434786,287166,800,0.0,2,14,651
0.58625,0.41374999999999995,0.2537764350453172,0.7462235649546828,0.0,3.039274924471299,6.605058159397712,15.963886790085104,0.1252827726918087,800,469,331,84,331,train,200,200,1.0,469,331,66,562,0.7025,469,True,522400,0.01,False,1624.9149999999975,0.005873477759705565,100000,True,435481,287635,800,0.0,2,14,652
0.555,0.44499999999999995,0.16292134831460675,0.8370786516853933,0.0,2.8202247191011236,7.389392380556873,16.60537613608286,0.12044292063063088,800,444,356,58,356,train,200,200,1.0,444,356,95,595,0.74375,444,True,523200,0.01,False,1624.4549999999974,0.0070240153403574365,100000,True,436156,288079,800,0.0,2,14,653
0.56375,0.43625,0.10028653295128939,0.8997134670487106,0.0,2.7650429799426934,6.886869898944561,15.786521258325642,0.12669035611282767,800,451,349,35,349,train,200,200,1.0,451,349,108,436,0.545,451,True,524000,0.01,False,1624.4369999999974,0.005550233909461895,100000,True,436785,288530,800,0.0,2,14,654
0.56875,0.43125,0.06086956521739131,0.9391304347826087,0.0,2.971014492753623,7.1667559452028,16.61856451061519,0.12034733798593075,800,455,345,21,345,train,200,200,1.0,455,345,65,598,0.7475,455,True,524800,0.01,False,1624.4109999999973,0.00694938601729973,100000,True,437488,288985,800,0.0,2,14,655
0.545,0.45499999999999996,0.06868131868131869,0.9313186813186813,0.0,2.947802197802198,6.487232436199206,14.25765370593232,0.1402755348986938,800,436,364,25,364,train,200,200,1.0,436,364,103,652,0.815,436,True,525600,0.01,False,1624.6289999999974,0.012978580603421505,100000,True,438205,289421,800,0.0,2,14,656
0.575,0.42500000000000004,0.15588235294117647,0.8441176470588235,0.0,2.7558823529411764,6.506448339464842,15.309290210505509,0.1306396294341304,800,460,340,53,340,train,200,200,1.0,460,340,99,445,0.55625,460,True,526400,0.01,False,1625.2499999999973,0.01158365081970487,100000,True,438825,289881,800,0.0,2,14,657
0.5675,0.4325,0.11271676300578035,0.8872832369942196,0.0,3.106936416184971,6.447363598830443,14.907199072440331,0.13416336565180095,800,454,346,39,346,train,200,200,1.0,454,346,86,701,0.87625,454,True,527200,0.01,False,1625.3299999999972,0.012600521116064555,100000,True,439560,290335,800,0.0,2,14,658
0.58625,0.41374999999999995,0.22356495468277945,0.7764350453172205,0.0,2.960725075528701,6.880942572624897,16.63067691268857,0.12025968699290143,800,469,331,74,331,train,200,200,1.0,469,331,86,503,0.62875,469,True,528000,0.01,False,1625.5019999999975,0.008787064352450216,100000,True,440224,290804,800,0.0,2,14,659
0.57625,0.42374999999999996,0.0,1.0,0.0,2.982300884955752,6.764210171143415,15.96273786700511,0.12529178995878826,800,461,339,0,339,train,200,200,1.0,461,339,77,560,0.7,461,True,528800,0.01,False,1625.5629999999976,0.011440475798481202,100000,True,440911,291265,800,0.0,2,14,660
0.5875,0.4125,0.12424242424242424,0.8757575757575757,0.0,2.9424242424242424,6.860534436229412,16.631598633283424,0.12025302221985851,800,470,330,41,330,train,200,200,1.0,470,330,65,508,0.635,470,True,529600,0.01,False,1625.7369999999971,0.007147584967556213,100000,True,441576,291735,800,0.0,2,14,661
0.57375,0.42625,0.1436950146627566,0.8563049853372434,0.0,2.803519061583578,6.895584082501601,16.177323360707568,0.12362984626107663,800,459,341,49,341,train,200,200,1.0,459,341,99,450,0.5625,459,True,530400,0.01,False,1625.943999999997,0.005999524376579757,100000,True,442209,292194,800,0.0,2,14,662
0.57625,0.42374999999999996,0.13569321533923304,0.8643067846607669,0.0,2.9351032448377583,6.964056941656467,16.434352664676027,0.12169630534330671,800,461,339,46,339,train,200,200,1.0,461,339,67,562,0.7025,461,True,531200,0.01,False,1625.541999999997,0.010527878159080047,100000,True,442882,292655,800,0.0,2,14,663
0.57375,0.42625,0.0,1.0,0.0,2.8240469208211145,6.603360268948574,15.491754296653545,0.12910093729230074,800,459,341,0,341,train,200,200,1.0,459,341,88,459,0.57375,459,True,532000,0.01,False,1626.0009999999972,0.010413061023159571,100000,True,443531,293114,800,0.0,2,14,664
0.55875,0.44125000000000003,0.19263456090651557,0.8073654390934845,0.0,2.858356940509915,6.460497871528526,14.641354949639718,0.1365993794207697,800,447,353,68,353,train,200,200,1.0,447,353,101,554,0.6925,447,True,532800,0.01,False,1625.758999999997,0.01268437780772274,100000,True,444209,293561,800,0.0,2,14,665
0.5675,0.4325,0.3236994219653179,0.6763005780346821,0.0,2.953757225433526,6.052785788634341,13.994880436148765,0.14290940241504327,800,454,346,112,346,train,200,200,1.0,454,346,97,548,0.685,454,True,533600,0.01,False,1626.0219999999972,0.010595910484901196,100000,True,444900,294015,800,0.0,2,14,666
0.605,0.395,0.18670886075949367,0.8132911392405063,0.0,3.1487341772151898,6.59417692965609,16.694118809255926,0.1198026696018909,800,484,316,59,316,train,200,200,1.0,484,316,74,550,0.6875,484,True,534400,0.01,False,1626.3459999999968,0.012029435145682327,100000,True,445587,294499,800,0.0,2,14,667
0.55875,0.44125000000000003,0.0821529745042493,0.9178470254957507,0.0,2.855524079320113,6.457008110357704,14.633446142453721,0.13667320606030822,800,447,353,29,353,train,200,200,1.0,447,353,92,542,0.6775,447,True,535200,0.01,False,1626.4859999999965,0.012410719428989978,100000,True,446264,294946,800,0.0,2,14,668
0.59375,0.40625,0.09230769230769231,0.9076923076923077,0.0,3.187692307692308,7.103702297136489,17.486036423720588,0.11437697780881383,800,475,325,30,325,train,200,200,1.0,475,325,84,607,0.75875,475,True,536000,0.01,False,1625.850999999997,0.00690621928848941,100000,True,446980,295421,800,0.0,2,14,669
0.58,0.42000000000000004,0.0744047619047619,0.9255952380952381,0.0,3.0267857142857144,6.41171968148451,15.265999241629785,0.13101009428495697,800,464,336,25,336,train,200,200,1.0,464,336,76,560,0.7,464,True,536800,0.01,False,1626.223999999997,0.014669079625818995,100000,True,447674,295885,800,0.0,2,14,670
0.60375,0.39625,0.0,1.0,0.0,3.138801261829653,6.914819237053288,17.450647916853722,0.11460892509718296,800,483,317,0,317,train,200,200,1.0,483,317,56,576,0.72,483,True,537600,0.01,False,1626.2259999999972,0.009635840202645341,100000,True,448369,296368,800,0.0,2,14,671
0.585,0.41500000000000004,0.0963855421686747,0.9036144578313253,0.0,2.7740963855421685,6.306582995769873,15.196585531975598,0.1316085113851226,800,468,332,32,332,train,200,200,1.0,468,332,73,412,0.515,468,True,538400,0.01,False,1626.2939999999971,0.01197673888385907,100000,True,448988,296836,800,0.0,2,14,672
0.58,0.42000000000000004,0.0744047619047619,0.9255952380952381,0.0,2.8839285714285716,6.489809177981138,15.451926614240806,0.12943369781194533,800,464,336,25,336,train,200,200,1.0,464,336,90,517,0.64625,464,True,539200,0.01,False,1626.3799999999972,0.00990280756843731,100000,True,449643,297300,800,0.0,2,14,673
0.56,0.43999999999999995,0.045454545454545456,0.9545454545454546,0.0,2.522727272727273,6.912182208452739,15.70950501921077,0.12731145873496644,800,448,352,16,352,train,200,200,1.0,448,352,70,361,0.45125,448,True,540000,0.01,False,1626.0759999999968,0.0080970209122097,100000,True,450220,297748,800,0.0,2,14,674
0.585,0.41500000000000004,0.13855421686746988,0.8614457831325302,0.0,2.9879518072289155,6.498090642461042,15.65804974086998,0.12772982798615617,800,468,332,46,332,train,200,200,1.0,468,332,76,561,0.70125,468,True,540800,0.01,False,1625.8899999999967,0.005935511520679029,100000,True,450905,298216,800,0.0,2,14,675
0.53875,0.46125000000000005,0.0948509485094851,0.9051490514905149,0.0,2.707317073170732,5.903493142266019,12.798901121443944,0.15626341519656683,800,431,369,35,369,train,200,200,1.0,431,369,104,546,0.6825,431,True,541600,0.01,False,1625.5269999999966,0.011711848840168387,100000,True,451558,298647,800,0.0,2,14,676
0.57,0.43000000000000005,0.09302325581395349,0.9069767441860465,0.0,2.880813953488372,6.932435155428056,16.121942221925714,0.12405453216920824,800,456,344,32,344,train,200,200,1.0,456,344,73,564,0.705,456,True,542400,0.01,False,1625.4449999999968,0.01208385559693852,100000,True,452223,299103,800,0.0,2,14,677
0.57375,0.42625,0.21114369501466276,0.7888563049853372,0.0,3.0087976539589443,6.441472688605315,15.111959386757338,0.1323455118435937,800,459,341,72,341,train,200,200,1.0,459,341,95,604,0.755,459,True,543200,0.01,False,1625.684999999997,0.010646721353423346,100000,True,452918,299562,800,0.0,2,14,678
0.55875,0.44125000000000003,0.12464589235127478,0.8753541076487252,0.0,2.9490084985835696,6.6074172979779835,14.974316822612995,0.13356201980311802,800,447,353,44,353,train,200,200,1.0,447,353,75,626,0.7825,447,True,544000,0.01,False,1624.948999999997,0.015423496989951673,100000,True,453614,300009,800,0.0,2,14,679
0.5475,0.4525,0.21823204419889503,0.7817679558011049,0.0,2.8977900552486187,6.134856007573851,13.55769283441735,0.14751772476529568,800,438,362,79,362,train,200,200,1.0,438,362,77,642,0.8025,438,True,544800,0.01,False,1624.4119999999973,0.007171449365346234,100000,True,454318,300447,800,0.0,2,14,680
0.575,0.42500000000000004,0.052941176470588235,0.9470588235294117,0.0,2.7441176470588236,6.799163497436937,15.998031758675145,0.12501537877717198,800,460,340,18,340,train,200,200,1.0,460,340,87,391,0.48875,460,True,545600,0.01,False,1624.518999999997,0.006928981348419256,100000,True,454930,300907,800,0.0,2,14,681
0.58875,0.41125,0.14893617021276595,0.851063829787234,0.0,3.094224924012158,6.693552044225927,16.276114393254534,0.12287945093510029,800,471,329,49,329,train,200,200,1.0,471,329,87,554,0.6925,471,True,546400,0.01,False,1624.9099999999974,0.008341655323683882,100000,True,455630,301378,800,0.0,2,14,682
0.6,0.4,0.203125,0.796875,0.0,3.078125,6.674635093970081,16.686587734925205,0.11985673954261955,800,480,320,65,320,train,200,200,1.0,480,320,48,565,0.70625,480,True,547200,0.01,False,1624.5119999999972,0.017622675925067596,100000,True,456314,301858,800,0.0,2,14,683
0.54375,0.45625000000000004,0.1232876712328767,0.8767123287671232,0.0,2.712328767123288,6.373023365096681,13.968270389252998,0.14318164985829407,800,435,365,45,365,train,200,200,1.0,435,365,110,449,0.56125,435,True,548000,0.01,False,1624.907999999997,0.005972424953581594,100000,True,456961,302293,800,0.0,2,14,684
0.54875,0.45125000000000004,0.09695290858725762,0.9030470914127424,0.0,2.7534626038781163,6.352644807367809,14.077883229623954,0.14206681270032268,800,439,361,35,361,train,200,200,1.0,439,361,106,488,0.61,439,True,548800,0.01,False,1624.759999999997,0.010401609630562234,100000,True,457613,302732,800,0.0,2,14,685
0.57875,0.42125,0.12462908011869436,0.8753709198813057,0.0,3.1750741839762613,6.559546421875539,15.571623553413742,0.12843875869074314,800,463,337,42,337,train,200,200,1.0,463,337,75,704,0.88,463,True,549600,0.01,False,1625.100999999997,0.009625780423812102,100000,True,458354,303195,800,0.0,2,14,686
0.56625,0.43374999999999997,0.043227665706051875,0.9567723342939481,0.0,3.118155619596542,6.476258682489214,14.930855752136516,0.1339507951320079,800,453,347,15,347,train,200,200,1.0,453,347,102,689,0.86125,453,True,550400,0.01,False,1625.220999999997,0.01202599056095096,100000,True,459096,303648,800,0.0,2,14,687
0.56875,0.43125,0.04927536231884058,0.9507246376811594,0.0,2.869565217391304,6.928582360735215,16.06627793793673,0.12448433966634372,800,455,345,17,345,train,200,200,1.0,455,345,90,515,0.64375,455,True,551200,0.01,False,1625.7469999999971,0.018733576244958385,100000,True,459759,304103,800,0.0,2,14,688
0.56125,0.43875,0.18233618233618235,0.8176638176638177,0.0,2.809116809116809,6.263352998879932,14.27544843049557,0.1401006777291528,800,449,351,64,351,train,200,200,1.0,449,351,74,529,0.66125,449,True,552000,0.01,False,1625.9109999999966,0.014043292517580994,100000,True,460420,304552,800,0.0,2,14,689
0.57125,0.42874999999999996,0.08746355685131195,0.9125364431486881,0.0,3.011661807580175,6.968289481003096,16.252570218083022,0.12305745941492682,800,457,343,30,343,train,200,200,1.0,457,343,116,599,0.74875,457,True,552800,0.01,False,1626.295999999997,0.012335282133508372,100000,True,461118,305009,800,0.0,2,14,690
0.5425,0.4575,0.0,1.0,0.0,2.890710382513661,6.322854787499136,13.82044762294893,0.14471311310344168,800,434,366,0,366,train,200,200,1.0,434,366,107,615,0.76875,434,True,553600,0.01,False,1626.664999999997,0.007261826719222882,100000,True,461824,305443,800,0.0,2,14,691
0.56125,0.43875,0.12535612535612536,0.8746438746438746,0.0,2.8803418803418803,6.493643225654776,14.800326440238807,0.13513215455589164,800,449,351,44,351,train,200,200,1.0,449,351,104,524,0.655,449,True,554400,0.01,False,1626.7479999999973,0.006613125184039745,100000,True,462494,305892,800,0.0,2,14,692
0.59875,0.40125,0.11838006230529595,0.881619937694704,0.0,3.174454828660436,7.072251715809358,17.625549447499957,0.11347163990304336,800,479,321,38,321,train,200,200,1.0,479,321,69,608,0.76,479,True,555200,0.01,False,1627.1329999999973,0.011058019765437166,100000,True,463205,306371,800,0.0,2,14,693
0.55375,0.44625000000000004,0.06442577030812324,0.9355742296918768,0.0,2.9327731092436973,6.466790073942519,14.491406328162508,0.1380128301359691,800,443,357,23,357,train,200,200,1.0,443,357,93,644,0.805,443,True,556000,0.01,False,1627.2529999999972,0.014673416203359012,100000,True,463914,306814,800,0.0,2,14,694
0.5775,0.4225,0.1301775147928994,0.8698224852071006,0.0,2.9497041420118344,6.24863283689205,14.789663519271125,0.13522958094306703,800,462,338,44,338,train,200,200,1.0,462,338,94,518,0.6475,462,True,556800,0.01,False,1627.126999999997,0.008545240395376368,100000,True,464586,307276,800,0.0,2,14,695
0.5625,0.4375,0.2057142857142857,0.7942857142857143,0.0,2.9657142857142857,6.402708739105168,14.634762832240384,0.13666090957032798,800,450,350,72,350,train,200,200,1.0,450,350,90,597,0.74625,450,True,557600,0.01,False,1627.4629999999972,0.014200911475054454,100000,True,465285,307726,800,0.0,2,14,696
0.585,0.41500000000000004,0.1927710843373494,0.8072289156626506,0.0,2.8644578313253013,6.825723153802402,16.447525671813015,0.12159883741221358,800,468,332,64,332,train,200,200,1.0,468,332,81,492,0.615,468,True,558400,0.01,False,1627.1669999999974,0.005698456496993458,100000,True,465927,308194,800,0.0,2,14,697
0.57625,0.42374999999999996,0.05604719764011799,0.943952802359882,0.0,3.0117994100294987,6.599716037710213,15.57455112144003,0.12841461589520783,800,461,339,19,339,train,200,200,1.0,461,339,76,616,0.77,461,True,559200,0.01,False,1627.2219999999975,0.011970993044560601,100000,True,466621,308655,800,0.0,2,14,698
0.53875,0.46125000000000005,0.17886178861788618,0.8211382113821138,0.0,2.78319783197832,6.2488852851201075,13.547718775328148,0.14762632980263918,800,431,369,66,369,train,200,200,1.0,431,369,95,545,0.68125,431,True,560000,0.01,False,1627.0529999999972,0.014493901689002086,100000,True,467301,309086,800,0.0,2,14,699
0.57125,0.42874999999999996,0.0,1.0,0.0,3.064139941690962,7.03465919634298,16.407368387971964,0.12189645241745013,800,457,343,0,343,train,200,200,1.0,457,343,93,620,0.775,457,True,560800,0.01,False,1626.7589999999973,0.005777186150176021,100000,True,468013,309543,800,0.0,2,14,700
0.56375,0.43625,0.0,1.0,0.0,2.98567335243553,6.470174812499397,14.831346275070251,0.1348495249795202,800,451,349,0,349,train,200,200,1.0,451,349,75,652,0.815,451,True,561600,0.01,False,1626.469999999997,0.005955460783172839,100000,True,468725,309994,800,0.0,2,14,701
0.58375,0.41625,0.06306306306306306,0.9369369369369369,0.0,2.8528528528528527,6.741051051199979,16.19471724012007,0.12349706205708175,800,467,333,21,333,train,200,200,1.0,467,333,89,427,0.53375,467,True,562400,0.01,False,1626.7909999999968,0.008537598929879096,100000,True,469362,310461,800,0.0,2,14,702
0.57875,0.42125,0.09495548961424333,0.9050445103857567,0.0,2.8100890207715135,6.823470010744536,16.19814839345884,0.12347090244016057,800,463,337,32,337,train,200,200,1.0,463,337,75,465,0.58125,463,True,563200,0.01,False,1626.890999999997,0.007952860178447737,100000,True,469996,310924,800,0.0,2,14,703
0.56875,0.43125,0.05217391304347826,0.9478260869565217,0.0,2.8086956521739133,6.934306171890748,16.079550543514777,0.12438158607652389,800,455,345,18,345,train,200,200,1.0,455,345,116,451,0.56375,455,True,564000,0.01,False,1627.110999999997,0.01252553952708695,100000,True,470633,311379,800,0.0,2,14,704
0.56875,0.43125,0.14782608695652175,0.8521739130434782,0.0,2.7884057971014493,6.741893358046245,15.633375902715931,0.1279314213670604,800,455,345,51,345,train,200,200,1.0,455,345,79,454,0.5675,455,True,564800,0.01,False,1627.0939999999973,0.015294015860454237,100000,True,471279,311834,800,0.0,2,14,705
0.58375,0.41625,0.03903903903903904,0.960960960960961,0.0,3.009009009009009,6.771573036347338,16.268043330564176,0.12294041510465045,800,467,333,13,333,train,200,200,1.0,467,333,90,551,0.68875,467,True,565600,0.01,False,1626.7669999999966,0.0077104566343223265,100000,True,471965,312301,800,0.0,2,14,706
0.5675,0.4325,0.11849710982658959,0.8815028901734104,0.0,2.8497109826589595,6.659454799713728,15.397583351939256,0.12989051296469253,800,454,346,41,346,train,200,200,1.0,454,346,101,457,0.57125,454,True,566400,0.01,False,1627.0779999999972,0.010370036738422642,100000,True,472622,312755,800,0.0,2,14,707
0.59,0.41000000000000003,0.12804878048780488,0.8719512195121951,0.0,2.8353658536585367,7.262239575299933,17.712779451951057,0.11291282689006217,800,472,328,42,328,train,200,200,1.0,472,328,76,414,0.5175,472,True,567200,0.01,False,1627.4979999999969,0.015826667144006025,100000,True,473247,313227,800,0.0,2,14,708
0.595,0.405,0.06481481481481481,0.9351851851851852,0.0,3.058641975308642,6.76890131548207,16.71333658143721,0.11966491491718743,800,476,324,21,324,train,200,200,1.0,476,324,68,566,0.7075,476,True,568000,0.01,False,1627.2869999999973,0.008894403145568504,100000,True,473935,313703,800,0.0,2,14,709
0.54625,0.45375,0.07162534435261708,0.928374655647383,0.0,2.790633608815427,6.476879088531806,14.274113693734007,0.14011377819401508,800,437,363,26,363,train,200,200,1.0,437,363,99,555,0.69375,437,True,568800,0.01,False,1627.2579999999973,0.008109608502732044,100000,True,474606,314140,800,0.0,2,14,710
0.57875,0.42125,0.0,1.0,0.0,3.080118694362018,6.6034748726870705,15.675904742283846,0.1275843425231619,800,463,337,0,337,train,200,200,1.0,463,337,94,562,0.7025,463,True,569600,0.01,False,1627.598999999997,0.012763772078551483,100000,True,475320,314603,800,0.0,2,14,711
0.545,0.45499999999999996,0.07692307692307693,0.9230769230769231,0.0,2.7472527472527473,6.513976812842697,14.316432555698235,0.13969960688313787,800,436,364,28,364,train,200,200,1.0,436,364,96,555,0.69375,436,True,570400,0.01,False,1627.1279999999972,0.011038908881819225,100000,True,475978,315039,800,0.0,2,14,712
0.5725,0.4275,0.22807017543859648,0.7719298245614035,0.0,3.0116959064327484,6.299313440909873,14.735236119087421,0.13572907714789054,800,458,342,78,342,train,200,200,1.0,458,342,93,605,0.75625,458,True,571200,0.01,False,1627.4019999999973,0.0057128118554373945,100000,True,476675,315497,800,0.0,2,14,713
0.53,0.47,0.12234042553191489,0.8776595744680851,0.0,2.502659574468085,6.773445270028258,14.411585680911186,0.13877723411443146,800,424,376,46,376,train,200,200,1.0,424,376,123,399,0.49875,424,True,572000,0.01,False,1627.554999999997,0.008979226614437721,100000,True,477275,315921,800,0.0,2,14,714
0.57875,0.42125,0.1632047477744807,0.8367952522255193,0.0,3.1513353115727,6.180603832564611,14.672056575821033,0.13631354198128712,800,463,337,55,337,train,200,200,1.0,463,337,99,661,0.82625,463,True,572800,0.01,False,1628.0389999999968,0.014594319852894841,100000,True,478006,316384,800,0.0,2,14,715
0.57125,0.42874999999999996,0.05539358600583091,0.9446064139941691,0.0,2.935860058309038,6.476517381283552,15.105579898037439,0.13240140487819643,800,457,343,19,343,train,200,200,1.0,457,343,72,591,0.73875,457,True,573600,0.01,False,1628.146999999997,0.010821499279845739,100000,True,478696,316841,800,0.0,2,14,716
0.55125,0.44875,0.055710306406685235,0.9442896935933147,0.0,2.8133704735376046,6.677306747984107,14.879792196064864,0.13441047923565247,800,441,359,20,359,train,200,200,1.0,441,359,108,550,0.6875,441,True,574400,0.01,False,1628.4379999999967,0.009828688401048566,100000,True,479366,317282,800,0.0,2,14,717
0.54875,0.45125000000000004,0.0,1.0,0.0,2.817174515235457,6.614179701792747,14.657461943031018,0.1364492712158064,800,439,361,0,361,train,200,200,1.0,439,361,102,599,0.74875,439,True,575200,0.01,False,1628.6889999999967,0.0060169532853524286,100000,True,480041,317721,800,0.0,2,14,718
0.58125,0.41874999999999996,0.07462686567164178,0.9253731343283582,0.0,2.8746268656716416,6.663875751044514,15.913733136822719,0.12567761334216473,800,465,335,25,335,train,200,200,1.0,465,335,67,507,0.63375,465,True,576000,0.01,False,1629.3159999999966,0.009804188001035073,100000,True,480692,318186,800,0.0,2,14,719
0.56,0.43999999999999995,0.13636363636363635,0.8636363636363636,0.0,2.65625,6.524697449527105,14.82885783983433,0.1348721541201547,800,448,352,48,352,train,200,200,1.0,448,352,78,400,0.5,448,True,576800,0.01,False,1628.820999999997,0.00795362782072516,100000,True,481305,318634,800,0.0,2,14,720
0.54375,0.45625000000000004,0.19726027397260273,0.8027397260273973,0.0,3.0575342465753423,6.176859162339497,13.538321451703007,0.1477288013240679,800,435,365,72,365,train,200,200,1.0,435,365,108,686,0.8575,435,True,577600,0.01,False,1629.1259999999972,0.011805407270749128,100000,True,482063,319069,800,0.0,2,14,721
0.5775,0.4225,0.16863905325443787,0.8313609467455622,0.0,3.0088757396449703,6.969429392827849,16.49569087059846,0.12124378516117529,800,462,338,57,338,train,200,200,1.0,462,338,77,606,0.7575,462,True,578400,0.01,False,1628.755999999997,0.006123956122476102,100000,True,482759,319531,800,0.0,2,14,722
0.5825,0.4175,0.2125748502994012,0.7874251497005988,0.0,3.0149700598802394,6.42540945136203,15.390202278711447,0.1299528078826168,800,466,334,71,334,train,200,200,1.0,466,334,73,601,0.75125,466,True,579200,0.01,False,1628.7809999999972,0.014333163662759035,100000,True,483448,319997,800,0.0,2,14,723
0.585,0.41500000000000004,0.07228915662650602,0.927710843373494,0.0,3.174698795180723,6.489309783734805,15.636891045144107,0.12790266263453193,800,468,332,24,332,train,200,200,1.0,468,332,88,647,0.80875,468,True,580000,0.01,False,1629.1009999999965,0.012158545157972185,100000,True,484179,320465,800,0.0,2,14,724
0.565,0.43500000000000005,0.33045977011494254,0.6695402298850575,0.0,3.0373563218390807,6.182202460732099,14.211959679843904,0.14072654616636,800,452,348,115,348,train,200,200,1.0,452,348,100,632,0.79,452,True,580800,0.01,False,1629.120999999997,0.003769218690786147,100000,True,484906,320917,800,0.0,2,14,725
0.5625,0.4375,0.07714285714285714,0.9228571428571428,0.0,2.9971428571428573,6.600709032347121,15.087334931079134,0.13256151660556717,800,450,350,27,350,train,200,200,1.0,450,350,101,606,0.7575,450,True,581600,0.01,False,1628.971999999997,0.006643111157829935,100000,True,485612,321367,800,0.0,2,14,726
0.58375,0.41625,0.06006006006006006,0.93993993993994,0.0,3.2582582582582584,6.945494843479217,16.68587349784797,0.11986186999787253,800,467,333,20,333,train,200,200,1.0,467,333,73,693,0.86625,467,True,582400,0.01,False,1628.9019999999969,0.0036533350070112646,100000,True,486371,321834,800,0.0,2,14,727
0.5725,0.4275,0.1111111111111111,0.8888888888888888,0.0,3.0935672514619883,7.136136896080161,16.692717885567628,0.11981272395007536,800,458,342,38,342,train,200,200,1.0,458,342,84,650,0.8125,458,True,583200,0.01,False,1629.262999999997,0.00954739534440705,100000,True,487101,322292,800,0.0,2,14,728
0.585,0.41500000000000004,0.10240963855421686,0.8975903614457831,0.0,2.9879518072289155,6.744176802576215,16.251028439942687,0.1230691342022569,800,468,332,34,332,train,200,200,1.0,468,332,85,554,0.6925,468,True,584000,0.01,False,1629.5099999999975,0.01090620254485657,100000,True,487778,322760,800,0.0,2,14,729
0.55375,0.44625000000000004,0.07563025210084033,0.9243697478991597,0.0,2.708683473389356,6.301311471234292,14.120585929936789,0.1416371820492121,800,443,357,27,357,train,200,200,1.0,443,357,87,466,0.5825,443,True,584800,0.01,False,1629.5769999999973,0.008879344031684014,100000,True,488413,323203,800,0.0,2,14,730
0.58625,0.41374999999999995,0.06948640483383686,0.9305135951661632,0.0,2.903323262839879,6.334627713519994,15.310278461679745,0.130631196879,800,469,331,23,331,train,200,200,1.0,469,331,68,467,0.58375,469,True,585600,0.01,False,1629.5669999999968,0.015408804734524892,100000,True,489069,323672,800,0.0,2,14,731
0.54875,0.45125000000000004,0.12188365650969529,0.8781163434903048,0.0,2.6897506925207755,6.284562366182622,13.927008013701101,0.14360586265423567,800,439,361,44,361,train,200,200,1.0,439,361,96,475,0.59375,439,True,586400,0.01,False,1629.6029999999969,0.006657144969785804,100000,True,489708,324111,800,0.0,2,14,732
0.595,0.405,0.22530864197530864,0.7746913580246914,0.0,3.1419753086419755,6.603424218810374,16.304751157556478,0.12266363225501267,800,476,324,73,324,train,200,200,1.0,476,324,73,635,0.79375,476,True,587200,0.01,False,1629.648999999997,0.00731901855619526,100000,True,490417,324587,800,0.0,2,14,733
0.57125,0.42874999999999996,0.1457725947521866,0.8542274052478134,0.0,2.991253644314869,6.45053875790122,15.044988356620921,0.13293463262268662,800,457,343,50,343,train,200,200,1.0,457,343,113,589,0.73625,457,True,588000,0.01,False,1630.1809999999969,0.011138240590821625,100000,True,491106,325044,800,0.0,2,14,734
0.56875,0.43125,0.06376811594202898,0.936231884057971,0.0,3.1159420289855073,6.336699432902958,14.693795786441642,0.13611186851020846,800,455,345,22,345,train,200,200,1.0,455,345,66,681,0.85125,455,True,588800,0.01,False,1629.4229999999966,0.004542749031770654,100000,True,491842,325499,800,0.0,2,14,735
0.56,0.43999999999999995,0.16761363636363635,0.8323863636363636,0.0,3.090909090909091,6.33213020255734,14.391205005812138,0.13897376899239955,800,448,352,59,352,train,200,200,1.0,448,352,106,652,0.815,448,True,589600,0.01,False,1629.476999999997,0.00718090519409543,100000,True,492585,325947,800,0.0,2,14,736
0.5825,0.4175,0.059880239520958084,0.9401197604790419,0.0,3.002994011976048,6.628678166560373,15.877073452839218,0.12596779916278272,800,466,334,20,334,train,200,200,1.0,466,334,71,577,0.72125,466,True,590400,0.01,False,1629.7869999999969,0.014440051286164816,100000,True,493273,326413,800,0.0,2,14,737
0.555,0.44499999999999995,0.1404494382022472,0.8595505617977528,0.0,2.651685393258427,6.939045091717109,15.59335975666766,0.12825972280571593,800,444,356,50,356,train,200,200,1.0,444,356,102,414,0.5175,444,True,591200,0.01,False,1629.844999999997,0.014142970890507058,100000,True,493890,326857,800,0.0,2,14,738
0.56375,0.43625,0.10888252148997135,0.8911174785100286,0.0,2.799426934097421,6.046666921763834,13.86055454845578,0.14429437097975437,800,451,349,38,349,train,200,200,1.0,451,349,106,480,0.6,451,True,592000,0.01,False,1630.084999999997,0.009309544748493864,100000,True,494535,327308,800,0.0,2,14,739
0.5825,0.4175,0.04790419161676647,0.9520958083832335,0.0,2.874251497005988,6.815209260210686,16.323854515474697,0.12252008238030049,800,466,334,16,334,train,200,200,1.0,466,334,81,509,0.63625,466,True,592800,0.01,False,1630.3149999999969,0.00810719402858922,100000,True,495189,327774,800,0.0,2,14,740
0.5875,0.4125,0.23333333333333334,0.7666666666666667,0.0,3.0303030303030303,6.5675291548026165,15.921282799521494,0.1256180186724721,800,470,330,77,330,train,200,200,1.0,470,330,71,603,0.75375,470,True,593600,0.01,False,1630.071999999997,0.01066273302803893,100000,True,495878,328244,800,0.0,2,14,741
0.5525,0.4475,0.11452513966480447,0.8854748603351955,0.0,2.82122905027933,6.394315913538671,14.288974108466304,0.139968061025108,800,442,358,41,358,train,200,200,1.0,442,358,116,504,0.63,442,True,594400,0.01,False,1630.6319999999969,0.01078470063009263,100000,True,496542,328686,800,0.0,2,14,742
0.56375,0.43625,0.08022922636103152,0.9197707736389685,0.0,2.839541547277937,6.358202363570866,14.574675905033505,0.13722432066631965,800,451,349,28,349,train,200,200,1.0,451,349,98,512,0.64,451,True,595200,0.01,False,1630.7549999999967,0.006905188238679329,100000,True,497207,329137,800,0.0,2,14,743
0.58,0.42000000000000004,0.13392857142857142,0.8660714285714286,0.0,3.0535714285714284,6.921466555820846,16.479682275763917,0.12136156307705814,800,464,336,45,336,train,200,200,1.0,464,336,90,542,0.6775,464,True,596000,0.01,False,1630.6159999999968,0.011477843201091673,100000,True,497909,329601,800,0.0,2,14,744
0.60125,0.39875000000000005,0.14420062695924765,0.8557993730407524,0.0,3.0344827586206895,6.584882921920553,16.513812970333674,0.12111073339590986,800,481,319,46,319,train,200,200,1.0,481,319,56,535,0.66875,481,True,596800,0.01,False,1630.0369999999969,0.005741992746457072,100000,True,498581,330082,800,0.0,2,14,745
0.57875,0.42125,0.03857566765578635,0.9614243323442137,0.0,2.8902077151335313,6.502573003482063,15.43637508245,0.1295640970964647,800,463,337,13,337,train,200,200,1.0,463,337,91,485,0.60625,463,True,597600,0.01,False,1630.366999999997,0.008340106732957793,100000,True,499233,330545,800,0.0,2,14,746
0.60125,0.39875000000000005,0.0438871473354232,0.9561128526645768,0.0,3.3322884012539187,6.848816042088717,17.17571421213471,0.11644348382246555,800,481,319,14,319,train,200,200,1.0,481,319,83,686,0.8575,481,True,598400,0.01,False,1630.552999999997,0.005077551615809171,100000,True,499983,331026,800,0.0,2,14,747
0.57,0.43000000000000005,0.05813953488372093,0.9418604651162791,0.0,2.953488372093023,7.1502900209168105,16.628581443992584,0.1202748416475743,800,456,344,20,344,train,200,200,1.0,456,344,82,598,0.7475,456,True,599200,0.01,False,1631.194999999997,0.010703277140110004,100000,True,500674,331482,800,0.0,2,14,748
0.58875,0.41125,0.2066869300911854,0.7933130699088146,0.0,2.8267477203647418,6.4989744047929525,15.802977276092285,0.12655843041840747,800,471,329,68,329,train,200,200,1.0,471,329,76,425,0.53125,471,True,600000,0.01,False,1631.136999999997,0.011684203872191575,100000,True,501295,331953,800,0.0,2,14,749
0.595,0.405,0.06172839506172839,0.9382716049382716,0.0,2.9876543209876543,7.406419992258083,18.287456771007616,0.10936457841260575,800,476,324,20,324,train,200,200,1.0,476,324,87,564,0.705,476,True,600800,0.01,False,1631.1659999999972,0.01126820269834525,100000,True,501962,332429,800,0.0,2,14,750
0.59875,0.40125,0.0,1.0,0.0,3.2523364485981308,6.671890568668842,16.62776465711861,0.12028074977256599,800,479,321,0,321,train,200,200,1.0,479,321,78,636,0.795,479,True,601600,0.01,False,1631.4619999999968,0.004501191121598822,100000,True,502700,332908,800,0.0,2,14,751
0.575,0.42500000000000004,0.08823529411764706,0.9117647058823529,0.0,3.0323529411764705,6.9083018852942635,16.254827965398267,0.12304036709938795,800,460,340,30,340,train,200,200,1.0,460,340,91,609,0.76125,460,True,602400,0.01,False,1631.6399999999967,0.007504904411080133,100000,True,503410,333368,800,0.0,2,14,752
0.59625,0.40375000000000005,0.0,1.0,0.0,3.0526315789473686,7.095043558487592,17.572863302755643,0.11381184531756842,800,477,323,0,323,train,200,200,1.0,477,323,73,600,0.75,477,True,603200,0.01,False,1631.9189999999974,0.006874553863394794,100000,True,504087,333845,800,0.0,2,14,753
0.5625,0.4375,0.1657142857142857,0.8342857142857143,0.0,2.92,6.3933083096938965,14.613276136443194,0.13686184954873448,800,450,350,58,350,train,200,200,1.0,450,350,91,557,0.69625,450,True,604000,0.01,False,1631.7479999999969,0.005978405700204803,100000,True,504770,334295,800,0.0,2,14,754
0.58625,0.41374999999999995,0.05740181268882175,0.9425981873111783,0.0,3.090634441087613,6.698352206346317,16.189370891471462,0.12353784550415096,800,469,331,19,331,train,200,200,1.0,469,331,84,594,0.7425,469,True,604800,0.01,False,1632.345999999997,0.005986250150699562,100000,True,505473,334764,800,0.0,2,14,755
0.59125,0.40874999999999995,0.18960244648318042,0.8103975535168195,0.0,2.914373088685015,6.735024862999769,16.477125047094237,0.12138039823595942,800,473,327,62,327,train,200,200,1.0,473,327,69,445,0.55625,473,True,605600,0.01,False,1632.328999999997,0.008243687247659181,100000,True,506126,335237,800,0.0,2,14,756
0.56875,0.43125,0.06956521739130435,0.9304347826086956,0.0,2.8318840579710143,6.4761261551917935,15.017104127980971,0.1331814698063825,800,455,345,24,345,train,200,200,1.0,455,345,72,536,0.67,455,True,606400,0.01,False,1631.4579999999974,0.01709414369895967,100000,True,506788,335692,800,0.0,2,14,757
0.55125,0.44875,0.10027855153203342,0.8997214484679665,0.0,2.8551532033426184,6.81042452233258,15.17643347595004,0.1317832679970154,800,441,359,36,359,train,200,200,1.0,441,359,112,559,0.69875,441,True,607200,0.01,False,1631.6589999999974,0.009662591858595988,100000,True,507467,336133,800,0.0,2,14,758
0.58625,0.41374999999999995,0.0,1.0,0.0,3.1570996978851964,6.555626932909408,15.844415547817299,0.12622743918601131,800,469,331,0,331,train,200,200,1.0,469,331,74,642,0.8025,469,True,608000,0.01,False,1631.8319999999972,0.014428930742724333,100000,True,508192,336602,800,0.0,2,14,759
0.555,0.44499999999999995,0.07584269662921349,0.9241573033707865,0.0,2.7247191011235956,6.140698445656867,13.799322349790712,0.144934653260733,800,444,356,27,356,train,200,200,1.0,444,356,106,453,0.56625,444,True,608800,0.01,False,1632.123999999997,0.010456606229208774,100000,True,508824,337046,800,0.0,2,14,760
0.56625,0.43374999999999997,0.13256484149855907,0.8674351585014409,0.0,3.1815561959654177,6.204969545905122,14.30540529315302,0.1398072937477177,800,453,347,46,347,train,200,200,1.0,453,347,111,746,0.9325,453,True,609600,0.01,False,1632.4619999999973,0.004802196962687049,100000,True,509585,337499,800,0.0,2,14,761
0.59375,0.40625,0.07384615384615385,0.9261538461538461,0.0,3.2246153846153844,7.115798033152718,17.51581054314515,0.11418255495933667,800,475,325,24,325,train,200,200,1.0,475,325,94,637,0.79625,475,True,610400,0.01,False,1632.9289999999974,0.009495269051080868,100000,True,510313,337974,800,0.0,2,14,762
0.57,0.43000000000000005,0.26453488372093026,0.7354651162790697,0.0,2.8575581395348837,6.513752820754449,15.148262373847555,0.1320283442840853,800,456,344,91,344,train,200,200,1.0,456,344,81,566,0.7075,456,True,611200,0.01,False,1632.8999999999971,0.011784159112048656,100000,True,510982,338430,800,0.0,2,14,763
0.5675,0.4325,0.23699421965317918,0.7630057803468208,0.0,2.88728323699422,6.662118518907684,15.403742240248981,0.12983857875614987,800,454,346,82,346,train,200,200,1.0,454,346,110,503,0.62875,454,True,612000,0.01,False,1633.1779999999972,0.005722085986596994,100000,True,511648,338884,800,0.0,2,14,764
0.56875,0.43125,0.0,1.0,0.0,3.139130434782609,6.466760556667665,14.995386798069948,0.13337435218792884,800,455,345,0,345,train,200,200,1.0,455,345,76,699,0.87375,455,True,612800,0.01,False,1632.9429999999973,0.007120648049176452,100000,True,512391,339339,800,0.0,2,14,765
0.54375,0.45625000000000004,0.019178082191780823,0.9808219178082191,0.0,2.797260273972603,6.7534409517187495,14.802062359931506,0.13511630686098897,800,435,365,7,365,train,200,200,1.0,435,365,113,571,0.71375,435,True,613600,0.01,False,1632.8509999999972,0.010997654331836202,100000,True,513066,339774,800,0.0,2,14,766
0.55,0.44999999999999996,0.05,0.95,0.0,2.691666666666667,6.5587212918786895,14.574936204174865,0.13722186992675256,800,440,360,18,360,train,200,200,1.0,440,360,80,488,0.61,440,True,614400,0.01,False,1632.446999999997,0.010101642752779298,100000,True,513707,340214,800,0.0,2,14,767
0.5825,0.4175,0.05389221556886228,0.9461077844311377,0.0,3.062874251497006,6.919355913222176,16.57330757658006,0.12067597193611636,800,466,334,18,334,train,200,200,1.0,466,334,82,616,0.77,466,True,615200,0.01,False,1632.507999999997,0.008187356242374336,100000,True,514402,340680,800,0.0,2,14,768
0.55875,0.44125000000000003,0.0,1.0,0.0,2.855524079320113,6.790980998428081,15.390325208902167,0.1299517698848331,800,447,353,0,353,train,200,200,1.0,447,353,91,547,0.68375,447,True,616000,0.01,False,1632.3139999999967,0.006920661973063034,100000,True,515073,341127,800,0.0,2,14,769
0.5875,0.4125,0.0,1.0,0.0,2.9909090909090907,7.1207682799877805,17.262468557546136,0.11585828488740202,800,470,330,0,330,train,200,200,1.0,470,330,72,514,0.6425,470,True,616800,0.01,False,1632.215999999997,0.007145581577360644,100000,True,515752,341597,800,0.0,2,14,770
0.57125,0.42874999999999996,0.061224489795918366,0.9387755102040817,0.0,3.0320699708454812,6.70932622122726,15.648574276914893,0.12780717045580584,800,457,343,21,343,train,200,200,1.0,457,343,102,606,0.7575,457,True,617600,0.01,False,1632.8369999999968,0.006617674090543915,100000,True,516458,342054,800,0.0,2,14,771
0.585,0.41500000000000004,0.0,1.0,0.0,3.036144578313253,6.729006884960549,16.214474421591685,0.12334658207217246,800,468,332,0,332,train,200,200,1.0,468,332,70,571,0.71375,468,True,618400,0.01,False,1632.893999999997,0.014546959424096713,100000,True,517144,342522,800,0.0,2,14,772
0.57375,0.42625,0.04985337243401759,0.9501466275659824,0.0,2.9912023460410557,6.432550214828419,15.091026896958168,0.13252908590356638,800,459,341,17,341,train,200,200,1.0,459,341,77,590,0.7375,459,True,619200,0.01,False,1632.812999999997,0.016409336886381423,100000,True,517840,342981,800,0.0,2,14,773
0.57,0.43000000000000005,0.08139534883720931,0.9186046511627907,0.0,2.808139534883721,6.746126070362643,15.688665279913124,0.1274805704829898,800,456,344,28,344,train,200,200,1.0,456,344,87,501,0.62625,456,True,620000,0.01,False,1633.621999999997,0.008362577434404557,100000,True,518489,343437,800,0.0,2,14,774
0.58375,0.41625,0.11711711711711711,0.8828828828828829,0.0,3.024024024024024,6.904164531017967,16.58658145589902,0.12057939758820524,800,467,333,39,333,train,200,200,1.0,467,333,78,576,0.72,467,True,620800,0.01,False,1633.6459999999968,0.0059554564494555965,100000,True,519180,343904,800,0.0,2,14,775
0.54875,0.45125000000000004,0.04155124653739612,0.9584487534626038,0.0,2.8033240997229916,6.837752119546154,15.152913284312808,0.13198782059094327,800,439,361,15,361,train,200,200,1.0,439,361,81,546,0.6825,439,True,621600,0.01,False,1633.4639999999972,0.003669503073570013,100000,True,519856,344343,800,0.0,2,14,776
0.6,0.4,0.0625,0.9375,0.0,3.090625,7.37979502663844,18.449487566596098,0.10840409484440748,800,480,320,20,320,train,200,200,1.0,480,320,62,598,0.7475,480,True,622400,0.01,False,1633.6689999999971,0.01189435753691214,100000,True,520548,344823,800,0.0,2,14,777
0.5775,0.4225,0.0,1.0,0.0,2.9763313609467454,6.537499163529406,15.473370801253033,0.1292543186412905,800,462,338,0,338,train,200,200,1.0,462,338,77,507,0.63375,462,True,623200,0.01,False,1633.6599999999974,0.007257241704933221,100000,True,521233,345285,800,0.0,2,14,778
0.56375,0.43625,0.09455587392550144,0.9054441260744985,0.0,3.1375358166189113,6.440761514508067,14.763923242425369,0.13546534800809806,800,451,349,33,349,train,200,200,1.0,451,349,80,698,0.8725,451,True,624000,0.01,False,1633.535999999997,0.01139722470921697,100000,True,521985,345736,800,0.0,2,14,779
0.55625,0.44375,0.22253521126760564,0.7774647887323943,0.0,2.771830985915493,7.212999216523979,16.254646121744177,0.12304174357413776,800,445,355,79,355,train,200,200,1.0,445,355,95,517,0.64625,445,True,624800,0.01,False,1634.1269999999972,0.011500958230756168,100000,True,522637,346181,800,0.0,2,14,780
0.555,0.44499999999999995,0.06460674157303371,0.9353932584269663,0.0,2.699438202247191,6.431310729888772,14.452383662671398,0.13838547651940186,800,444,356,23,356,train,200,200,1.0,444,356,109,434,0.5425,444,True,625600,0.01,False,1633.9949999999974,0.011544780082067519,100000,True,523262,346625,800,0.0,2,14,781
0.6,0.4,0.13125,0.86875,0.0,2.978125,7.019483481016864,17.54870870254216,0.11396849955747877,800,480,320,42,320,train,200,200,1.0,480,320,57,516,0.645,480,True,626400,0.01,False,1633.6229999999973,0.009425118446015403,100000,True,523920,347105,800,0.0,2,14,782
0.59375,0.40625,0.08,0.92,0.0,3.046153846153846,6.749630160998211,16.614474242457135,0.12037696594028471,800,475,325,26,325,train,200,200,1.0,475,325,61,550,0.6875,475,True,627200,0.01,False,1633.6099999999972,0.011676317768706212,100000,True,524605,347580,800,0.0,2,14,783
0.58375,0.41625,0.12912912912912913,0.8708708708708709,0.0,2.90990990990991,6.521443892749866,15.667132475074752,0.1276557789488186,800,467,333,43,333,train,200,200,1.0,467,333,80,476,0.595,467,True,628000,0.01,False,1633.5519999999972,0.007168935227830389,100000,True,525268,348047,800,0.0,2,14,784
0.5725,0.4275,0.2894736842105263,0.7105263157894737,0.0,2.8684210526315788,6.55171956211368,15.325659794417966,0.13050009114312036,800,458,342,99,342,train,200,200,1.0,458,342,96,529,0.66125,458,True,628800,0.01,False,1633.7969999999973,0.014340849487216473,100000,True,525930,348505,800,0.0,2,14,785
0.595,0.405,0.1574074074074074,0.8425925925925926,0.0,3.1358024691358026,6.809513528312783,16.81361365015502,0.11895122854696737,800,476,324,51,324,train,200,200,1.0,476,324,93,604,0.755,476,True,629600,0.01,False,1634.2009999999975,0.010033811968478403,100000,True,526630,348981,800,0.0,2,14,786
0.575,0.42500000000000004,0.24705882352941178,0.7529411764705882,0.0,3.0029411764705882,6.433468752744058,15.137573535868372,0.13212157121886242,800,460,340,84,340,train,200,200,1.0,460,340,71,598,0.7475,460,True,630400,0.01,False,1633.6599999999974,0.0073600690008606764,100000,True,527331,349441,800,0.0,2,14,787
0.5725,0.4275,0.0,1.0,0.0,3.008771929824561,7.366599448412896,17.231811575234847,0.11606440746336578,800,458,342,0,342,train,200,200,1.0,458,342,87,606,0.7575,458,True,631200,0.01,False,1633.4929999999972,0.005888893551104957,100000,True,528030,349899,800,0.0,2,14,788
0.58125,0.41874999999999996,0.08955223880597014,0.9104477611940298,0.0,3.235820895522388,6.49512071000657,15.510736023896285,0.12894294615798646,800,465,335,30,335,train,200,200,1.0,465,335,86,688,0.86,465,True,632000,0.01,False,1633.8049999999973,0.006786639740641931,100000,True,528784,350364,800,0.0,2,14,789
0.5925,0.4075,0.049079754601226995,0.950920245398773,0.0,3.168711656441718,6.965408417004,17.093026790193868,0.11700677852721697,800,474,326,16,326,train,200,200,1.0,474,326,86,604,0.755,474,True,632800,0.01,False,1633.7539999999974,0.010742346702118084,100000,True,529497,350838,800,0.0,2,14,790
0.56125,0.43875,0.06837606837606838,0.9316239316239316,0.0,2.8547008547008548,6.667088636563167,15.195643616098385,0.13161666925915425,800,449,351,24,351,train,200,200,1.0,449,351,101,545,0.68125,449,True,633600,0.01,False,1634.0769999999975,0.006010159731554268,100000,True,530161,351287,800,0.0,2,14,791
0.54875,0.45125000000000004,0.10526315789473684,0.8947368421052632,0.0,3.113573407202216,6.667174848651809,14.77490271169376,0.13536468151611433,800,439,361,38,361,train,200,200,1.0,439,361,109,735,0.91875,439,True,634400,0.01,False,1634.0809999999972,0.005728729474731154,100000,True,530927,351726,800,0.0,2,14,792
0.565,0.43500000000000005,0.22126436781609196,0.7787356321839081,0.0,2.9655172413793105,6.563306678975152,15.088061330977363,0.1325551345615087,800,452,348,77,348,train,200,200,1.0,452,348,93,577,0.72125,452,True,635200,0.01,False,1633.7079999999974,0.007982868983153821,100000,True,531627,352178,800,0.0,2,14,793
0.57875,0.42125,0.14836795252225518,0.8516320474777448,0.0,2.8991097922848663,6.815875212224012,16.18011919815789,0.12360848368952067,800,463,337,50,337,train,200,200,1.0,463,337,60,481,0.60125,463,True,636000,0.01,False,1633.4619999999968,0.011205536630181995,100000,True,532292,352641,800,0.0,2,14,794
0.54625,0.45375,0.07162534435261708,0.928374655647383,0.0,2.975206611570248,6.355797329991021,14.007266842955419,0.14278302986751812,800,437,363,26,363,train,200,200,1.0,437,363,124,613,0.76625,437,True,636800,0.01,False,1633.7329999999972,0.008410334449763468,100000,True,533013,353078,800,0.0,2,14,795
0.56625,0.43374999999999997,0.11239193083573487,0.8876080691642652,0.0,2.69164265129683,6.670160746586669,15.37789221115082,0.13005683565331272,800,453,347,39,347,train,200,200,1.0,453,347,83,401,0.50125,453,True,637600,0.01,False,1633.6289999999974,0.009354491528492872,100000,True,533635,353531,800,0.0,2,14,796
0.57375,0.42625,0.04398826979472141,0.9560117302052786,0.0,3.0087976539589443,6.282415267929907,14.738804147636147,0.13569621931103318,800,459,341,15,341,train,200,200,1.0,459,341,100,607,0.75875,459,True,638400,0.01,False,1633.9959999999971,0.0035754537770162644,100000,True,534331,353990,800,0.0,2,14,797
0.55125,0.44875,0.0,1.0,0.0,2.6935933147632314,6.7892763557032545,15.129306642235665,0.1321937645454755,800,441,359,0,359,train,200,200,1.0,441,359,95,427,0.53375,441,True,639200,0.01,False,1634.1149999999973,0.009317736526190857,100000,True,534969,354431,800,0.0,2,14,798
0.565,0.43500000000000005,0.16954022988505746,0.8304597701149425,0.0,2.8448275862068964,6.672815277969955,15.339805236712541,0.13037975183761968,800,452,348,59,348,train,200,200,1.0,452,348,87,510,0.6375,452,True,640000,0.01,False,1634.2819999999972,0.009644744501893001,100000,True,535633,354883,800,0.0,2,14,799
