hit_rate,miss_rate,outage_probability,noma_success_rate,sic_success_rate,cic_opportunity_rate,cic_benefit_rate,avg_throughput,spectral_efficiency,energy_per_bit,total_requests,cache_hits,noma_transmissions,outages,cic_events,cache_capacity,cache_current_size,cache_utilization,cache_total_requests,cache_total_hits,cache_total_misses,cache_hit_rate,cache_miss_rate,cache_evictions,cache_cic_opportunities,cache_cic_rate,cache_noma_paired_hits,cache_noma_awareness_enabled,policy,run,seed
0.455,0.545,0.16363636363636364,0.9454545454545454,1.0,0.00909090909090909,0.00909090909090909,5.253257840213117,19.102755782593153,0.10469693602126472,200,91,55,18,1,200,200,1.0,205908,70480,135428,0.34228878916797795,0.657711210832022,0,32055,0.15567632146395477,11493,True,dqn,0,52025
0.56,0.44,0.13636363636363635,0.9090909090909091,1.0,0.0,0.0,6.07657258174625,27.620784462482955,0.07240923959696297,200,112,44,12,0,200,200,1.0,206284,70592,135692,0.3422078299819666,0.6577921700180334,0,32099,0.15560586376064067,11493,True,dqn,1,52026
0.52,0.48,0.3645833333333333,0.7291666666666666,1.0,0.03125,0.03125,5.512082323800415,22.96700968250173,0.08708142799816793,200,104,48,35,3,200,200,1.0,206676,70702,135974,0.3420910023418297,0.6579089976581702,0,32149,0.15555265246085662,11496,True,dqn,2,52027
0.58,0.42,0.11904761904761904,0.9285714285714286,1.0,0.03571428571428571,0.03571428571428571,6.369603123561486,30.331443445530887,0.06593817414563846,200,116,42,10,3,200,200,1.0,207044,70826,136218,0.34208187631614534,0.6579181236838547,0,32192,0.1554838585035065,11500,True,dqn,3,52028
0.605,0.395,0.4125,0.725,1.0,0.0,0.0,6.311214843623662,31.55607421811831,0.06337923995791832,200,121,40,33,0,200,200,1.0,207402,70947,136455,0.3420748112361501,0.65792518876385,0,32231,0.15540351587737825,11500,True,dqn,4,52029
0.54,0.46,0.17391304347826086,0.8913043478260869,1.0,0.010869565217391304,0.010869565217391304,5.90434606083173,25.671069829703175,0.07790871254169018,200,108,46,16,1,200,200,1.0,207786,71057,136729,0.3419720289143638,0.6580279710856363,0,32278,0.15534251585766123,11501,True,dqn,5,52030
0.53,0.47,0.2872340425531915,0.8723404255319149,1.0,0.031914893617021274,0.031914893617021274,5.764975251757765,24.531809581947932,0.08152680271380092,200,106,47,27,3,200,200,1.0,208174,71171,137003,0.3418822715612901,0.6581177284387099,0,32326,0.15528356086735134,11505,True,dqn,6,52031
0.475,0.525,0.19811320754716982,0.8867924528301887,1.0,0.009433962264150943,0.009433962264150943,5.2855791624027235,19.945581744915938,0.10027283363192921,200,95,53,21,1,200,200,1.0,208584,71270,137314,0.3416848847466728,0.6583151152533272,0,32378,0.1552276301154451,11507,True,dqn,7,52032
0.505,0.495,0.3,0.82,1.0,0.02,0.02,5.492752612762442,21.971010451049768,0.09102904049205622,200,101,50,30,2,200,200,1.0,208982,71375,137607,0.34153659166818195,0.658463408331818,0,32429,0.15517604386980696,11509,True,dqn,8,52033
0.475,0.525,0.27358490566037735,0.8301886792452831,1.0,0.02830188679245283,0.02830188679245283,5.25929999289767,19.846415067538377,0.10077386738077866,200,95,53,29,3,200,200,1.0,209392,71478,137914,0.34135974631313515,0.6586402536868649,0,32482,0.15512531519828837,11513,True,dqn,9,52034
0.53,0.47,0.2127659574468085,0.9148936170212766,1.0,0.02127659574468085,0.010638297872340425,5.819025581428852,24.761810984803624,0.08076953665575609,200,106,47,20,1,200,200,1.0,209780,71588,138192,0.34125274096672703,0.658747259033273,0,32530,0.15506721327104586,11515,True,dqn,10,52035
0.49,0.51,0.18627450980392157,0.8627450980392157,1.0,0.00980392156862745,0.00980392156862745,5.435399453714615,21.315291975351432,0.09382935041719152,200,98,51,19,1,200,200,1.0,210184,71690,138494,0.3410820994937769,0.6589179005062231,0,32581,0.15501179918547559,11517,True,dqn,11,52036
0.51,0.49,0.19387755102040816,0.8571428571428571,1.0,0.0,0.0,5.549470314697799,22.650899243664483,0.0882967152202315,200,102,49,19,0,200,200,1.0,210580,71792,138788,0.3409250641086523,0.6590749358913477,0,32630,0.15495298698831797,11517,True,dqn,12,52037
0.53,0.47,0.19148936170212766,0.9148936170212766,1.0,0.10638297872340426,0.07446808510638298,5.803066727065393,24.693900966235717,0.08099165873932294,200,106,47,18,7,200,200,1.0,210968,71916,139052,0.3408858215463957,0.6591141784536043,0,32683,0.15491922945660005,11526,True,dqn,13,52038
0.57,0.43,0.23255813953488372,0.8604651162790697,1.0,0.0,0.0,6.140695864385144,28.561376113419275,0.07002463719037404,200,114,43,20,0,200,200,1.0,211340,72030,139310,0.34082521056118104,0.6591747894388189,0,32726,0.15485000473171193,11526,True,dqn,14,52039
0.545,0.455,0.21739130434782608,0.9565217391304348,1.0,0.0,0.0,5.961959203340053,25.9215617536524,0.07715584496826068,200,109,46,20,0,200,200,1.0,211722,72139,139583,0.3407251017844154,0.6592748982155846,0,32771,0.15478315904818582,11526,True,dqn,15,52040
0.615,0.385,0.2948717948717949,0.8717948717948718,1.0,0.0,0.0,6.627861227536104,33.98903193608258,0.0588425114243048,200,123,39,23,0,200,200,1.0,212076,72262,139814,0.34073633980271223,0.6592636601972878,0,32809,0.15470397404703973,11526,True,dqn,16,52041
0.585,0.415,0.19047619047619047,0.9523809523809523,1.0,0.0,0.0,6.417036748013122,30.557317847681535,0.06545077058036837,200,117,42,16,0,200,200,1.0,212442,72379,140063,0.3407000498959716,0.6592999501040284,0,32850,0.15463044030841358,11526,True,dqn,17,52042
0.56,0.44,0.2159090909090909,0.9090909090909091,1.0,0.0,0.0,6.068932818993923,27.586058268154193,0.07250039061611181,200,112,44,19,0,200,200,1.0,212818,72491,140327,0.3406243832758507,0.6593756167241493,0,32894,0.1545639936471539,11526,True,dqn,18,52043
0.495,0.505,0.23529411764705882,0.8627450980392157,1.0,0.0,0.0,5.393808613869295,21.152190642624685,0.09455285430198962,200,99,51,24,0,200,200,1.0,213220,72590,140630,0.34044648719632303,0.6595535128036769,0,32944,0.1545070818872526,11526,True,dqn,19,52044
0.55,0.45,0.23333333333333334,0.8222222222222222,1.0,0.0,0.0,5.96790074299331,26.524003302192487,0.07540339884645841,200,110,45,21,0,200,200,1.0,213600,72700,140900,0.3403558052434457,0.6596441947565543,0,32989,0.15444288389513108,11526,True,dqn,20,52045
0.55,0.45,0.25555555555555554,0.8222222222222222,1.0,0.0,0.0,5.9219830582126916,26.31992470316752,0.07598805933359325,200,110,45,23,0,200,200,1.0,213980,72810,141170,0.34026544536872605,0.659734554631274,0,33034,0.15437891391718853,11526,True,dqn,21,52046
0.59,0.41,0.24390243902439024,0.8780487804878049,1.0,0.0,0.0,6.324017241153043,30.848864590990456,0.06483220781435531,200,118,41,20,0,200,200,1.0,214344,72930,141414,0.34024745269286755,0.6597525473071324,0,33075,0.15430802821632517,11527,True,dqn,22,52047
0.57,0.43,0.3023255813953488,0.813953488372093,1.0,0.0,0.0,6.036594675511122,28.07718453726103,0.07123221337758472,200,114,43,26,0,200,200,1.0,214716,73044,141672,0.34018890068741964,0.6598110993125803,0,33118,0.1542409508373852,11527,True,dqn,23,52048
0.665,0.335,0.20588235294117646,0.8529411764705882,1.0,0.0,0.0,7.023182667754421,41.31283922208483,0.048411100221135345,200,133,34,14,0,200,200,1.0,215050,73177,141873,0.34027900488258545,0.6597209951174146,0,33151,0.15415484770983492,11527,True,dqn,24,52049
0.57,0.43,0.4069767441860465,0.6744186046511628,1.0,0.011627906976744186,0.011627906976744186,5.9758482121186045,27.794642847063276,0.07195631226509233,200,114,43,35,1,200,200,1.0,215422,73293,142129,0.3402298743860887,0.6597701256139112,0,33194,0.15408825468150886,11528,True,dqn,25,52050
0.58,0.42,0.35714285714285715,0.7857142857142857,1.0,0.0,0.0,6.164388665012292,29.35423173815377,0.06813327692717158,200,116,42,30,0,200,200,1.0,215790,73409,142381,0.34018721905556326,0.6598127809444367,0,33236,0.15402011214606795,11528,True,dqn,26,52051
0.56,0.44,0.20454545454545456,0.9090909090909091,1.0,0.0,0.0,6.146436655034909,27.938348431976863,0.07158619289431219,200,112,44,18,0,200,200,1.0,216166,73521,142645,0.34011361638740595,0.6598863836125941,0,33280,0.15395575622438312,11528,True,dqn,27,52052
0.55,0.45,0.2111111111111111,0.8666666666666667,1.0,0.011111111111111112,0.011111111111111112,5.895538553537931,26.202393571279693,0.07632890463076586,200,110,45,19,1,200,200,1.0,216546,73633,142913,0.34003398815955965,0.6599660118404403,0,33325,0.15389339909303335,11529,True,dqn,28,52053
0.625,0.375,0.15789473684210525,0.9210526315789473,1.0,0.0,0.0,6.779260040296577,35.680316001560925,0.056053315220428675,200,125,38,12,0,200,200,1.0,216896,73758,143138,0.34006159634110356,0.6599384036588964,0,33362,0.15381565358512836,11529,True,dqn,29,52054
0.555,0.445,0.18888888888888888,0.9111111111111111,1.0,0.0,0.0,6.078913364381341,27.017392730583737,0.07402638811020415,200,111,45,17,0,200,200,1.0,217274,73869,143405,0.3399808536686396,0.6600191463313604,0,33406,0.15375056380422877,11529,True,dqn,30,52055
0.5,0.5,0.21,0.88,1.0,0.0,0.0,5.511775011445701,22.047100045782805,0.09071487841243603,200,100,50,21,0,200,200,1.0,217674,73969,143705,0.33981550391870413,0.6601844960812959,0,33456,0.1536977314699964,11529,True,dqn,31,52056
0.6,0.4,0.3,0.85,1.0,0.0125,0.0125,6.296541266761617,31.482706333808085,0.06352694011735185,200,120,40,24,1,200,200,1.0,218034,74091,143943,0.3398139739673629,0.6601860260326371,0,33496,0.15362741590761073,11530,True,dqn,32,52057
0.595,0.405,0.21951219512195122,0.8536585365853658,1.0,0.0,0.0,6.3298161212683075,30.877151811064916,0.06477281364025597,200,119,41,18,0,200,200,1.0,218396,74210,144186,0.3397956006520266,0.6602043993479734,0,33536,0.1535559259327094,11530,True,dqn,33,52058
0.46,0.54,0.2962962962962963,0.7592592592592593,1.0,0.0,0.0,5.071393812159023,18.78294004503342,0.10647960304429761,200,92,54,32,0,200,200,1.0,218812,74302,144510,0.33957004186242074,0.6604299581375792,0,33590,0.15351077637423907,11530,True,dqn,34,52059
0.615,0.385,0.23076923076923078,0.8974358974358975,1.0,0.0,0.0,6.5963898437924104,33.82764022457646,0.059123249115880086,200,123,39,18,0,200,200,1.0,219166,74425,144741,0.3395827820008578,0.6604172179991422,0,33628,0.15343620817097542,11530,True,dqn,35,52060
0.575,0.425,0.2441860465116279,0.8372093023255814,1.0,0.0,0.0,6.178744215261914,28.738345187264716,0.06959342950916644,200,115,43,21,0,200,200,1.0,219536,74540,144996,0.3395342905036076,0.6604657094963924,0,33670,0.15336892354784637,11530,True,dqn,36,52061
0.595,0.405,0.2073170731707317,0.8780487804878049,1.0,0.012195121951219513,0.012195121951219513,6.373469777261331,31.090096474445517,0.06432916673783559,200,119,41,17,1,200,200,1.0,219898,74661,145237,0.33952559823190753,0.6604744017680925,0,33711,0.153302894978581,11531,True,dqn,37,52062
0.56,0.44,0.22727272727272727,0.8636363636363636,1.0,0.0,0.0,5.988988443905068,27.22267474502304,0.07346816647271769,200,112,44,20,0,200,200,1.0,220274,74775,145499,0.3394635771811471,0.6605364228188528,0,33755,0.15324096352724334,11532,True,dqn,38,52063
0.58,0.42,0.17857142857142858,0.9047619047619048,1.0,0.0,0.0,6.323197812310626,30.110465772907745,0.06642208775792251,200,116,42,15,0,200,200,1.0,220642,74891,145751,0.3394231379338476,0.6605768620661524,0,33797,0.15317573263476583,11532,True,dqn,39,52064
0.6,0.4,0.2125,0.875,1.0,0.0,0.0,6.3796816490071295,31.898408245035647,0.06269905333948005,200,120,40,17,0,200,200,1.0,221002,75011,145991,0.3394132179799278,0.6605867820200721,0,33837,0.15310721169944164,11532,True,dqn,40,52065
0.53,0.47,0.22340425531914893,0.8936170212765957,1.0,0.0,0.0,5.845048930425795,24.872548640109766,0.08040993421859376,200,106,47,21,0,200,200,1.0,221390,75117,146273,0.33929716789376213,0.6607028321062378,0,33884,0.15305117665657889,11532,True,dqn,41,52066
0.56,0.44,0.26136363636363635,0.8636363636363636,1.0,0.0,0.0,6.031874181606018,27.417609916390994,0.07294581862164234,200,112,44,23,0,200,200,1.0,221766,75229,146537,0.3392269328932298,0.6607730671067702,0,33928,0.15299008865200256,11532,True,dqn,42,52067
0.59,0.41,0.25609756097560976,0.8292682926829268,1.0,0.0,0.0,6.2496181772753365,30.485942328172374,0.06560400785616455,200,118,41,21,0,200,200,1.0,222130,75347,146783,0.33920226894161076,0.6607977310583892,0,33969,0.1529239634448296,11532,True,dqn,43,52068
0.575,0.425,0.20930232558139536,0.8604651162790697,1.0,0.0,0.0,6.23271778056859,28.98938502590042,0.0689907701806406,200,115,43,18,0,200,200,1.0,222500,75462,147038,0.33915505617977526,0.6608449438202247,0,34011,0.15285842696629212,11532,True,dqn,44,52069
0.565,0.435,0.18181818181818182,0.8863636363636364,1.0,0.0,0.0,6.107011169175211,27.75914167806914,0.07204833719985233,200,113,44,16,0,200,200,1.0,222874,75575,147299,0.3390929404057898,0.6609070595942101,0,34054,0.15279485269703957,11532,True,dqn,45,52070
0.625,0.375,0.23684210526315788,0.8947368421052632,1.0,0.0,0.0,6.655263881892074,35.027704641537234,0.05709766085067194,200,125,38,18,0,200,200,1.0,223224,75700,147524,0.33912124144357236,0.6608787585564276,0,34091,0.15272103358061856,11532,True,dqn,46,52071
0.555,0.445,0.2111111111111111,0.8888888888888888,1.0,0.0,0.0,6.150207095085216,27.33425375593429,0.07316826783924174,200,111,45,19,0,200,200,1.0,223602,75811,147791,0.3390443734850314,0.6609556265149685,0,34135,0.15265963631810092,11532,True,dqn,47,52072
0.525,0.475,0.17708333333333334,0.9375,1.0,0.0,0.0,5.80452794225457,24.185533092727372,0.08269406311334948,200,105,48,17,0,200,200,1.0,223992,75918,148074,0.33893174756241295,0.661068252437587,0,34182,0.1526036644165863,11533,True,dqn,48,52073
0.5,0.5,0.35,0.8,1.0,0.0,0.0,5.359536670177948,21.438146680711792,0.09329164641827124,200,100,50,35,0,200,200,1.0,224392,76018,148374,0.33877321829655244,0.6612267817034476,0,34232,0.15255445826945702,11533,True,dqn,49,52074
0.525,0.475,0.13541666666666666,0.8958333333333334,1.0,0.0,0.0,5.745717623987324,23.940490099947183,0.08354047856373718,200,105,48,13,0,200,200,1.0,224782,76123,148659,0.33865256114813463,0.6613474388518654,0,34279,0.15249886556752765,11533,True,dqn,50,52075
0.585,0.415,0.23809523809523808,0.8333333333333334,1.0,0.0,0.0,6.3034936034070315,30.01663620670015,0.0666297178080724,200,117,42,20,0,200,200,1.0,225148,76240,148908,0.3386217066107627,0.6613782933892374,0,34320,0.15243306624975572,11533,True,dqn,51,52076
0.565,0.435,0.20454545454545456,0.8863636363636364,1.0,0.0,0.0,6.098156506813093,27.718893212786785,0.07215295302906956,200,113,44,18,0,200,200,1.0,225522,76353,149169,0.33856120467182804,0.661438795328172,0,34363,0.15237094385470154,11533,True,dqn,52,52077
0.56,0.44,0.25,0.8636363636363636,1.0,0.0,0.0,6.082247638781105,27.646580176277748,0.07234167796695909,200,112,44,22,0,200,200,1.0,225898,76465,149433,0.33849347935794033,0.6615065206420596,0,34407,0.15231210546352777,11533,True,dqn,53,52078
0.625,0.375,0.25,0.7631578947368421,1.0,0.0,0.0,6.523408255967252,34.33372766298553,0.05825175814381955,200,125,38,19,0,200,200,1.0,226248,76590,149658,0.3385223294791556,0.6614776705208444,0,34444,0.15224001980128002,11533,True,dqn,54,52079
0.52,0.48,0.25,0.875,1.0,0.0,0.0,5.732316118983164,23.884650495763182,0.08373578672858425,200,104,48,24,0,200,200,1.0,226640,76694,149946,0.33839569361101307,0.6616043063889869,0,34492,0.15218849276385457,11533,True,dqn,55,52080
0.57,0.43,0.27906976744186046,0.813953488372093,1.0,0.0,0.0,6.151059877690027,28.60958082646524,0.06990665162594425,200,114,43,24,0,200,200,1.0,227012,76810,150202,0.3383521575951932,0.6616478424048068,0,34535,0.15212852184025513,11534,True,dqn,56,52081
0.61,0.39,0.19230769230769232,0.8974358974358975,1.0,0.0,0.0,6.5709428456484344,33.6971427981971,0.05935221309347943,200,122,39,15,0,200,200,1.0,227368,76932,150436,0.33835895992399984,0.6616410400760002,0,34574,0.15206185567010308,11534,True,dqn,57,52082
0.57,0.43,0.3023255813953488,0.813953488372093,1.0,0.0,0.0,6.163607266593639,28.667940774854134,0.0697643411400614,200,114,43,26,0,200,200,1.0,227740,77046,150694,0.3383068411346272,0.6616931588653727,0,34617,0.15200228330552384,11534,True,dqn,58,52083
0.545,0.455,0.2391304347826087,0.8260869565217391,1.0,0.0,0.0,5.966782046106487,25.942530635245593,0.0770934812844663,200,109,46,22,0,200,200,1.0,228122,77157,150965,0.33822691366900165,0.6617730863309983,0,34662,0.15194501187960827,11535,True,dqn,59,52084
0.605,0.395,0.225,0.85,1.0,0.0,0.0,6.392934793869978,31.96467396934989,0.06256907240529808,200,121,40,18,0,200,200,1.0,228480,77280,151200,0.3382352941176471,0.6617647058823529,0,34701,0.15187762605042016,11536,True,dqn,60,52085
0.62,0.38,0.25,0.868421052631579,1.0,0.0,0.0,6.645984152033396,34.978863958070505,0.05717738581783041,200,124,38,19,0,200,200,1.0,228832,77406,151426,0.3382656271850091,0.6617343728149909,0,34739,0.15181006152985596,11537,True,dqn,61,52086
0.52,0.48,0.16666666666666666,0.9375,1.0,0.0,0.0,5.769951003158172,24.04146251315905,0.08318961456297859,200,104,48,16,0,200,200,1.0,229224,77510,151714,0.33814085785083586,0.6618591421491642,0,34787,0.15175985062646144,11537,True,dqn,62,52087
0.585,0.415,0.19047619047619047,0.8333333333333334,1.0,0.0,0.0,6.327003509156124,30.128588138838683,0.066382134827679,200,117,42,16,0,200,200,1.0,229590,77627,151963,0.33811141600243916,0.6618885839975608,0,34828,0.15169650246090857,11537,True,dqn,63,52088
0.56,0.44,0.22727272727272727,0.9090909090909091,1.0,0.0,0.0,6.114479069608021,27.79308668003646,0.07196034118213229,200,112,44,20,0,200,200,1.0,229966,77739,152227,0.3380456241357418,0.6619543758642582,0,34872,0.1516398076237357,11537,True,dqn,64,52089
0.575,0.425,0.29069767441860467,0.7906976744186046,1.0,0.0,0.0,6.1110039494929715,28.423274183688243,0.07036487024945827,200,115,43,25,0,200,200,1.0,230336,77856,152480,0.338010558488469,0.661989441511531,0,34914,0.1515785634898583,11538,True,dqn,65,52090
0.53,0.47,0.23404255319148937,0.8085106382978723,1.0,0.0,0.0,5.734539334347075,24.40229503977479,0.08195950408517223,200,106,47,22,0,200,200,1.0,230724,77962,152762,0.33790156203949306,0.6620984379605069,0,34961,0.15152736603040862,11538,True,dqn,66,52091
0.545,0.455,0.14130434782608695,0.9565217391304348,1.0,0.010869565217391304,0.010869565217391304,6.111863164266221,26.573318105505308,0.07526346510658943,200,109,46,13,1,200,200,1.0,231106,78073,153033,0.33782333647763363,0.6621766635223664,0,35006,0.1514716190838836,11539,True,dqn,67,52092
0.61,0.39,0.23076923076923078,0.8974358974358975,1.0,0.0,0.0,6.473801572997988,33.1989824256307,0.06024281028733984,200,122,39,18,0,200,200,1.0,231462,78195,153267,0.3378308318428079,0.6621691681571922,0,35045,0.1514071424251065,11539,True,dqn,68,52093
0.57,0.43,0.20930232558139536,0.9069767441860465,1.0,0.0,0.0,6.143609011556887,28.57492563514831,0.06999143324243404,200,114,43,18,0,200,200,1.0,231834,78309,153525,0.3377804808613059,0.6622195191386941,0,35088,0.1513496726105748,11539,True,dqn,69,52094
0.535,0.465,0.30851063829787234,0.8085106382978723,1.0,0.0,0.0,5.7501510004625285,24.468727661542676,0.0817369839439337,200,107,47,29,0,200,200,1.0,232220,78418,153802,0.3376883989320472,0.6623116010679528,0,35134,0.1512961846524847,11540,True,dqn,70,52095
0.595,0.405,0.2804878048780488,0.8048780487804879,1.0,0.0,0.0,6.286309733837744,30.664925530915824,0.06522109430801115,200,119,41,23,0,200,200,1.0,232582,78537,154045,0.33767445460095796,0.662325545399042,0,35174,0.15123268352667016,11540,True,dqn,71,52096
0.58,0.42,0.2261904761904762,0.9523809523809523,1.0,0.0,0.0,6.247166969928779,29.748414142517998,0.06723047455297776,200,116,42,19,0,200,200,1.0,232950,78653,154297,0.3376389783215282,0.6623610216784718,0,35216,0.1511740716892037,11540,True,dqn,72,52097
0.595,0.405,0.24390243902439024,0.8048780487804879,1.0,0.0,0.0,6.261028175063167,30.541600853966667,0.0654844521596269,200,119,41,20,0,200,200,1.0,233312,78772,154540,0.3376251542998217,0.6623748457001783,0,35256,0.15111095871622549,11540,True,dqn,73,52098
0.5,0.5,0.18,0.96,1.0,0.0,0.0,5.640853223715028,22.56341289486011,0.08863907287959948,200,100,50,18,0,200,200,1.0,233712,78872,154840,0.33747518313137537,0.6625248168686246,0,35306,0.15106626959676867,11540,True,dqn,74,52099
0.585,0.415,0.19047619047619047,0.8809523809523809,1.0,0.0,0.0,6.290351737291777,29.954055891865604,0.06676892128465063,200,117,42,16,0,200,200,1.0,234078,78989,155089,0.33744734661095876,0.6625526533890412,0,35347,0.15100522048206153,11540,True,dqn,75,52100
0.555,0.445,0.32222222222222224,0.8222222222222222,1.0,0.0,0.0,5.988035207249555,26.613489809998025,0.07514985874752321,200,111,45,29,0,200,200,1.0,234456,79100,155356,0.33737673593339473,0.6626232640666052,0,35391,0.15094943187634355,11540,True,dqn,76,52101
0.57,0.43,0.1744186046511628,0.8837209302325582,1.0,0.0,0.0,6.108979330977617,28.413857353384262,0.07038819035113471,200,114,43,15,0,200,200,1.0,234828,79214,155614,0.33732774626535167,0.6626722537346483,0,35434,0.15089341986475208,11540,True,dqn,77,52102
0.61,0.39,0.21794871794871795,0.8974358974358975,1.0,0.0,0.0,6.559993612715261,33.64099288571929,0.05945127739820683,200,122,39,17,0,200,200,1.0,235184,79336,155848,0.33733587318865227,0.6626641268113478,0,35473,0.15083083883257364,11540,True,dqn,78,52103
0.56,0.44,0.2727272727272727,0.8181818181818182,1.0,0.011363636363636364,0.011363636363636364,6.069535868487314,27.588799402215066,0.07249318721130804,200,112,44,24,1,200,200,1.0,235560,79448,156112,0.3372728816437426,0.6627271183562574,0,35518,0.15078111733740873,11540,True,dqn,79,52104
0.565,0.435,0.3068181818181818,0.8181818181818182,1.0,0.0,0.0,6.167115294547357,28.03234224794253,0.0713461608848184,200,113,44,27,0,200,200,1.0,235934,79561,156373,0.3372171878576212,0.6627828121423788,0,35561,0.15072435511626134,11540,True,dqn,80,52105
0.61,0.39,0.2564102564102564,0.7948717948717948,1.0,0.01282051282051282,0.01282051282051282,6.394321568529761,32.79139265912698,0.06099161511041621,200,122,39,20,1,200,200,1.0,236290,79683,156607,0.3372254433111854,0.6627745566888146,0,35601,0.15066655381099497,11540,True,dqn,81,52106
0.585,0.415,0.25,0.8333333333333334,1.0,0.0,0.0,6.178229336428996,29.42013969728093,0.06798064253191986,200,117,42,21,0,200,200,1.0,236656,79802,156854,0.33720674734635925,0.6627932526536408,0,35642,0.15060678791156784,11541,True,dqn,82,52107
0.58,0.42,0.19047619047619047,0.9047619047619048,1.0,0.0,0.0,6.2858591586180514,29.93266266008596,0.06681664183076243,200,116,42,16,0,200,200,1.0,237024,79918,157106,0.33717260699338464,0.6628273930066153,0,35684,0.1505501552585392,11541,True,dqn,83,52108
0.605,0.395,0.175,0.95,1.0,0.0,0.0,6.545033532133569,32.72516766066785,0.06111504212104576,200,121,40,14,0,200,200,1.0,237382,80039,157343,0.3371738379489599,0.6628261620510401,0,35723,0.15048740005560657,11541,True,dqn,84,52109
0.58,0.42,0.25,0.8571428571428571,1.0,0.0,0.0,6.208466334055128,29.564125400262512,0.0676495574593335,200,116,42,21,0,200,200,1.0,237750,80155,157595,0.33713985278654046,0.6628601472134595,0,35765,0.15043112513144058,11541,True,dqn,85,52110
0.59,0.41,0.17073170731707318,0.9024390243902439,1.0,0.0,0.0,6.317751198582218,30.818298529669352,0.06489650939277399,200,118,41,14,0,200,200,1.0,238114,80273,157841,0.33712003494124665,0.6628799650587534,0,35806,0.1503733505799743,11541,True,dqn,86,52111
0.58,0.42,0.20238095238095238,0.9523809523809523,1.0,0.0,0.0,6.289975269972584,29.95226319034564,0.06677291753514805,200,116,42,17,0,200,200,1.0,238482,80389,158093,0.3370862371164281,0.662913762883572,0,35848,0.1503174243758439,11541,True,dqn,87,52112
0.535,0.465,0.22340425531914893,0.8936170212765957,1.0,0.0,0.0,5.889421921902206,25.061369880434917,0.0798040972836594,200,107,47,21,0,200,200,1.0,238868,80496,158372,0.3369894669859504,0.6630105330140497,0,35894,0.15026709312256142,11541,True,dqn,88,52113
0.56,0.44,0.07954545454545454,0.9772727272727273,1.0,0.0,0.0,6.082141862795288,27.646099376342217,0.07234293607840654,200,112,44,7,0,200,200,1.0,239244,80608,158636,0.3369279898346458,0.6630720101653542,0,35938,0.15021484342345054,11541,True,dqn,89,52114
0.58,0.42,0.20238095238095238,0.8571428571428571,1.0,0.0,0.0,6.197367783197102,29.51127515808144,0.06777070761214854,200,116,42,17,0,200,200,1.0,239612,80724,158888,0.3368946463449243,0.6631053536550757,0,35980,0.1501594244027845,11541,True,dqn,90,52115
0.585,0.415,0.2976190476190476,0.8333333333333334,1.0,0.0,0.0,6.26139097763363,29.816147512541097,0.06707774702143433,200,117,42,25,0,200,200,1.0,239978,80841,159137,0.3368683796014635,0.6631316203985365,0,36021,0.15010125928210086,11541,True,dqn,91,52116
0.61,0.39,0.21794871794871795,0.8717948717948718,1.0,0.0,0.0,6.528009268794003,33.476970609200016,0.05974256223322571,200,122,39,17,0,200,200,1.0,240334,80963,159371,0.3368770128238202,0.6631229871761798,0,36060,0.15004119267352933,11541,True,dqn,92,52117
0.57,0.43,0.2558139534883721,0.8372093023255814,1.0,0.011627906976744186,0.011627906976744186,6.117387663030986,28.452965874562725,0.07029144198243399,200,114,43,22,1,200,200,1.0,240706,81081,159625,0.33684660955688683,0.6631533904431132,0,36103,0.14998795210755028,11543,True,dqn,93,52118
0.585,0.415,0.11904761904761904,0.9047619047619048,1.0,0.0,0.0,6.381778634197475,30.389422067607022,0.06581237364602134,200,117,42,10,0,200,200,1.0,241072,81198,159874,0.33682053494391717,0.6631794650560828,0,36144,0.1499303112762992,11543,True,dqn,94,52119
0.595,0.405,0.25609756097560976,0.9024390243902439,1.0,0.0,0.0,6.42357510996454,31.334512731534343,0.06382738474778468,200,119,41,21,0,200,200,1.0,241434,81317,160117,0.3368084031246635,0.6631915968753366,0,36184,0.14987118632835475,11543,True,dqn,95,52120
0.49,0.51,0.23529411764705882,0.8627450980392157,1.0,0.00980392156862745,0.00980392156862745,5.406114368489374,21.200448503879898,0.0943376268494499,200,98,51,24,1,200,200,1.0,241838,81415,160423,0.33665098123537246,0.6633490187646276,0,36236,0.14983584052134072,11543,True,dqn,96,52121
0.575,0.425,0.13953488372093023,0.9069767441860465,1.0,0.0,0.0,6.16072322837665,28.654526643612325,0.0697970001345613,200,115,43,12,0,200,200,1.0,242208,81530,160678,0.33661150746465845,0.6633884925353415,0,36278,0.14978035407583565,11543,True,dqn,97,52122
0.64,0.36,0.2638888888888889,0.8333333333333334,1.0,0.013888888888888888,0.013888888888888888,6.7835091258591875,37.68616181032882,0.05306987774626205,200,128,36,19,1,200,200,1.0,242552,81658,160894,0.3366618292160032,0.6633381707839968,0,36315,0.14972047231109206,11543,True,dqn,98,52123
0.5,0.5,0.25,0.88,1.0,0.0,0.0,5.499941784860246,21.999767139440983,0.09091005315299079,200,100,50,25,0,200,200,1.0,242952,81758,161194,0.3365191478152063,0.6634808521847937,0,36365,0.1496797721360598,11543,True,dqn,99,52124
0.7,0.3,0.11666666666666667,0.9666666666666667,1.0,0.0,0.0,7.424420927720774,49.4961395181385,0.040407191742036254,200,140,30,7,0,200,200,1.0,260,140,120,0.5384615384615384,0.46153846153846156,0,0,0.0,0,True,topk,0,52025
0.75,0.25,0.16,0.88,1.0,0.0,0.0,7.744025286977802,61.95220229582242,0.0322829524356532,200,150,25,8,0,200,200,1.0,510,290,220,0.5686274509803921,0.43137254901960786,0,0,0.0,0,True,topk,1,52026
0.715,0.285,0.27586206896551724,0.7931034482758621,1.0,0.0,0.0,7.381029770637329,50.90365359060227,0.039289910623807094,200,143,29,16,0,200,200,1.0,767,433,334,0.5645371577574967,0.4354628422425033,0,0,0.0,0,True,topk,2,52027
0.67,0.33,0.18181818181818182,0.8787878787878788,1.0,0.0,0.0,7.057348764251739,42.771810692434784,0.046759769287806834,200,134,33,12,0,200,200,1.0,1033,567,466,0.5488867376573088,0.4511132623426912,0,0,0.0,0,True,topk,3,52028
0.72,0.28,0.42857142857142855,0.7142857142857143,1.0,0.0,0.0,7.3727311318775675,52.66236522769691,0.037977785299854565,200,144,28,24,0,200,200,1.0,1289,711,578,0.5515903801396431,0.4484096198603569,0,0,0.0,0,True,topk,4,52029
0.75,0.25,0.2,0.84,1.0,0.0,0.0,7.764888725438551,62.11910980350841,0.03219621154144489,200,150,25,10,0,200,200,1.0,1539,861,678,0.5594541910331384,0.4405458089668616,0,0,0.0,0,True,topk,5,52030
0.68,0.32,0.28125,0.875,1.0,0.0,0.0,7.124257849380815,44.526611558630094,0.04491695931918185,200,136,32,18,0,200,200,1.0,1803,997,806,0.5529672767609539,0.4470327232390461,0,0,0.0,0,True,topk,6,52031
0.72,0.28,0.17857142857142858,0.9285714285714286,1.0,0.0,0.0,7.499226215929672,53.5659015423548,0.03733718545591155,200,144,28,10,0,200,200,1.0,2059,1141,918,0.5541525012141817,0.4458474987858183,0,0,0.0,0,True,topk,7,52032
0.705,0.295,0.3333333333333333,0.8,1.0,0.0,0.0,7.358038912777954,49.053592751853024,0.0407717332778739,200,141,30,20,0,200,200,1.0,2318,1282,1036,0.5530629853321829,0.4469370146678171,0,0,0.0,0,True,topk,8,52033
0.685,0.315,0.21875,0.9375,1.0,0.0,0.0,7.284472294519666,45.52795184074791,0.04392905718657835,200,137,32,14,0,200,200,1.0,2581,1419,1162,0.5497869043006587,0.4502130956993413,0,0,0.0,0,True,topk,9,52034
0.75,0.25,0.28,0.84,1.0,0.0,0.0,7.729945419840485,61.83956335872388,0.03234175487944894,200,150,25,14,0,200,200,1.0,2831,1569,1262,0.5542211232779937,0.44577887672200633,0,0,0.0,0,True,topk,10,52035
0.695,0.305,0.14516129032258066,0.8709677419354839,1.0,0.0,0.0,7.248624988382046,46.76532250569062,0.0427667316900601,200,139,31,9,0,200,200,1.0,3092,1708,1384,0.5523932729624839,0.44760672703751614,0,0,0.0,0,True,topk,11,52036
0.61,0.39,0.21794871794871795,0.8205128205128205,1.0,0.0,0.0,6.409330949615819,32.86836384418369,0.06084878485224374,200,122,39,17,0,200,200,1.0,3370,1830,1540,0.543026706231454,0.456973293768546,0,0,0.0,0,True,topk,12,52037
0.7,0.3,0.2833333333333333,0.8,1.0,0.0,0.0,7.205232681990416,48.034884546602775,0.041636406933790546,200,140,30,17,0,200,200,1.0,3630,1970,1660,0.5426997245179064,0.4573002754820936,0,0,0.0,0,True,topk,13,52038
0.69,0.31,0.24193548387096775,0.8387096774193549,1.0,0.0,0.0,7.179441008473236,46.318974248214424,0.0431788491101376,200,138,31,15,0,200,200,1.0,3892,2108,1784,0.5416238437821171,0.45837615621788286,0,0,0.0,0,True,topk,14,52039
0.695,0.305,0.27419354838709675,0.9354838709677419,1.0,0.0,0.0,7.259863434232185,46.83782860794958,0.042700527745228326,200,139,31,17,0,200,200,1.0,4153,2247,1906,0.5410546592824464,0.45894534071755355,0,0,0.0,0,True,topk,15,52040
0.705,0.295,0.3,0.8666666666666667,1.0,0.0,0.0,7.419335166647328,49.46223444431552,0.04043488981986036,200,141,30,18,0,200,200,1.0,4412,2388,2024,0.5412511332728921,0.4587488667271079,0,0,0.0,0,True,topk,16,52041
0.74,0.26,0.15384615384615385,0.9615384615384616,1.0,0.0,0.0,7.79886605921411,59.99127737857008,0.0333381799387128,200,148,26,8,0,200,200,1.0,4664,2536,2128,0.5437392795883362,0.45626072041166377,0,0,0.0,0,True,topk,17,52042
0.745,0.255,0.17307692307692307,0.9615384615384616,1.0,0.0,0.0,7.783806592627773,59.87543532790595,0.03340267989780889,200,149,26,9,0,200,200,1.0,4915,2685,2230,0.5462868769074263,0.4537131230925737,0,0,0.0,0,True,topk,18,52043
0.66,0.34,0.3382352941176471,0.7941176470588235,1.0,0.0,0.0,6.854109360655941,40.31829035679965,0.04960527795947829,200,132,34,23,0,200,200,1.0,5183,2817,2366,0.5435076210688791,0.45649237893112093,0,0,0.0,0,True,topk,19,52044
0.69,0.31,0.24193548387096775,0.8064516129032258,1.0,0.0,0.0,7.205897168673885,46.48965915273474,0.043020319710869524,200,138,31,15,0,200,200,1.0,5445,2955,2490,0.5426997245179064,0.4573002754820936,0,0,0.0,0,True,topk,20,52045
0.66,0.34,0.2647058823529412,0.8235294117647058,1.0,0.0,0.0,6.869988017774855,40.41169422220503,0.049490624891966525,200,132,34,18,0,200,200,1.0,5713,3087,2626,0.5403465779800455,0.4596534220199545,0,0,0.0,0,True,topk,21,52046
0.73,0.27,0.2037037037037037,0.9259259259259259,1.0,0.0,0.0,7.594229995600094,56.25355552296366,0.03555330825592999,200,146,27,11,0,200,200,1.0,5967,3233,2734,0.5418133065191889,0.4581866934808111,0,0,0.0,0,True,topk,22,52047
0.72,0.28,0.3392857142857143,0.7857142857142857,1.0,0.0,0.0,7.429174375576284,53.06553125411631,0.03768924860890485,200,144,28,19,0,200,200,1.0,6223,3377,2846,0.5426643098184155,0.4573356901815845,0,0,0.0,0,True,topk,23,52048
0.76,0.24,0.125,0.9583333333333334,1.0,0.0,0.0,7.952040154564072,66.26700128803394,0.030180934116919925,200,152,24,6,0,200,200,1.0,6471,3529,2942,0.5453562046051615,0.45464379539483846,0,0,0.0,0,True,topk,24,52049
0.72,0.28,0.4107142857142857,0.6428571428571429,1.0,0.0,0.0,7.3668027573085135,52.62001969506081,0.03800834761351734,200,144,28,23,0,200,200,1.0,6727,3673,3054,0.546008621971161,0.45399137802883904,0,0,0.0,0,True,topk,25,52050
0.735,0.265,0.25925925925925924,0.8518518518518519,1.0,0.0,0.0,7.663991923927848,56.77031054761369,0.03522968221783083,200,147,27,14,0,200,200,1.0,6980,3820,3160,0.5472779369627507,0.45272206303724927,0,0,0.0,0,True,topk,26,52051
0.695,0.305,0.14516129032258066,0.9354838709677419,1.0,0.0,0.0,7.332793387858296,47.30834443779546,0.0422758399975241,200,139,31,9,0,200,200,1.0,7241,3959,3282,0.5467476867835934,0.4532523132164066,0,0,0.0,0,True,topk,27,52052
0.715,0.285,0.1724137931034483,0.896551724137931,1.0,0.0,0.0,7.391509143518595,50.975925127714454,0.03923420702987194,200,143,29,10,0,200,200,1.0,7498,4102,3396,0.5470792211256335,0.45292077887436655,0,0,0.0,0,True,topk,28,52053
0.735,0.265,0.2222222222222222,0.8888888888888888,1.0,0.0,0.0,7.719352090114492,57.180385852699935,0.03497702875164429,200,147,27,12,0,200,200,1.0,7751,4249,3502,0.5481873306670108,0.45181266933298925,0,0,0.0,0,True,topk,29,52054
0.69,0.31,0.16129032258064516,0.9032258064516129,1.0,0.0,0.0,7.2948972477360075,47.06385321120005,0.04249545805408149,200,138,31,10,0,200,200,1.0,8013,4387,3626,0.5474853363284662,0.4525146636715338,0,0,0.0,0,True,topk,30,52055
0.675,0.325,0.2727272727272727,0.8181818181818182,1.0,0.0,0.0,7.021561139375646,42.55491599621604,0.04699809535936668,200,135,33,18,0,200,200,1.0,8278,4522,3756,0.5462672143029718,0.45373278569702824,0,0,0.0,0,True,topk,31,52056
0.765,0.235,0.3125,0.7916666666666666,1.0,0.0,0.0,7.826882973809616,65.2240247817468,0.030663547775415842,200,153,24,15,0,200,200,1.0,8525,4675,3850,0.5483870967741935,0.4516129032258065,0,0,0.0,0,True,topk,32,52057
0.735,0.265,0.2222222222222222,0.8888888888888888,1.0,0.0,0.0,7.626782978762557,56.49468873157449,0.035401558003136914,200,147,27,12,0,200,200,1.0,8778,4822,3956,0.5493278651173388,0.4506721348826612,0,0,0.0,0,True,topk,33,52058
0.69,0.31,0.3064516129032258,0.7419354838709677,1.0,0.0,0.0,7.177499387893183,46.30644766382699,0.043190529632492876,200,138,31,19,0,200,200,1.0,9040,4960,4080,0.5486725663716814,0.4513274336283186,0,0,0.0,0,True,topk,34,52059
0.755,0.245,0.18,0.92,1.0,0.0,0.0,7.8877916606661325,63.10233328532906,0.03169454908991438,200,151,25,9,0,200,200,1.0,9289,5111,4178,0.5502206911400581,0.4497793088599419,0,0,0.0,0,True,topk,35,52060
0.67,0.33,0.25757575757575757,0.8484848484848485,1.0,0.0,0.0,7.041069590204963,42.67314903154523,0.046867879343086255,200,134,33,17,0,200,200,1.0,9555,5245,4310,0.5489272632129775,0.45107273678702253,0,0,0.0,0,True,topk,36,52061
0.78,0.22,0.22727272727272727,0.8636363636363636,1.0,0.0,0.0,8.009013683152057,72.80921530138234,0.02746905033547352,200,156,22,10,0,200,200,1.0,9799,5401,4398,0.551178691703235,0.44882130829676503,0,0,0.0,0,True,topk,37,52062
0.65,0.35,0.22857142857142856,0.8857142857142857,1.0,0.0,0.0,6.820785819026521,38.97591896586584,0.051313735585081434,200,130,35,16,0,200,200,1.0,10069,5531,4538,0.5493097626377992,0.4506902373622008,0,0,0.0,0,True,topk,38,52063
0.69,0.31,0.14516129032258066,0.9354838709677419,1.0,0.0,0.0,7.322042574839586,47.23898435380378,0.04233791279297384,200,138,31,9,0,200,200,1.0,10331,5669,4662,0.5487368115380893,0.4512631884619107,0,0,0.0,0,True,topk,39,52064
0.725,0.275,0.19642857142857142,0.8928571428571429,1.0,0.0,0.0,7.477718670441627,53.412276217440194,0.03744457532305952,200,145,28,11,0,200,200,1.0,10586,5814,4772,0.5492159455885132,0.45078405441148683,0,0,0.0,0,True,topk,40,52065
0.685,0.315,0.25,0.84375,1.0,0.0,0.0,7.167338796284545,44.795867476778405,0.04464697555051867,200,137,32,16,0,200,200,1.0,10849,5951,4898,0.5485298184164439,0.4514701815835561,0,0,0.0,0,True,topk,41,52066
0.78,0.22,0.29545454545454547,0.8636363636363636,1.0,0.0,0.0,8.059332395843024,73.26665814402749,0.027297546396457754,200,156,22,13,0,200,200,1.0,11093,6107,4986,0.5505273595961417,0.44947264040385826,0,0,0.0,0,True,topk,42,52067
0.71,0.29,0.3448275862068966,0.7586206896551724,1.0,0.0,0.0,7.338715158007362,50.61182867591285,0.039516454005382326,200,142,29,20,0,200,200,1.0,11351,6249,5102,0.5505241828913752,0.44947581710862483,0,0,0.0,0,True,topk,43,52068
0.69,0.31,0.24193548387096775,0.8709677419354839,1.0,0.0,0.0,7.249494227461283,46.770930499750214,0.042761603813092436,200,138,31,15,0,200,200,1.0,11613,6387,5226,0.5499870834409714,0.45001291655902864,0,0,0.0,0,True,topk,44,52069
0.68,0.32,0.203125,0.875,1.0,0.0,0.0,7.169222773222462,44.807642332640384,0.04463524291576235,200,136,32,13,0,200,200,1.0,11877,6523,5354,0.5492127641660352,0.45078723583396485,0,0,0.0,0,True,topk,45,52070
0.77,0.23,0.30434782608695654,0.8260869565217391,1.0,0.0,0.0,7.931911155994937,68.9731404869125,0.02899679477954894,200,154,23,14,0,200,200,1.0,12123,6677,5446,0.5507712612389672,0.44922873876103275,0,0,0.0,0,True,topk,46,52071
0.69,0.31,0.27419354838709675,0.8709677419354839,1.0,0.0,0.0,7.335838703908511,47.32799163811942,0.042258290089561674,200,138,31,17,0,200,200,1.0,12385,6815,5570,0.5502624142107388,0.44973758578926115,0,0,0.0,0,True,topk,47,52072
0.695,0.305,0.24193548387096775,0.8709677419354839,1.0,0.0,0.0,7.248439258522578,46.76412424853276,0.042767827520318644,200,139,31,15,0,200,200,1.0,12646,6954,5692,0.5498972006958722,0.4501027993041278,0,0,0.0,0,True,topk,48,52073
0.69,0.31,0.3387096774193548,0.8064516129032258,1.0,0.0,0.0,7.130096895913765,46.00062513492752,0.043477670012824085,200,138,31,21,0,200,200,1.0,12908,7092,5816,0.5494267121165168,0.45057328788348316,0,0,0.0,0,True,topk,49,52074
0.635,0.365,0.14864864864864866,0.8918918918918919,1.0,0.0,0.0,6.747320894178902,36.47200483339947,0.05483657970368789,200,127,37,11,0,200,200,1.0,13181,7219,5962,0.5476822699339959,0.45231773006600406,0,0,0.0,0,True,topk,50,52075
0.76,0.24,0.2708333333333333,0.8333333333333334,1.0,0.0,0.0,7.908546000605088,65.9045500050424,0.03034691838191716,200,152,24,13,0,200,200,1.0,13429,7371,6058,0.5488867376573088,0.4511132623426912,0,0,0.0,0,True,topk,51,52076
0.71,0.29,0.1896551724137931,0.896551724137931,1.0,0.0,0.0,7.3877254125738565,50.94983043154384,0.03925430139924015,200,142,29,11,0,200,200,1.0,13687,7513,6174,0.5489150288595017,0.4510849711404983,0,0,0.0,0,True,topk,52,52077
0.71,0.29,0.29310344827586204,0.8620689655172413,1.0,0.0,0.0,7.4148716746187695,51.137046031853586,0.039110589195046334,200,142,29,17,0,200,200,1.0,13945,7655,6290,0.5489422732162065,0.4510577267837935,0,0,0.0,0,True,topk,53,52078
0.745,0.255,0.15384615384615385,0.8461538461538461,1.0,0.0,0.0,7.70023993427143,59.232614879010995,0.03376518163321365,200,149,26,8,0,200,200,1.0,14196,7804,6392,0.5497323189630882,0.45026768103691184,0,0,0.0,0,True,topk,54,52079
0.66,0.34,0.23529411764705882,0.9117647058823529,1.0,0.0,0.0,7.010847702036424,41.240280600214255,0.04849627526514961,200,132,34,16,0,200,200,1.0,14464,7936,6528,0.5486725663716814,0.4513274336283186,0,0,0.0,0,True,topk,55,52080
0.7,0.3,0.25,0.8666666666666667,1.0,0.0,0.0,7.360258101965795,49.068387346438634,0.040759440204939996,200,140,30,15,0,200,200,1.0,14724,8076,6648,0.5484922575387123,0.45150774246128766,0,0,0.0,0,True,topk,56,52081
0.74,0.26,0.3076923076923077,0.7692307692307693,1.0,0.0,0.0,7.6300756274530945,58.69288944194688,0.03407567797421525,200,148,26,16,0,200,200,1.0,14976,8224,6752,0.5491452991452992,0.4508547008547008,0,0,0.0,0,True,topk,57,52082
0.75,0.25,0.32,0.8,1.0,0.0,0.0,7.750007449442676,62.00005959554141,0.03225803350911336,200,150,25,16,0,200,200,1.0,15226,8374,6852,0.5499802968606331,0.4500197031393669,0,0,0.0,0,True,topk,58,52083
0.67,0.33,0.22727272727272727,0.8181818181818182,1.0,0.0,0.0,7.024123601225068,42.57044606803072,0.04698095004228643,200,134,33,15,0,200,200,1.0,15492,8508,6984,0.5491866769945778,0.4508133230054222,0,0,0.0,0,True,topk,59,52084
0.775,0.225,0.2826086956521739,0.8260869565217391,1.0,0.0,0.0,7.959109031877104,69.20964375545309,0.02889770690146658,200,155,23,13,0,200,200,1.0,15737,8663,7074,0.5504861155239245,0.44951388447607554,0,0,0.0,0,True,topk,60,52085
0.725,0.275,0.23214285714285715,0.8214285714285714,1.0,0.0,0.0,7.538647041178798,53.84747886556284,0.03714194317236759,200,145,28,13,0,200,200,1.0,15992,8808,7184,0.5507753876938469,0.44922461230615307,0,0,0.0,0,True,topk,61,52086
0.655,0.345,0.14285714285714285,0.9428571428571428,1.0,0.0,0.0,6.923642486074768,39.563671348998675,0.050551425886582145,200,131,35,10,0,200,200,1.0,16261,8939,7322,0.5497201894102454,0.45027981058975464,0,0,0.0,0,True,topk,62,52087
0.72,0.28,0.19642857142857142,0.8571428571428571,1.0,0.0,0.0,7.560238717082236,54.00170512201597,0.03703586758012608,200,144,28,11,0,200,200,1.0,16517,9083,7434,0.5499182660289399,0.4500817339710601,0,0,0.0,0,True,topk,63,52088
0.67,0.33,0.18181818181818182,0.9393939393939394,1.0,0.0,0.0,7.048631462553431,42.71897856092989,0.046817598813778026,200,134,33,12,0,200,200,1.0,16783,9217,7566,0.5491866769945778,0.4508133230054222,0,0,0.0,0,True,topk,64,52089
0.71,0.29,0.3103448275862069,0.7931034482758621,1.0,0.0,0.0,7.356777532333771,50.73639677471566,0.03941943313161518,200,142,29,18,0,200,200,1.0,17041,9359,7682,0.5492048588697847,0.45079514113021535,0,0,0.0,0,True,topk,65,52090
0.67,0.33,0.19696969696969696,0.8484848484848485,1.0,0.0,0.0,6.995970343225523,42.39982026197287,0.047170011279357715,200,134,33,13,0,200,200,1.0,17307,9493,7814,0.5485063846998325,0.4514936153001675,0,0,0.0,0,True,topk,66,52091
0.7,0.3,0.16666666666666666,0.9666666666666667,1.0,0.0,0.0,7.417687517910469,49.45125011940313,0.04044387139194409,200,140,30,10,0,200,200,1.0,17567,9633,7934,0.5483577161723686,0.4516422838276314,0,0,0.0,0,True,topk,67,52092
0.75,0.25,0.24,0.92,1.0,0.0,0.0,7.744786536484071,61.95829229187257,0.03227977928407739,200,150,25,12,0,200,200,1.0,17817,9783,8034,0.5490823370937868,0.45091766290621316,0,0,0.0,0,True,topk,68,52093
0.705,0.295,0.18333333333333332,0.9333333333333333,1.0,0.0,0.0,7.349527376665423,48.99684917776949,0.04081895129100314,200,141,30,11,0,200,200,1.0,18076,9924,8152,0.5490152688647931,0.4509847311352069,0,0,0.0,0,True,topk,69,52094
0.705,0.295,0.21666666666666667,0.8666666666666667,1.0,0.0,0.0,7.30355236139531,48.69034907596873,0.04107590185643392,200,141,30,13,0,200,200,1.0,18335,10065,8270,0.5489500954458686,0.4510499045541314,0,0,0.0,0,True,topk,70,52095
0.73,0.27,0.35185185185185186,0.7407407407407407,1.0,0.0,0.0,7.461694992717798,55.27181476087258,0.03618480791073678,200,146,27,19,0,200,200,1.0,18589,10211,8378,0.5493033514444026,0.45069664855559743,0,0,0.0,0,True,topk,71,52096
0.725,0.275,0.19642857142857142,0.9642857142857143,1.0,0.0,0.0,7.552490513796292,53.94636081283066,0.03707386318308088,200,145,28,11,0,200,200,1.0,18844,10356,8488,0.5495648482275526,0.4504351517724474,0,0,0.0,0,True,topk,72,52097
0.74,0.26,0.28846153846153844,0.7692307692307693,1.0,0.0,0.0,7.582909044731069,58.33006957485438,0.034287632683746766,200,148,26,15,0,200,200,1.0,19096,10504,8592,0.5500628403854211,0.4499371596145789,0,0,0.0,0,True,topk,73,52098
0.625,0.375,0.14473684210526316,1.0,1.0,0.0,0.0,6.758417056654412,35.570616087654805,0.056226183855559456,200,125,38,11,0,200,200,1.0,19371,10629,8742,0.5487068297971194,0.4512931702028806,0,0,0.0,0,True,topk,74,52099
0.705,0.295,0.2,0.8333333333333334,1.0,0.0,0.0,7.360246478504987,49.06830985669991,0.040759504573131634,200,141,30,12,0,200,200,1.0,19630,10770,8860,0.5486500254712176,0.45134997452878245,0,0,0.0,0,True,topk,75,52100
0.68,0.32,0.3125,0.8125,1.0,0.0,0.0,7.138522391081678,44.61576494426049,0.044827204072341836,200,136,32,20,0,200,200,1.0,19894,10906,8988,0.5482054890921886,0.4517945109078114,0,0,0.0,0,True,topk,76,52101
0.715,0.285,0.15517241379310345,0.9310344827586207,1.0,0.0,0.0,7.472462534801459,51.5342243779411,0.03880916078861347,200,143,29,9,0,200,200,1.0,20151,11049,9102,0.5483102575554563,0.45168974244454374,0,0,0.0,0,True,topk,77,52102
0.715,0.285,0.15517241379310345,0.9310344827586207,1.0,0.0,0.0,7.443596309874477,51.335146964651564,0.038959662497453515,200,143,29,9,0,200,200,1.0,20408,11192,9216,0.5484123872990984,0.45158761270090164,0,0,0.0,0,True,topk,78,52103
0.695,0.305,0.27419354838709675,0.8064516129032258,1.0,0.0,0.0,7.259426056283932,46.835006814735046,0.0427031004374866,200,139,31,17,0,200,200,1.0,20669,11331,9338,0.548212298611447,0.45178770138855295,0,0,0.0,0,True,topk,79,52104
0.735,0.265,0.25925925925925924,0.8888888888888888,1.0,0.0,0.0,7.707519312159401,57.09273564562519,0.03503072636795698,200,147,27,14,0,200,200,1.0,20922,11478,9444,0.5486091195870376,0.4513908804129624,0,0,0.0,0,True,topk,80,52105
0.74,0.26,0.23076923076923078,0.8076923076923077,1.0,0.0,0.0,7.669393416377465,58.995333972134354,0.03390098615162808,200,148,26,12,0,200,200,1.0,21174,11626,9548,0.5490696136771512,0.45093038632284876,0,0,0.0,0,True,topk,81,52106
0.73,0.27,0.2222222222222222,0.8518518518518519,1.0,0.0,0.0,7.5084422981141845,55.618091097142106,0.035959522532098706,200,146,27,12,0,200,200,1.0,21428,11772,9656,0.5493746499906664,0.45062535000933357,0,0,0.0,0,True,topk,82,52107
0.73,0.27,0.24074074074074073,0.8888888888888888,1.0,0.0,0.0,7.599649717714117,56.29370161269716,0.03552795326482663,200,146,27,13,0,200,200,1.0,21682,11918,9764,0.5496725394336316,0.4503274605663684,0,0,0.0,0,True,topk,83,52108
0.705,0.295,0.11666666666666667,1.0,1.0,0.0,0.0,7.467126520449126,49.78084346966084,0.04017609708077584,200,141,30,7,0,200,200,1.0,21941,12059,9882,0.5496103185816508,0.45038968141834923,0,0,0.0,0,True,topk,84,52109
0.705,0.295,0.25,0.8666666666666667,1.0,0.0,0.0,7.429586861765443,49.53057907843628,0.04037909584769469,200,141,30,15,0,200,200,1.0,22200,12200,10000,0.5495495495495496,0.4504504504504504,0,0,0.0,0,True,topk,85,52110
0.765,0.235,0.1875,0.875,1.0,0.0,0.0,7.916770900426178,65.97309083688482,0.030315390330049874,200,153,24,9,0,200,200,1.0,22447,12353,10094,0.550318528088386,0.449681471911614,0,0,0.0,0,True,topk,86,52111
0.665,0.335,0.19117647058823528,0.9705882352941176,1.0,0.0,0.0,7.0588583213038145,41.522696007669495,0.048166429261495634,200,133,34,13,0,200,200,1.0,22714,12486,10228,0.5497050277361979,0.4502949722638021,0,0,0.0,0,True,topk,87,52112
0.695,0.305,0.22580645161290322,0.8709677419354839,1.0,0.0,0.0,7.262166754991086,46.85268874187798,0.042686984540384665,200,139,31,14,0,200,200,1.0,22975,12625,10350,0.5495103373231773,0.45048966267682267,0,0,0.0,0,True,topk,88,52113
0.69,0.31,0.11290322580645161,0.967741935483871,1.0,0.0,0.0,7.233339403101578,46.66670582646179,0.04285710689409588,200,138,31,7,0,200,200,1.0,23237,12763,10474,0.5492533459568791,0.45074665404312086,0,0,0.0,0,True,topk,89,52114
0.735,0.265,0.16666666666666666,0.8888888888888888,1.0,0.0,0.0,7.631602281513176,56.53038727046797,0.03537920217017193,200,147,27,9,0,200,200,1.0,23490,12910,10580,0.5495955725840783,0.4504044274159217,0,0,0.0,0,True,topk,90,52115
0.69,0.31,0.27419354838709675,0.8709677419354839,1.0,0.0,0.0,7.185500088333566,46.358065086023004,0.0431424391050135,200,138,31,17,0,200,200,1.0,23752,13048,10704,0.5493432132030986,0.45065678679690135,0,0,0.0,0,True,topk,91,52116
0.745,0.255,0.17307692307692307,0.8846153846153846,1.0,0.0,0.0,7.74502575500778,59.577121192367535,0.03356993355792125,200,149,26,9,0,200,200,1.0,24003,13197,10806,0.549806274215723,0.45019372578427697,0,0,0.0,0,True,topk,92,52117
0.73,0.27,0.2037037037037037,0.9259259259259259,1.0,0.0,0.0,7.629397260769094,56.51405378347477,0.035389427338953665,200,146,27,11,0,200,200,1.0,24257,13343,10914,0.5500680216020117,0.44993197839798826,0,0,0.0,0,True,topk,93,52118
0.72,0.28,0.125,0.9285714285714286,1.0,0.0,0.0,7.548845069357485,53.92032192398204,0.03709176667787037,200,144,28,7,0,200,200,1.0,24513,13487,11026,0.5501978541998124,0.4498021458001876,0,0,0.0,0,True,topk,94,52119
0.705,0.295,0.2833333333333333,0.8333333333333334,1.0,0.0,0.0,7.341539702754712,48.943598018364746,0.04086336274765812,200,141,30,17,0,200,200,1.0,24772,13628,11144,0.5501372517358307,0.4498627482641693,0,0,0.0,0,True,topk,95,52120
0.7,0.3,0.21666666666666667,0.9,1.0,0.0,0.0,7.297592333250631,48.650615555004215,0.04110944902102641,200,140,30,13,0,200,200,1.0,25032,13768,11264,0.5500159795461809,0.44998402045381913,0,0,0.0,0,True,topk,96,52121
0.725,0.275,0.16071428571428573,0.8928571428571429,1.0,0.0,0.0,7.499732699388509,53.569519281346494,0.037334663943800264,200,145,28,9,0,200,200,1.0,25287,13913,11374,0.5502036619606913,0.44979633803930874,0,0,0.0,0,True,topk,97,52122
0.73,0.27,0.2222222222222222,0.8888888888888888,1.0,0.0,0.0,7.605791703497086,56.33919780368212,0.03549926299925569,200,146,27,12,0,200,200,1.0,25541,14059,11482,0.5504482988136722,0.4495517011863278,0,0,0.0,0,True,topk,98,52123
0.66,0.34,0.3235294117647059,0.8235294117647058,1.0,0.0,0.0,6.866054863064045,40.388558018023794,0.04951897512923042,200,132,34,22,0,200,200,1.0,25809,14191,11618,0.5498469526134294,0.4501530473865706,0,0,0.0,0,True,topk,99,52124
0.36,0.64,0.03125,1.0,1.0,1.0,0.96875,4.643454799337135,14.510796247928548,0.13782841174449714,200,72,64,4,124,200,128,0.64,328,200,128,0.6097560975609756,0.3902439024390244,0,128,0.3902439024390244,128,True,lru,0,52025
0.565,0.435,0.03409090909090909,1.0,1.0,0.9772727272727273,0.9431818181818182,6.388015285513859,29.036433115972088,0.06887898358630898,200,113,44,3,83,200,200,1.0,615,400,215,0.6504065040650406,0.34959349593495936,15,214,0.34796747967479674,214,True,lru,1,52026
0.63,0.37,0.13513513513513514,1.0,1.0,1.0,0.8648648648648649,6.803521003441052,36.77578920778947,0.054383605167510056,200,126,37,10,64,200,200,1.0,889,600,289,0.6749156355455568,0.3250843644544432,89,288,0.32395950506186727,288,True,lru,2,52027
0.635,0.365,0.013513513513513514,1.0,1.0,0.972972972972973,0.9594594594594594,6.98331302293004,37.747637961784,0.05298344765372645,200,127,37,1,71,200,200,1.0,1162,800,362,0.6884681583476764,0.3115318416523236,162,360,0.3098106712564544,360,True,lru,3,52028
0.655,0.345,0.15714285714285714,1.0,1.0,0.9714285714285714,0.8142857142857143,6.985035861973014,39.914490639845795,0.050107115685035,200,131,35,11,57,200,200,1.0,1431,1000,431,0.6988120195667366,0.30118798043326345,231,428,0.29909154437456326,428,True,lru,4,52029
0.625,0.375,0.039473684210526314,1.0,1.0,0.9736842105263158,0.9342105263157895,6.8931027483449965,36.27948814918419,0.05512756937958546,200,125,38,3,71,200,200,1.0,1706,1200,506,0.7033997655334114,0.29660023446658856,306,502,0.29425556858147717,502,True,lru,5,52030
0.59,0.41,0.10975609756097561,1.0,1.0,1.0,0.8902439024390244,6.60780508722733,32.233195547450386,0.06204783503564845,200,118,41,9,73,200,200,1.0,1988,1400,588,0.704225352112676,0.295774647887324,388,584,0.2937625754527163,584,True,lru,6,52031
0.585,0.415,0.03571428571428571,1.0,1.0,0.9761904761904762,0.9404761904761905,6.465863365638835,30.789825550661117,0.06495652262495706,200,117,42,3,79,200,200,1.0,2271,1600,671,0.7045354469396742,0.2954645530603258,471,666,0.29326287978863935,666,True,lru,7,52032
0.61,0.39,0.08974358974358974,1.0,1.0,1.0,0.9102564102564102,6.709705841550406,34.4087479053867,0.05812475378352549,200,122,39,7,71,200,200,1.0,2549,1800,749,0.7061592781482935,0.2938407218517065,549,744,0.2918791683012946,744,True,lru,8,52033
0.585,0.415,0.05952380952380952,1.0,1.0,0.9761904761904762,0.9166666666666666,6.6075009677773835,31.464290322749445,0.06356412235854407,200,117,42,5,77,200,200,1.0,2832,2000,832,0.7062146892655368,0.29378531073446323,632,826,0.2916666666666667,826,True,lru,9,52034
0.61,0.39,0.08974358974358974,1.0,1.0,1.0,0.9102564102564102,6.723552714334317,34.47975750940675,0.05800504830854338,200,122,39,7,71,200,200,1.0,3110,2200,910,0.707395498392283,0.292604501607717,710,904,0.2906752411575563,904,True,lru,10,52035
0.63,0.37,0.06756756756756757,1.0,1.0,1.0,0.9324324324324325,6.833920771736765,36.94011227965819,0.05414168708689442,200,126,37,5,69,200,200,1.0,3384,2400,984,0.7092198581560284,0.2907801418439716,784,978,0.28900709219858156,978,True,lru,11,52036
0.565,0.435,0.07954545454545454,1.0,1.0,0.9772727272727273,0.8977272727272727,6.22952510457858,28.31602320262991,0.07063138724276245,200,113,44,7,79,200,200,1.0,3671,2600,1071,0.7082538817760828,0.29174611822391716,871,1064,0.2898392808499047,1064,True,lru,12,52037
0.585,0.415,0.07142857142857142,1.0,1.0,0.9761904761904762,0.9047619047619048,6.328911693355543,30.13767473026449,0.06636212043232334,200,117,42,6,76,200,200,1.0,3954,2800,1154,0.7081436519979767,0.2918563480020233,954,1146,0.2898330804248862,1146,True,lru,13,52038
0.625,0.375,0.05263157894736842,1.0,1.0,0.9736842105263158,0.9210526315789473,6.798227057067627,35.78014240561909,0.05589692677371542,200,125,38,4,70,200,200,1.0,4229,3000,1229,0.7093875620714116,0.2906124379285884,1029,1220,0.2884842752423741,1220,True,lru,14,52039
0.58,0.42,0.023809523809523808,1.0,1.0,1.0,0.9761904761904762,6.42449513192007,30.592833961524143,0.065374786870525,200,116,42,2,82,200,200,1.0,4513,3200,1313,0.7090627077332151,0.2909372922667849,1113,1304,0.2889430534012852,1304,True,lru,15,52040
0.64,0.36,0.08333333333333333,1.0,1.0,1.0,0.9166666666666666,7.001062149635446,38.894789720196925,0.05142076906412631,200,128,36,6,66,200,200,1.0,4785,3400,1385,0.7105538140020898,0.28944618599791017,1185,1376,0.2875653082549634,1376,True,lru,16,52041
0.625,0.375,0.013157894736842105,1.0,1.0,0.9736842105263158,0.9605263157894737,7.129460924359446,37.52347854926024,0.0532999625121224,200,125,38,1,73,200,200,1.0,5060,3600,1460,0.7114624505928854,0.2885375494071146,1260,1450,0.2865612648221344,1450,True,lru,17,52042
0.665,0.335,0.04411764705882353,1.0,1.0,0.9705882352941176,0.9264705882352942,7.253889879310691,42.669940466533475,0.04687140357199755,200,133,34,3,63,200,200,1.0,5327,3800,1527,0.7133470996808711,0.28665290031912893,1327,1516,0.2845879481884738,1516,True,lru,18,52043
0.565,0.435,0.09090909090909091,1.0,1.0,0.9772727272727273,0.8863636363636364,6.207868349514912,28.217583406885964,0.07087779173577062,200,113,44,8,78,200,200,1.0,5614,4000,1614,0.7125044531528322,0.2874955468471678,1414,1602,0.2853580334877093,1602,True,lru,19,52044
0.57,0.43,0.06976744186046512,1.0,1.0,1.0,0.9302325581395349,6.465254087262995,30.070949243083696,0.0665093736759906,200,114,43,6,80,200,200,1.0,5900,4200,1700,0.711864406779661,0.288135593220339,1500,1688,0.2861016949152542,1688,True,lru,20,52045
0.57,0.43,0.08139534883720931,1.0,1.0,1.0,0.9186046511627907,6.312136837709947,29.358775989348594,0.06812273102685218,200,114,43,7,79,200,200,1.0,6186,4400,1786,0.7112835434852893,0.2887164565147107,1586,1774,0.2867765923052053,1774,True,lru,21,52046
0.62,0.38,0.06578947368421052,1.0,1.0,1.0,0.9342105263157895,6.827837794333305,35.935988391227916,0.055654514861992944,200,124,38,5,71,200,200,1.0,6462,4600,1862,0.7118539151965336,0.2881460848034664,1662,1850,0.28628907458991026,1850,True,lru,22,52047
0.57,0.43,0.06976744186046512,1.0,1.0,1.0,0.9302325581395349,6.277115513397198,29.195886108824176,0.06850280181753138,200,114,43,6,80,200,200,1.0,6748,4800,1948,0.7113218731475993,0.2886781268524007,1748,1936,0.2868998221695317,1936,True,lru,23,52048
0.655,0.345,0.05714285714285714,1.0,1.0,0.9714285714285714,0.9142857142857143,7.1110709039113456,40.634690879493405,0.049219028291151955,200,131,35,4,64,200,200,1.0,7017,5000,2017,0.7125552230297848,0.2874447769702152,1817,2004,0.28559213339033773,2004,True,lru,24,52049
0.59,0.41,0.1951219512195122,1.0,1.0,1.0,0.8048780487804879,6.431298593342888,31.372188260209207,0.06375073308280163,200,118,41,16,66,200,200,1.0,7299,5200,2099,0.7124263597753117,0.28757364022468834,1899,2086,0.28579257432525,2086,True,lru,25,52050
0.665,0.335,0.07352941176470588,1.0,1.0,0.9705882352941176,0.8970588235294118,7.230604725190668,42.53296897170981,0.04702234639040296,200,133,34,5,61,200,200,1.0,7566,5400,2166,0.7137192704203014,0.28628072957969863,1966,2152,0.2844303462860164,2152,True,lru,26,52051
0.605,0.395,0.025,1.0,1.0,0.975,0.95,6.7106302528221216,33.55315126411061,0.05960691990618646,200,121,40,2,76,200,200,1.0,7845,5600,2245,0.7138304652644997,0.28616953473550033,2045,2230,0.28425748884639895,2230,True,lru,27,52052
0.625,0.375,0.05263157894736842,1.0,1.0,0.9736842105263158,0.9210526315789473,6.775457582544908,35.66030306602583,0.05608477292795174,200,125,38,4,70,200,200,1.0,8120,5800,2320,0.7142857142857143,0.2857142857142857,2120,2304,0.28374384236453204,2304,True,lru,28,52053
0.605,0.395,0.0375,1.0,1.0,0.975,0.9375,6.783293468935097,33.91646734467549,0.058968405514496426,200,121,40,3,75,200,200,1.0,8399,6000,2399,0.7143707584236219,0.28562924157637815,2199,2382,0.28360519109417787,2382,True,lru,29,52054
0.63,0.37,0.02702702702702703,1.0,1.0,1.0,0.972972972972973,6.949655402214092,37.56570487683293,0.05324004984220104,200,126,37,2,72,200,200,1.0,8673,6200,2473,0.7148622160728698,0.2851377839271302,2273,2456,0.28317767785080133,2456,True,lru,30,52055
0.56,0.44,0.06818181818181818,1.0,1.0,1.0,0.9318181818181818,6.451497000375757,29.32498636534435,0.06820122523103908,200,112,44,6,82,200,200,1.0,8961,6400,2561,0.7142060037942194,0.2857939962057806,2361,2544,0.2838968865082022,2544,True,lru,31,52056
0.65,0.35,0.08571428571428572,1.0,1.0,1.0,0.9142857142857143,6.9540986736503605,39.73770670657348,0.05033003073801328,200,130,35,6,64,200,200,1.0,9231,6600,2631,0.7149821254468638,0.2850178745531362,2431,2614,0.28317625392698514,2614,True,lru,32,52057
0.685,0.315,0.09375,1.0,1.0,0.96875,0.875,7.282298537383149,45.51436585864468,0.04394216995599718,200,137,32,6,56,200,200,1.0,9494,6800,2694,0.7162418369496524,0.2837581630503476,2494,2676,0.2818622287760691,2676,True,lru,33,52058
0.585,0.415,0.10714285714285714,1.0,1.0,0.9761904761904762,0.8690476190476191,6.566284783023196,31.268022776300935,0.06396311062929971,200,117,42,9,73,200,200,1.0,9777,7000,2777,0.7159660427534008,0.2840339572465992,2577,2758,0.28209062084483993,2758,True,lru,34,52059
0.605,0.395,0.0375,1.0,1.0,0.975,0.9375,6.8711124010355675,34.35556200517784,0.05821473680734938,200,121,40,3,75,200,200,1.0,10056,7200,2856,0.7159904534606205,0.2840095465393795,2656,2836,0.28202068416865556,2836,True,lru,35,52060
0.55,0.45,0.07777777777777778,1.0,1.0,1.0,0.9222222222222223,6.167456113910259,27.410916061823368,0.07296363228026172,200,110,45,7,83,200,200,1.0,10346,7400,2946,0.7152522714092403,0.2847477285907597,2746,2926,0.2828146143437077,2926,True,lru,36,52061
0.61,0.39,0.0641025641025641,1.0,1.0,1.0,0.9358974358974359,6.67349677817416,34.22306040089313,0.05844012711229664,200,122,39,5,73,200,200,1.0,10624,7600,3024,0.7153614457831325,0.28463855421686746,2824,3004,0.28275602409638556,3004,True,lru,37,52062
0.565,0.435,0.056818181818181816,1.0,1.0,0.9772727272727273,0.9204545454545454,6.194035193701663,28.154705425916653,0.071036083302757,200,113,44,5,81,200,200,1.0,10911,7800,3111,0.7148748968930437,0.28512510310695627,2911,3090,0.28320043992301347,3090,True,lru,38,52063
0.595,0.405,0.06097560975609756,1.0,1.0,0.975609756097561,0.9146341463414634,6.650396461040791,32.44095834654044,0.061650459848800465,200,119,41,5,75,200,200,1.0,11192,8000,3192,0.7147962830593281,0.2852037169406719,2992,3170,0.28323802716225877,3170,True,lru,39,52064
0.615,0.385,0.05128205128205128,1.0,1.0,0.9743589743589743,0.9230769230769231,6.721581725206602,34.46964987285437,0.05802205729902251,200,123,39,4,72,200,200,1.0,11469,8200,3269,0.7149707908274479,0.28502920917255214,3069,3246,0.283023803295841,3246,True,lru,40,52065
0.58,0.42,0.03571428571428571,1.0,1.0,1.0,0.9642857142857143,6.508751007655993,30.994052417409492,0.06452850931092158,200,116,42,3,81,200,200,1.0,11753,8400,3353,0.714711137581894,0.285288862418106,3153,3330,0.2833319152556794,3330,True,lru,41,52066
0.62,0.38,0.07894736842105263,1.0,1.0,1.0,0.9210526315789473,6.812608254441326,35.85583291811224,0.055778930155314245,200,124,38,6,70,200,200,1.0,12029,8600,3429,0.7149388976639787,0.28506110233602133,3229,3406,0.28314905644691996,3406,True,lru,42,52067
0.645,0.355,0.06944444444444445,1.0,1.0,0.9722222222222222,0.9027777777777778,7.025366322036947,39.02981290020526,0.05124287951658313,200,129,36,5,65,200,200,1.0,12300,8800,3500,0.7154471544715447,0.2845528455284553,3300,3476,0.28260162601626015,3476,True,lru,43,52068
0.545,0.455,0.07608695652173914,1.0,1.0,0.9782608695652174,0.9021739130434783,6.120797909554637,26.612164824150597,0.07515360036343213,200,109,46,7,83,200,200,1.0,12591,9000,3591,0.7147962830593281,0.2852037169406719,3391,3566,0.28321817170995156,3566,True,lru,44,52069
0.575,0.425,0.05813953488372093,1.0,1.0,0.9767441860465116,0.9186046511627907,6.425462511811532,29.885872147960615,0.06692125262727118,200,115,43,5,79,200,200,1.0,12876,9200,3676,0.7145076110593352,0.28549238894066475,3476,3650,0.2834731283007145,3650,True,lru,45,52070
0.65,0.35,0.07142857142857142,1.0,1.0,1.0,0.9285714285714286,6.990901546559762,39.94800883748436,0.05006507353436207,200,130,35,5,65,200,200,1.0,13146,9400,3746,0.7150464019473605,0.28495359805263953,3546,3720,0.2829758101323597,3720,True,lru,46,52071
0.57,0.43,0.05813953488372093,1.0,1.0,1.0,0.9418604651162791,6.552914084310694,30.478670159584624,0.06561966088179409,200,114,43,5,81,200,200,1.0,13432,9600,3832,0.714711137581894,0.285288862418106,3632,3806,0.2833531864204884,3806,True,lru,47,52072
0.605,0.395,0.0625,1.0,1.0,0.975,0.9125,6.595985134968921,32.97992567484461,0.06064295049413945,200,121,40,5,73,200,200,1.0,13711,9800,3911,0.7147545766173146,0.28524542338268544,3711,3884,0.28327620158996425,3884,True,lru,48,52073
0.5,0.5,0.08,1.0,1.0,1.0,0.92,5.629286155616756,22.517144622467026,0.08882120861827443,200,100,50,8,92,200,200,1.0,14011,10000,4011,0.7137249304118193,0.2862750695881807,3811,3984,0.2843480122760688,3984,True,lru,49,52074
0.515,0.485,0.061224489795918366,1.0,1.0,0.9795918367346939,0.9183673469387755,5.82925585383703,23.792881036069513,0.08405875677552634,200,103,49,6,90,200,200,1.0,14308,10200,4108,0.712887894883981,0.28711210511601903,3908,4080,0.2851551579535924,4080,True,lru,50,52075
0.67,0.33,0.09090909090909091,1.0,1.0,1.0,0.9090909090909091,7.320759586732613,44.368239919591595,0.045077289602305455,200,134,33,6,60,200,200,1.0,14574,10400,4174,0.7135995608618086,0.28640043913819135,3974,4146,0.28447920955125566,4146,True,lru,51,52076
0.62,0.38,0.05263157894736842,1.0,1.0,1.0,0.9473684210526315,6.681838130491865,35.16756910785192,0.05687057851130964,200,124,38,4,72,200,200,1.0,14850,10600,4250,0.7138047138047138,0.2861952861952862,4050,4222,0.2843097643097643,4222,True,lru,52,52077
0.625,0.375,0.07894736842105263,1.0,1.0,0.9736842105263158,0.8947368421052632,6.843861633547034,36.02032438708965,0.05552420845817915,200,125,38,6,68,200,200,1.0,15125,10800,4325,0.7140495867768595,0.2859504132231405,4125,4296,0.28403305785123967,4296,True,lru,53,52078
0.62,0.38,0.09210526315789473,1.0,1.0,1.0,0.9078947368421053,6.798771160179033,35.783006106205434,0.05589245336358599,200,124,38,7,69,200,200,1.0,15401,11000,4401,0.7142393351081099,0.2857606648918901,4201,4372,0.2838776702811506,4372,True,lru,54,52079
0.59,0.41,0.07317073170731707,1.0,1.0,1.0,0.926829268292683,6.555568889789989,31.97838482824385,0.06254224566819166,200,118,41,6,76,200,200,1.0,15683,11200,4483,0.714149078620162,0.28585092137983803,4283,4454,0.28400178537269655,4454,True,lru,55,52080
0.615,0.385,0.10256410256410256,0.9743589743589743,1.0,0.9743589743589743,0.8846153846153846,6.8718930063196035,35.24047695548514,0.056752920867851706,200,123,39,8,69,200,200,1.0,15960,11400,4560,0.7142857142857143,0.2857142857142857,4360,4530,0.28383458646616544,4530,True,lru,56,52081
0.64,0.36,0.08333333333333333,1.0,1.0,1.0,0.9166666666666666,7.111109478546807,39.506163769704486,0.05062501162245753,200,128,36,6,66,200,200,1.0,16232,11600,4632,0.7146377525874815,0.2853622474125185,4432,4602,0.2835140463282405,4602,True,lru,57,52082
0.6,0.4,0.1,1.0,1.0,1.0,0.9,6.676484579457748,33.38242289728874,0.0599117687219293,200,120,40,8,72,200,200,1.0,16512,11800,4712,0.7146317829457365,0.2853682170542635,4512,4682,0.28355135658914726,4682,True,lru,58,52083
0.58,0.42,0.09523809523809523,1.0,1.0,1.0,0.9047619047619048,6.539204208747599,31.139067660702853,0.06422799878892897,200,116,42,8,76,200,200,1.0,16796,12000,4796,0.7144558228149559,0.2855441771850441,4596,4766,0.28375803762800667,4766,True,lru,59,52084
0.61,0.39,0.0641025641025641,1.0,1.0,1.0,0.9358974358974359,6.603840052904453,33.86584642515104,0.05905654844388199,200,122,39,5,73,200,200,1.0,17074,12200,4874,0.7145367225020499,0.2854632774979501,4674,4844,0.2837062199836008,4844,True,lru,60,52085
0.635,0.365,0.05405405405405406,1.0,1.0,0.972972972972973,0.918918918918919,7.04935780613645,38.10463678992676,0.05248705061869832,200,127,37,4,68,200,200,1.0,17347,12400,4947,0.7148210065140946,0.28517899348590536,4747,4916,0.2833919409696201,4916,True,lru,61,52086
0.56,0.44,0.07954545454545454,1.0,1.0,1.0,0.9204545454545454,6.237581545129268,28.352643386951218,0.0705401599668997,200,112,44,7,81,200,200,1.0,17635,12600,5035,0.7144882336263113,0.2855117663736887,4835,5004,0.2837538984973065,5004,True,lru,62,52087
0.605,0.395,0.0875,1.0,1.0,0.975,0.8875,6.736795384315883,33.683976921579415,0.05937541177682951,200,121,40,7,71,200,200,1.0,17914,12800,5114,0.7145249525510774,0.2854750474489226,4914,5082,0.28368873506754494,5082,True,lru,63,52088
0.595,0.405,0.04878048780487805,1.0,1.0,0.975609756097561,0.926829268292683,6.545864901991796,31.931048302399006,0.06263496209267073,200,119,41,4,76,200,200,1.0,18195,13000,5195,0.7144820005496015,0.28551799945039846,4995,5162,0.28370431437208027,5162,True,lru,64,52089
0.56,0.44,0.07954545454545454,1.0,1.0,1.0,0.9204545454545454,6.32541332727256,28.75187876032982,0.06956067172763278,200,112,44,7,81,200,200,1.0,18483,13200,5283,0.7141697776335011,0.2858302223664989,5083,5250,0.2840447979224152,5250,True,lru,65,52090
0.555,0.445,0.08888888888888889,1.0,1.0,0.9777777777777777,0.8888888888888888,6.2650269410690465,27.844564182529094,0.07182730485165532,200,111,45,8,80,200,200,1.0,18772,13400,5372,0.7138291071809078,0.28617089281909225,5172,5338,0.2843596846366929,5338,True,lru,66,52091
0.545,0.455,0.03260869565217391,1.0,1.0,0.9782608695652174,0.9456521739130435,6.29592344186005,27.373580182000218,0.07306315018724226,200,109,46,3,87,200,200,1.0,19063,13600,5463,0.7134239101925195,0.2865760898074805,5263,5428,0.2847400723915438,5428,True,lru,67,52092
0.61,0.39,0.01282051282051282,1.0,1.0,1.0,0.9871794871794872,6.646899672798228,34.08666498870886,0.05867397120435502,200,122,39,1,77,200,200,1.0,19341,13800,5541,0.7135101597642314,0.2864898402357686,5341,5506,0.2846802130189752,5506,True,lru,68,52093
0.635,0.365,0.08108108108108109,1.0,1.0,0.972972972972973,0.8918918918918919,6.8183818182029565,36.856117936232195,0.054265074890968296,200,127,37,6,66,200,200,1.0,19614,14000,5614,0.7137758743754461,0.2862241256245539,5414,5578,0.2843887019475885,5578,True,lru,69,52094
0.59,0.41,0.06097560975609756,1.0,1.0,1.0,0.9390243902439024,6.514853033131049,31.779770893322187,0.06293311574565993,200,118,41,5,77,200,200,1.0,19896,14200,5696,0.7137112987535182,0.28628870124648176,5496,5660,0.28447929232006436,5660,True,lru,70,52095
0.635,0.365,0.12162162162162163,1.0,1.0,0.972972972972973,0.8513513513513513,6.8206597273066585,36.86843095841437,0.05424695187749903,200,127,37,9,63,200,200,1.0,20169,14400,5769,0.71396697902722,0.28603302097278005,5569,5732,0.2841985224850017,5732,True,lru,71,52096
0.57,0.43,0.023255813953488372,1.0,1.0,1.0,0.9767441860465116,6.33572394829732,29.468483480452655,0.06786911858992205,200,114,43,2,84,200,200,1.0,20455,14600,5855,0.7137619164018577,0.2862380835981423,5655,5818,0.284429234905891,5818,True,lru,72,52097
0.58,0.42,0.09523809523809523,1.0,1.0,1.0,0.9047619047619048,6.437695618538875,30.655693421613687,0.06524073595379536,200,116,42,8,76,200,200,1.0,20739,14800,5939,0.7136313226288635,0.28636867737113647,5739,5902,0.28458459906456435,5902,True,lru,73,52098
0.52,0.48,0.020833333333333332,1.0,1.0,1.0,0.9791666666666666,5.967263765815274,24.86359902423031,0.08043887765608435,200,104,48,2,94,200,200,1.0,21035,15000,6035,0.7130972189208462,0.2869027810791538,5835,5998,0.28514380793914906,5998,True,lru,74,52099
0.545,0.455,0.06521739130434782,1.0,1.0,0.9782608695652174,0.9130434782608695,6.167742888384315,26.816273427757892,0.07458157843549479,200,109,46,6,84,200,200,1.0,21326,15200,6126,0.7127450060958455,0.28725499390415454,5926,6088,0.28547313138891495,6088,True,lru,75,52100
0.565,0.435,0.07954545454545454,1.0,1.0,0.9772727272727273,0.8977272727272727,6.396662571616968,29.075738961895308,0.06878586998669456,200,113,44,7,79,200,200,1.0,21613,15400,6213,0.7125341229815388,0.28746587701846116,6013,6174,0.28566140748623514,6174,True,lru,76,52101
0.63,0.37,0.06756756756756757,1.0,1.0,1.0,0.9324324324324325,6.873805306293588,37.15570435834372,0.0538275356244425,200,126,37,5,69,200,200,1.0,21887,15600,6287,0.712751861835793,0.287248138164207,6087,6248,0.2854662585096176,6248,True,lru,77,52102
0.62,0.38,0.05263157894736842,1.0,1.0,1.0,0.9473684210526315,6.829339566222887,35.94389245380467,0.05564227643320526,200,124,38,4,72,200,200,1.0,22163,15800,6363,0.7128998781753373,0.2871001218246627,6163,6324,0.28534043225195144,6324,True,lru,78,52103
0.62,0.38,0.07894736842105263,1.0,1.0,1.0,0.9210526315789473,6.980198790886442,36.737888373086534,0.05443971029824243,200,124,38,6,70,200,200,1.0,22439,16000,6439,0.713044253308971,0.28695574669102897,6239,6400,0.28521770132358837,6400,True,lru,79,52104
0.62,0.38,0.11842105263157894,1.0,1.0,1.0,0.881578947368421,6.833188053232732,35.964147648593325,0.05561093841405766,200,124,38,9,67,200,200,1.0,22715,16200,6515,0.713185119964781,0.28681488003521904,6315,6476,0.2850979528945631,6476,True,lru,80,52105
0.65,0.35,0.08571428571428572,1.0,1.0,1.0,0.9142857142857143,7.015303301660899,40.087447438062284,0.049890929151578695,200,130,35,6,64,200,200,1.0,22985,16400,6585,0.7135088100935393,0.2864911899064607,6385,6546,0.2847944311507505,6546,True,lru,81,52106
0.59,0.41,0.06097560975609756,1.0,1.0,1.0,0.9390243902439024,6.390891109612547,31.17507858347584,0.06415380781301663,200,118,41,5,77,200,200,1.0,23267,16600,6667,0.7134568272660851,0.28654317273391494,6467,6628,0.28486697898310914,6628,True,lru,82,52107
0.61,0.39,0.038461538461538464,1.0,1.0,1.0,0.9615384615384616,6.665125840320058,34.18013251446183,0.05851352387688337,200,122,39,3,75,200,200,1.0,23545,16800,6745,0.7135272881715863,0.2864727118284137,6545,6706,0.2848163091951582,6706,True,lru,83,52108
0.575,0.425,0.0,1.0,1.0,0.9767441860465116,0.9767441860465116,6.518396868769341,30.318124971020193,0.06596714018138375,200,115,43,0,84,200,200,1.0,23830,17000,6830,0.7133864876206463,0.28661351237935373,6630,6790,0.2849349559378934,6790,True,lru,84,52109
0.645,0.355,0.08333333333333333,1.0,1.0,0.9722222222222222,0.8888888888888888,7.009536796805983,38.94187109336657,0.051358600494691785,200,129,36,6,64,200,200,1.0,24101,17200,6901,0.7136633334716401,0.2863366665283599,6701,6860,0.28463549230322394,6860,True,lru,85,52110
0.615,0.385,0.038461538461538464,1.0,1.0,0.9743589743589743,0.9358974358974359,6.841143083606491,35.08278504413585,0.05700801682317702,200,123,39,3,73,200,200,1.0,24378,17400,6978,0.7137583066699483,0.28624169333005167,6778,6936,0.28451882845188287,6936,True,lru,86,52111
0.61,0.39,0.038461538461538464,1.0,1.0,1.0,0.9615384615384616,6.731033017750292,34.51811803974509,0.057940586381249014,200,122,39,3,75,200,200,1.0,24656,17600,7056,0.7138221933809215,0.28617780661907855,6856,7014,0.28447436729396497,7014,True,lru,87,52112
0.59,0.41,0.06097560975609756,1.0,1.0,1.0,0.9390243902439024,6.463312940425465,31.528355806953485,0.06343496033367227,200,118,41,5,77,200,200,1.0,24938,17800,7138,0.7137701499719303,0.28622985002806967,6938,7096,0.28454567326970887,7096,True,lru,88,52113
0.6,0.4,0.0125,1.0,1.0,1.0,0.9875,6.5111605502321686,32.55580275116084,0.06143298063595394,200,120,40,1,79,200,200,1.0,25218,18000,7218,0.7137758743754461,0.2862241256245539,7018,7176,0.28455864858434454,7176,True,lru,89,52114
0.61,0.39,0.0641025641025641,1.0,1.0,1.0,0.9358974358974359,6.767927525959561,34.70732064594646,0.05762473054034449,200,122,39,5,73,200,200,1.0,25496,18200,7296,0.7138374647003451,0.28616253529965485,7096,7254,0.2845152180734233,7254,True,lru,90,52115
0.61,0.39,0.08974358974358974,1.0,1.0,1.0,0.9102564102564102,6.637568981339246,34.03881528891922,0.05875645151055148,200,122,39,7,71,200,200,1.0,25774,18400,7374,0.7138977263909366,0.2861022736090634,7174,7332,0.28447272445099714,7332,True,lru,91,52116
0.65,0.35,0.05714285714285714,1.0,1.0,1.0,0.9428571428571428,7.05969377236216,40.34110727064092,0.04957722123446874,200,130,35,4,66,200,200,1.0,26044,18600,7444,0.7141760098295192,0.28582399017048077,7244,7402,0.28421133466441406,7402,True,lru,92,52117
0.62,0.38,0.05263157894736842,1.0,1.0,1.0,0.9473684210526315,6.794480060450621,35.760421370792734,0.05592775261964605,200,124,38,4,72,200,200,1.0,26320,18800,7520,0.7142857142857143,0.2857142857142857,7320,7478,0.28411854103343465,7478,True,lru,93,52118
0.61,0.39,0.038461538461538464,1.0,1.0,1.0,0.9615384615384616,6.728028578250913,34.502710657696994,0.057966460080255536,200,122,39,3,75,200,200,1.0,26598,19000,7598,0.7143394240168434,0.28566057598315664,7398,7556,0.2840815098879615,7556,True,lru,94,52119
0.565,0.435,0.06818181818181818,1.0,1.0,0.9772727272727273,0.9090909090909091,6.366597197313107,28.939078169605033,0.06911070173965035,200,113,44,6,80,200,200,1.0,26885,19200,7685,0.7141528733494513,0.2858471266505487,7485,7642,0.2842477217779431,7642,True,lru,95,52120
0.555,0.445,0.05555555555555555,1.0,1.0,0.9777777777777777,0.9222222222222223,6.3358109720521325,28.159159875787257,0.07102484622489418,200,111,45,5,83,200,200,1.0,27174,19400,7774,0.7139177154633105,0.2860822845366895,7574,7730,0.2844630897181129,7730,True,lru,96,52121
0.595,0.405,0.04878048780487805,1.0,1.0,0.975609756097561,0.926829268292683,6.567181151553737,32.03503000757921,0.062431656830875995,200,119,41,4,76,200,200,1.0,27455,19600,7855,0.7138954653068658,0.28610453469313424,7655,7810,0.2844654889819705,7810,True,lru,97,52122
0.635,0.365,0.0945945945945946,0.972972972972973,1.0,0.972972972972973,0.8918918918918919,7.025775282978925,37.977163691777974,0.05266322720232523,200,127,37,7,66,200,200,1.0,27728,19800,7928,0.7140796306982112,0.28592036930178877,7728,7882,0.2842613964223889,7882,True,lru,98,52123
0.58,0.42,0.05952380952380952,1.0,1.0,1.0,0.9404761904761905,6.38911655638323,30.424364554205855,0.0657367879101199,200,116,42,5,79,200,200,1.0,28012,20000,8012,0.7139797229758675,0.28602027702413246,7812,7966,0.284378123661288,7966,True,lru,99,52124
0.36,0.64,0.03125,1.0,1.0,1.0,0.96875,4.643454799337135,14.510796247928548,0.13782841174449714,200,72,64,4,124,200,128,0.64,328,200,128,0.6097560975609756,0.3902439024390244,0,128,0.3902439024390244,128,True,lfu,0,52025
0.565,0.435,0.056818181818181816,1.0,1.0,0.4659090909090909,0.4431818181818182,6.313042968554357,28.69564985706526,0.06969697532420834,200,113,44,5,39,200,200,1.0,615,392,223,0.6373983739837399,0.3626016260162601,23,200,0.3252032520325203,207,True,lfu,1,52026
0.62,0.38,0.34210526315789475,0.7368421052631579,1.0,0.0,0.0,6.458776095910789,33.99355839953047,0.058834676161105416,200,124,38,26,0,200,200,1.0,891,554,337,0.621773288439955,0.37822671156004495,137,200,0.2244668911335578,245,True,lfu,2,52027
0.61,0.39,0.15384615384615385,0.9230769230769231,1.0,0.0,0.0,6.569352666676955,33.68898803424079,0.059366579903416546,200,122,39,12,0,200,200,1.0,1169,715,454,0.611633875106929,0.388366124893071,254,200,0.1710863986313088,284,True,lfu,3,52028
0.605,0.395,0.4125,0.75,1.0,0.0,0.0,6.348023998385028,31.740119991925145,0.06301173406114441,200,121,40,33,0,200,200,1.0,1448,875,573,0.6042817679558011,0.39571823204419887,373,200,0.13812154696132597,323,True,lfu,4,52029
0.595,0.405,0.2073170731707317,0.8536585365853658,1.0,0.0,0.0,6.310190524792258,30.781417194108577,0.06497426636947667,200,119,41,17,0,200,200,1.0,1729,1034,695,0.5980335454019664,0.4019664545980336,495,200,0.1156737998843262,363,True,lfu,5,52030
0.595,0.405,0.2926829268292683,0.8292682926829268,1.0,0.012195121951219513,0.012195121951219513,6.316586265522883,30.812615929379916,0.06490847789697059,200,119,41,24,1,200,200,1.0,2010,1193,817,0.5935323383084578,0.40646766169154225,617,200,0.09950248756218906,403,True,lfu,6,52031
0.63,0.37,0.21621621621621623,0.8648648648648649,1.0,0.013513513513513514,0.013513513513513514,6.643188143242281,35.90912509860692,0.05569614950261178,200,126,37,16,1,200,200,1.0,2284,1356,928,0.5936952714535902,0.40630472854640975,728,200,0.08756567425569177,440,True,lfu,7,52032
0.61,0.39,0.3333333333333333,0.7948717948717948,1.0,0.02564102564102564,0.02564102564102564,6.497281148621505,33.31939050575131,0.06002510759177234,200,122,39,26,2,200,200,1.0,2562,1518,1044,0.5925058548009368,0.40749414519906324,844,202,0.07884465261514442,480,True,lfu,8,52033
0.58,0.42,0.2619047619047619,0.8571428571428571,1.0,0.0,0.0,6.241709686057,29.7224270764619,0.06728925584895659,200,116,42,22,0,200,200,1.0,2846,1676,1170,0.5888966971187631,0.41110330288123687,970,202,0.07097680955727337,522,True,lfu,9,52034
0.63,0.37,0.2702702702702703,0.8378378378378378,1.0,0.0,0.0,6.614456148991065,35.753817021573326,0.05593808344416008,200,126,37,20,0,200,200,1.0,3120,1839,1281,0.5894230769230769,0.41057692307692306,1081,202,0.06474358974358975,559,True,lfu,10,52035
0.605,0.395,0.1125,0.925,1.0,0.0,0.0,6.580689369193212,32.90344684596606,0.06078390538726185,200,121,40,9,0,200,200,1.0,3399,1999,1400,0.5881141512209473,0.41188584877905265,1200,202,0.059429243895263315,598,True,lfu,11,52036
0.555,0.445,0.24444444444444444,0.8,1.0,0.0,0.0,5.913238138291758,26.281058392407814,0.07610043591614897,200,111,45,22,0,200,200,1.0,3688,2154,1534,0.584056399132321,0.415943600867679,1334,202,0.05477223427331887,642,True,lfu,12,52037
0.61,0.39,0.24358974358974358,0.8205128205128205,1.0,0.0,0.0,6.371013214911409,32.67186264057133,0.0612147529512577,200,122,39,19,0,200,200,1.0,3966,2315,1651,0.5837115481593546,0.41628845184064545,1451,202,0.050932929904185575,681,True,lfu,13,52038
0.615,0.385,0.23076923076923078,0.8717948717948718,1.0,0.0,0.0,6.54311803174476,33.55445144484492,0.05960461023442737,200,123,39,18,0,200,200,1.0,4243,2476,1767,0.5835493754419043,0.4164506245580957,1567,202,0.04760782465236861,719,True,lfu,14,52039
0.56,0.44,0.23863636363636365,0.9090909090909091,1.0,0.0,0.0,6.06866307820089,27.584832173640407,0.07250361312370665,200,112,44,21,0,200,200,1.0,4531,2632,1899,0.5808872213639373,0.41911277863606267,1699,202,0.04458177002869124,763,True,lfu,15,52040
0.635,0.365,0.2972972972972973,0.8648648648648649,1.0,0.0,0.0,6.770041432056363,36.59481855165602,0.05465254588369846,200,127,37,22,0,200,200,1.0,4804,2795,2009,0.5818068276436303,0.41819317235636966,1809,202,0.04204829308909242,799,True,lfu,16,52041
0.62,0.38,0.2631578947368421,0.868421052631579,1.0,0.0,0.0,6.626011603004757,34.87374527897241,0.057349733560333335,200,124,38,20,0,200,200,1.0,5080,2957,2123,0.5820866141732284,0.4179133858267716,1923,202,0.03976377952755906,837,True,lfu,17,52042
0.595,0.405,0.23170731707317074,0.9024390243902439,1.0,0.0,0.0,6.419844192501015,31.316313134151294,0.06386447828109579,200,119,41,19,0,200,200,1.0,5361,3116,2245,0.5812348442454766,0.41876515575452344,2045,202,0.03767953739973885,877,True,lfu,18,52043
0.565,0.435,0.2840909090909091,0.8181818181818182,1.0,0.0,0.0,5.990713298004881,27.23051499093128,0.07344701342101208,200,113,44,25,0,200,200,1.0,5648,3272,2376,0.5793201133144475,0.42067988668555245,2176,202,0.03576487252124646,920,True,lfu,19,52044
0.625,0.375,0.21052631578947367,0.8421052631578947,1.0,0.0,0.0,6.66253238200474,35.0659599052881,0.057035370068349134,200,125,38,16,0,200,200,1.0,5923,3434,2489,0.5797737632956272,0.42022623670437276,2289,202,0.03410433901738984,957,True,lfu,20,52045
0.57,0.43,0.27906976744186046,0.813953488372093,1.0,0.0,0.0,6.072969457161246,28.24636956819184,0.07080555946036317,200,114,43,24,0,200,200,1.0,6209,3591,2618,0.5783540022547914,0.4216459977452086,2418,202,0.03253341923014978,1000,True,lfu,21,52046
0.655,0.345,0.22857142857142856,0.8857142857142857,1.0,0.0,0.0,6.872096698279109,39.26912399016634,0.050930598821120485,200,131,35,16,0,200,200,1.0,6478,3756,2722,0.5798085828959555,0.4201914171040445,2522,202,0.031182463723371412,1034,True,lfu,22,52047
0.59,0.41,0.32926829268292684,0.8048780487804879,1.0,0.0,0.0,6.202310646763352,30.2551738866505,0.06610439614371083,200,118,41,27,0,200,200,1.0,6760,3915,2845,0.5791420118343196,0.42085798816568043,2645,202,0.029881656804733727,1075,True,lfu,23,52048
0.665,0.335,0.17647058823529413,0.9117647058823529,1.0,0.0,0.0,7.0630285339011945,41.54722667000703,0.04813799043399933,200,133,34,12,0,200,200,1.0,7027,4081,2946,0.5807599259997154,0.4192400740002846,2746,202,0.028746264408709265,1108,True,lfu,24,52049
0.595,0.405,0.4146341463414634,0.6585365853658537,1.0,0.0,0.0,6.1964668518624775,30.226667570060865,0.0661667382077201,200,119,41,34,0,200,200,1.0,7308,4240,3068,0.5801860974274767,0.41981390257252327,2868,202,0.027640941434044882,1148,True,lfu,25,52050
0.665,0.335,0.2647058823529412,0.8823529411764706,1.0,0.0,0.0,7.019325809314654,41.290151819497964,0.04843770031999649,200,133,34,18,0,200,200,1.0,7575,4406,3169,0.5816501650165017,0.4183498349834983,2969,202,0.02666666666666667,1181,True,lfu,26,52051
0.615,0.385,0.1794871794871795,0.8974358974358975,1.0,0.0,0.0,6.610575506117275,33.90038721085782,0.05899637628208058,200,123,39,14,0,200,200,1.0,7852,4567,3285,0.5816352521650535,0.4183647478349465,3085,202,0.025725929699439633,1219,True,lfu,27,52052
0.61,0.39,0.19230769230769232,0.8974358974358975,1.0,0.0,0.0,6.4742310295942325,33.20118476714991,0.060238814187704846,200,122,39,15,0,200,200,1.0,8130,4728,3402,0.581549815498155,0.418450184501845,3202,202,0.024846248462484625,1258,True,lfu,28,52053
0.59,0.41,0.21951219512195122,0.8780487804878049,1.0,0.012195121951219513,0.012195121951219513,6.432609592514986,31.37858337812188,0.06373774035300975,200,118,41,18,1,200,200,1.0,8412,4888,3524,0.5810746552543985,0.4189253447456015,3324,204,0.024251069900142655,1300,True,lfu,29,52054
0.6,0.4,0.175,0.925,1.0,0.0,0.0,6.513357803859146,32.56678901929573,0.061412256480520865,200,120,40,14,0,200,200,1.0,8692,5048,3644,0.5807639208467557,0.41923607915324435,3444,204,0.023469857340082834,1340,True,lfu,30,52055
0.575,0.425,0.19767441860465115,0.8837209302325582,1.0,0.0,0.0,6.191918432130515,28.799620614560535,0.06944535925549097,200,115,43,17,0,200,200,1.0,8977,5205,3772,0.579815082989863,0.42018491701013705,3572,204,0.02272474100479002,1382,True,lfu,31,52056
0.655,0.345,0.2714285714285714,0.8571428571428571,1.0,0.0,0.0,6.861390570941377,39.20794611966501,0.05101006805854812,200,131,35,19,0,200,200,1.0,9246,5370,3876,0.5807916937053861,0.4192083062946139,3676,204,0.022063595068137574,1416,True,lfu,32,52057
0.63,0.37,0.21621621621621623,0.8648648648648649,1.0,0.0,0.0,6.6168735777777945,35.766884204204295,0.05591764685403896,200,126,37,16,0,200,200,1.0,9520,5533,3987,0.5811974789915967,0.4188025210084033,3787,204,0.02142857142857143,1453,True,lfu,33,52058
0.59,0.41,0.2926829268292683,0.7560975609756098,1.0,0.0,0.0,6.282452363739476,30.64610909141208,0.06526113948215559,200,118,41,24,0,200,200,1.0,9802,5692,4110,0.5806978167720873,0.4193021832279127,3910,204,0.020812079167516834,1494,True,lfu,34,52059
0.64,0.36,0.2222222222222222,0.9166666666666666,1.0,0.0,0.0,6.822796221742968,37.9044234541276,0.052764290226454034,200,128,36,16,0,200,200,1.0,10074,5856,4218,0.5812983918999405,0.4187016081000595,4018,204,0.02025014889815366,1530,True,lfu,35,52060
0.62,0.38,0.25,0.868421052631579,1.0,0.0,0.0,6.597092511420937,34.721539533794406,0.05760113252044611,200,124,38,19,0,200,200,1.0,10350,6018,4332,0.5814492753623188,0.41855072463768117,4132,204,0.01971014492753623,1568,True,lfu,36,52061
0.655,0.345,0.11428571428571428,0.9428571428571428,1.0,0.014285714285714285,0.014285714285714285,6.959509782215132,39.76862732694361,0.05029089849035301,200,131,35,8,1,200,200,1.0,10619,6184,4435,0.582352387230436,0.41764761276956397,4235,206,0.01939919013089745,1603,True,lfu,37,52062
0.58,0.42,0.21428571428571427,0.8809523809523809,1.0,0.0,0.0,6.144059302896011,29.257425251885767,0.06835871519046575,200,116,42,18,0,200,200,1.0,10903,6342,4561,0.5816747684123635,0.41832523158763646,4361,206,0.018893882417683205,1645,True,lfu,38,52063
0.59,0.41,0.15853658536585366,0.926829268292683,1.0,0.024390243902439025,0.024390243902439025,6.444747490435787,31.43779263627213,0.06361769807249287,200,118,41,13,2,200,200,1.0,11185,6503,4682,0.581403665623603,0.418596334376397,4482,210,0.018775145283862316,1688,True,lfu,39,52064
0.645,0.355,0.16666666666666666,0.9166666666666666,1.0,0.0,0.0,6.793260163143469,37.740334239685936,0.05299370130900684,200,129,36,12,0,200,200,1.0,11456,6667,4789,0.5819657821229051,0.41803421787709494,4589,210,0.01833100558659218,1723,True,lfu,40,52065
0.595,0.405,0.18292682926829268,0.9024390243902439,1.0,0.0,0.0,6.468746272869412,31.55485986765567,0.06338167903100207,200,119,41,15,0,200,200,1.0,11737,6826,4911,0.581579620005112,0.418420379994888,4711,210,0.01789213598023345,1763,True,lfu,41,52066
0.66,0.34,0.22058823529411764,0.8823529411764706,1.0,0.014705882352941176,0.014705882352941176,6.966752161484876,40.980895067558095,0.048803228838778336,200,132,34,15,1,200,200,1.0,12005,6992,5013,0.5824239900041649,0.4175760099958351,4813,210,0.01749271137026239,1797,True,lfu,42,52067
0.6,0.4,0.3,0.825,1.0,0.0125,0.0125,6.37788815030316,31.8894407515158,0.0627166846726509,200,120,40,24,1,200,200,1.0,12285,7152,5133,0.5821733821733822,0.4178266178266178,4933,210,0.017094017094017096,1837,True,lfu,43,52068
0.6,0.4,0.2875,0.825,1.0,0.0,0.0,6.422157364060089,32.11078682030045,0.06228436603539094,200,120,40,23,0,200,200,1.0,12565,7312,5253,0.5819339434938321,0.4180660565061679,5053,210,0.016713091922005572,1877,True,lfu,44,52069
0.595,0.405,0.18292682926829268,0.8780487804878049,1.0,0.0,0.0,6.418739981878159,31.310926740869068,0.06387546483539465,200,119,41,15,0,200,200,1.0,12846,7471,5375,0.581581815351082,0.418418184648918,5175,210,0.016347501167678656,1917,True,lfu,45,52070
0.67,0.33,0.2878787878787879,0.8181818181818182,1.0,0.0,0.0,7.0025741555969105,42.439843367254,0.0471255273657106,200,134,33,19,0,200,200,1.0,13112,7638,5474,0.5825198291641245,0.4174801708358755,5274,210,0.016015863331299573,1950,True,lfu,46,52071
0.565,0.435,0.23863636363636365,0.8636363636363636,1.0,0.0,0.0,6.1841052180533405,28.109569172969728,0.07115014775549132,200,113,44,21,0,200,200,1.0,13399,7794,5605,0.5816852003880887,0.4183147996119113,5405,210,0.01567281140383611,1993,True,lfu,47,52072
0.6,0.4,0.2,0.9,1.0,0.0,0.0,6.422203930553654,32.11101965276827,0.06228391442025047,200,120,40,16,0,200,200,1.0,13679,7954,5725,0.581475254039038,0.418524745960962,5525,210,0.015351999415161927,2033,True,lfu,48,52073
0.57,0.43,0.3953488372093023,0.7674418604651163,1.0,0.0,0.0,6.00992318151065,27.95313107679372,0.07154833548004111,200,114,43,34,0,200,200,1.0,13965,8111,5854,0.5808091657715718,0.4191908342284282,5654,210,0.015037593984962405,2076,True,lfu,49,52074
0.58,0.42,0.14285714285714285,0.9047619047619048,1.0,0.0,0.0,6.282073047571576,29.914633559864644,0.06685691121696793,200,116,42,12,0,200,200,1.0,14249,8269,5980,0.580321426064987,0.41967857393501296,5780,210,0.014737876342199453,2118,True,lfu,50,52075
0.655,0.345,0.2,0.8857142857142857,1.0,0.014285714285714285,0.014285714285714285,7.0195952239283175,40.111972708161815,0.049860424830042036,200,131,35,14,1,200,200,1.0,14518,8436,6082,0.5810717729714837,0.4189282270285163,5882,212,0.014602562336409974,2153,True,lfu,51,52076
0.595,0.405,0.17073170731707318,0.9024390243902439,1.0,0.0,0.0,6.351545327255357,30.983147937831006,0.06455122003784394,200,119,41,14,0,200,200,1.0,14799,8595,6204,0.580782485303061,0.419217514696939,6004,212,0.014325292249476316,2193,True,lfu,52,52077
0.605,0.395,0.2625,0.875,1.0,0.0,0.0,6.490974909187773,32.454874545938864,0.061624024987958666,200,121,40,21,0,200,200,1.0,15078,8755,6323,0.580647300703011,0.41935269929698904,6123,212,0.014060220188353893,2232,True,lfu,53,52078
0.615,0.385,0.2692307692307692,0.7692307692307693,1.0,0.0,0.0,6.471286314811354,33.18608366569925,0.06026622545001225,200,123,39,21,0,200,200,1.0,15355,8916,6439,0.5806577661999349,0.4193422338000651,6239,212,0.013806577661999348,2270,True,lfu,54,52079
0.585,0.415,0.21428571428571427,0.9047619047619048,1.0,0.011904761904761904,0.011904761904761904,6.388878745608265,30.423232121944118,0.0657392348052793,200,117,42,18,1,200,200,1.0,15638,9075,6563,0.5803171761094769,0.41968282389052314,6363,214,0.013684614400818518,2312,True,lfu,55,52080
0.625,0.375,0.21052631578947367,0.8947368421052632,1.0,0.013157894736842105,0.013157894736842105,6.710926150207485,35.32066394846045,0.0566240771384813,200,125,38,16,1,200,200,1.0,15913,9237,6676,0.5804687990950795,0.41953120090492046,6476,214,0.013448124175202664,2349,True,lfu,56,52081
0.66,0.34,0.2647058823529412,0.8235294117647058,1.0,0.0,0.0,6.960570337540255,40.94453139729562,0.048846571977914977,200,132,34,18,0,200,200,1.0,16181,9403,6778,0.5811136518138558,0.41888634818614423,6578,214,0.013225387800506767,2383,True,lfu,57,52082
0.59,0.41,0.3170731707317073,0.8048780487804879,1.0,0.0,0.0,6.318947024565797,30.82413182715023,0.0648842280851647,200,118,41,26,0,200,200,1.0,16463,9562,6901,0.5808175909615502,0.41918240903844983,6701,214,0.012998845896859625,2424,True,lfu,58,52083
0.595,0.405,0.2926829268292683,0.7560975609756098,1.0,0.0,0.0,6.340239029366334,30.927995265201627,0.0646663316794504,200,119,41,24,0,200,200,1.0,16744,9721,7023,0.5805661729574773,0.41943382704252274,6823,214,0.012780697563306258,2464,True,lfu,59,52084
0.655,0.345,0.22857142857142856,0.8857142857142857,1.0,0.014285714285714285,0.014285714285714285,6.899836213465421,39.42763550551669,0.0507258417695416,200,131,35,16,1,200,200,1.0,17013,9887,7126,0.5811438311879151,0.4188561688120849,6926,216,0.012696173514371363,2499,True,lfu,60,52085
0.655,0.345,0.2571428571428571,0.8285714285714286,1.0,0.0,0.0,6.923304374410856,39.561739282347745,0.05055389465377702,200,131,35,18,0,200,200,1.0,17282,10052,7230,0.5816456428654091,0.4183543571345909,7030,216,0.01249855340817035,2533,True,lfu,61,52086
0.58,0.42,0.16666666666666666,0.9285714285714286,1.0,0.0,0.0,6.241696499492125,29.722364283295832,0.06728939800808556,200,116,42,14,0,200,200,1.0,17566,10210,7356,0.5812364795627918,0.4187635204372082,7156,216,0.012296481839918024,2575,True,lfu,62,52087
0.6,0.4,0.275,0.8,1.0,0.0,0.0,6.403970684423355,32.019853422116775,0.06246124782752936,200,120,40,22,0,200,200,1.0,17846,10370,7476,0.5810825955396167,0.4189174044603833,7276,216,0.012103552616832904,2615,True,lfu,63,52088
0.62,0.38,0.17105263157894737,0.9473684210526315,1.0,0.0,0.0,6.624493351617088,34.8657544821952,0.05736287740514363,200,124,38,13,0,200,200,1.0,18122,10532,7590,0.581172056064452,0.418827943935548,7390,216,0.011919214214766582,2653,True,lfu,64,52089
0.545,0.455,0.30434782608695654,0.782608695652174,1.0,0.0,0.0,5.870561926564688,25.524182289411684,0.07835706457987762,200,109,46,28,0,200,200,1.0,18413,10686,7727,0.580350839081084,0.419649160918916,7527,216,0.011730842339651333,2698,True,lfu,65,52090
0.61,0.39,0.23076923076923078,0.8205128205128205,1.0,0.0,0.0,6.46886316410767,33.17365725183421,0.060288800382098905,200,122,39,18,0,200,200,1.0,18691,10847,7844,0.5803327804825852,0.4196672195174148,7644,216,0.011556364025466802,2737,True,lfu,66,52091
0.58,0.42,0.14285714285714285,0.9761904761904762,1.0,0.0,0.0,6.422940820819904,30.58543248009478,0.06539060715592675,200,116,42,12,0,200,200,1.0,18975,11005,7970,0.5799736495388669,0.4200263504611331,7770,216,0.011383399209486165,2779,True,lfu,67,52092
0.635,0.365,0.21621621621621623,0.918918918918919,1.0,0.0,0.0,6.737075437468861,36.41662398631817,0.05491997283305025,200,127,37,16,0,200,200,1.0,19248,11168,8080,0.5802161263507897,0.4197838736492103,7880,216,0.011221945137157107,2815,True,lfu,68,52093
0.645,0.355,0.20833333333333334,0.8888888888888888,1.0,0.0,0.0,6.7577381992231675,37.542989995684266,0.05327226201828648,200,129,36,15,0,200,200,1.0,19519,11332,8187,0.5805625288180747,0.4194374711819253,7987,216,0.011066140683436651,2850,True,lfu,69,52094
0.6,0.4,0.1875,0.875,1.0,0.0,0.0,6.430891407072992,32.154457035364956,0.06219977522246162,200,120,40,15,0,200,200,1.0,19799,11492,8307,0.5804333552199606,0.41956664478003936,8107,216,0.010909641901106116,2890,True,lfu,70,52095
0.605,0.395,0.3375,0.75,1.0,0.0,0.0,6.311480597272532,31.55740298636266,0.06337657128706972,200,121,40,27,0,200,200,1.0,20078,11652,8426,0.580336686921008,0.41966331307899196,8226,216,0.01075804362984361,2929,True,lfu,71,52096
0.61,0.39,0.24358974358974358,0.9487179487179487,1.0,0.0,0.0,6.533105184747502,33.50310351152565,0.05969596217592096,200,122,39,19,0,200,200,1.0,20356,11813,8543,0.5803202986834348,0.4196797013165652,8343,216,0.010611122027903321,2968,True,lfu,72,52097
0.64,0.36,0.2222222222222222,0.8333333333333334,1.0,0.0,0.0,6.723301996098386,37.35167775610214,0.05354511818878765,200,128,36,16,0,200,200,1.0,20628,11977,8651,0.5806185766918751,0.4193814233081249,8451,216,0.010471204188481676,3004,True,lfu,73,52098
0.5,0.5,0.16,0.96,1.0,0.0,0.0,5.5982171248735275,22.39286849949411,0.08931414928128494,200,100,50,16,0,200,200,1.0,20928,12127,8801,0.5794629204892966,0.4205370795107034,8601,216,0.010321100917431193,3054,True,lfu,74,52099
0.605,0.395,0.1875,0.85,1.0,0.0,0.0,6.481812325640161,32.4090616282008,0.06171113569853242,200,121,40,15,0,200,200,1.0,21207,12287,8920,0.5793841656056963,0.4206158343943037,8720,216,0.01018531616918942,3093,True,lfu,75,52100
0.635,0.365,0.2702702702702703,0.8648648648648649,1.0,0.0,0.0,6.756003316835424,36.51893684775905,0.05476610691975082,200,127,37,20,0,200,200,1.0,21480,12450,9030,0.5796089385474861,0.4203910614525139,8830,216,0.01005586592178771,3129,True,lfu,76,52101
0.645,0.355,0.16666666666666666,0.8888888888888888,1.0,0.0,0.0,6.850170865888569,38.05650481049205,0.05255343363662252,200,129,36,12,0,200,200,1.0,21751,12614,9137,0.5799273596616248,0.4200726403383752,8937,216,0.009930577904464163,3164,True,lfu,77,52102
0.645,0.355,0.16666666666666666,0.9166666666666666,1.0,0.0,0.0,6.840523518478311,38.00290843599062,0.05262755095096622,200,129,36,12,0,200,200,1.0,22022,12778,9244,0.5802379438743075,0.4197620561256925,9044,216,0.009808373444737081,3199,True,lfu,78,52103
0.655,0.345,0.21428571428571427,0.8571428571428571,1.0,0.0,0.0,6.958716039676469,39.76409165529411,0.05029663489707111,200,131,35,15,0,200,200,1.0,22291,12943,9348,0.5806379256202054,0.41936207437979456,9148,216,0.009690009420842492,3233,True,lfu,79,52104
0.665,0.335,0.3235294117647059,0.7647058823529411,1.0,0.0,0.0,6.986656958508101,41.097982108871186,0.04866418975758644,200,133,34,22,0,200,200,1.0,22558,13109,9449,0.5811242131394627,0.4188757868605373,9249,216,0.009575316960723468,3266,True,lfu,80,52105
0.615,0.385,0.2692307692307692,0.8205128205128205,1.0,0.0,0.0,6.508683277019351,33.377862959073596,0.059919953606745534,200,123,39,21,0,200,200,1.0,22835,13270,9565,0.581125465294504,0.41887453470549596,9365,216,0.009459163564703306,3304,True,lfu,81,52106
0.595,0.405,0.24390243902439024,0.8292682926829268,1.0,0.012195121951219513,0.012195121951219513,6.248837799410064,30.482135606878362,0.06561220072614254,200,119,41,20,1,200,200,1.0,23116,13429,9687,0.5809396089288804,0.4190603910711196,9487,216,0.009344177193286035,3344,True,lfu,82,52107
0.62,0.38,0.21052631578947367,0.9210526315789473,1.0,0.0,0.0,6.628928653402811,34.88909817580427,0.05732449689361728,200,124,38,16,0,200,200,1.0,23392,13591,9801,0.5810106019151847,0.4189893980848153,9601,216,0.009233926128590971,3382,True,lfu,83,52108
0.645,0.355,0.125,1.0,1.0,0.0,0.0,6.924787695560867,38.47104275311593,0.05198715337233774,200,129,36,9,0,200,200,1.0,23663,13755,9908,0.5812872416853315,0.4187127583146685,9708,216,0.009128174787643157,3417,True,lfu,84,52109
0.665,0.335,0.25,0.8529411764705882,1.0,0.029411764705882353,0.029411764705882353,6.936372202291174,40.8021894252422,0.04901697747529949,200,133,34,17,2,200,200,1.0,23930,13923,10007,0.581821980777267,0.418178019222733,9807,220,0.00919348098620978,3452,True,lfu,85,52110
0.64,0.36,0.20833333333333334,0.8888888888888888,1.0,0.0,0.0,6.772852795823044,37.62695997679469,0.05315337729206507,200,128,36,15,0,200,200,1.0,24202,14087,10115,0.5820593339393438,0.41794066606065616,9915,220,0.00909015783819519,3488,True,lfu,86,52111
0.59,0.41,0.2073170731707317,0.9512195121951219,1.0,0.0,0.0,6.3734328188086815,31.089916189310642,0.06432953977172963,200,118,41,17,0,200,200,1.0,24484,14246,10238,0.5818493710178075,0.41815062898219246,10038,220,0.008985459892174481,3529,True,lfu,87,52112
0.585,0.415,0.2619047619047619,0.8571428571428571,1.0,0.011904761904761904,0.011904761904761904,6.267106952396784,29.84336643998468,0.06701656812149596,200,117,42,22,1,200,200,1.0,24767,14405,10362,0.5816207049703234,0.41837929502967663,10162,222,0.0089635401946138,3571,True,lfu,88,52113
0.64,0.36,0.09722222222222222,0.9722222222222222,1.0,0.0,0.0,6.775842613644338,37.643570075801875,0.05312992354265687,200,128,36,7,0,200,200,1.0,25039,14569,10470,0.5818523103957826,0.41814768960421744,10270,222,0.008866168776708335,3607,True,lfu,89,52114
0.65,0.35,0.18571428571428572,0.8857142857142857,1.0,0.0,0.0,6.837264362227054,39.07008206986888,0.05119006395797704,200,130,35,13,0,200,200,1.0,25309,14734,10575,0.582164447429768,0.41783555257023197,10375,222,0.008771583231261607,3642,True,lfu,90,52115
0.59,0.41,0.3048780487804878,0.8048780487804879,1.0,0.0,0.0,6.233129494072151,30.405509727181226,0.06577755209320124,200,118,41,25,0,200,200,1.0,25591,14893,10698,0.5819624086592943,0.4180375913407057,10498,222,0.008674924778242351,3683,True,lfu,91,52116
0.645,0.355,0.20833333333333334,0.8611111111111112,1.0,0.0,0.0,6.837359151269761,37.98532861816534,0.05265190726936505,200,129,36,15,0,200,200,1.0,25862,15057,10805,0.5822055525481401,0.4177944474518599,10605,222,0.008584022890727709,3718,True,lfu,92,52117
0.6,0.4,0.225,0.875,1.0,0.0,0.0,6.40258964650148,32.0129482325074,0.06247472071219949,200,120,40,18,0,200,200,1.0,26142,15217,10925,0.5820901231734373,0.41790987682656267,10725,222,0.008492081707596971,3758,True,lfu,93,52118
0.655,0.345,0.05714285714285714,1.0,1.0,0.0,0.0,7.074830223050846,40.42760127457626,0.04947115181077394,200,131,35,4,0,200,200,1.0,26411,15382,11029,0.5824088447995154,0.4175911552004846,10829,222,0.008405588580515695,3792,True,lfu,94,52119
0.615,0.385,0.2948717948717949,0.8205128205128205,1.0,0.0,0.0,6.497049479002101,33.31820245642103,0.060027247947002114,200,123,39,23,0,200,200,1.0,26688,15543,11145,0.5823965827338129,0.4176034172661871,10945,222,0.008318345323741008,3830,True,lfu,95,52120
0.61,0.39,0.20512820512820512,0.8974358974358975,1.0,0.0,0.0,6.503284461193082,33.35017672406708,0.059969697208731854,200,122,39,16,0,200,200,1.0,26966,15704,11262,0.5823629755989023,0.41763702440109773,11062,222,0.008232589186382852,3869,True,lfu,96,52121
0.62,0.38,0.17105263157894737,0.8947368421052632,1.0,0.0,0.0,6.515123009909627,34.29012110478751,0.05832583658390068,200,124,38,13,0,200,200,1.0,27242,15866,11376,0.5824095147199178,0.41759048528008225,11176,222,0.008149181411056456,3907,True,lfu,97,52122
0.645,0.355,0.2638888888888889,0.8055555555555556,1.0,0.0,0.0,6.788136254923744,37.71186808290969,0.05303370269547486,200,129,36,19,0,200,200,1.0,27513,16030,11483,0.5826336640860684,0.4173663359139316,11283,222,0.008068912877548795,3942,True,lfu,98,52123
0.555,0.445,0.24444444444444444,0.8666666666666667,1.0,0.0,0.0,5.953274598281151,26.458998214582895,0.07558865168590165,200,111,45,22,0,200,200,1.0,27802,16185,11617,0.5821523631393425,0.4178476368606575,11417,222,0.007985037047694411,3986,True,lfu,99,52124
0.36,0.64,0.03125,1.0,1.0,1.0,0.96875,4.643454799337135,14.510796247928548,0.13782841174449714,200,72,64,4,124,200,128,0.64,328,200,128,0.6097560975609756,0.3902439024390244,0,128,0.3902439024390244,128,True,random,0,52025
0.565,0.435,0.03409090909090909,1.0,1.0,0.9090909090909091,0.875,6.386562779730287,29.02983081695585,0.06889464883935295,200,113,44,3,77,200,200,1.0,615,400,215,0.6504065040650406,0.34959349593495936,15,214,0.34796747967479674,214,True,random,1,52026
0.575,0.425,0.09302325581395349,1.0,1.0,0.8604651162790697,0.7790697674418605,6.273808172045671,29.180503125793816,0.06853891419823122,200,115,43,8,67,200,200,1.0,900,600,300,0.6666666666666666,0.33333333333333337,100,298,0.33111111111111113,298,True,random,2,52027
0.57,0.43,0.03488372093023256,1.0,1.0,0.872093023255814,0.8488372093023255,6.3454987679510415,29.513947757911822,0.0677645707177163,200,114,43,3,73,200,200,1.0,1186,800,386,0.6745362563237775,0.32546374367622255,186,384,0.32377740303541314,384,True,random,3,52028
0.605,0.395,0.15,1.0,1.0,0.8,0.6625,6.611726206902746,33.05863103451373,0.06049857291162385,200,121,40,12,53,200,200,1.0,1465,1000,465,0.6825938566552902,0.31740614334470985,265,462,0.315358361774744,462,True,random,4,52029
0.585,0.415,0.05952380952380952,1.0,1.0,0.8214285714285714,0.7738095238095238,6.507448984013768,30.98785230482747,0.0645414203064479,200,117,42,5,65,200,200,1.0,1748,1200,548,0.6864988558352403,0.3135011441647597,348,544,0.3112128146453089,544,True,random,5,52030
0.545,0.455,0.09782608695652174,1.0,1.0,0.7065217391304348,0.6304347826086957,6.153847968296001,26.755860731721743,0.07474997796011101,200,109,46,9,58,200,200,1.0,2039,1400,639,0.6866110838646395,0.31338891613536046,439,634,0.31093673369298674,634,True,random,6,52031
0.58,0.42,0.05952380952380952,1.0,1.0,0.7976190476190477,0.7738095238095238,6.372959697397571,30.347427130464624,0.06590344517187345,200,116,42,5,65,200,200,1.0,2323,1600,723,0.6887645286267757,0.31123547137322427,523,718,0.3090830822212656,718,True,random,7,52032
0.54,0.46,0.09782608695652174,0.9782608695652174,1.0,0.7717391304347826,0.7065217391304348,6.072654965862752,26.40284767766414,0.07574940492846641,200,108,46,9,65,200,200,1.0,2615,1800,815,0.6883365200764818,0.31166347992351817,615,810,0.30975143403441685,810,True,random,8,52033
0.535,0.465,0.0425531914893617,1.0,1.0,0.776595744680851,0.7340425531914894,6.134427817392032,26.103948159115028,0.07661676263717357,200,107,47,4,69,200,200,1.0,2908,2000,908,0.687757909215956,0.31224209078404397,708,902,0.31017881705639616,902,True,random,9,52034
0.59,0.41,0.06097560975609756,1.0,1.0,0.7804878048780488,0.7317073170731707,6.519535004391787,31.802609777520914,0.06288792064523155,200,118,41,5,60,200,200,1.0,3190,2200,990,0.6896551724137931,0.31034482758620685,790,984,0.3084639498432602,984,True,random,10,52035
0.565,0.435,0.06818181818181818,1.0,1.0,0.7727272727272727,0.7272727272727273,6.252983507097147,28.42265230498703,0.07036640981070864,200,113,44,6,64,200,200,1.0,3477,2400,1077,0.6902502157031924,0.30974978429680755,877,1070,0.3077365545010066,1070,True,random,11,52036
0.5,0.5,0.08,1.0,1.0,0.71,0.64,5.608213508161469,22.432854032645874,0.08915495090769364,200,100,50,8,64,200,200,1.0,3777,2600,1177,0.6883770187979878,0.31162298120201215,977,1170,0.30976965845909454,1170,True,random,12,52037
0.535,0.465,0.0425531914893617,1.0,1.0,0.8085106382978723,0.776595744680851,5.87175207366983,24.986179036892896,0.08004425154590207,200,107,47,4,73,200,200,1.0,4070,2799,1271,0.6877149877149877,0.31228501228501226,1071,1262,0.3100737100737101,1261,True,random,13,52038
0.555,0.445,0.06666666666666667,0.9777777777777777,1.0,0.7,0.6666666666666666,6.123389759012249,27.215065595609996,0.07348870767824332,200,111,45,6,60,200,200,1.0,4359,2999,1360,0.6880018352833218,0.3119981647166782,1160,1350,0.3097040605643496,1349,True,random,14,52039
0.505,0.495,0.04,1.0,1.0,0.85,0.82,5.785067353235486,23.140269412941944,0.08642941723407228,200,101,50,4,82,200,200,1.0,4658,3198,1460,0.686560755689137,0.313439244310863,1260,1448,0.31086303134392446,1446,True,random,15,52040
0.57,0.43,0.08139534883720931,1.0,1.0,0.8255813953488372,0.7558139534883721,6.367452571431264,29.61605847177332,0.0675309309611937,200,114,43,7,65,200,200,1.0,4944,3398,1546,0.6872977346278317,0.3127022653721683,1346,1534,0.31027508090614886,1532,True,random,16,52041
0.575,0.425,0.046511627906976744,1.0,1.0,0.7906976744186046,0.7558139534883721,6.650011703959661,30.930286995161214,0.06466154033141959,200,115,43,4,65,200,200,1.0,5229,3598,1631,0.6880856760374833,0.3119143239625167,1431,1618,0.30942818894626123,1616,True,random,17,52042
0.58,0.42,0.047619047619047616,1.0,1.0,0.8333333333333334,0.7857142857142857,6.479923288236972,30.8567775630332,0.06481558211690985,200,116,42,4,66,200,200,1.0,5513,3798,1715,0.6889171050244876,0.31108289497551245,1515,1702,0.3087248322147651,1700,True,random,18,52043
0.475,0.525,0.08490566037735849,0.9811320754716981,1.0,0.7735849056603774,0.7169811320754716,5.430962137937753,20.494196746934918,0.09758860152931426,200,95,53,9,76,200,200,1.0,5818,3998,1820,0.6871777243038845,0.31282227569611554,1620,1806,0.31041595049845305,1804,True,random,19,52044
0.55,0.45,0.07777777777777778,1.0,1.0,0.7555555555555555,0.7,6.231682938613808,27.696368616061367,0.07221163278568521,200,110,45,7,63,200,200,1.0,6108,4198,1910,0.6872953503601834,0.3127046496398166,1710,1896,0.3104125736738703,1894,True,random,20,52045
0.555,0.445,0.07777777777777778,0.9777777777777777,1.0,0.7666666666666667,0.7222222222222222,6.223203166925948,27.658680741893104,0.07231002876325582,200,111,45,7,65,200,200,1.0,6397,4398,1999,0.6875097702047835,0.31249022979521646,1799,1984,0.3101453806471784,1982,True,random,21,52046
0.575,0.425,0.06976744186046512,1.0,1.0,0.8372093023255814,0.7674418604651163,6.410871525741992,29.818007096474382,0.06707356375391284,200,115,43,6,66,200,200,1.0,6682,4598,2084,0.6881173301406764,0.31188266985932356,1884,2068,0.30948817719245736,2066,True,random,22,52047
0.555,0.445,0.07777777777777778,1.0,1.0,0.7222222222222222,0.6555555555555556,6.249177372960559,27.774121657602482,0.0720094779109801,200,111,45,7,59,200,200,1.0,6971,4798,2173,0.688280017214173,0.311719982785827,1973,2156,0.30928130827714817,2154,True,random,23,52048
0.635,0.365,0.08108108108108109,1.0,1.0,0.8918918918918919,0.8108108108108109,6.910469423704881,37.35388877678314,0.05354194879016388,200,127,37,6,60,200,200,1.0,7244,4998,2246,0.6899503036996135,0.3100496963003865,2046,2228,0.3075648812810602,2226,True,random,24,52049
0.58,0.42,0.19047619047619047,0.9761904761904762,1.0,0.8571428571428571,0.6904761904761905,6.341331957854842,30.19681884692782,0.06623214220472357,200,116,42,16,58,200,200,1.0,7528,5198,2330,0.6904888416578109,0.3095111583421891,2130,2312,0.3071200850159405,2310,True,random,25,52050
0.625,0.375,0.09210526315789473,1.0,1.0,0.7763157894736842,0.7105263157894737,6.878882080482022,36.204642528852744,0.0552415342426356,200,125,38,7,54,200,200,1.0,7803,5398,2405,0.6917852108163527,0.3082147891836473,2205,2386,0.3057798282711778,2384,True,random,26,52051
0.58,0.42,0.05952380952380952,1.0,1.0,0.7142857142857143,0.6904761904761905,6.395937776644404,30.45684655544954,0.06566668011275602,200,116,42,5,58,200,200,1.0,8087,5598,2489,0.6922220848275009,0.3077779151724991,2289,2470,0.30542846543835783,2468,True,random,27,52052
0.57,0.43,0.08139534883720931,0.9767441860465116,1.0,0.8023255813953488,0.7441860465116279,6.197387656023921,28.825058865227543,0.06938407339777039,200,114,43,7,64,200,200,1.0,8373,5798,2575,0.6924638719694255,0.3075361280305745,2375,2556,0.30526692941597994,2554,True,random,28,52053
0.56,0.44,0.056818181818181816,0.9772727272727273,1.0,0.8068181818181818,0.7727272727272727,6.346724032021151,28.84874560009614,0.06932710446839445,200,112,44,5,68,200,200,1.0,8661,5998,2663,0.6925297309779471,0.3074702690220529,2463,2644,0.30527652695993535,2642,True,random,29,52054
0.6,0.4,0.0375,1.0,1.0,0.7875,0.775,6.6580533977452,33.290266988726,0.060077619704201085,200,120,40,3,62,200,200,1.0,8941,6198,2743,0.6932110502180964,0.30678894978190363,2543,2724,0.3046639078402863,2722,True,random,30,52055
0.47,0.53,0.05660377358490566,1.0,1.0,0.7358490566037735,0.6886792452830188,5.608186981053225,21.162969739823488,0.09450469497371597,200,94,53,6,73,200,200,1.0,9247,6398,2849,0.691900075700227,0.30809992429977295,2649,2830,0.30604520384989725,2828,True,random,31,52056
0.56,0.44,0.06818181818181818,1.0,1.0,0.75,0.6931818181818182,6.189166709715081,28.132575953250367,0.07109196126666549,200,112,44,6,61,200,200,1.0,9535,6598,2937,0.691976927110645,0.30802307288935504,2737,2918,0.3060304142632407,2916,True,random,32,52057
0.64,0.36,0.08333333333333333,1.0,1.0,0.7916666666666666,0.7083333333333334,6.921991874950818,38.45551041639343,0.05200815119456607,200,128,36,6,51,200,200,1.0,9807,6798,3009,0.6931783420006118,0.3068216579993882,2809,2990,0.30488426634036914,2988,True,random,33,52058
0.54,0.46,0.09782608695652174,1.0,1.0,0.7391304347826086,0.6847826086956522,6.124376767098171,26.627725074339875,0.07510968340015363,200,108,46,9,63,200,200,1.0,10099,6998,3101,0.6929398950391128,0.3070601049608872,2901,3082,0.3051787305673829,3080,True,random,34,52059
0.565,0.435,0.045454545454545456,1.0,1.0,0.8181818181818182,0.7840909090909091,6.462359285275047,29.37436038761385,0.06808658890299892,200,113,44,4,69,200,200,1.0,10386,7198,3188,0.693048334296168,0.30695166570383203,2988,3168,0.3050259965337955,3166,True,random,35,52060
0.545,0.455,0.07608695652173914,1.0,1.0,0.6956521739130435,0.6413043478260869,6.211798321819877,27.007818790521206,0.07405262955562815,200,109,46,7,59,200,200,1.0,10677,7398,3279,0.6928912615903343,0.3071087384096657,3079,3258,0.3051418937903906,3256,True,random,36,52061
0.57,0.43,0.046511627906976744,1.0,1.0,0.7325581395348837,0.686046511627907,6.271727809213262,29.17082701959657,0.06856164889176529,200,114,43,4,59,200,200,1.0,10963,7598,3365,0.6930584693970628,0.30694153060293716,3165,3344,0.3050259965337955,3342,True,random,37,52062
0.545,0.455,0.06521739130434782,1.0,1.0,0.782608695652174,0.7282608695652174,5.962751095982777,25.92500476514251,0.07714559816355761,200,109,46,6,67,200,200,1.0,11254,7798,3456,0.692909187844322,0.307090812155678,3256,3434,0.30513595166163143,3432,True,random,38,52063
0.535,0.465,0.0425531914893617,1.0,1.0,0.7659574468085106,0.723404255319149,6.2024948719401936,26.393595199745505,0.07577595946532076,200,107,47,4,68,200,200,1.0,11547,7998,3549,0.6926474408937386,0.30735255910626136,3349,3526,0.3053606997488525,3524,True,random,39,52064
0.57,0.43,0.05813953488372093,1.0,1.0,0.8372093023255814,0.8023255813953488,6.2680309077647545,29.15363212913839,0.06860208673625423,200,114,43,5,69,200,200,1.0,11833,8198,3635,0.6928082481196653,0.30719175188033465,3435,3612,0.30524803515591986,3610,True,random,40,52065
0.535,0.465,0.05319148936170213,1.0,1.0,0.7553191489361702,0.7127659574468085,6.030277893186653,25.66075699228363,0.0779400233828415,200,107,47,5,67,200,200,1.0,12126,8398,3728,0.6925614382318984,0.3074385617681016,3528,3704,0.3054593435592941,3702,True,random,41,52066
0.565,0.435,0.07954545454545454,0.9772727272727273,1.0,0.7386363636363636,0.6931818181818182,6.305743461942772,28.662470281558054,0.06977765629945845,200,113,44,7,61,200,200,1.0,12413,8597,3816,0.6925803593007331,0.30741964069926686,3616,3790,0.30532506243454444,3787,True,random,42,52067
0.615,0.385,0.0641025641025641,1.0,1.0,0.7435897435897436,0.6923076923076923,6.69042003465585,34.309846331568465,0.05829230421704925,200,123,39,5,54,200,200,1.0,12690,8797,3893,0.6932230102442868,0.3067769897557132,3693,3866,0.30464933018124507,3863,True,random,43,52068
0.485,0.515,0.0673076923076923,1.0,1.0,0.6923076923076923,0.6442307692307693,5.598651526572192,21.53327510220074,0.09287950813369752,200,97,52,7,67,200,200,1.0,12993,8996,3997,0.6923728161317633,0.30762718386823673,3797,3968,0.305395212806896,3964,True,random,44,52069
0.51,0.49,0.061224489795918366,1.0,1.0,0.8571428571428571,0.8163265306122449,5.813856794787702,23.730027733827352,0.08428140170898255,200,102,49,6,80,200,200,1.0,13291,9196,4095,0.6918967722518998,0.3081032277481002,3895,4066,0.3059213001279061,4062,True,random,45,52070
0.61,0.39,0.08974358974358974,1.0,1.0,0.8589743589743589,0.7948717948717948,6.651717628794956,34.111372455358755,0.05863147261569092,200,122,39,7,62,200,200,1.0,13569,9396,4173,0.6924607561353084,0.30753924386469156,3973,4144,0.3054020193087184,4140,True,random,46,52071
0.505,0.495,0.07,1.0,1.0,0.75,0.7,5.897137455092593,23.58854982037037,0.08478689937407086,200,101,50,7,70,200,200,1.0,13868,9595,4273,0.691880588404961,0.308119411595039,4073,4242,0.3058840496106144,4238,True,random,47,52072
0.52,0.48,0.0625,1.0,1.0,0.7708333333333334,0.7291666666666666,5.952216521913084,24.80090217463785,0.08064222768659038,200,104,48,6,70,200,200,1.0,14164,9795,4369,0.6915419373058458,0.3084580626941542,4169,4338,0.3062694154193731,4334,True,random,48,52073
0.445,0.555,0.08928571428571429,1.0,1.0,0.8125,0.7232142857142857,5.141246730369651,18.361595465605895,0.10892299657436136,200,89,56,10,81,200,200,1.0,14475,9995,4480,0.6905008635578583,0.30949913644214166,4280,4448,0.30728842832469777,4444,True,random,49,52074
0.505,0.495,0.06,1.0,1.0,0.71,0.66,5.699091349838507,22.796365399354027,0.08773328401099735,200,101,50,6,66,200,200,1.0,14774,10194,4580,0.6899959388114255,0.3100040611885745,4380,4546,0.30770272099634494,4542,True,random,50,52075
0.615,0.385,0.08974358974358974,0.9743589743589743,1.0,0.782051282051282,0.7307692307692307,6.8239871324108385,34.994805807235075,0.0571513387162876,200,123,39,7,57,200,200,1.0,15051,10394,4657,0.6905853431665671,0.30941465683343294,4457,4622,0.30708922995149823,4618,True,random,51,52076
0.585,0.415,0.07142857142857142,1.0,1.0,0.75,0.6904761904761905,6.402223488547666,30.486778516893644,0.06560220847511782,200,117,42,6,58,200,200,1.0,15334,10594,4740,0.6908830050867354,0.3091169949132646,4540,4704,0.30676927090126516,4700,True,random,52,52077
0.595,0.405,0.07317073170731707,1.0,1.0,0.7439024390243902,0.7195121951219512,6.555464344385996,31.977874850663394,0.06254324308103636,200,119,41,6,59,200,200,1.0,15615,10794,4821,0.6912584053794428,0.30874159462055717,4621,4784,0.3063720781300032,4780,True,random,53,52078
0.555,0.445,0.1,1.0,1.0,0.8444444444444444,0.7666666666666667,6.186966027143707,27.497626787305364,0.07273354953393017,200,111,45,9,69,200,200,1.0,15904,10994,4910,0.6912726358148893,0.3087273641851107,4710,4872,0.30633802816901406,4868,True,random,54,52079
0.525,0.475,0.09375,1.0,1.0,0.7291666666666666,0.6666666666666666,6.015493774944568,25.064557395602368,0.07979394842020647,200,105,48,9,64,200,200,1.0,16199,11194,5005,0.6910303105129947,0.3089696894870053,4805,4966,0.3065621334650287,4962,True,random,55,52080
0.555,0.445,0.13333333333333333,0.9111111111111111,1.0,0.7333333333333333,0.6888888888888889,6.291909467648099,27.964042078435998,0.07152041877172922,200,111,45,12,62,200,200,1.0,16488,11394,5094,0.6910480349344978,0.30895196506550215,4894,5054,0.30652595827268314,5050,True,random,56,52081
0.6,0.4,0.0875,1.0,1.0,0.825,0.7875,6.589273533859374,32.94636766929687,0.060704719259957296,200,120,40,7,63,200,200,1.0,16768,11594,5174,0.6914360687022901,0.30856393129770987,4974,5134,0.3061784351145038,5130,True,random,57,52082
0.535,0.465,0.13829787234042554,1.0,1.0,0.7659574468085106,0.6808510638297872,6.089052055420015,25.910859810297936,0.0771877125901135,200,107,47,13,64,200,200,1.0,17061,11794,5267,0.6912842154621651,0.3087157845378349,5067,5226,0.30631264286970283,5222,True,random,58,52083
0.545,0.455,0.09782608695652174,1.0,1.0,0.8043478260869565,0.717391304347826,6.291023031813013,27.352274051360926,0.07312006293313988,200,109,46,9,66,200,200,1.0,17352,11993,5359,0.691159520516367,0.308840479483633,5159,5316,0.3063623789764869,5312,True,random,59,52084
0.585,0.415,0.05952380952380952,1.0,1.0,0.8571428571428571,0.7976190476190477,6.390190266432525,30.429477459202502,0.06572574250351311,200,117,42,5,67,200,200,1.0,17635,12192,5443,0.691352424156507,0.308647575843493,5243,5398,0.3060958321519705,5394,True,random,60,52085
0.59,0.41,0.07317073170731707,1.0,1.0,0.7926829268292683,0.7317073170731707,6.675820722735839,32.564979135296774,0.06141566962750561,200,118,41,6,60,200,200,1.0,17917,12392,5525,0.6916336440252274,0.3083663559747726,5325,5480,0.30585477479488754,5476,True,random,61,52086
0.495,0.505,0.058823529411764705,1.0,1.0,0.8235294117647058,0.7941176470588235,5.633751925477517,22.093144805794182,0.09052581774032807,200,99,51,6,81,200,200,1.0,18218,12592,5626,0.6911845427599078,0.3088154572400922,5426,5580,0.30629048194093755,5576,True,random,62,52087
0.53,0.47,0.0851063829787234,1.0,1.0,0.7872340425531915,0.7340425531914894,6.001940039420997,25.54017038051488,0.07830801322789299,200,106,47,8,69,200,200,1.0,18512,12791,5721,0.690957216940363,0.30904278305963695,5521,5674,0.3065038893690579,5669,True,random,63,52088
0.555,0.445,0.05555555555555555,0.9777777777777777,1.0,0.7111111111111111,0.6777777777777778,6.187294527677345,27.49908678967709,0.07272968790915565,200,111,45,5,61,200,200,1.0,18801,12991,5810,0.6909738843678528,0.3090261156321472,5610,5762,0.30647305994362,5757,True,random,64,52089
0.49,0.51,0.10784313725490197,1.0,1.0,0.7941176470588235,0.7058823529411765,5.703851625570929,22.368045590474228,0.0894132655403622,200,98,51,11,72,200,200,1.0,19103,13191,5912,0.6905198136418363,0.30948018635816366,5712,5864,0.30696749201696066,5859,True,random,65,52090
0.48,0.52,0.09615384615384616,1.0,1.0,0.7788461538461539,0.7115384615384616,5.545278939822384,21.327995922393786,0.09377346128897451,200,96,52,10,74,200,200,1.0,19407,13391,6016,0.6900087597258721,0.30999124027412794,5816,5968,0.3075179059102386,5963,True,random,66,52091
0.52,0.48,0.052083333333333336,1.0,1.0,0.7395833333333334,0.6979166666666666,5.911517587950315,24.63132328312631,0.08119742398777657,200,104,48,5,67,200,200,1.0,19703,13591,6112,0.6897934324722124,0.31020656752778764,5912,6064,0.30777039029589404,6059,True,random,67,52092
0.57,0.43,0.03488372093023256,0.9767441860465116,1.0,0.8023255813953488,0.7906976744186046,6.316097464243328,29.3771975081085,0.06808001339977965,200,114,43,3,68,200,200,1.0,19989,13791,6198,0.689929461203662,0.31007053879633795,5998,6150,0.30766921806993847,6145,True,random,68,52093
0.595,0.405,0.07317073170731707,1.0,1.0,0.7195121951219512,0.6707317073170732,6.496001506329424,31.687812225997195,0.06311574891115922,200,119,41,6,55,200,200,1.0,20270,13990,6280,0.6901825357671436,0.3098174642328564,6080,6230,0.30735076467686234,6224,True,random,69,52094
0.565,0.435,0.06818181818181818,1.0,1.0,0.7159090909090909,0.6704545454545454,6.3303096542366895,28.774134791984952,0.06950686838921395,200,113,44,6,59,200,200,1.0,20557,14190,6367,0.6902758184560004,0.3097241815439996,6167,6316,0.30724327479690616,6310,True,random,70,52095
0.605,0.395,0.1125,0.975,1.0,0.775,0.6875,6.63234736641382,33.1617368320691,0.06031047197943798,200,121,40,9,55,200,200,1.0,20836,14390,6446,0.6906315991553081,0.30936840084469186,6246,6394,0.3068727202918026,6388,True,random,71,52096
0.505,0.495,0.04,1.0,1.0,0.79,0.76,5.708164985452907,22.832659941811627,0.08759382415789234,200,101,50,4,76,200,200,1.0,21135,14590,6545,0.69032410693163,0.30967589306836996,6345,6492,0.30716820440028386,6486,True,random,72,52097
0.6,0.4,0.1,1.0,1.0,0.75,0.675,6.555007561220954,32.77503780610477,0.06102205012948832,200,120,40,8,54,200,200,1.0,21415,14790,6625,0.6906374036890031,0.30936259631099694,6425,6572,0.306887695540509,6566,True,random,73,52098
0.52,0.48,0.020833333333333332,1.0,1.0,0.75,0.7395833333333334,5.958032847475815,24.825136864482563,0.0805635034730225,200,104,48,2,71,200,200,1.0,21711,14990,6721,0.6904334208465754,0.30956657915342456,6521,6668,0.30712542029386025,6662,True,random,74,52099
0.51,0.49,0.05102040816326531,1.0,1.0,0.7959183673469388,0.7448979591836735,5.882839900773142,24.011591431727112,0.08329310473596307,200,102,49,5,73,200,200,1.0,22009,15190,6819,0.690172202280885,0.30982779771911495,6619,6766,0.30741969194420465,6760,True,random,75,52100
0.565,0.435,0.09090909090909091,1.0,1.0,0.8181818181818182,0.7386363636363636,6.308067387948313,28.67303358158324,0.06975194983500473,200,113,44,8,65,200,200,1.0,22296,15390,6906,0.6902583423035522,0.3097416576964478,6706,6852,0.30731969860064584,6846,True,random,76,52101
0.59,0.41,0.04878048780487805,1.0,1.0,0.8170731707317073,0.7804878048780488,6.509660840068087,31.75444312228335,0.06298331204544162,200,118,41,4,64,200,200,1.0,22578,15590,6988,0.6904951722916113,0.3095048277083887,6788,6934,0.30711311896536453,6928,True,random,77,52102
0.59,0.41,0.07317073170731707,1.0,1.0,0.9146341463414634,0.8536585365853658,6.5417421165311085,31.910937153810288,0.06267443636518812,200,118,41,6,70,200,200,1.0,22860,15790,7070,0.6907261592300963,0.3092738407699037,6870,7016,0.3069116360454943,7010,True,random,78,52103
0.58,0.42,0.07142857142857142,1.0,1.0,0.7857142857142857,0.7261904761904762,6.620029406889629,31.523949556617282,0.0634438269357075,200,116,42,6,61,200,200,1.0,23144,15990,7154,0.6908918078119599,0.3091081921880401,6954,7100,0.3067749740753543,7094,True,random,79,52104
0.555,0.445,0.14444444444444443,1.0,1.0,0.7444444444444445,0.6666666666666666,6.234177074337696,27.707453663723093,0.07218274274761548,200,111,45,13,60,200,200,1.0,23433,16190,7243,0.6909059872828917,0.30909401271710835,7043,7188,0.30674689540391753,7182,True,random,80,52105
0.6,0.4,0.1,0.975,1.0,0.775,0.7,6.551431488650121,32.757157443250605,0.0610553587705177,200,120,40,8,56,200,200,1.0,23713,16390,7323,0.691182052038966,0.308817947961034,7123,7268,0.3064985451018429,7262,True,random,81,52106
0.57,0.43,0.05813953488372093,1.0,1.0,0.8255813953488372,0.7790697674418605,6.133218232815661,28.52659643170075,0.07011001136390249,200,114,43,5,67,200,200,1.0,23999,16590,7409,0.6912788032834701,0.30872119671652987,7209,7354,0.30642943455977334,7348,True,random,82,52107
0.585,0.415,0.07142857142857142,1.0,1.0,0.7857142857142857,0.7261904761904762,6.4381753929886365,30.65797806185065,0.06523587419774125,200,117,42,6,61,200,200,1.0,24282,16790,7492,0.6914586936825632,0.3085413063174368,7292,7436,0.3062350712461906,7430,True,random,83,52108
0.52,0.48,0.010416666666666666,1.0,1.0,0.75,0.75,5.961360150226537,24.839000625943907,0.08051853736462468,200,104,48,1,72,200,200,1.0,24578,16990,7588,0.6912686142078281,0.30873138579217185,7388,7532,0.3064529253804215,7526,True,random,84,52109
0.58,0.42,0.07142857142857142,1.0,1.0,0.8690476190476191,0.8095238095238095,6.476280169252156,30.839429377391223,0.06485204299746951,200,116,42,6,68,200,200,1.0,24862,17190,7672,0.6914166197409701,0.30858338025902987,7472,7616,0.3063309468264822,7610,True,random,85,52110
0.56,0.44,0.03409090909090909,1.0,1.0,0.8068181818181818,0.7727272727272727,6.311814669956357,28.690066681619804,0.0697105385705253,200,112,44,3,68,200,200,1.0,25150,17390,7760,0.6914512922465209,0.3085487077534791,7560,7704,0.3063220675944334,7698,True,random,86,52111
0.52,0.48,0.041666666666666664,1.0,1.0,0.78125,0.75,5.8964745397929255,24.568643915803857,0.08140457433686414,200,104,48,4,72,200,200,1.0,25446,17590,7856,0.6912677827556394,0.3087322172443606,7656,7800,0.3065314784248998,7794,True,random,87,52112
0.57,0.43,0.08139534883720931,1.0,1.0,0.7790697674418605,0.7209302325581395,6.284256737955146,29.229101106768123,0.06842495746599923,200,114,43,7,62,200,200,1.0,25732,17788,7944,0.6912793408984922,0.3087206591015078,7744,7886,0.3064666563034354,7878,True,random,88,52113
0.56,0.44,0.011363636363636364,1.0,1.0,0.8409090909090909,0.8409090909090909,6.084553251360675,27.657060233457614,0.07231426562034013,200,112,44,1,74,200,200,1.0,26020,17988,8032,0.6913143735588009,0.3086856264411991,7832,7974,0.306456571867794,7966,True,random,89,52114
0.605,0.395,0.0625,1.0,1.0,0.825,0.775,6.7206971432787785,33.60348571639389,0.05951763507153886,200,121,40,5,62,200,200,1.0,26299,18188,8111,0.691585231377619,0.30841476862238104,7911,8052,0.30617133731320584,8044,True,random,90,52115
0.56,0.44,0.09090909090909091,1.0,1.0,0.875,0.7954545454545454,6.170560091228682,28.048000414675826,0.07130633094805292,200,112,44,8,70,200,200,1.0,26587,18388,8199,0.6916162034076805,0.3083837965923195,7999,8140,0.30616466694249067,8132,True,random,91,52116
0.605,0.395,0.075,1.0,1.0,0.7375,0.675,6.690723754089959,33.45361877044979,0.059784264707608774,200,121,40,6,54,200,200,1.0,26866,18588,8278,0.6918782103774287,0.3081217896225713,8078,8218,0.3058884835852006,8210,True,random,92,52117
0.53,0.47,0.0851063829787234,1.0,1.0,0.8191489361702128,0.7340425531914894,5.98427103302493,25.464983119255024,0.07853922347538199,200,106,47,8,69,200,200,1.0,27160,18788,8372,0.6917525773195876,0.3082474226804124,8172,8312,0.30603829160530194,8304,True,random,93,52118
0.56,0.44,0.03409090909090909,1.0,1.0,0.8068181818181818,0.7727272727272727,6.300595359200322,28.639069814546918,0.06983467036293618,200,112,44,3,68,200,200,1.0,27448,18988,8460,0.6917808219178082,0.3082191780821918,8260,8400,0.3060332264645876,8392,True,random,94,52119
0.54,0.46,0.06521739130434782,1.0,1.0,0.7934782608695652,0.7282608695652174,6.153362447685414,26.75374977254528,0.0747558759801365,200,108,46,6,67,200,200,1.0,27740,19188,8552,0.6917087238644557,0.3082912761355443,8352,8492,0.30612833453496757,8484,True,random,95,52120
0.5,0.5,0.07,1.0,1.0,0.78,0.73,5.825206330842908,23.300825323371633,0.08583386949791527,200,100,50,7,73,200,200,1.0,28040,19388,8652,0.6914407988587732,0.3085592011412268,8452,8592,0.3064194008559201,8584,True,random,96,52121
0.56,0.44,0.045454545454545456,1.0,1.0,0.8409090909090909,0.8068181818181818,6.269447170084024,28.497487136745562,0.07018162655545641,200,112,44,4,71,200,200,1.0,28328,19588,8740,0.6914713357808528,0.30852866421914715,8540,8680,0.30641061846935896,8672,True,random,97,52122
0.6,0.4,0.0625,1.0,1.0,0.8875,0.8375,6.7180851210221695,33.590425605110845,0.059540775800580995,200,120,40,5,67,200,200,1.0,28608,19788,8820,0.6916946308724832,0.3083053691275168,8620,8760,0.3062080536912752,8752,True,random,98,52123
0.525,0.475,0.08333333333333333,1.0,1.0,0.6666666666666666,0.625,5.999081141377884,24.99617142240785,0.08001225332480708,200,105,48,8,60,200,200,1.0,28903,19987,8916,0.6915199114278795,0.3084800885721205,8716,8854,0.3063349825277653,8845,True,random,99,52124
