hit_rate,miss_rate,outage_probability,noma_success_rate,sic_success_rate,cic_opportunity_rate,cic_benefit_rate,avg_throughput,spectral_efficiency,energy_per_bit,total_requests,cache_hits,noma_transmissions,outages,cic_events,cache_capacity,cache_current_size,cache_utilization,cache_total_requests,cache_total_hits,cache_total_misses,cache_hit_rate,cache_miss_rate,cache_evictions,cache_cic_opportunities,cache_cic_rate,cache_noma_paired_hits,cache_noma_awareness_enabled,capacity,current_size,utilization,total_hits,total_misses,evictions,cic_opportunities,cic_rate,noma_paired_hits,noma_awareness_enabled,training_step,epsilon,eval_mode,avg_episode_reward,avg_loss,replay_buffer_size,use_neural_network,cic_count,sic_count,warm_up_steps,beta,episode
0.3233333333333333,0.6766666666666667,0.165,0.92,1.0,0.485,0.455,1.3370883583111615,2.674176716622323,0.7478937302715519,600,0,100,33,91,200,103,0.515,600,194,406,0.3233333333333333,0.6766666666666667,0,148,0.24666666666666667,97,True,200,103,0.515,194,406,0,148,0.24666666666666667,97,True,200,0.9990099999999993,False,0,0.0,199,True,169,97,1000,0.4,0
0.3118811881188119,0.6881188118811881,0.16037735849056603,0.9245283018867925,1.0,0.12264150943396226,0.12264150943396226,5.1710444113178236,19.51337513704839,0.10249380160804523,1010,95,53,17,13,200,195,0.975,1010,315,695,0.3118811881188119,0.6881188118811881,0,206,0.20396039603960395,110,True,200,195,0.975,315,695,0,206,0.20396039603960395,110,True,305,0.9984902499999989,False,0,0.0,304,True,234,110,1000,0.4,1
0.3225108225108225,0.6774891774891775,0.20454545454545456,0.9090909090909091,1.0,0.11363636363636363,0.11363636363636363,6.1477873150052975,27.944487795478622,0.07157046551139853,1386,112,44,18,10,200,200,1.0,1386,447,939,0.3225108225108225,0.6774891774891775,0,253,0.18253968253968253,120,True,200,200,1.0,447,939,0,253,0.18253968253968253,120,True,393,0.9980546499999986,False,0,0.0,392,True,287,120,1000,0.4,2
0.3340857787810384,0.6659142212189616,0.1595744680851064,0.9148936170212766,1.0,0.20212765957446807,0.20212765957446807,5.857545636196904,24.925726111476187,0.08023838467354294,1772,107,47,15,19,200,200,1.0,1772,592,1180,0.3340857787810384,0.6659142212189616,0,305,0.1721218961625282,139,True,200,200,1.0,592,1180,0,305,0.1721218961625282,139,True,486,0.9975942999999983,False,0,0.0,485,True,350,139,1000,0.4,3
0.34076433121019106,0.6592356687898089,0.17543859649122806,0.8771929824561403,1.0,0.2982456140350877,0.2982456140350877,4.951672237307384,17.374288551955733,0.11511262714552248,2198,87,57,20,34,200,200,1.0,2198,749,1449,0.34076433121019106,0.6592356687898089,0,379,0.1724294813466788,173,True,200,200,1.0,749,1449,0,379,0.1724294813466788,173,True,599,0.9970349499999979,False,0,0.0,598,True,433,173,1000,0.4,4
0.34150076569678406,0.6584992343032159,0.14814814814814814,0.9259259259259259,1.0,0.21296296296296297,0.21296296296296297,5.206880198507514,19.284741475953755,0.10370893498851465,2612,93,54,16,23,200,200,1.0,2612,892,1720,0.34150076569678406,0.6584992343032159,0,445,0.17036753445635527,197,True,200,200,1.0,892,1720,0,445,0.17036753445635527,197,True,706,0.9965052999999975,False,0,0.0,705,True,504,197,1000,0.4,5
0.3374417055296469,0.6625582944703531,0.125,0.9583333333333334,1.0,0.08333333333333333,0.08333333333333333,5.847571334484772,24.364880560353214,0.08208536032203748,3002,105,48,12,8,200,200,1.0,3002,1013,1989,0.3374417055296469,0.6625582944703531,0,496,0.16522318454363757,205,True,200,200,1.0,1013,1989,0,496,0.16522318454363757,205,True,801,0.9960350499999971,False,0,0.0,800,True,559,205,1000,0.4,6
0.33777520278099654,0.6622247972190034,0.19047619047619047,0.873015873015873,1.0,0.30952380952380953,0.30158730158730157,4.353845483991127,13.821731695209927,0.1446996689056786,3452,75,63,24,38,200,200,1.0,3452,1166,2286,0.33777520278099654,0.6622247972190034,0,579,0.16772885283893396,244,True,200,200,1.0,1166,2286,0,579,0.16772885283893396,244,True,926,0.9954162999999967,False,0,0.0,925,True,655,244,1000,0.4,7
0.34024896265560167,0.6597510373443983,0.058823529411764705,0.9803921568627451,1.0,0.23529411764705882,0.23529411764705882,5.623139113947811,22.05152593705024,0.09069667131922451,3856,98,51,6,24,200,200,1.0,3856,1312,2544,0.34024896265560167,0.6597510373443983,0,641,0.1662344398340249,268,True,200,200,1.0,1312,2544,0,641,0.1662344398340249,268,True,1028,0.9949113999999963,False,0,4.962823050362723,1027,True,729,268,1000,0.400042,8
0.3405253283302064,0.6594746716697937,0.25,0.8461538461538461,1.0,0.21153846153846154,0.20192307692307693,5.283950826741671,20.32288779516027,0.09841121105221491,4264,96,52,26,21,200,200,1.0,4264,1452,2812,0.3405253283302064,0.6594746716697937,0,704,0.1651031894934334,290,True,200,200,1.0,1452,2812,0,704,0.1651031894934334,290,True,1132,0.994396599999996,False,0,4.014164353861953,1131,True,799,290,1000,0.400198,9
0.3392627518216888,0.6607372481783111,0.2647058823529412,0.8235294117647058,1.0,0.14705882352941177,0.14705882352941177,5.3938048159583465,21.152175748856262,0.09455292087898541,4666,99,51,27,15,200,200,1.0,4666,1583,3083,0.3392627518216888,0.6607372481783111,0,762,0.16330904414916417,306,True,200,200,1.0,1583,3083,0,762,0.16330904414916417,306,True,1233,0.9938966499999956,False,0,3.6140061164724417,1232,True,862,306,1000,0.40034800000000004,10
0.3395931142410016,0.6604068857589984,0.1693548387096774,0.8870967741935484,1.0,0.2903225806451613,0.27419354838709675,4.503449054946141,14.527255015955292,0.13767225795949742,5112,77,62,21,34,200,200,1.0,5112,1736,3376,0.3395931142410016,0.6604068857589984,0,843,0.16490610328638497,344,True,200,200,1.0,1736,3376,0,843,0.16490610328638497,344,True,1356,0.9932877999999952,False,0,3.161928421995613,1355,True,952,344,1000,0.400534,11
0.34036363636363637,0.6596363636363636,0.2553191489361702,0.8936170212765957,1.0,0.1595744680851064,0.1276595744680851,5.800764850203607,24.684105745547264,0.08102379809164355,5500,106,47,24,12,200,200,1.0,5500,1872,3628,0.34036363636363637,0.6596363636363636,0,898,0.16327272727272726,359,True,200,200,1.0,1872,3628,0,898,0.16327272727272726,359,True,1450,0.9928224999999948,False,0,2.6874675333499907,1449,True,1012,359,1000,0.40067200000000003,12
0.3397283531409168,0.6602716468590832,0.15625,0.8958333333333334,1.0,0.125,0.125,5.864910357023154,24.437126487596476,0.08184268314096331,5890,105,48,15,12,200,200,1.0,5890,2001,3889,0.3397283531409168,0.6602716468590832,0,948,0.16095076400679117,371,True,200,200,1.0,2001,3889,0,948,0.16095076400679117,371,True,1545,0.9923522499999945,False,0,2.279807959794998,1544,True,1070,371,1000,0.400816,13
0.339583989914907,0.660416010085093,0.203125,0.890625,1.0,0.3125,0.28125,4.282961659270852,13.384255185221415,0.14942930871553867,6346,72,64,26,36,200,200,1.0,6346,2155,4191,0.339583989914907,0.660416010085093,0,1033,0.16277970375039394,412,True,200,200,1.0,2155,4191,0,1033,0.16277970375039394,412,True,1673,0.991718649999994,False,0,1.9704909300804139,1672,True,1168,412,1000,0.40100800000000003,14
0.3418230563002681,0.6581769436997319,0.27380952380952384,0.8095238095238095,1.0,0.14285714285714285,0.13095238095238096,6.252091077634196,29.771862274448555,0.0671775242530422,6714,116,42,23,11,200,200,1.0,6714,2295,4419,0.3418230563002681,0.6581769436997319,0,1079,0.16070896633899315,424,True,200,200,1.0,2295,4419,0,1079,0.16070896633899315,424,True,1757,0.9913028499999937,False,0,1.9651344513893128,1756,True,1222,424,1000,0.40113400000000005,15
0.3373004760571269,0.6626995239428731,0.09649122807017543,0.9298245614035088,1.0,0.13157894736842105,0.13157894736842105,4.924318825933376,17.27831166994167,0.11575205021213462,7142,86,57,11,15,200,200,1.0,7142,2409,4733,0.3373004760571269,0.6626995239428731,0,1147,0.16059927191262952,438,True,200,200,1.0,2409,4733,0,1147,0.16059927191262952,438,True,1871,0.9907385499999933,False,0,1.9472932171821595,1870,True,1294,438,1000,0.40130200000000005,16
0.33798001052077853,0.6620199894792215,0.12878787878787878,0.9393939393939394,1.0,0.3409090909090909,0.3181818181818182,4.391032509495563,13.306159119683526,0.15030633423295242,7604,69,66,17,42,200,200,1.0,7604,2570,5034,0.33798001052077853,0.6620199894792215,0,1236,0.16254602840610205,483,True,200,200,1.0,2570,5034,0,1236,0.16254602840610205,483,True,2002,0.9900900999999929,False,0,1.9891396975517273,2001,True,1396,483,1000,0.4015,17
0.3405107661492238,0.6594892338507762,0.10869565217391304,0.9347826086956522,1.0,0.22826086956521738,0.22826086956521738,5.946508524443585,25.854384888885154,0.07735631725896537,7988,108,46,10,21,200,200,1.0,7988,2720,5268,0.3405107661492238,0.6594892338507762,0,1290,0.16149223835753632,504,True,200,200,1.0,2720,5268,0,1290,0.16149223835753632,504,True,2094,0.9896346999999925,False,0,1.969310017824173,2093,True,1461,504,1000,0.401638,18
0.34274193548387094,0.657258064516129,0.16393442622950818,0.9016393442622951,1.0,0.3770491803278688,0.36885245901639346,4.472494061829071,14.663914956816626,0.13638922524371883,8432,78,61,20,45,200,200,1.0,8432,2890,5542,0.34274193548387094,0.657258064516129,0,1374,0.1629506641366224,550,True,200,200,1.0,2890,5542,0,1374,0.1629506641366224,550,True,2216,0.9890307999999921,False,0,1.9883618307113649,2215,True,1561,550,1000,0.401824,19
0.3422841604350782,0.6577158395649219,0.11224489795918367,0.9183673469387755,1.0,0.1326530612244898,0.1326530612244898,5.676295024769235,23.168551121507083,0.08632391337339279,8826,103,49,11,13,200,200,1.0,8826,3021,5805,0.3422841604350782,0.6577158395649219,0,1428,0.1617946974847043,563,True,200,200,1.0,3021,5805,0,1428,0.1617946974847043,563,True,2313,0.9885506499999918,False,0,2.0149878174066544,2312,True,1620,563,1000,0.40196800000000005,20
0.34247901872175596,0.6575209812782441,0.1417910447761194,0.9104477611940298,1.0,0.3582089552238806,0.34328358208955223,4.246245564816847,12.67535989497566,0.15778644682055715,9294,66,67,19,46,200,200,1.0,9294,3183,6111,0.34247901872175596,0.6575209812782441,0,1516,0.16311598880998493,611,True,200,200,1.0,3183,6111,0,1516,0.16311598880998493,611,True,2447,0.9878873499999913,False,0,2.0100517719984055,2446,True,1729,611,1000,0.402166,21
0.34156166081388145,0.6584383391861186,0.1595744680851064,0.9148936170212766,1.0,0.09574468085106383,0.09574468085106383,6.004907162504392,25.552796436188906,0.07826931995464571,9682,106,47,15,9,200,200,1.0,9682,3307,6375,0.34156166081388145,0.6584383391861186,0,1567,0.16184672588308202,620,True,200,200,1.0,3307,6375,0,1567,0.16184672588308202,620,True,2541,0.987422049999991,False,0,1.998927726149559,2540,True,1784,620,1000,0.40231,22
0.3407743974713552,0.6592256025286448,0.22131147540983606,0.8524590163934426,1.0,0.26229508196721313,0.2459016393442623,4.6830649129831885,15.354311190108815,0.13025657583965028,10124,79,61,27,30,200,200,1.0,10124,3450,6674,0.3407743974713552,0.6592256025286448,0,1640,0.16199130778348478,652,True,200,200,1.0,3450,6674,0,1640,0.16199130778348478,652,True,2662,0.9868230999999905,False,0,1.9795614475011825,2661,True,1874,652,1000,0.40249,23
0.3409826699676252,0.6590173300323747,0.23333333333333334,0.8666666666666667,1.0,0.1,0.1,6.056654509107776,26.91846448492345,0.07429844303043973,10502,111,45,21,9,200,200,1.0,10502,3581,6921,0.3409826699676252,0.6590173300323747,0,1687,0.1606360693201295,661,True,200,200,1.0,3581,6921,0,1687,0.1606360693201295,661,True,2751,0.9863825499999902,False,0,1.9657136988639832,2750,True,1926,661,1000,0.40262200000000004,24
0.3420955882352941,0.6579044117647059,0.16666666666666666,0.8888888888888888,1.0,0.16666666666666666,0.16666666666666666,6.036183973534338,26.82748432681928,0.07455041164633583,10880,111,45,15,15,200,200,1.0,10880,3722,7158,0.3420955882352941,0.6579044117647059,0,1740,0.15992647058823528,676,True,200,200,1.0,3722,7158,0,1740,0.15992647058823528,676,True,2840,0.9859419999999899,False,0,1.948839168548584,2839,True,1985,676,1000,0.40276,25
0.34381663113006394,0.6561833688699361,0.20454545454545456,0.8863636363636364,1.0,0.20454545454545456,0.20454545454545456,6.1579166233323415,27.9905301060561,0.07145273749450265,11256,112,44,18,18,200,200,1.0,11256,3870,7386,0.34381663113006394,0.6561833688699361,0,1790,0.15902629708599858,694,True,200,200,1.0,3870,7386,0,1790,0.15902629708599858,694,True,2928,0.9855063999999896,False,0,1.9193444383144378,2927,True,2044,694,1000,0.40289200000000003,26
0.34429184549356223,0.6557081545064378,0.1326530612244898,0.8979591836734694,1.0,0.1836734693877551,0.1836734693877551,5.6940875550551695,23.241173694102734,0.08605417378329239,11650,103,49,13,18,200,200,1.0,11650,4011,7639,0.34429184549356223,0.6557081545064378,0,1845,0.15836909871244637,712,True,200,200,1.0,4011,7639,0,1845,0.15836909871244637,712,True,3025,0.9850262499999892,False,0,1.9337757015228272,3024,True,2107,712,1000,0.403036,27
0.34424192212096105,0.655758077879039,0.15454545454545454,0.8909090909090909,1.0,0.24545454545454545,0.23636363636363636,5.090816576023826,18.512060276450278,0.10803767760762195,12070,90,55,17,26,200,200,1.0,12070,4155,7915,0.34424192212096105,0.655758077879039,0,1914,0.15857497928748965,739,True,200,200,1.0,4155,7915,0,1914,0.15857497928748965,739,True,3135,0.9844817499999888,False,0,1.9283812928199768,3134,True,2187,739,1000,0.403198,28
0.34209682590573903,0.6579031740942609,0.17307692307692307,0.9038461538461539,1.0,0.07692307692307693,0.07692307692307693,5.4056761422526804,20.79106208558723,0.09619518193764805,12476,97,52,18,8,200,200,1.0,12476,4268,8208,0.34209682590573903,0.6579031740942609,0,1968,0.15774286630330234,747,True,200,200,1.0,4268,8208,0,1968,0.15774286630330234,747,True,3238,0.9839718999999885,False,0,1.9132411921024322,3237,True,2245,747,1000,0.40335400000000005,29
0.34112728398885106,0.6588727160111489,0.23333333333333334,0.8333333333333334,1.0,0.24166666666666667,0.23333333333333334,4.531157697462282,15.10385899154094,0.1324164904558576,12916,80,60,28,28,200,200,1.0,12916,4406,8510,0.34112728398885106,0.6588727160111489,0,2042,0.1580984825023227,776,True,200,200,1.0,4406,8510,0,2042,0.1580984825023227,776,True,3358,0.983377899999988,False,0,1.9424236702919007,3357,True,2331,776,1000,0.403534,30
0.34117912468040307,0.658820875319597,0.25,0.8260869565217391,1.0,0.10869565217391304,0.10869565217391304,5.9045590986334,25.671996081014782,0.07790590157806468,13298,109,46,23,10,200,200,1.0,13298,4537,8761,0.34117912468040307,0.658820875319597,0,2091,0.1572416904797714,786,True,200,200,1.0,4537,8761,0,2091,0.1572416904797714,786,True,3449,0.9829274499999877,False,0,1.926770840883255,3448,True,2386,786,1000,0.40367200000000003,31
0.3415077863484209,0.6584922136515792,0.16393442622950818,0.9016393442622951,1.0,0.319672131147541,0.30327868852459017,4.612486151192987,15.122905413747498,0.1322497195665786,13742,78,61,20,37,200,200,1.0,13742,4693,9049,0.3415077863484209,0.6584922136515792,0,2172,0.15805559598311744,825,True,200,200,1.0,4693,9049,0,2172,0.15805559598311744,825,True,3571,0.9823235499999873,False,0,1.9277369391918182,3570,True,2479,825,1000,0.40385200000000004,32
0.3429259994329458,0.6570740005670541,0.11904761904761904,0.9047619047619048,1.0,0.16666666666666666,0.16666666666666666,6.198021754895916,29.51438930902817,0.06776355692334177,14108,117,42,10,14,200,200,1.0,14108,4838,9270,0.3429259994329458,0.6570740005670541,0,2219,0.15728664587468102,839,True,200,200,1.0,4838,9270,0,2219,0.15728664587468102,839,True,3654,0.981912699999987,False,0,1.8929307836294174,3653,True,2533,839,1000,0.403978,33
0.34387078961899503,0.656129210381005,0.17777777777777778,0.8888888888888888,1.0,0.17777777777777778,0.17777777777777778,5.885313514954633,26.156948955353922,0.07646151710636079,14488,110,45,16,16,200,200,1.0,14488,4982,9506,0.34387078961899503,0.656129210381005,0,2276,0.15709552733296522,856,True,200,200,1.0,4982,9506,0,2276,0.15709552733296522,856,True,3744,0.9814671999999867,False,0,1.8861128610372544,3743,True,2592,856,1000,0.40411600000000003,34
0.3429740974365857,0.6570259025634143,0.14814814814814814,0.9074074074074074,1.0,0.16666666666666666,0.1574074074074074,5.359549915314409,19.850184871534847,0.10075472913443737,14902,93,54,16,17,200,200,1.0,14902,5111,9791,0.3429740974365857,0.6570259025634143,0,2338,0.1568916923902832,874,True,200,200,1.0,5111,9791,0,2338,0.1568916923902832,874,True,3851,0.9809375499999863,False,0,1.856764439344406,3850,True,2662,874,1000,0.404272,35
0.3436562785239275,0.6563437214760726,0.1440677966101695,0.9322033898305084,1.0,0.3220338983050847,0.2966101694915254,4.739645052165575,16.06659339717144,0.12448189548084937,15338,82,59,17,35,200,200,1.0,15338,5271,10067,0.3436562785239275,0.6563437214760726,0,2413,0.1573216847046551,913,True,200,200,1.0,5271,10067,0,2413,0.1573216847046551,913,True,3969,0.9803534499999859,False,0,1.844195921421051,3968,True,2752,913,1000,0.40445200000000003,36
0.34307496823379924,0.6569250317662008,0.17647058823529413,0.8823529411764706,1.0,0.14705882352941177,0.14705882352941177,5.531472963121249,21.692050835769606,0.09219967328778587,15740,99,51,18,15,200,200,1.0,15740,5400,10340,0.34307496823379924,0.6569250317662008,0,2472,0.15705209656925032,928,True,200,200,1.0,5400,10340,0,2472,0.15705209656925032,928,True,4070,0.9798534999999855,False,0,1.9234586960077287,4069,True,2816,928,1000,0.404602,37
0.34409468335605403,0.6559053166439459,0.18,0.88,1.0,0.24,0.24,5.544525298606169,22.178101194424677,0.0901790456480908,16138,101,50,18,24,200,200,1.0,16138,5553,10585,0.34409468335605403,0.6559053166439459,0,2531,0.15683479985128268,954,True,200,200,1.0,5553,10585,0,2531,0.15683479985128268,954,True,4169,0.9793634499999851,False,0,1.9112544184923173,4168,True,2887,954,1000,0.404752,38
0.3451706258290124,0.6548293741709876,0.16129032258064516,0.9032258064516129,1.0,0.3870967741935484,0.3790322580645161,4.620471103801782,14.904745496134781,0.13418545123891287,16586,76,62,20,47,200,200,1.0,16586,5725,10861,0.3451706258290124,0.6548293741709876,0,2612,0.1574822139153503,1002,True,200,200,1.0,5725,10861,0,2612,0.1574822139153503,1002,True,4293,0.9787496499999847,False,0,1.9647987711429595,4292,True,2986,1002,1000,0.404938,39
0.347006129184347,0.6529938708156531,0.25,0.8478260869565217,1.0,0.2717391304347826,0.25,5.949541439249272,25.867571474996833,0.07731688310722044,16968,109,46,23,23,200,200,1.0,16968,5888,11080,0.347006129184347,0.6529938708156531,0,2668,0.15723715228665724,1028,True,200,200,1.0,5888,11080,0,2668,0.15723715228665724,1028,True,4384,0.9782991999999844,False,0,1.983573626279831,4383,True,3053,1028,1000,0.40507600000000005,40
0.34881581972867326,0.6511841802713267,0.16666666666666666,0.9122807017543859,1.0,0.41228070175438597,0.40350877192982454,4.929740242305398,17.297334183527713,0.11562475343192503,17396,86,57,19,46,200,200,1.0,17396,6068,11328,0.34881581972867326,0.6511841802713267,0,2750,0.15808231777420095,1075,True,200,200,1.0,6068,11328,0,2750,0.15808231777420095,1075,True,4498,0.977734899999984,False,0,1.97150699198246,4497,True,3144,1075,1000,0.40524400000000005,41
0.3489038785834739,0.6510961214165261,0.2653061224489796,0.7959183673469388,1.0,0.1836734693877551,0.1836734693877551,5.500274447247133,22.450099784682177,0.08908646372095909,17790,103,49,26,18,200,200,1.0,17790,6207,11583,0.3489038785834739,0.6510961214165261,0,2807,0.15778527262507028,1093,True,200,200,1.0,6207,11583,0,2807,0.15778527262507028,1093,True,4595,0.9772547499999836,False,0,1.959694864153862,4594,True,3208,1093,1000,0.405388,42
0.34860820772362194,0.6513917922763781,0.24468085106382978,0.851063829787234,1.0,0.1276595744680851,0.1276595744680851,5.750214494529018,24.46899784905965,0.08173608140134192,18178,106,47,23,12,200,200,1.0,18178,6337,11841,0.34860820772362194,0.6513917922763781,0,2860,0.15733303993838707,1105,True,200,200,1.0,6337,11841,0,2860,0.15733303993838707,1105,True,4689,0.9767894499999833,False,0,1.9552899044752121,4688,True,3267,1105,1000,0.405532,43
0.3476977567886659,0.6523022432113341,0.1640625,0.921875,1.0,0.265625,0.2578125,4.358518364419505,13.620369888810954,0.14683889030377853,18634,72,64,21,33,200,200,1.0,18634,6479,12155,0.3476977567886659,0.6523022432113341,0,2942,0.15788343887517442,1140,True,200,200,1.0,6479,12155,0,2942,0.15788343887517442,1140,True,4817,0.9761558499999828,False,0,1.9282337564229965,4816,True,3358,1140,1000,0.40572400000000003,44
0.34772320959091385,0.6522767904090861,0.20652173913043478,0.8695652173913043,1.0,0.14130434782608695,0.13043478260869565,5.843088796418699,25.404733897472603,0.07872548510334802,19018,108,46,19,12,200,200,1.0,19018,6613,12405,0.34772320959091385,0.6522767904090861,0,2995,0.15748238510884424,1153,True,200,200,1.0,6613,12405,0,2995,0.15748238510884424,1153,True,4909,0.9757004499999825,False,0,1.9279853749275206,4908,True,3416,1153,1000,0.405862,45
0.3480255696463553,0.6519744303536448,0.2111111111111111,0.8444444444444444,1.0,0.15555555555555556,0.15555555555555556,5.952895864775021,26.45731495455565,0.07559346076634367,19398,110,45,19,14,200,200,1.0,19398,6751,12647,0.3480255696463553,0.6519744303536448,0,3050,0.15723270440251572,1167,True,200,200,1.0,6751,12647,0,3050,0.15723270440251572,1167,True,4999,0.9752549499999822,False,0,1.9012881469726564,4998,True,3474,1167,1000,0.405994,46
0.3484085414987913,0.6515914585012087,0.13846153846153847,0.9230769230769231,1.0,0.36923076923076925,0.36153846153846153,4.403947048593642,13.55060630336505,0.1475948717883816,19856,71,65,18,47,200,200,1.0,19856,6918,12938,0.3484085414987913,0.6515914585012087,0,3140,0.15813859790491538,1215,True,200,200,1.0,6918,12938,0,3140,0.15813859790491538,1215,True,5128,0.9746163999999817,False,0,1.8649146157503127,5127,True,3577,1215,1000,0.406192,47
0.3487877288471054,0.6512122711528946,0.21794871794871795,0.8974358974358975,1.0,0.05128205128205128,0.05128205128205128,6.573630535685478,33.710925824028095,0.059327946388659035,20210,123,39,17,4,200,200,1.0,20210,7049,13161,0.3487877288471054,0.6512122711528946,0,3179,0.15729836714497775,1219,True,200,200,1.0,7049,13161,0,3179,0.15729836714497775,1219,True,5205,0.9742352499999815,False,0,1.8571005469560624,5204,True,3619,1219,1000,0.406306,48
0.3488957768306858,0.6511042231693143,0.16666666666666666,0.9166666666666666,1.0,0.3,0.2833333333333333,4.958030167806431,16.526767226021438,0.12101580258545633,20648,81,60,20,34,200,200,1.0,20648,7204,13444,0.3488957768306858,0.6511042231693143,0,3252,0.15749709414955443,1256,True,200,200,1.0,7204,13444,0,3252,0.15749709414955443,1256,True,5324,0.973646199999981,False,0,1.8658969980478286,5323,True,3707,1256,1000,0.406486,49
0.34843304843304845,0.6515669515669515,0.22641509433962265,0.8490566037735849,1.0,0.1792452830188679,0.1792452830188679,5.185168735966541,19.56667447534544,0.10221460997473313,21060,94,53,24,19,200,200,1.0,21060,7338,13722,0.34843304843304845,0.6515669515669515,0,3316,0.1574548907882241,1276,True,200,200,1.0,7338,13722,0,3316,0.1574548907882241,1276,True,5430,0.9731214999999807,False,0,1.871023903489113,5429,True,3777,1276,1000,0.406642,50
0.3486682808716707,0.6513317191283293,0.25,0.7962962962962963,1.0,0.26851851851851855,0.25925925925925924,5.030246918295895,18.630544141836648,0.10735059506441419,21476,92,54,27,28,200,200,1.0,21476,7488,13988,0.3486682808716707,0.6513317191283293,0,3383,0.1575246787111194,1305,True,200,200,1.0,7488,13988,0,3383,0.1575246787111194,1305,True,5538,0.9725868999999803,False,0,1.879696514606476,5537,True,3856,1305,1000,0.406804,51
0.3481742472773863,0.6518257527226137,0.2222222222222222,0.8666666666666667,1.0,0.05555555555555555,0.05555555555555555,6.047743417352856,26.878859632679358,0.07440791861453813,21854,111,45,20,5,200,200,1.0,21854,7609,14245,0.3481742472773863,0.6518257527226137,0,3431,0.15699643085933926,1310,True,200,200,1.0,7609,14245,0,3431,0.15699643085933926,1310,True,5627,0.97214634999998,False,0,1.8799422693252563,5626,True,3905,1310,1000,0.406936,52
0.34840305892937473,0.6515969410706253,0.23863636363636365,0.8409090909090909,1.0,0.125,0.125,5.995895550662727,27.25407068483058,0.0733835331656781,22230,112,44,21,11,200,200,1.0,22230,7745,14485,0.34840305892937473,0.6515969410706253,0,3481,0.15659019343229869,1322,True,200,200,1.0,7745,14485,0,3481,0.15659019343229869,1322,True,5715,0.9717107499999796,False,0,1.8858931374549865,5714,True,3958,1322,1000,0.40706800000000004,53
0.3480098626276858,0.6519901373723143,0.19014084507042253,0.8732394366197183,1.0,0.352112676056338,0.33098591549295775,3.652587559967385,10.288979042161648,0.1943827460241199,22712,59,71,27,47,200,200,1.0,22712,7904,14808,0.3480098626276858,0.6519901373723143,0,3578,0.15753786544557943,1372,True,200,200,1.0,7904,14808,0,3578,0.15753786544557943,1372,True,5856,0.9710127999999791,False,0,1.9142899239063262,5855,True,4070,1372,1000,0.40728400000000003,54
0.34806510258852047,0.6519348974114796,0.14583333333333334,0.9375,1.0,0.16666666666666666,0.16666666666666666,5.778963277312214,24.07901365546756,0.08305988063368473,23102,105,48,14,16,200,200,1.0,23102,8041,15061,0.34806510258852047,0.6519348974114796,0,3633,0.15725911176521512,1388,True,200,200,1.0,8041,15061,0,3633,0.15725911176521512,1388,True,5951,0.9705425499999788,False,0,1.8929841810464858,5950,True,4131,1388,1000,0.407422,55
0.3474951092965893,0.6525048907034108,0.22641509433962265,0.8679245283018868,1.0,0.16981132075471697,0.16981132075471697,5.180559846352494,19.549282439066015,0.10230554529220623,23514,94,53,24,18,200,200,1.0,23514,8171,15343,0.3474951092965893,0.6525048907034108,0,3694,0.15709789912392616,1406,True,200,200,1.0,8171,15343,0,3694,0.15709789912392616,1406,True,6057,0.9700178499999784,False,0,1.8819426113367081,6056,True,4200,1406,1000,0.407584,56
0.34713855421686746,0.6528614457831325,0.17708333333333334,0.8958333333333334,1.0,0.10416666666666667,0.10416666666666667,5.793965479375279,24.141522830730327,0.08284481530113551,23904,105,48,17,10,200,200,1.0,23904,8298,15606,0.34713855421686746,0.6528614457831325,0,3744,0.1566265060240964,1416,True,200,200,1.0,8298,15606,0,3744,0.1566265060240964,1416,True,6152,0.9695475999999781,False,0,1.8698747593164444,6151,True,4257,1416,1000,0.40772800000000003,57
0.346388020404805,0.653611979595195,0.18627450980392157,0.9215686274509803,1.0,0.11764705882352941,0.11764705882352941,5.503118660017796,21.580857490265863,0.09267472346277753,24308,98,51,19,12,200,200,1.0,24308,8420,15888,0.346388020404805,0.653611979595195,0,3801,0.15636827381931875,1428,True,200,200,1.0,8420,15888,0,3801,0.15636827381931875,1428,True,6254,0.9690426999999777,False,0,1.815862334370613,6253,True,4319,1428,1000,0.407878,58
0.3453899564023898,0.6546100435976102,0.1893939393939394,0.8787878787878788,1.0,0.25757575757575757,0.25757575757575757,4.118767905522686,12.481114865220261,0.16024209548565074,24772,68,66,25,34,200,200,1.0,24772,8556,16216,0.3453899564023898,0.6546100435976102,0,3886,0.15687066042305828,1462,True,200,200,1.0,8556,16216,0,3886,0.15687066042305828,1462,True,6386,0.9683892999999772,False,0,1.8442579638957977,6385,True,4412,1462,1000,0.408076,59
0.3455800666560863,0.6544199333439137,0.10344827586206896,0.9482758620689655,1.0,0.29310344827586204,0.29310344827586204,4.950623290454506,17.07111479467071,0.11715696508726914,25204,84,58,12,34,200,200,1.0,25204,8710,16494,0.3455800666560863,0.6544199333439137,0,3958,0.15703856530709412,1497,True,200,200,1.0,8710,16494,0,3958,0.15703856530709412,1497,True,6502,0.9678150999999768,False,0,1.8503783762454986,6501,True,4499,1497,1000,0.40825,60
0.34501873828856966,0.6549812617114303,0.22641509433962265,0.8301886792452831,1.0,0.16037735849056603,0.16037735849056603,5.144214576960272,19.412130479095367,0.10302836168105145,25616,94,53,24,17,200,200,1.0,25616,8838,16778,0.34501873828856966,0.6549812617114303,0,4021,0.15697220487195504,1514,True,200,200,1.0,8838,16778,0,4021,0.15697220487195504,1514,True,6608,0.9672903999999765,False,0,1.8656181704998016,6607,True,4567,1514,1000,0.408412,61
0.3452847590500346,0.6547152409499655,0.18269230769230768,0.8846153846153846,1.0,0.2403846153846154,0.2403846153846154,5.44256156409959,20.93292909269073,0.09554324629601652,26022,97,52,19,25,200,200,1.0,26022,8985,17037,0.3452847590500346,0.6547152409499655,0,4082,0.15686726615940358,1539,True,200,200,1.0,8985,17037,0,4082,0.15686726615940358,1539,True,6711,0.9667805499999761,False,0,1.845242367386818,6710,True,4639,1539,1000,0.40856200000000004,62
0.34594430992736075,0.6540556900726393,0.18867924528301888,0.8679245283018868,1.0,0.29245283018867924,0.29245283018867924,5.131893790661671,19.3656369458931,0.10327571489581927,26432,95,53,20,31,200,200,1.0,26432,9144,17288,0.34594430992736075,0.6540556900726393,0,4148,0.15693099273607747,1571,True,200,200,1.0,9144,17288,0,4148,0.15693099273607747,1571,True,6816,0.9662607999999757,False,0,1.828548195362091,6815,True,4717,1571,1000,0.40872400000000003,63
0.34626865671641793,0.6537313432835821,0.21428571428571427,0.8809523809523809,1.0,0.11904761904761904,0.11904761904761904,6.225372367002686,29.64463031906041,0.06746584384673784,26800,116,42,18,10,200,200,1.0,26800,9280,17520,0.34626865671641793,0.6537313432835821,0,4194,0.15649253731343282,1581,True,200,200,1.0,9280,17520,0,4194,0.15649253731343282,1581,True,6900,0.9658449999999754,False,0,1.8396145629882812,6899,True,4769,1581,1000,0.40885000000000005,64
0.347023416281289,0.6529765837187109,0.12903225806451613,0.9354838709677419,1.0,0.3951612903225806,0.3870967741935484,4.4304756685175555,14.291856995217922,0.13993982732049468,27246,77,62,16,48,200,200,1.0,27246,9455,17791,0.347023416281289,0.6529765837187109,0,4282,0.15716068413712103,1630,True,200,200,1.0,9455,17791,0,4282,0.15716068413712103,1630,True,7023,0.965236149999975,False,0,1.8626011100411415,7022,True,4865,1630,1000,0.40903,65
0.34764041690793285,0.6523595830920672,0.22340425531914893,0.8723404255319149,1.0,0.22340425531914893,0.2127659574468085,5.742934540217674,24.43801932007521,0.08183969305389047,27632,107,47,21,20,200,200,1.0,27632,9606,18026,0.34764041690793285,0.6523595830920672,0,4340,0.15706427330631154,1652,True,200,200,1.0,9606,18026,0,4340,0.15706427330631154,1652,True,7116,0.9647757999999746,False,0,1.9119636240601539,7115,True,4930,1652,1000,0.40917400000000004,66
0.3481772694781987,0.6518227305218013,0.22972972972972974,0.8108108108108109,1.0,0.06756756756756757,0.06756756756756757,6.518050554355699,35.23270569921999,0.05676543882476438,27980,126,37,17,5,200,200,1.0,27980,9742,18238,0.3481772694781987,0.6518227305218013,0,4378,0.15646890636168692,1657,True,200,200,1.0,9742,18238,0,4378,0.15646890636168692,1657,True,7190,0.9644094999999744,False,0,1.9223398062586785,7189,True,4972,1657,1000,0.40928200000000003,67
0.34816015790215704,0.651839842097843,0.13541666666666666,0.9375,1.0,0.16666666666666666,0.16666666666666666,5.7776205982654725,24.073419159439467,0.08307918317518169,28372,104,48,13,16,200,200,1.0,28372,9878,18494,0.34816015790215704,0.651839842097843,0,4437,0.15638657831665023,1673,True,200,200,1.0,9878,18494,0,4437,0.15638657831665023,1673,True,7286,0.963934299999974,False,0,1.8998586252331733,7285,True,5035,1673,1000,0.409426,68
0.3484343539540374,0.6515656460459627,0.16101694915254236,0.8983050847457628,1.0,0.3220338983050847,0.3050847457627119,4.926817626670467,16.701076700577854,0.11975275821173854,28806,83,59,19,36,200,200,1.0,28806,10037,18769,0.3484343539540374,0.6515656460459627,0,4514,0.1567034645559953,1710,True,200,200,1.0,10037,18769,0,4514,0.1567034645559953,1710,True,7403,0.9633551499999736,False,0,1.9120429950952529,7402,True,5126,1710,1000,0.4096,69
0.3487026767987951,0.6512973232012049,0.2403846153846154,0.8269230769230769,1.0,0.2403846153846154,0.2403846153846154,5.299467792979185,20.382568434535326,0.0981230607135501,29214,96,52,25,25,200,200,1.0,29214,10187,19027,0.3487026767987951,0.6512973232012049,0,4575,0.15660299856233312,1737,True,200,200,1.0,10187,19027,0,4575,0.15660299856233312,1737,True,7507,0.9628403499999733,False,0,1.884560371041298,7506,True,5198,1737,1000,0.409756,70
0.3482209168860982,0.6517790831139019,0.19230769230769232,0.8846153846153846,1.0,0.14423076923076922,0.1346153846153846,5.35053989452598,20.578999594330693,0.09718645412437736,29622,96,52,20,14,200,200,1.0,29622,10315,19307,0.3482209168860982,0.6517790831139019,0,4636,0.15650530011477956,1753,True,200,200,1.0,10315,19307,0,4636,0.15650530011477956,1753,True,7611,0.9623255499999729,False,0,1.892906431555748,7610,True,5265,1753,1000,0.409912,71
0.34772923731631095,0.652270762683689,0.15625,0.921875,1.0,0.28125,0.2734375,4.366489413642779,13.645279417633684,0.14657083514284186,30078,72,64,20,35,200,200,1.0,30078,10459,19619,0.34772923731631095,0.652270762683689,0,4716,0.15679233991621783,1789,True,200,200,1.0,10459,19619,0,4716,0.15679233991621783,1789,True,7739,0.9616919499999724,False,0,1.9231622898578644,7738,True,5361,1789,1000,0.410104,72
0.3474977013004072,0.6525022986995928,0.18181818181818182,0.8863636363636364,1.0,0.056818181818181816,0.056818181818181816,6.181434586444653,28.09742993838479,0.0711808875183896,30452,113,44,16,5,200,200,1.0,30452,10582,19870,0.3474977013004072,0.6525022986995928,0,4762,0.1563772494417444,1794,True,200,200,1.0,10582,19870,0,4762,0.1563772494417444,1794,True,7826,0.9612612999999721,False,0,1.9350710701942444,7825,True,5409,1794,1000,0.41023600000000005,73
0.3481135744846363,0.6518864255153637,0.17,0.88,1.0,0.29,0.29,5.515992437025558,22.06396974810223,0.09064551949777869,30852,100,50,17,29,200,200,1.0,30852,10740,20112,0.3481135744846363,0.6518864255153637,0,4826,0.15642421885129004,1823,True,200,200,1.0,10740,20112,0,4826,0.15642421885129004,1823,True,7926,0.9607662999999718,False,0,1.946351648569107,7925,True,5482,1823,1000,0.41038600000000003,74
0.3482034202267341,0.6517965797732659,0.18181818181818182,0.9090909090909091,1.0,0.11363636363636363,0.11363636363636363,6.193868350774964,28.153947048977106,0.07103799678676544,31226,113,44,16,10,200,200,1.0,31226,10873,20353,0.3482034202267341,0.6517965797732659,0,4876,0.1561519246781528,1833,True,200,200,1.0,10873,20353,0,4876,0.1561519246781528,1833,True,8013,0.9603356499999715,False,0,1.904741752743721,8012,True,5535,1833,1000,0.41051800000000005,75
0.3481436974258428,0.6518563025741573,0.16326530612244897,0.9183673469387755,1.0,0.17346938775510204,0.16326530612244897,5.626931340805337,22.96706669716464,0.08708121182261845,31622,102,49,16,16,200,200,1.0,31622,11009,20613,0.3481436974258428,0.6518563025741573,0,4933,0.1559989880462969,1850,True,200,200,1.0,11009,20613,0,4933,0.1559989880462969,1850,True,8111,0.9598505499999711,False,0,1.9028277987241744,8110,True,5600,1850,1000,0.410662,76
0.3471746308641206,0.6528253691358794,0.17857142857142858,0.9,1.0,0.2714285714285714,0.2642857142857143,3.742409986705127,10.692599962014649,0.187045246909543,32102,60,70,25,37,200,200,1.0,32102,11145,20957,0.3471746308641206,0.6528253691358794,0,5025,0.15653230328328452,1888,True,200,200,1.0,11145,20957,0,5025,0.15653230328328452,1888,True,8251,0.9591575499999706,False,0,1.9045341098308564,8250,True,5703,1888,1000,0.410872,77
0.34698646986469867,0.6530135301353013,0.16363636363636364,0.9272727272727272,1.0,0.20909090909090908,0.20909090909090908,5.153931616454038,18.74156951437832,0.10671464833644924,32520,91,55,18,23,200,200,1.0,32520,11284,21236,0.34698646986469867,0.6530135301353013,0,5091,0.15654981549815497,1911,True,200,200,1.0,11284,21236,0,5091,0.15654981549815497,1911,True,8360,0.9586179999999702,False,0,1.882373752593994,8359,True,5778,1911,1000,0.41104,78
0.34778911564625853,0.6522108843537415,0.21153846153846154,0.8653846153846154,1.0,0.34615384615384615,0.3269230769230769,5.292604171525848,20.35616989048403,0.0982503098942472,32928,96,52,22,34,200,200,1.0,32928,11452,21476,0.34778911564625853,0.6522108843537415,0,5159,0.1566751700680272,1947,True,200,200,1.0,11452,21476,0,5159,0.1566751700680272,1947,True,8464,0.9581031999999698,False,0,1.8815502244234086,8463,True,5862,1947,1000,0.411196,79
0.347257232024967,0.6527427679750331,0.15306122448979592,0.9387755102040817,1.0,0.09183673469387756,0.09183673469387756,5.732098627971334,23.39632093049524,0.08548352563385977,33324,102,49,15,9,200,200,1.0,33324,11572,21752,0.347257232024967,0.6527427679750331,0,5213,0.15643380146441002,1956,True,200,200,1.0,11572,21752,0,5213,0.15643380146441002,1956,True,8562,0.9576180999999695,False,0,1.8882920163869858,8561,True,5920,1956,1000,0.41134000000000004,80
0.34733594398955736,0.6526640560104426,0.14130434782608695,0.9130434782608695,1.0,0.15217391304347827,0.15217391304347827,5.855052097937917,25.456748251903985,0.07856462970876157,33708,108,46,13,14,200,200,1.0,33708,11708,22000,0.34733594398955736,0.6526640560104426,0,5267,0.15625370831850005,1970,True,200,200,1.0,11708,22000,0,5267,0.15625370831850005,1970,True,8654,0.9571626999999692,False,0,1.8779780352115631,8653,True,5979,1970,1000,0.411478,81
0.34660853280271553,0.6533914671972845,0.14925373134328357,0.9104477611940298,1.0,0.2537313432835821,0.2537313432835821,4.149107404358506,12.385395236891062,0.16148051489247692,34174,67,67,20,34,200,200,1.0,34174,11845,22329,0.34660853280271553,0.6533914671972845,0,5351,0.15658102651138292,2005,True,200,200,1.0,11845,22329,0,5351,0.15658102651138292,2005,True,8787,0.9565043499999687,False,0,1.8724854910373687,8786,True,6075,2005,1000,0.41167600000000004,82
0.3473900225446558,0.6526099774553442,0.11607142857142858,0.9464285714285714,1.0,0.38392857142857145,0.375,5.164271617371154,18.44382720489698,0.10843736377388011,34598,88,56,13,42,200,200,1.0,34598,12019,22579,0.3473900225446558,0.6526099774553442,0,5432,0.1570032949881496,2048,True,200,200,1.0,12019,22579,0,5432,0.1570032949881496,2048,True,8899,0.9559499499999683,False,0,1.8584199130535126,8898,True,6167,2048,1000,0.41184400000000004,83
0.3466022746756587,0.6533977253243413,0.19387755102040816,0.8571428571428571,1.0,0.04081632653061224,0.04081632653061224,5.66071965442055,23.10497818130837,0.08656143209942412,34994,102,49,19,4,200,200,1.0,34994,12129,22865,0.3466022746756587,0.6533977253243413,0,5484,0.15671257929930846,2052,True,200,200,1.0,12129,22865,0,5484,0.15671257929930846,2052,True,8997,0.955464849999968,False,0,1.9110914039611817,8996,True,6220,2052,1000,0.411994,84
0.3474471086036671,0.6525528913963329,0.0703125,0.96875,1.0,0.453125,0.453125,4.424355978633859,13.826112433230808,0.14465382150321854,35450,72,64,9,58,200,200,1.0,35450,12317,23133,0.3474471086036671,0.6525528913963329,0,5577,0.15732016925246828,2110,True,200,200,1.0,12317,23133,0,5577,0.15732016925246828,2110,True,9125,0.9548312499999675,False,0,1.9348247492313384,9124,True,6329,2110,1000,0.412186,85
0.3468619246861925,0.6531380753138075,0.27,0.86,1.0,0.09,0.09,5.605673923538808,22.42269569415523,0.08919534150933182,35850,100,50,27,9,200,200,1.0,35850,12435,23415,0.3468619246861925,0.6531380753138075,0,5632,0.15709902370990236,2119,True,200,200,1.0,12435,23415,0,5632,0.15709902370990236,2119,True,9225,0.9543362499999671,False,0,1.9890906071662904,9224,True,6388,2119,1000,0.41233600000000004,86
0.3470322153574581,0.6529677846425419,0.16346153846153846,0.9038461538461539,1.0,0.2403846153846154,0.23076923076923078,5.37686891907675,20.680265073372116,0.0967105592169221,36256,97,52,17,24,200,200,1.0,36256,12582,23674,0.3470322153574581,0.6529677846425419,0,5699,0.1571877758164166,2144,True,200,200,1.0,12582,23674,0,5699,0.1571877758164166,2144,True,9328,0.9538263999999668,False,0,1.9745313662290573,9327,True,6461,2144,1000,0.412492,87
0.3472457280122291,0.6527542719877709,0.13333333333333333,0.9111111111111111,1.0,0.15555555555555556,0.14444444444444443,6.091759263039858,27.07448561351048,0.0738702861635154,36634,111,45,12,13,200,200,1.0,36634,12721,23913,0.3472457280122291,0.6527542719877709,0,5751,0.15698531418900474,2158,True,200,200,1.0,12721,23913,0,5751,0.15698531418900474,2158,True,9417,0.9533858499999665,False,0,1.9787706190347671,9416,True,6518,2158,1000,0.41262400000000005,88
0.34761133603238864,0.6523886639676113,0.14814814814814814,0.9259259259259259,1.0,0.3055555555555556,0.2962962962962963,5.270364919969595,19.519870073961464,0.10245969837001634,37050,92,54,16,32,200,200,1.0,37050,12879,24171,0.34761133603238864,0.6523886639676113,0,5829,0.15732793522267208,2191,True,200,200,1.0,12879,24171,0,5829,0.15732793522267208,2191,True,9525,0.9528512499999661,False,0,1.9547982966899873,9524,True,6601,2191,1000,0.41278600000000004,89
0.34830830081778824,0.6516916991822117,0.19047619047619047,0.9047619047619048,1.0,0.2261904761904762,0.2261904761904762,6.221851288522445,29.62786327867831,0.06750402420816151,37418,116,42,16,19,200,200,1.0,37418,13033,24385,0.34830830081778824,0.6516916991822117,0,5881,0.157170345822866,2210,True,200,200,1.0,13033,24385,0,5881,0.157170345822866,2210,True,9609,0.9524354499999658,False,0,1.968436417579651,9608,True,6660,2210,1000,0.412912,90
0.34836781122691923,0.6516321887730807,0.13043478260869565,0.9130434782608695,1.0,0.15217391304347827,0.15217391304347827,5.905552171010885,25.676313787003846,0.0778928009912508,37802,108,46,12,14,200,200,1.0,37802,13169,24633,0.34836781122691923,0.6516321887730807,0,5935,0.15700227501190414,2224,True,200,200,1.0,13169,24633,0,5935,0.15700227501190414,2224,True,9701,0.9519800499999654,False,0,1.9819341337680816,9700,True,6720,2224,1000,0.41305000000000003,91
0.3485007064733895,0.6514992935266105,0.18518518518518517,0.8888888888888888,1.0,0.26851851851851855,0.25925925925925924,5.242686822461637,19.41735860170977,0.10300062130097823,38218,92,54,20,28,200,200,1.0,38218,13319,24899,0.3485007064733895,0.6514992935266105,0,6007,0.15717724632372182,2253,True,200,200,1.0,13319,24899,0,6007,0.15717724632372182,2253,True,9809,0.951445449999965,False,0,1.9395093160867691,9808,True,6799,2253,1000,0.413212,92
0.34867807153965785,0.6513219284603422,0.18292682926829268,0.9024390243902439,1.0,0.08536585365853659,0.08536585365853659,6.334655533376285,30.900758699396516,0.06472332991743208,38580,119,41,15,7,200,200,1.0,38580,13452,25128,0.34867807153965785,0.6513219284603422,0,6049,0.15679108346293416,2260,True,200,200,1.0,13452,25128,0,6049,0.15679108346293416,2260,True,9890,0.9510444999999648,False,0,1.9575051033496857,9889,True,6846,2260,1000,0.41333200000000003,93
0.348489503328213,0.6515104966717871,0.12142857142857143,0.9428571428571428,1.0,0.35714285714285715,0.34285714285714286,3.824605537511339,10.927444392889539,0.1830254108912597,39060,60,70,17,48,200,200,1.0,39060,13612,25448,0.348489503328213,0.6515104966717871,0,6143,0.15727086533538145,2310,True,200,200,1.0,13612,25448,0,6143,0.15727086533538145,2310,True,10030,0.9503514999999643,False,0,1.901801232099533,10029,True,6957,2310,1000,0.413542,94
0.34862617864747036,0.6513738213525296,0.1875,0.875,1.0,0.19791666666666666,0.19791666666666666,5.706429939879705,23.776791416165437,0.08411563885950708,39452,104,48,18,19,200,200,1.0,39452,13754,25698,0.34862617864747036,0.6513738213525296,0,6201,0.1571783433032546,2329,True,200,200,1.0,13754,25698,0,6201,0.1571783433032546,2329,True,10126,0.9498762999999639,False,0,1.8315274637937546,10125,True,7021,2329,1000,0.413686,95
0.3484939759036145,0.6515060240963855,0.30851063829787234,0.8297872340425532,1.0,0.1276595744680851,0.1276595744680851,5.769353006127142,24.550438323945283,0.0814649406096061,39840,106,47,29,12,200,200,1.0,39840,13884,25956,0.3484939759036145,0.6515060240963855,0,6251,0.15690261044176707,2341,True,200,200,1.0,13884,25956,0,6251,0.15690261044176707,2341,True,10220,0.9494109999999636,False,0,1.8106424701213837,10219,True,7080,2341,1000,0.41383000000000003,96
0.3482213831478537,0.6517786168521462,0.19444444444444445,0.8703703703703703,1.0,0.19444444444444445,0.19444444444444445,5.210129529589713,19.296776035517453,0.10364425623839028,40256,92,54,21,21,200,200,1.0,40256,14018,26238,0.3482213831478537,0.6517786168521462,0,6315,0.1568710254372019,2362,True,200,200,1.0,14018,26238,0,6315,0.1568710254372019,2362,True,10328,0.9488763999999632,False,0,1.799832245707512,10327,True,7154,2362,1000,0.413992,97
0.34762935274444223,0.6523706472555577,0.17307692307692307,0.9038461538461539,1.0,0.09615384615384616,0.09615384615384616,5.295850634394733,20.36865628613359,0.0981900804797587,40664,96,52,18,10,200,200,1.0,40664,14136,26528,0.34762935274444223,0.6523706472555577,0,6373,0.15672339169781624,2373,True,200,200,1.0,14136,26528,0,6373,0.15672339169781624,2373,True,10432,0.9483615999999628,False,0,1.8191505259275436,10431,True,7216,2373,1000,0.414148,98
0.34701129283489096,0.652988707165109,0.14285714285714285,0.9107142857142857,1.0,0.15178571428571427,0.15178571428571427,5.086942597354039,18.16765213340728,0.11008577142020094,41088,88,56,16,17,200,200,1.0,41088,14258,26830,0.34701129283489096,0.652988707165109,0,6437,0.15666374610591902,2390,True,200,200,1.0,14258,26830,0,6437,0.15666374610591902,2390,True,10544,0.9478071999999624,False,0,1.8728642731904983,10543,True,7288,2390,1000,0.414316,99
0.3466284282064877,0.6533715717935122,0.20192307692307693,0.8846153846153846,1.0,0.125,0.125,5.464904451183106,21.01886327378118,0.09515262428557636,41494,97,52,21,13,200,200,1.0,41494,14383,27111,0.3466284282064877,0.6533715717935122,0,6496,0.15655275461512508,2403,True,200,200,1.0,14383,27111,0,6496,0.15655275461512508,2403,True,10647,0.9472973499999621,False,0,1.8884225296974182,10646,True,7351,2403,1000,0.414466,100
0.34675262655205347,0.6532473734479465,0.1276595744680851,0.9574468085106383,1.0,0.1702127659574468,0.1702127659574468,5.884945541113694,25.042321451547636,0.07986480022906975,41880,107,47,12,16,200,200,1.0,41880,14522,27358,0.34675262655205347,0.6532473734479465,0,6549,0.1563753581661891,2419,True,200,200,1.0,14522,27358,0,6549,0.1563753581661891,2419,True,10740,0.9468369999999617,False,0,1.9169059491157532,10739,True,7412,2419,1000,0.41461000000000003,101
0.346699451484774,0.653300548515226,0.1388888888888889,0.9259259259259259,1.0,0.23148148148148148,0.2222222222222222,5.221229473282836,19.33788693808458,0.10342391629465697,42296,92,54,15,24,200,200,1.0,42296,14664,27632,0.346699451484774,0.653300548515226,0,6617,0.1564450539058067,2444,True,200,200,1.0,14664,27632,0,6617,0.1564450539058067,2444,True,10848,0.9463023999999614,False,0,1.8898565351963044,10847,True,7488,2444,1000,0.41477200000000003,102
0.3467885607126113,0.6532114392873887,0.21951219512195122,0.8780487804878049,1.0,0.07317073170731707,0.07317073170731707,6.372300508070624,31.08439272229573,0.06434097065584528,42660,118,41,18,6,200,200,1.0,42660,14794,27866,0.3467885607126113,0.6532114392873887,0,6660,0.15611814345991562,2450,True,200,200,1.0,14794,27866,0,6660,0.15611814345991562,2450,True,10930,0.9458964999999611,False,0,1.882983185648918,10929,True,7535,2450,1000,0.41489200000000004,103
0.3469823584029712,0.6530176415970288,0.21818181818181817,0.8727272727272727,1.0,0.2909090909090909,0.2727272727272727,5.167554156674026,18.791106024269183,0.10643333060954209,43080,90,55,24,30,200,200,1.0,43080,14948,28132,0.3469823584029712,0.6530176415970288,0,6731,0.15624419684308263,2482,True,200,200,1.0,14948,28132,0,6731,0.15624419684308263,2482,True,11040,0.9453519999999607,False,0,1.8728397619724273,11039,True,7617,2482,1000,0.41506000000000004,104
0.34676603183365534,0.6532339681663446,0.22448979591836735,0.8367346938775511,1.0,0.1326530612244898,0.1326530612244898,5.489344046981918,22.405485906048643,0.0892638529861151,43476,102,49,22,13,200,200,1.0,43476,15076,28400,0.34676603183365534,0.6532339681663446,0,6786,0.15608611647805687,2495,True,200,200,1.0,15076,28400,0,6786,0.15608611647805687,2495,True,11138,0.9448668999999603,False,0,1.840648421049118,11137,True,7677,2495,1000,0.415204,105
0.34681936159555576,0.6531806384044443,0.14516129032258066,0.9193548387096774,1.0,0.3225806451612903,0.31451612903225806,4.526546956165002,14.601764374725812,0.13696974890663208,43922,77,62,18,39,200,200,1.0,43922,15233,28689,0.34681936159555576,0.6531806384044443,0,6867,0.15634533946541596,2535,True,200,200,1.0,15233,28689,0,6867,0.15634533946541596,2535,True,11261,0.9442580499999599,False,0,1.9381430804729463,11260,True,7772,2535,1000,0.41539000000000004,106
0.34685172647257956,0.6531482735274204,0.30851063829787234,0.723404255319149,1.0,0.1595744680851064,0.14893617021276595,5.667074471347564,24.115210516372613,0.08293520799422978,44310,106,47,29,14,200,200,1.0,44310,15369,28941,0.34685172647257956,0.6531482735274204,0,6919,0.15614985330625142,2550,True,200,200,1.0,15369,28941,0,6919,0.15614985330625142,2550,True,11355,0.9437927499999595,False,0,1.9137101584672929,11354,True,7833,2550,1000,0.415528,107
0.3467460388505953,0.6532539611494047,0.17045454545454544,0.9090909090909091,1.0,0.06818181818181818,0.06818181818181818,6.162013166798111,28.009150758173234,0.07140523528427181,44684,113,44,15,6,200,200,1.0,44684,15494,29190,0.3467460388505953,0.6532539611494047,0,6964,0.15584996866887477,2556,True,200,200,1.0,15494,29190,0,6964,0.15584996866887477,2556,True,11442,0.9433620999999592,False,0,1.914838057756424,11441,True,7881,2556,1000,0.41566000000000003,108
0.3466377248161602,0.6533622751838398,0.10606060606060606,0.9242424242424242,1.0,0.3333333333333333,0.32575757575757575,4.087874489383155,12.387498452676226,0.16145309786641507,45148,68,66,14,43,200,200,1.0,45148,15650,29498,0.3466377248161602,0.6533622751838398,0,7057,0.15630814211039248,2600,True,200,200,1.0,15650,29498,0,7057,0.15630814211039248,2600,True,11574,0.9427086999999588,False,0,1.9098752731084823,11573,True,7985,2600,1000,0.415858,109
0.34630239192451173,0.6536976080754883,0.125,0.9285714285714286,1.0,0.1875,0.1875,5.149276076894973,18.39027170319633,0.10875315124639454,45570,89,56,14,21,200,200,1.0,45570,15781,29789,0.34630239192451173,0.6536976080754883,0,7118,0.15619925389510644,2621,True,200,200,1.0,15781,29789,0,7118,0.15619925389510644,2621,True,11685,0.9421592499999584,False,0,1.8309186643362045,11684,True,8058,2621,1000,0.416026,110
0.3464887457007271,0.6535112542992729,0.2976190476190476,0.7857142857142857,1.0,0.11904761904761904,0.10714285714285714,6.070468942911744,28.9069949662464,0.06918740610483116,45938,116,42,25,9,200,200,1.0,45938,15917,30021,0.3464887457007271,0.6535112542992729,0,7163,0.15592755453001872,2631,True,200,200,1.0,15917,30021,0,7163,0.15592755453001872,2631,True,11769,0.9417434499999581,False,0,1.8282149869203568,11768,True,8110,2631,1000,0.416152,111
0.34644921908706533,0.6535507809129346,0.13636363636363635,0.9272727272727272,1.0,0.22727272727272727,0.22727272727272727,5.289795240972134,19.235619058080484,0.10397377874666536,46356,91,55,15,25,200,200,1.0,46356,16060,30296,0.34644921908706533,0.6535507809129346,0,7230,0.1559668651307274,2657,True,200,200,1.0,16060,30296,0,7230,0.1559668651307274,2657,True,11878,0.9412038999999577,False,0,1.8708654844760895,11877,True,8186,2657,1000,0.416314,112
0.34637110578568986,0.6536288942143101,0.18888888888888888,0.8888888888888888,1.0,0.1,0.1,5.926094404040198,26.338197351289768,0.07593534110648088,46736,110,45,17,9,200,200,1.0,46736,16188,30548,0.34637110578568986,0.6536288942143101,0,7278,0.15572577884286204,2666,True,200,200,1.0,16188,30548,0,7278,0.15572577884286204,2666,True,11968,0.9407583999999574,False,0,1.8616868472099304,11967,True,8240,2666,1000,0.41645200000000004,113
0.34615384615384615,0.6538461538461539,0.19298245614035087,0.8596491228070176,1.0,0.21929824561403508,0.21052631578947367,4.879701667429869,17.121760236596035,0.116810419744414,47164,86,57,22,24,200,200,1.0,47164,16326,30838,0.34615384615384615,0.6538461538461539,0,7347,0.15577559155287932,2692,True,200,200,1.0,16326,30838,0,7347,0.15577559155287932,2692,True,12082,0.940194099999957,False,0,1.9140303432941437,12081,True,8319,2692,1000,0.41662000000000005,114
0.34631543567767414,0.6536845643223259,0.09166666666666666,0.95,1.0,0.35,0.35,4.779413501337846,15.931378337792818,0.12553841592321924,47604,80,60,11,42,200,200,1.0,47604,16486,31118,0.34631543567767414,0.6536845643223259,0,7429,0.15605831442735904,2732,True,200,200,1.0,16486,31118,0,7429,0.15605831442735904,2732,True,12202,0.9396000999999565,False,0,1.9023104226589203,12201,True,8414,2732,1000,0.4168,115
0.3461570523507836,0.6538429476492165,0.24444444444444444,0.8444444444444444,1.0,0.07777777777777778,0.07777777777777778,5.999757249077773,26.665587773678993,0.07500303450929949,47984,110,45,22,7,200,200,1.0,47984,16610,31374,0.3461570523507836,0.6538429476492165,0,7478,0.15584361453817938,2739,True,200,200,1.0,16610,31374,0,7478,0.15584361453817938,2739,True,12292,0.9391545999999562,False,0,1.9134938633441925,12291,True,8465,2739,1000,0.41693800000000003,116
0.3461125340824589,0.6538874659175411,0.13157894736842105,0.9122807017543859,1.0,0.2543859649122807,0.2543859649122807,4.865606497177281,17.072303498867655,0.11714880772431517,48412,86,57,15,29,200,200,1.0,48412,16756,31656,0.3461125340824589,0.6538874659175411,0,7549,0.15593241345121045,2769,True,200,200,1.0,16756,31656,0,7549,0.15593241345121045,2769,True,12406,0.9385902999999558,False,0,1.9464258325099946,12405,True,8547,2769,1000,0.41710600000000003,117
0.3457000040971852,0.6542999959028148,0.17647058823529413,0.8627450980392157,1.0,0.09803921568627451,0.09803921568627451,5.472316747797116,21.46006567763575,0.09319635969633899,48814,99,51,18,10,200,200,1.0,48814,16875,31939,0.3457000040971852,0.6542999959028148,0,7606,0.1558159544393002,2779,True,200,200,1.0,16875,31939,0,7606,0.1558159544393002,2779,True,12507,0.9380903499999554,False,0,1.9206878334283828,12506,True,8607,2779,1000,0.417256,118
0.3455571799870045,0.6544428200129955,0.15254237288135594,0.8813559322033898,1.0,0.2542372881355932,0.2542372881355932,4.782660112481417,16.212407160953955,0.12336231012115279,49248,83,59,18,30,200,200,1.0,49248,17018,32230,0.3455571799870045,0.6544428200129955,0,7675,0.1558438921377518,2809,True,200,200,1.0,17018,32230,0,7675,0.1558438921377518,2809,True,12624,0.937511199999955,False,0,1.8320941424369812,12623,True,8692,2809,1000,0.41743600000000003,119
0.34572603070970864,0.6542739692902914,0.15555555555555556,0.9333333333333333,1.0,0.15555555555555556,0.15555555555555556,6.066405811042407,26.96180360463292,0.074179013738396,49626,111,45,14,14,200,200,1.0,49626,17157,32469,0.34572603070970864,0.6542739692902914,0,7727,0.1557046709386209,2823,True,200,200,1.0,17157,32469,0,7727,0.1557046709386209,2823,True,12713,0.9370706499999547,False,0,1.8448934990167618,12712,True,8749,2823,1000,0.41756800000000005,120
0.3454225914682857,0.6545774085317143,0.23387096774193547,0.8387096774193549,1.0,0.24193548387096775,0.23387096774193547,4.477843498218414,14.444656445865853,0.13845950628839027,50072,77,62,29,29,200,200,1.0,50072,17296,32776,0.3454225914682857,0.6545774085317143,0,7800,0.1557756830164563,2853,True,200,200,1.0,17296,32776,0,7800,0.1557756830164563,2853,True,12836,0.9364617999999543,False,0,1.8509891456365586,12835,True,8834,2853,1000,0.417754,121
0.34562960614945715,0.6543703938505429,0.24509803921568626,0.803921568627451,1.0,0.24509803921568626,0.20588235294117646,5.398002755888099,21.1686382583847,0.09447938859306731,50476,98,51,25,21,200,200,1.0,50476,17446,33030,0.34562960614945715,0.6543703938505429,0,7864,0.15579681432760123,2879,True,200,200,1.0,17446,33030,0,7864,0.15579681432760123,2879,True,12938,0.9359568999999539,False,0,1.8400209033489228,12937,True,8904,2879,1000,0.417904,122
0.3454406160374023,0.6545593839625977,0.1724137931034483,0.8793103448275862,1.0,0.22413793103448276,0.22413793103448276,4.8633419460472265,16.77014464154216,0.11925955576111731,50906,85,58,20,26,200,200,1.0,50906,17585,33321,0.3454406160374023,0.6545593839625977,0,7933,0.1558362472007229,2906,True,200,200,1.0,17585,33321,0,7933,0.1558362472007229,2906,True,13053,0.9353876499999535,False,0,1.9224605143070221,13052,True,8985,2906,1000,0.418078,123
0.345557891458382,0.654442108541618,0.14925373134328357,0.9104477611940298,1.0,0.3805970149253731,0.3656716417910448,4.054296090296308,12.102376388944203,0.16525680046003574,51372,67,67,20,49,200,200,1.0,51372,17752,33620,0.345557891458382,0.654442108541618,0,8027,0.15625243323211088,2956,True,200,200,1.0,17752,33620,0,8027,0.15625243323211088,2956,True,13186,0.934729299999953,False,0,1.9166098886728287,13185,True,9094,2956,1000,0.41827600000000004,124
0.3454320796972739,0.6545679203027261,0.08035714285714286,0.9642857142857143,1.0,0.23214285714285715,0.23214285714285715,5.055434844337289,18.055124444061747,0.11077187566313294,51796,88,56,9,26,200,200,1.0,51796,17892,33904,0.3454320796972739,0.6545679203027261,0,8098,0.15634411923700672,2982,True,200,200,1.0,17892,33904,0,8098,0.15634411923700672,2982,True,13298,0.9341748999999526,False,0,1.9722085028886795,13297,True,9174,2982,1000,0.41844400000000004,125
0.3451227452031711,0.6548772547968289,0.21052631578947367,0.8947368421052632,1.0,0.18421052631578946,0.18421052631578946,4.976466540608697,17.461286107398934,0.11453910025290363,52222,87,57,24,21,200,200,1.0,52222,18023,34199,0.3451227452031711,0.6548772547968289,0,8163,0.1563134311209835,3004,True,200,200,1.0,18023,34199,0,8163,0.1563134311209835,3004,True,13411,0.9336155499999522,False,0,1.9512045729160308,13410,True,9250,3004,1000,0.41861200000000004,126
0.34507256287516147,0.6549274371248386,0.16071428571428573,0.9107142857142857,1.0,0.23214285714285715,0.23214285714285715,4.987475006615332,17.8124107379119,0.11228126441881356,52644,89,56,18,26,200,200,1.0,52644,18166,34478,0.34507256287516147,0.6549274371248386,0,8233,0.15639009193830256,3030,True,200,200,1.0,18166,34478,0,8233,0.15639009193830256,3030,True,13522,0.9330660999999518,False,0,1.9849766212701798,13521,True,9328,3030,1000,0.41878000000000004,127
0.34500509107365085,0.6549949089263492,0.1875,0.9166666666666666,1.0,0.13541666666666666,0.13541666666666666,5.774971843541291,24.062382681422047,0.08311728836164463,53034,105,48,18,13,200,200,1.0,53034,18297,34737,0.34500509107365085,0.6549949089263492,0,8289,0.15629596108157032,3043,True,200,200,1.0,18297,34737,0,8289,0.15629596108157032,3043,True,13617,0.9325958499999515,False,0,1.9621403288841248,13616,True,9387,3043,1000,0.418924,128
0.34529517530716214,0.6547048246928379,0.175,0.9,1.0,0.1125,0.1125,6.519395429873235,32.596977149366175,0.06135538245879613,53392,121,40,14,9,200,200,1.0,53392,18436,34956,0.34529517530716214,0.6547048246928379,0,8334,0.15609080011986814,3052,True,200,200,1.0,18436,34956,0,8334,0.15609080011986814,3052,True,13696,0.9322047999999512,False,0,1.9527657330036163,13695,True,9435,3052,1000,0.419044,129
0.34533323421179796,0.654666765788202,0.2222222222222222,0.8518518518518519,1.0,0.2222222222222222,0.2222222222222222,5.191362664312839,19.22726912708459,0.10401893200645378,53806,93,54,24,24,200,200,1.0,53806,18581,35225,0.34533323421179796,0.654666765788202,0,8402,0.1561535888190908,3077,True,200,200,1.0,18581,35225,0,8402,0.1561535888190908,3077,True,13803,0.9316751499999508,False,0,1.9257433062791824,13802,True,9510,3077,1000,0.4192,130
0.3455979943961068,0.6544020056038933,0.11475409836065574,0.9508196721311475,1.0,0.36065573770491804,0.3360655737704918,4.660875222143527,15.281558105388612,0.1308767068257756,54248,79,61,14,41,200,200,1.0,54248,18748,35500,0.3455979943961068,0.6544020056038933,0,8488,0.15646659784692524,3121,True,200,200,1.0,18748,35500,0,8488,0.15646659784692524,3121,True,13924,0.9310761999999504,False,0,1.8899115347862243,13923,True,9607,3121,1000,0.41938600000000004,131
0.34572871678500844,0.6542712832149915,0.14285714285714285,0.9183673469387755,1.0,0.21428571428571427,0.21428571428571427,5.710288940475899,23.307301797860813,0.08581001856609433,54644,102,49,14,21,200,200,1.0,54644,18892,35752,0.34572871678500844,0.6542712832149915,0,8545,0.15637581436205256,3142,True,200,200,1.0,18892,35752,0,8545,0.15637581436205256,3142,True,14022,0.93059109999995,False,0,1.9216218584775924,14021,True,9674,3142,1000,0.41953,132
0.34587982988622734,0.6541201701137727,0.17777777777777778,0.8444444444444444,1.0,0.15555555555555556,0.15555555555555556,5.989068647220596,26.618082876535983,0.07513689131094461,55022,111,45,16,14,200,200,1.0,55022,19031,35991,0.34587982988622734,0.6541201701137727,0,8595,0.1562102431754571,3156,True,200,200,1.0,19031,35991,0,8595,0.1562102431754571,3156,True,14111,0.9301505499999497,False,0,1.8695375698804855,14110,True,9731,3156,1000,0.41966200000000004,133
0.34591774094536526,0.6540822590546347,0.34146341463414637,0.7317073170731707,1.0,0.06097560975609756,0.06097560975609756,6.211231442739509,30.29868996458297,0.06600945461133333,55386,118,41,28,5,200,200,1.0,55386,19159,36227,0.34591774094536526,0.6540822590546347,0,8640,0.15599610009749756,3161,True,200,200,1.0,19159,36227,0,8640,0.15599610009749756,3161,True,14193,0.9297446499999494,False,0,1.9098537421226502,14192,True,9777,3161,1000,0.41978800000000005,134
0.3460986547085202,0.6539013452914798,0.2073170731707317,0.8780487804878049,1.0,0.10975609756097561,0.10975609756097561,6.34625755229827,30.957353913650095,0.06460500485857532,55750,118,41,17,9,200,200,1.0,55750,19295,36455,0.3460986547085202,0.6539013452914798,0,8686,0.15580269058295965,3170,True,200,200,1.0,19295,36455,0,8686,0.15580269058295965,3170,True,14275,0.9293387499999491,False,0,1.9044928932189942,14274,True,9827,3170,1000,0.419908,135
0.3466851812290821,0.6533148187709179,0.11607142857142858,0.9107142857142857,1.0,0.375,0.36607142857142855,5.1384753204808895,18.351697573146033,0.1089817436249926,56172,89,56,13,41,200,200,1.0,56172,19474,36698,0.3466851812290821,0.6533148187709179,0,8759,0.15593178095848464,3214,True,200,200,1.0,19474,36698,0,8759,0.15593178095848464,3214,True,14386,0.9287892999999487,False,0,1.9100466644763947,14385,True,9914,3214,1000,0.420076,136
0.3466895259641557,0.6533104740358443,0.10576923076923077,0.9230769230769231,1.0,0.21153846153846154,0.21153846153846154,5.504138870229022,21.169764885496242,0.09447436052396753,56578,97,52,11,22,200,200,1.0,56578,19615,36963,0.3466895259641557,0.6533104740358443,0,8821,0.15590865707518822,3236,True,200,200,1.0,19615,36963,0,8821,0.15590865707518822,3236,True,14489,0.9282794499999484,False,0,1.9581105935573577,14488,True,9984,3236,1000,0.42023200000000005,137
0.3465617756549835,0.6534382243450165,0.26744186046511625,0.8372093023255814,1.0,0.023255813953488372,0.023255813953488372,6.142197709219258,28.568361438229108,0.07000751528310178,56948,115,43,23,2,200,200,1.0,56948,19736,37212,0.3465617756549835,0.6534382243450165,0,8864,0.15565076912270845,3238,True,200,200,1.0,19736,37212,0,8864,0.15565076912270845,3238,True,14574,0.9278586999999481,False,0,1.9200952422618867,14573,True,10028,3238,1000,0.420358,138
0.34671456473214285,0.6532854352678572,0.21428571428571427,0.8775510204081632,1.0,0.22448979591836735,0.21428571428571427,5.589938542670875,22.81607568437092,0.08765749323710414,57344,102,49,21,21,200,200,1.0,57344,19882,37462,0.34671456473214285,0.6532854352678572,0,8922,0.15558733258928573,3260,True,200,200,1.0,19882,37462,0,8922,0.15558733258928573,3260,True,14672,0.9273735999999477,False,0,1.9152015054225922,14671,True,10097,3260,1000,0.42050800000000005,139
0.34709141274238225,0.6529085872576177,0.1388888888888889,0.9074074074074074,1.0,0.3425925925925926,0.32407407407407407,5.2689485398034,19.514624221494074,0.1024872412248211,57760,92,54,15,35,200,200,1.0,57760,20048,37712,0.34709141274238225,0.6529085872576177,0,8998,0.15578254847645429,3297,True,200,200,1.0,20048,37712,0,8998,0.15578254847645429,3297,True,14780,0.9268389999999473,False,0,1.8637755805253982,14779,True,10183,3297,1000,0.42067000000000004,140
0.3472733528298641,0.6527266471701358,0.18604651162790697,0.8837209302325582,1.0,0.13953488372093023,0.13953488372093023,6.170382497682257,28.69945347759189,0.06968773818503445,58130,115,43,16,12,200,200,1.0,58130,20187,37943,0.3472733528298641,0.6527266471701358,0,9046,0.15561672114226732,3309,True,200,200,1.0,20187,37943,0,9046,0.15561672114226732,3309,True,14865,0.926418249999947,False,0,1.8440164178609848,14864,True,10237,3309,1000,0.420796,141
0.34741069902580757,0.6525893009741924,0.23333333333333334,0.8666666666666667,1.0,0.16666666666666666,0.16666666666666666,5.935276760710048,26.37900782537799,0.07581786294766914,58510,110,45,21,15,200,200,1.0,58510,20327,38183,0.34741069902580757,0.6525893009741924,0,9100,0.15552896940693897,3324,True,200,200,1.0,20327,38183,0,9100,0.15552896940693897,3324,True,14955,0.9259727499999467,False,0,1.8399147301912309,14954,True,10296,3324,1000,0.420928,142
0.34744381831760474,0.6525561816823953,0.22115384615384615,0.8653846153846154,1.0,0.20192307692307693,0.20192307692307693,5.297740131849383,20.37592358403609,0.0981550599044717,58916,97,52,23,21,200,200,1.0,58916,20470,38446,0.34744381831760474,0.6525561816823953,0,9160,0.15547559236879624,3347,True,200,200,1.0,20470,38446,0,9160,0.15547559236879624,3347,True,15058,0.9254628999999464,False,0,1.8908082503080368,15057,True,10363,3347,1000,0.421084,143
0.34728167447504127,0.6527183255249587,0.16071428571428573,0.875,1.0,0.21428571428571427,0.20535714285714285,5.022667260428953,17.938097358674835,0.1114945448232169,59338,89,56,18,23,200,200,1.0,59338,20607,38731,0.34728167447504127,0.6527183255249587,0,9228,0.15551585830327952,3371,True,200,200,1.0,20607,38731,0,9228,0.15551585830327952,3371,True,15169,0.924913449999946,False,0,1.9774533343315124,15168,True,10440,3371,1000,0.421252,144
0.347123745819398,0.652876254180602,0.1893939393939394,0.8939393939393939,1.0,0.3106060606060606,0.29545454545454547,4.156421891904262,12.59521785425534,0.15879042531402446,59800,69,66,25,39,200,200,1.0,59800,20758,39042,0.347123745819398,0.652876254180602,0,9312,0.1557190635451505,3412,True,200,200,1.0,20758,39042,0,9312,0.1557190635451505,3412,True,15300,0.9242649999999455,False,0,1.9443727099895478,15299,True,10542,3412,1000,0.42145,145
0.34694080914103503,0.6530591908589649,0.2169811320754717,0.8679245283018868,1.0,0.1792452830188679,0.16037735849056603,5.1702639628079465,19.510430048331873,0.10250927299119163,60212,94,53,23,17,200,200,1.0,60212,20890,39322,0.34694080914103503,0.6530591908589649,0,9375,0.155699860492925,3431,True,200,200,1.0,20890,39322,0,9375,0.155699860492925,3431,True,15406,0.9237402999999451,False,0,1.93627985060215,15405,True,10611,3431,1000,0.42160600000000004,146
0.34684387573379066,0.6531561242662094,0.1810344827586207,0.896551724137931,1.0,0.25862068965517243,0.25862068965517243,4.8520900153356346,16.731344880467706,0.11953611704787788,60644,84,58,21,30,200,200,1.0,60644,21034,39610,0.34684387573379066,0.6531561242662094,0,9447,0.15577798298265286,3461,True,200,200,1.0,21034,39610,0,9447,0.15577798298265286,3461,True,15522,0.9231660999999447,False,0,1.8686808782815933,15521,True,10694,3461,1000,0.42178000000000004,147
0.3465670859538784,0.6534329140461216,0.2169811320754717,0.8490566037735849,1.0,0.1509433962264151,0.1509433962264151,5.164982704090411,19.490500770152494,0.10261408999109836,61056,94,53,23,16,200,200,1.0,61056,21160,39896,0.3465670859538784,0.6534329140461216,0,9507,0.15570951257861634,3477,True,200,200,1.0,21160,39896,0,9507,0.15570951257861634,3477,True,15628,0.9226413999999443,False,0,1.8499630904197693,15627,True,10761,3477,1000,0.42194200000000004,148
0.34623641923101944,0.6537635807689806,0.21929824561403508,0.8947368421052632,1.0,0.18421052631578946,0.18421052631578946,4.952929739633645,17.378700840819807,0.11508340113101653,61484,86,57,25,21,200,200,1.0,61484,21288,40196,0.34623641923101944,0.6537635807689806,0,9573,0.15569904365363346,3498,True,200,200,1.0,21288,40196,0,9573,0.15569904365363346,3498,True,15742,0.9220770999999439,False,0,1.8897598421573638,15741,True,10834,3498,1000,0.42211000000000004,149
0.346427301813011,0.6535726981869889,0.13725490196078433,0.9411764705882353,1.0,0.2549019607843137,0.2549019607843137,5.545326675170884,21.74637911831719,0.09196933379660341,61886,99,51,14,26,200,200,1.0,61886,21439,40447,0.346427301813011,0.6535726981869889,0,9641,0.15578644604595546,3524,True,200,200,1.0,21439,40447,0,9641,0.15578644604595546,3524,True,15843,0.9215771499999436,False,0,1.9222560197114944,15842,True,10908,3524,1000,0.42226,150
0.3462451861360719,0.6537548138639281,0.13559322033898305,0.9152542372881356,1.0,0.2288135593220339,0.2033898305084746,4.831383334347364,16.37757062490632,0.12211823388253226,62320,83,59,16,24,200,200,1.0,62320,21578,40742,0.3462451861360719,0.6537548138639281,0,9711,0.1558247753530167,3551,True,200,200,1.0,21578,40742,0,9711,0.1558247753530167,3551,True,15960,0.9209979999999431,False,0,1.9267759341001511,15959,True,10990,3551,1000,0.42244000000000004,151
0.34635989668037886,0.6536401033196211,0.1,0.94,1.0,0.2,0.2,5.665036242381486,22.660144969525945,0.08826068865356604,62718,101,50,10,20,200,200,1.0,62718,21723,40995,0.34635989668037886,0.6536401033196211,0,9770,0.15577665104116842,3572,True,200,200,1.0,21723,40995,0,9770,0.15577665104116842,3572,True,16059,0.9205079499999428,False,0,1.8997809839248658,16058,True,11056,3572,1000,0.422584,152
0.3466389883687763,0.6533610116312236,0.1595744680851064,0.9361702127659575,1.0,0.24468085106382978,0.24468085106382978,5.858501558045718,24.92979386402433,0.0802252923112276,63106,106,47,15,23,200,200,1.0,63106,21875,41231,0.3466389883687763,0.6533610116312236,0,9826,0.15570627198681583,3595,True,200,200,1.0,21875,41231,0,9826,0.15570627198681583,3595,True,16153,0.9200426499999425,False,0,1.9698304152488708,16152,True,11123,3595,1000,0.422728,153
0.3465585131516774,0.6534414868483226,0.2608695652173913,0.8043478260869565,1.0,0.10869565217391304,0.10869565217391304,5.765443865256497,25.06714724024564,0.0797857044055246,63490,108,46,24,10,200,200,1.0,63490,22003,41487,0.3465585131516774,0.6534414868483226,0,9875,0.15553630492991022,3605,True,200,200,1.0,22003,41487,0,9875,0.15553630492991022,3605,True,16245,0.9195872499999421,False,0,1.9418956696987153,16244,True,11178,3605,1000,0.422866,154
0.34671464330413015,0.6532853566958698,0.14655172413793102,0.9310344827586207,1.0,0.31896551724137934,0.31896551724137934,4.915683127523241,16.950631474218074,0.11798970457484147,63920,85,58,17,37,200,200,1.0,63920,22162,41758,0.34671464330413015,0.6532853566958698,0,9952,0.15569461827284106,3642,True,200,200,1.0,22162,41758,0,9952,0.15569461827284106,3642,True,16360,0.9190179999999417,False,0,1.9156440830230712,16359,True,11268,3642,1000,0.42304,155
0.34666355576294916,0.6533364442370508,0.3372093023255814,0.7906976744186046,1.0,0.05813953488372093,0.05813953488372093,6.133190741292428,28.52646856415083,0.07011032562626406,64290,115,43,29,5,200,200,1.0,64290,22287,42003,0.34666355576294916,0.6533364442370508,0,9996,0.15548296780214652,3647,True,200,200,1.0,22287,42003,0,9996,0.15548296780214652,3647,True,16445,0.9185972499999414,False,0,1.9487090015411377,16444,True,11315,3647,1000,0.42316600000000004,156
0.34596138996139,0.65403861003861,0.2076923076923077,0.8769230769230769,1.0,0.16923076923076924,0.16153846153846155,4.21883493013563,12.981030554263477,0.15407097238078082,64750,70,65,27,21,200,200,1.0,64750,22401,42349,0.34596138996139,0.65403861003861,0,10072,0.15555212355212356,3669,True,200,200,1.0,22401,42349,0,10072,0.15555212355212356,3669,True,16575,0.917953749999941,False,0,1.912993359565735,16574,True,11400,3669,1000,0.423358,157
0.34588011534449964,0.6541198846555003,0.20161290322580644,0.8870967741935484,1.0,0.27419354838709675,0.25,4.574122205226641,14.75523292008594,0.13554513241722185,65196,77,62,25,31,200,200,1.0,65196,22550,42646,0.34588011534449964,0.6541198846555003,0,10149,0.15566905945150009,3704,True,200,200,1.0,22550,42646,0,10149,0.15566905945150009,3704,True,16698,0.9173448999999405,False,0,1.9504227924346924,16697,True,11490,3704,1000,0.42354400000000003,158
0.3458395584962039,0.654160441503796,0.19,0.86,1.0,0.17,0.17,5.515455413861909,22.061821655447638,0.09065434537705765,65594,101,50,19,17,200,200,1.0,65594,22685,42909,0.3458395584962039,0.654160441503796,0,10208,0.15562398999908528,3721,True,200,200,1.0,22685,42909,0,10208,0.15562398999908528,3721,True,16797,0.9168548499999402,False,0,1.9629539692401885,16796,True,11555,3721,1000,0.423694,159
0.3460186111363705,0.6539813888636294,0.20212765957446807,0.9148936170212766,1.0,0.2127659574468085,0.2127659574468085,5.875733133926718,25.003119718837098,0.07999001814534448,65982,106,47,19,20,200,200,1.0,65982,22831,43151,0.3460186111363705,0.6539813888636294,0,10263,0.15554242066018004,3741,True,200,200,1.0,22831,43151,0,10263,0.15554242066018004,3741,True,16891,0.9163895499999398,False,0,2.0448331809043885,16890,True,11618,3741,1000,0.42383200000000004,160
0.34591972034715524,0.6540802796528448,0.20212765957446807,0.8936170212765957,1.0,0.09574468085106383,0.09574468085106383,5.96379733084065,25.377860982300636,0.07880884844451101,66368,107,47,19,9,200,200,1.0,66368,22958,43410,0.34591972034715524,0.6540802796528448,0,10314,0.15540621986499517,3750,True,200,200,1.0,22958,43410,0,10314,0.15540621986499517,3750,True,16984,0.9159291999999395,False,0,2.036459480524063,16983,True,11672,3750,1000,0.423976,161
0.34593484971080946,0.6540651502891905,0.23255813953488372,0.8604651162790697,1.0,0.08139534883720931,0.08139534883720931,6.205325777343202,28.86198035973582,0.0692953142879315,66738,115,43,20,7,200,200,1.0,66738,23087,43651,0.34593484971080946,0.6540651502891905,0,10359,0.15521891576013666,3757,True,200,200,1.0,23087,43651,0,10359,0.15521891576013666,3757,True,17069,0.9155084499999392,False,0,2.0057830196619033,17068,True,11721,3757,1000,0.42410200000000003,162
0.34586510962821737,0.6541348903717826,0.13,0.94,1.0,0.16,0.16,5.647626165668641,22.590504662674565,0.0885327720590733,67136,101,50,13,16,200,200,1.0,67136,23220,43916,0.34586510962821737,0.6541348903717826,0,10417,0.15516265490943756,3773,True,200,200,1.0,23220,43916,0,10417,0.15516265490943756,3773,True,17168,0.9150183999999388,False,0,2.0442932766675947,17167,True,11785,3773,1000,0.424252,163
0.34587834837945836,0.6541216516205417,0.211864406779661,0.8813559322033898,1.0,0.288135593220339,0.2796610169491525,4.809021926700867,16.301769243053783,0.12268606984804449,67570,83,59,25,33,200,200,1.0,67570,23371,44199,0.34587834837945836,0.6541216516205417,0,10491,0.15526121059641854,3806,True,200,200,1.0,23371,44199,0,10491,0.15526121059641854,3806,True,17285,0.9144392499999384,False,0,1.9659077537059784,17284,True,11871,3806,1000,0.424426,164
0.3456673921995411,0.6543326078004589,0.21929824561403508,0.8245614035087719,1.0,0.20175438596491227,0.19298245614035087,4.814872692540609,16.894290149265295,0.11838319232885773,67996,87,57,25,22,200,200,1.0,67996,23504,44492,0.3456673921995411,0.6543326078004589,0,10560,0.1553032531325372,3828,True,200,200,1.0,23504,44492,0,10560,0.1553032531325372,3828,True,17398,0.913879899999938,False,0,1.9317014265060424,17397,True,11947,3828,1000,0.424594,165
0.34563640617688346,0.6543635938231165,0.2765957446808511,0.851063829787234,1.0,0.13829787234042554,0.1276595744680851,5.7221053495766645,24.34938446628368,0.08213759993684348,68384,106,47,26,12,200,200,1.0,68384,23636,44748,0.34563640617688346,0.6543635938231165,0,10613,0.15519712213383247,3841,True,200,200,1.0,23636,44748,0,10613,0.15519712213383247,3841,True,17492,0.9134145999999377,False,0,1.9203108483552933,17491,True,12006,3841,1000,0.424738,166
0.3454294433948554,0.6545705566051446,0.15789473684210525,0.9122807017543859,1.0,0.19298245614035087,0.18421052631578946,4.9397653033378734,17.332509836273243,0.11539009750419568,68810,87,57,18,21,200,200,1.0,68810,23769,45041,0.3454294433948554,0.6545705566051446,0,10675,0.15513733468972532,3863,True,200,200,1.0,23769,45041,0,10675,0.15513733468972532,3863,True,17605,0.9128552499999373,False,0,1.8549150520563125,17604,True,12082,3863,1000,0.424906,167
0.3455822828726726,0.6544177171273273,0.10714285714285714,0.9523809523809523,1.0,0.11904761904761904,0.11904761904761904,6.288993553731557,29.947588351102652,0.06678334083373232,69176,117,42,9,10,200,200,1.0,69176,23906,45270,0.3455822828726726,0.6544177171273273,0,10720,0.15496704059211286,3873,True,200,200,1.0,23906,45270,0,10720,0.15496704059211286,3873,True,17688,0.912444399999937,False,0,1.8516440999507904,17687,True,12132,3873,1000,0.425032,168
0.34547048845700484,0.6545295115429952,0.25,0.8125,1.0,0.10416666666666667,0.10416666666666667,5.661656028001236,23.590233450005147,0.08478084815220696,69566,105,48,24,10,200,200,1.0,69566,24033,45533,0.34547048845700484,0.6545295115429952,0,10775,0.15488888250007188,3883,True,200,200,1.0,24033,45533,0,10775,0.15488888250007188,3883,True,17783,0.9119741499999366,False,0,1.8560465586185455,17782,True,12188,3883,1000,0.42517000000000005,169
0.3455268275940968,0.6544731724059032,0.24390243902439024,0.8292682926829268,1.0,0.06097560975609756,0.06097560975609756,6.344363910653096,30.948116637332173,0.06462428791506605,69928,119,41,20,5,200,200,1.0,69928,24162,45766,0.3455268275940968,0.6544731724059032,0,10817,0.15468767875529116,3888,True,200,200,1.0,24162,45766,0,10817,0.15468767875529116,3888,True,17864,0.9115731999999364,False,0,1.8300921189785004,17863,True,12232,3888,1000,0.425296,170
0.3453115667927533,0.6546884332072467,0.20408163265306123,0.8163265306122449,1.0,0.09183673469387756,0.09183673469387756,5.520817896919624,22.533950599671936,0.08875496514264647,70322,103,49,20,9,200,200,1.0,70322,24283,46039,0.3453115667927533,0.6546884332072467,0,10870,0.15457467080003412,3897,True,200,200,1.0,24283,46039,0,10870,0.15457467080003412,3897,True,17961,0.911093049999936,False,0,1.8351572459936143,17960,True,12288,3897,1000,0.42544000000000004,171
0.3450182414661048,0.6549817585338952,0.30612244897959184,0.8163265306122449,1.0,0.07142857142857142,0.061224489795918366,5.5416936195905615,22.61915763098188,0.08842062258147769,70718,102,49,30,6,200,200,1.0,70718,24399,46319,0.3450182414661048,0.6549817585338952,0,10924,0.15447269436352837,3904,True,200,200,1.0,24399,46319,0,10924,0.15447269436352837,3904,True,18059,0.9106079499999357,False,0,1.8475713545084,18058,True,12344,3904,1000,0.425584,172
0.34488235459477695,0.655117645405223,0.17543859649122806,0.9122807017543859,1.0,0.22807017543859648,0.22807017543859648,4.904070982952554,17.207266606851068,0.11622996526384387,71146,86,57,20,26,200,200,1.0,71146,24537,46609,0.34488235459477695,0.655117645405223,0,10995,0.15454136564248167,3930,True,200,200,1.0,24537,46609,0,10995,0.15454136564248167,3930,True,18173,0.9100436499999353,False,0,1.8263630491495133,18172,True,12422,3930,1000,0.425758,173
0.3450578309213835,0.6549421690786166,0.12295081967213115,0.9180327868852459,1.0,0.3442622950819672,0.3442622950819672,4.679646839782518,15.343104392729568,0.13035171688903538,71588,79,61,15,42,200,200,1.0,71588,24702,46886,0.3450578309213835,0.6549421690786166,0,11077,0.15473263675476337,3972,True,200,200,1.0,24702,46886,0,11077,0.15473263675476337,3972,True,18294,0.9094446999999348,False,0,1.8064379817247391,18293,True,12514,3972,1000,0.42593800000000004,174
0.3450571134765571,0.6549428865234429,0.42045454545454547,0.6590909090909091,1.0,0.09090909090909091,0.09090909090909091,5.912876795865635,26.87671270848016,0.07441386235337324,71962,113,44,37,8,200,200,1.0,71962,24831,47131,0.3450571134765571,0.6549428865234429,0,11123,0.15456768850226507,3980,True,200,200,1.0,24831,47131,0,11123,0.15456768850226507,3980,True,18381,0.9090140499999345,False,0,1.8175783729553223,18380,True,12564,3980,1000,0.42607,175
0.3448409191338931,0.655159080866107,0.1328125,0.9375,1.0,0.265625,0.2578125,4.442458318670492,13.882682245845286,0.14406437924476348,72416,73,64,17,33,200,200,1.0,72416,24972,47444,0.3448409191338931,0.655159080866107,0,11199,0.15464814405656208,4014,True,200,200,1.0,24972,47444,0,11199,0.15464814405656208,4014,True,18508,0.9083853999999341,False,0,1.8456463593244552,18507,True,12656,4014,1000,0.42626200000000003,176
0.3446055413680424,0.6553944586319576,0.3090909090909091,0.8181818181818182,1.0,0.15454545454545454,0.11818181818181818,5.082725494522766,18.48263816190097,0.10820966046517555,72834,91,55,34,13,200,200,1.0,72834,25099,47735,0.3446055413680424,0.6553944586319576,0,11260,0.15459812724826316,4032,True,200,200,1.0,25099,47735,0,11260,0.15459812724826316,4032,True,18617,0.9078458499999337,False,0,1.9110242736339569,18616,True,12727,4032,1000,0.426424,177
0.34467027263290173,0.6553297273670983,0.14444444444444443,0.8888888888888888,1.0,0.12222222222222222,0.12222222222222222,6.0297401352142925,26.798845045396856,0.07463008187897759,73212,111,45,13,11,200,200,1.0,73212,25234,47978,0.34467027263290173,0.6553297273670983,0,11310,0.15448287166038355,4043,True,200,200,1.0,25234,47978,0,11310,0.15448287166038355,4043,True,18706,0.9074052999999334,False,0,1.9361207294464111,18705,True,12781,4043,1000,0.42655600000000005,178
0.3444547084714449,0.6555452915285551,0.17,0.94,1.0,0.11,0.11,5.635029690918706,22.540118763674823,0.08873067710819509,73612,100,50,17,11,200,200,1.0,73612,25356,48256,0.3444547084714449,0.6555452915285551,0,11367,0.15441775797424334,4054,True,200,200,1.0,25356,48256,0,11367,0.15441775797424334,4054,True,18806,0.906910299999933,False,0,1.9723076522350311,18805,True,12841,4054,1000,0.42670600000000003,179
0.3446840711312902,0.6553159288687098,0.21875,0.8333333333333334,1.0,0.25,0.22916666666666666,5.657244376370013,23.571851568208388,0.08484696224277187,74004,104,48,21,22,200,200,1.0,74004,25508,48496,0.3446840711312902,0.6553159288687098,0,11429,0.15443759796767742,4078,True,200,200,1.0,25508,48496,0,11429,0.15443759796767742,4078,True,18902,0.9064350999999327,False,0,1.9630045753717422,18901,True,12907,4078,1000,0.42685,180
0.34487393150905865,0.6551260684909413,0.19,0.88,1.0,0.26,0.26,5.5267614322271035,22.107045728908414,0.09046889505388264,74404,100,50,19,26,200,200,1.0,74404,25660,48744,0.34487393150905865,0.6551260684909413,0,11492,0.15445406160959088,4104,True,200,200,1.0,25660,48744,0,11492,0.15445406160959088,4104,True,19002,0.9059400999999323,False,0,1.9002957093715667,19001,True,12980,4104,1000,0.42700000000000005,181
0.3449995987910236,0.6550004012089764,0.22093023255813954,0.9302325581395349,1.0,0.12790697674418605,0.12790697674418605,6.176615926026609,28.72844616756562,0.06961740946010499,74774,115,43,19,11,200,200,1.0,74774,25797,48977,0.3449995987910236,0.6550004012089764,0,11540,0.15433171958167277,4115,True,200,200,1.0,25797,48977,0,11540,0.15433171958167277,4115,True,19087,0.905519349999932,False,0,1.8960305595397948,19086,True,13032,4115,1000,0.427126,182
0.3449606215410813,0.6550393784589187,0.1326530612244898,0.9387755102040817,1.0,0.14285714285714285,0.14285714285714285,5.719975985007036,23.34684075513076,0.08566469532116354,75168,103,49,13,14,200,200,1.0,75168,25930,49238,0.3449606215410813,0.6550393784589187,0,11595,0.1542544699872286,4130,True,200,200,1.0,25930,49238,0,11595,0.1542544699872286,4130,True,19184,0.9050391999999317,False,0,1.922242659330368,19183,True,13092,4130,1000,0.42727600000000004,183
0.3449951023217642,0.6550048976782358,0.17777777777777778,0.9333333333333333,1.0,0.12222222222222222,0.12222222222222222,6.056885757746273,26.919492256650106,0.07429560635587124,75546,111,45,16,11,200,200,1.0,75546,26063,49483,0.3449951023217642,0.6550048976782358,0,11646,0.15415773171312844,4141,True,200,200,1.0,26063,49483,0,11646,0.15415773171312844,4141,True,19273,0.9045986499999313,False,0,1.9205289602279663,19272,True,13146,4141,1000,0.427408,184
0.3451011868733388,0.6548988131266612,0.14285714285714285,0.9206349206349206,1.0,0.35714285714285715,0.3492063492063492,4.419923191108025,14.03150219399373,0.14253641358913888,75998,74,63,18,44,200,200,1.0,75998,26227,49771,0.3451011868733388,0.6548988131266612,0,11730,0.15434616700439485,4186,True,200,200,1.0,26227,49771,0,11730,0.15434616700439485,4186,True,19399,0.9039749499999309,False,0,1.9839199537038803,19398,True,13247,4186,1000,0.42759400000000003,185
0.34511872660156556,0.6548812733984344,0.21428571428571427,0.8367346938775511,1.0,0.1836734693877551,0.1836734693877551,5.6374074317987315,23.00982625223972,0.08691938731198916,76394,102,49,21,18,200,200,1.0,76394,26365,50029,0.34511872660156556,0.6548812733984344,0,11790,0.15433149200198967,4204,True,200,200,1.0,26365,50029,0,11790,0.15433149200198967,4204,True,19497,0.9034898499999305,False,0,1.9845995485782624,19496,True,13313,4204,1000,0.427744,186
0.34518632327283144,0.6548136767271686,0.17307692307692307,0.8846153846153846,1.0,0.2403846153846154,0.2403846153846154,5.289291528335474,20.34342895513644,0.09831184331857817,76802,96,52,18,25,200,200,1.0,76802,26511,50291,0.34518632327283144,0.6548136767271686,0,11857,0.15438400041665581,4229,True,200,200,1.0,26511,50291,0,11857,0.15438400041665581,4229,True,19601,0.9029750499999302,False,0,1.9418202668428421,19600,True,13387,4229,1000,0.4279,187
0.34531274291340625,0.6546872570865938,0.13829787234042554,0.9148936170212766,1.0,0.18085106382978725,0.18085106382978725,5.9953777111549975,25.512245579382967,0.07839372640784886,77188,107,47,13,17,200,200,1.0,77188,26654,50534,0.34531274291340625,0.6546872570865938,0,11916,0.1543763279266207,4247,True,200,200,1.0,26654,50534,0,11916,0.1543763279266207,4247,True,19694,0.9025146999999298,False,0,1.9032842868566513,19693,True,13449,4247,1000,0.42803800000000003,188
0.34526326646382344,0.6547367335361766,0.1590909090909091,0.8863636363636364,1.0,0.07954545454545454,0.07954545454545454,6.030635464233004,27.41197938287729,0.07296080199335356,77564,112,44,14,7,200,200,1.0,77564,26780,50784,0.34526326646382344,0.6547367335361766,0,11962,0.1542210303749162,4254,True,200,200,1.0,26780,50784,0,11962,0.1542210303749162,4254,True,19782,0.9020790999999295,False,0,1.9289781403541566,19781,True,13500,4254,1000,0.42817,189
0.3449208832354525,0.6550791167645476,0.23214285714285715,0.8571428571428571,1.0,0.13392857142857142,0.13392857142857142,4.932964710789793,17.61773110996355,0.11352199596626367,77986,89,56,26,15,200,200,1.0,77986,26899,51087,0.3449208832354525,0.6550791167645476,0,12025,0.1541943425743082,4269,True,200,200,1.0,26899,51087,0,12025,0.1541943425743082,4269,True,19893,0.9015296499999291,False,0,1.9120673108100892,19892,True,13569,4269,1000,0.428338,190
0.3450506545538061,0.6549493454461939,0.19148936170212766,0.8936170212765957,1.0,0.2127659574468085,0.19148936170212766,5.829250026236911,24.805319260582603,0.08062786771618541,78374,106,47,18,18,200,200,1.0,78374,27043,51331,0.3450506545538061,0.6549493454461939,0,12085,0.15419654477250108,4288,True,200,200,1.0,27043,51331,0,12085,0.15419654477250108,4288,True,19987,0.9010643499999288,False,0,1.905617052912712,19986,True,13634,4288,1000,0.428476,191
0.3450092679582561,0.6549907320417439,0.10416666666666667,0.9375,1.0,0.13541666666666666,0.13541666666666666,5.782856392767221,24.095234969863423,0.08300396333554977,78766,104,48,10,13,200,200,1.0,78766,27175,51591,0.3450092679582561,0.6549907320417439,0,12140,0.15412741538227154,4302,True,200,200,1.0,27175,51591,0,12140,0.15412741538227154,4302,True,20083,0.9005891499999285,False,0,1.928572751879692,20082,True,13695,4302,1000,0.42862,192
0.34491208569118836,0.6550879143088116,0.18627450980392157,0.8823529411764706,1.0,0.1568627450980392,0.1568627450980392,5.521195722497075,21.65174793136108,0.09237129521091166,79168,99,51,19,16,200,200,1.0,79168,27306,51862,0.34491208569118836,0.6550879143088116,0,12200,0.15410266774454326,4318,True,200,200,1.0,27306,51862,0,12200,0.15410266774454326,4318,True,20184,0.9000891999999281,False,0,1.9380682373046876,20183,True,13759,4318,1000,0.42877600000000005,193
0.3449783854428471,0.6550216145571529,0.17307692307692307,0.8653846153846154,1.0,0.2403846153846154,0.2403846153846154,5.361632024979998,20.621661634538455,0.09698539503966423,79576,96,52,18,25,200,200,1.0,79576,27452,52124,0.3449783854428471,0.6550216145571529,0,12267,0.15415451895043733,4343,True,200,200,1.0,27452,52124,0,12267,0.15415451895043733,4343,True,20288,0.8995743999999277,False,0,1.9881281733512879,20287,True,13835,4343,1000,0.42893200000000004,194
0.34495039112288506,0.6550496088771149,0.21428571428571427,0.8412698412698413,1.0,0.30158730158730157,0.29365079365079366,4.326431945159464,13.734704587807823,0.1456165283507723,80026,75,63,27,37,200,200,1.0,80026,27605,52421,0.34495039112288506,0.6550496088771149,0,12348,0.15429985254792192,4382,True,200,200,1.0,27605,52421,0,12348,0.15429985254792192,4382,True,20413,0.8989556499999273,False,0,2.0457166147232058,20412,True,13929,4382,1000,0.429118,195
0.3448738994179973,0.6551261005820027,0.19148936170212766,0.9148936170212766,1.0,0.10638297872340426,0.10638297872340426,5.902335046012555,25.116319344734276,0.07962950194051052,80412,107,47,18,10,200,200,1.0,80412,27732,52680,0.3448738994179973,0.6551261005820027,0,12398,0.15418096801472417,4392,True,200,200,1.0,27732,52680,0,12398,0.15418096801472417,4392,True,20506,0.8984952999999269,False,0,2.0516471350193024,20505,True,13984,4392,1000,0.429256,196
0.34490654784007924,0.6550934521599208,0.32222222222222224,0.7777777777777778,1.0,0.1111111111111111,0.1111111111111111,5.965072967362262,26.51143541049894,0.07543914424218497,80790,111,45,29,10,200,200,1.0,80790,27865,52925,0.34490654784007924,0.6550934521599208,0,12446,0.15405371951974253,4402,True,200,200,1.0,27865,52925,0,12446,0.15405371951974253,4402,True,20595,0.8980547499999266,False,0,2.049053146839142,20594,True,14037,4402,1000,0.42938800000000005,197
0.34482546251816815,0.6551745374818319,0.19387755102040816,0.8775510204081632,1.0,0.14285714285714285,0.14285714285714285,5.56155655069131,22.700230819148203,0.08810483100079101,81186,102,49,19,14,200,200,1.0,81186,27995,53191,0.34482546251816815,0.6551745374818319,0,12503,0.1540043849924864,4416,True,200,200,1.0,27995,53191,0,12503,0.1540043849924864,4416,True,20693,0.8975696499999263,False,0,1.9878736066818237,20692,True,14099,4416,1000,0.42953800000000003,198
0.34500796275878964,0.6549920372412104,0.16393442622950818,0.8852459016393442,1.0,0.3770491803278688,0.36885245901639346,4.590677787867601,15.051402583172461,0.13287798189891017,81630,78,61,20,45,200,200,1.0,81630,28163,53467,0.34500796275878964,0.6549920372412104,0,12586,0.15418351096410635,4461,True,200,200,1.0,28163,53467,0,12586,0.15418351096410635,4461,True,20815,0.8969657499999258,False,0,2.025349313020706,20814,True,14198,4461,1000,0.42971800000000004,199
0.344966721115635,0.655033278884365,0.14705882352941177,0.9215686274509803,1.0,0.18627450980392157,0.17647058823529413,5.45319726845884,21.38508732728957,0.093523115869992,82034,98,51,15,18,200,200,1.0,82034,28299,53735,0.344966721115635,0.655033278884365,0,12646,0.1541555940219909,4480,True,200,200,1.0,28299,53735,0,12646,0.1541555940219909,4480,True,20917,0.8964608499999255,False,0,2.0661726117134096,20916,True,14266,4480,1000,0.42987400000000003,200
0.3447129616149852,0.6552870383850148,0.2653061224489796,0.7959183673469388,1.0,0.061224489795918366,0.05102040816326531,5.5848217503019235,22.795190817558872,0.08773780469779718,82428,103,49,26,5,200,200,1.0,82428,28414,54014,0.3447129616149852,0.6552870383850148,0,12697,0.15403746299801038,4486,True,200,200,1.0,28414,54014,0,12697,0.15403746299801038,4486,True,21014,0.8959806999999251,False,0,2.0965088737010955,21013,True,14320,4486,1000,0.430018,201
0.34444390809036496,0.655556091909635,0.1271186440677966,0.8983050847457628,1.0,0.19491525423728814,0.19491525423728814,4.842735770166467,16.41605345819141,0.12183196193248409,82864,82,59,15,23,200,200,1.0,82864,28542,54322,0.34444390809036496,0.655556091909635,0,12771,0.15412000386174937,4509,True,200,200,1.0,28542,54322,0,12771,0.15412000386174937,4509,True,21132,0.8953965999999247,False,0,2.1001397514343263,21131,True,14400,4509,1000,0.430198,202
0.34458794440310153,0.6554120555968985,0.23015873015873015,0.8571428571428571,1.0,0.36507936507936506,0.3412698412698413,4.295458758425518,13.63637701087466,0.1466665228165114,83314,75,63,29,43,200,200,1.0,83314,28709,54605,0.34458794440310153,0.6554120555968985,0,12858,0.15433180497875507,4555,True,200,200,1.0,28709,54605,0,12858,0.15433180497875507,4555,True,21257,0.8947778499999243,False,0,2.041846371889114,21256,True,14500,4555,1000,0.43038400000000004,203
0.3444985789687373,0.6555014210312626,0.16666666666666666,0.9122807017543859,1.0,0.23684210526315788,0.22807017543859648,4.898492708780353,17.18769371501878,0.11636232487971203,83742,86,57,19,26,200,200,1.0,83742,28849,54893,0.3444985789687373,0.6555014210312626,0,12927,0.1543669843089489,4582,True,200,200,1.0,28849,54893,0,12927,0.1543669843089489,4582,True,21371,0.8942135499999239,False,0,2.002479072809219,21370,True,14578,4582,1000,0.43055200000000005,204
0.34448299626892276,0.6555170037310772,0.18518518518518517,0.8888888888888888,1.0,0.23148148148148148,0.2222222222222222,5.131650452340126,19.006112786444913,0.10522930293386412,84158,92,54,20,24,200,200,1.0,84158,28991,55167,0.34448299626892276,0.6555170037310772,0,12996,0.15442382185888448,4607,True,200,200,1.0,28991,55167,0,12996,0.15442382185888448,4607,True,21479,0.8936789499999235,False,0,1.9746646010875701,21478,True,14652,4607,1000,0.43071400000000004,205
0.34445232187167674,0.6555476781283233,0.20588235294117646,0.8529411764705882,1.0,0.34558823529411764,0.3382352941176471,3.8340843667504196,11.27671872573653,0.17735655633898698,84630,64,68,28,46,200,200,1.0,84630,29151,55479,0.34445232187167674,0.6555476781283233,0,13089,0.15466146756469337,4655,True,200,200,1.0,29151,55479,0,13089,0.15466146756469337,4655,True,21615,0.893005749999923,False,0,1.9314071553945542,21614,True,14759,4655,1000,0.430918,206
0.3444909672563041,0.6555090327436959,0.32653061224489793,0.7346938775510204,1.0,0.16326530612244897,0.16326530612244897,5.611014156343962,22.902098597322293,0.08732824162384138,85024,103,49,32,16,200,200,1.0,85024,29290,55734,0.3444909672563041,0.6555090327436959,0,13147,0.15462692886714338,4672,True,200,200,1.0,29290,55734,0,13147,0.15462692886714338,4672,True,21712,0.8925255999999226,False,0,1.9078592962026597,21711,True,14821,4672,1000,0.431068,207
0.34475570337752376,0.6552442966224763,0.1951219512195122,0.8536585365853658,1.0,0.18292682926829268,0.17073170731707318,6.334448968927814,30.899751067940553,0.064725440525476,85388,118,41,16,14,200,200,1.0,85388,29438,55950,0.34475570337752376,0.6552442966224763,0,13196,0.15454162177355132,4687,True,200,200,1.0,29438,55950,0,13196,0.15454162177355132,4687,True,21794,0.8921196999999224,False,0,1.838776535987854,21793,True,14875,4687,1000,0.431188,208
0.34488025557913393,0.6551197444208661,0.24444444444444444,0.8444444444444444,1.0,0.17777777777777778,0.17777777777777778,6.072809384323428,26.990263930326343,0.07410079446288015,85766,111,45,22,16,200,200,1.0,85766,29579,56187,0.34488025557913393,0.6551197444208661,0,13249,0.15447846465965534,4702,True,200,200,1.0,29579,56187,0,13249,0.15447846465965534,4702,True,21883,0.891679149999922,False,0,1.8962791526317597,21882,True,14931,4702,1000,0.43132000000000004,209
0.3450125383115074,0.6549874616884925,0.19767441860465115,0.9302325581395349,1.0,0.13953488372093023,0.13953488372093023,6.316263873658652,29.377971505389077,0.06807821975159589,86136,115,43,17,12,200,200,1.0,86136,29718,56418,0.3450125383115074,0.6549874616884925,0,13298,0.15438376520850747,4714,True,200,200,1.0,29718,56418,0,13298,0.15438376520850747,4714,True,21968,0.8912583999999217,False,0,1.9354750019311906,21967,True,14985,4714,1000,0.431452,210
0.3450635838150289,0.6549364161849711,0.2073170731707317,0.8292682926829268,1.0,0.06097560975609756,0.06097560975609756,6.306783978693958,30.764799896068087,0.06500936156765354,86500,118,41,17,5,200,200,1.0,86500,29848,56652,0.3450635838150289,0.6549364161849711,0,13342,0.15424277456647398,4720,True,200,200,1.0,29848,56652,0,13342,0.15424277456647398,4720,True,22050,0.8908524999999214,False,0,1.9420869553089142,22049,True,15031,4720,1000,0.431572,211
0.34513427065835195,0.654865729341648,0.1111111111111111,0.9259259259259259,1.0,0.26851851851851855,0.26851851851851855,5.217639004074207,19.324588903978544,0.10349508648995065,86914,93,54,12,29,200,200,1.0,86914,29997,56917,0.34513427065835195,0.654865729341648,0,13405,0.15423291989783003,4748,True,200,200,1.0,29997,56917,0,13405,0.15423291989783003,4748,True,22157,0.8903228499999211,False,0,1.9707236993312836,22156,True,15110,4748,1000,0.431734,212
0.3450320512820513,0.6549679487179487,0.12096774193548387,0.9193548387096774,1.0,0.27419354838709675,0.27419354838709675,4.495517654937944,14.501669854638529,0.13791515184441167,87360,77,62,15,34,200,200,1.0,87360,30142,57218,0.3450320512820513,0.6549679487179487,0,13485,0.15436126373626374,4782,True,200,200,1.0,30142,57218,0,13485,0.15436126373626374,4782,True,22280,0.8897139999999206,False,0,2.036149786114693,22279,True,15199,4782,1000,0.43192,213
0.3450967433168486,0.6549032566831514,0.13,0.94,1.0,0.21,0.21,5.649606608838712,22.59842643535485,0.0885017373099498,87758,101,50,13,21,200,200,1.0,87758,30285,57473,0.3450967433168486,0.6549032566831514,0,13549,0.15439048291893617,4803,True,200,200,1.0,30285,57473,0,13549,0.15439048291893617,4803,True,22379,0.8892239499999203,False,0,2.0021939772367476,22378,True,15268,4803,1000,0.432064,214
0.3448432324515631,0.6551567675484369,0.21,0.86,1.0,0.07,0.07,5.667559687441095,22.67023874976438,0.08822139114087568,88156,101,50,21,7,200,200,1.0,88156,30400,57756,0.3448432324515631,0.6551567675484369,0,13602,0.15429465946730794,4810,True,200,200,1.0,30400,57756,0,13602,0.15429465946730794,4810,True,22478,0.8887338999999199,False,0,2.005255343914032,22477,True,15324,4810,1000,0.43221400000000004,215
0.34491012555324724,0.6550898744467528,0.20754716981132076,0.8490566037735849,1.0,0.25471698113207547,0.25471698113207547,5.135336807153485,19.378629460956546,0.10320647309086213,88568,94,53,22,27,200,200,1.0,88568,30548,58020,0.34491012555324724,0.6550898744467528,0,13669,0.1543333935507181,4837,True,200,200,1.0,30548,58020,0,13669,0.1543333935507181,4837,True,22584,0.8882091999999195,False,0,2.0074544239044187,22583,True,15398,4837,1000,0.43237600000000004,216
0.34496368093192703,0.655036319068073,0.27380952380952384,0.8095238095238095,1.0,0.08333333333333333,0.08333333333333333,6.1590408497422615,29.328765951153628,0.06819243616765032,88934,117,42,23,7,200,200,1.0,88934,30679,58255,0.34496368093192703,0.655036319068073,0,13713,0.15419299705399508,4844,True,200,200,1.0,30679,58255,0,13713,0.15419299705399508,4844,True,22667,0.8877983499999192,False,0,1.9765351033210754,22666,True,15446,4844,1000,0.432496,217
0.3449950756558331,0.6550049243441669,0.13636363636363635,0.9272727272727272,1.0,0.2545454545454545,0.22727272727272727,5.201086099430025,18.913040361563727,0.10574714386294685,89352,91,55,15,25,200,200,1.0,89352,30826,58526,0.3449950756558331,0.6550049243441669,0,13778,0.154199122571403,4872,True,200,200,1.0,30826,58526,0,13778,0.154199122571403,4872,True,22776,0.8872587999999189,False,0,2.0118890017271043,22775,True,15524,4872,1000,0.43266400000000005,218
0.3450261780104712,0.6549738219895288,0.2818181818181818,0.8,1.0,0.2545454545454545,0.21818181818181817,5.02210548638283,18.262201768664834,0.10951581990686886,89770,91,55,31,24,200,200,1.0,89770,30973,58797,0.3450261780104712,0.6549738219895288,0,13847,0.15424974935947422,4899,True,200,200,1.0,30973,58797,0,13847,0.15424974935947422,4899,True,22885,0.8867192499999185,False,0,2.0054010874032975,22884,True,15602,4899,1000,0.43282600000000004,219
0.34475149149459955,0.6552485085054005,0.09615384615384616,0.9615384615384616,1.0,0.09615384615384616,0.08653846153846154,5.3447111510710315,20.5565813502732,0.09729244206130704,90178,96,52,10,9,200,200,1.0,90178,31089,59089,0.34475149149459955,0.6552485085054005,0,13904,0.15418394730422055,4909,True,200,200,1.0,31089,59089,0,13904,0.15418394730422055,4909,True,22989,0.8862044499999181,False,0,2.008827868103981,22988,True,15664,4909,1000,0.43298200000000003,220
0.344651409150096,0.6553485908499039,0.14754098360655737,0.9344262295081968,1.0,0.27049180327868855,0.2540983606557377,4.6742328742743915,15.325353686145545,0.13050269774902773,90622,78,61,18,31,200,200,1.0,90622,31233,59389,0.344651409150096,0.6553485908499039,0,13982,0.15428924543709033,4942,True,200,200,1.0,31233,59389,0,13982,0.15428924543709033,4942,True,23111,0.8856005499999177,False,0,2.013504956960678,23110,True,15755,4942,1000,0.43316200000000005,221
0.34464654452792054,0.6553534554720795,0.13392857142857142,0.9642857142857143,1.0,0.25,0.25,5.25326803778995,18.761671563535536,0.10660030974463508,91044,89,56,15,28,200,200,1.0,91044,31378,59666,0.34464654452792054,0.6553534554720795,0,14051,0.1543319713545099,4970,True,200,200,1.0,31378,59666,0,14051,0.1543319713545099,4970,True,23222,0.8850510999999173,False,0,2.005089936852455,23221,True,15835,4970,1000,0.43333,222
0.34476084246440525,0.6552391575355947,0.11764705882352941,0.9411764705882353,1.0,0.24509803921568626,0.24509803921568626,5.683064937297823,22.286529165873816,0.08974030837706637,91446,99,51,12,25,200,200,1.0,91446,31527,59919,0.34476084246440525,0.6552391575355947,0,14113,0.1543315180543709,4995,True,200,200,1.0,31527,59919,0,14113,0.1543315180543709,4995,True,23323,0.8845511499999169,False,0,2.008855991959572,23322,True,15907,4995,1000,0.43348000000000003,223
0.3447348361102036,0.6552651638897964,0.18478260869565216,0.8913043478260869,1.0,0.11956521739130435,0.11956521739130435,5.9250364181180935,25.761027904861272,0.07763665360661276,91830,108,46,17,11,200,200,1.0,91830,31657,60173,0.3447348361102036,0.6552651638897964,0,14168,0.1542850920178591,5006,True,200,200,1.0,31657,60173,0,14168,0.1542850920178591,5006,True,23415,0.8840957499999166,False,0,2.006894453763962,23414,True,15964,5006,1000,0.433618,224
0.3445210528598066,0.6554789471401934,0.16666666666666666,0.9074074074074074,1.0,0.1388888888888889,0.1388888888888889,5.296821706834757,19.617858173462064,0.10194792837810844,92244,93,54,18,15,200,200,1.0,92244,31780,60464,0.3445210528598066,0.6554789471401934,0,14230,0.1542647760287932,5021,True,200,200,1.0,31780,60464,0,14230,0.1542647760287932,5021,True,23522,0.8835660999999162,False,0,2.0043114268779756,23521,True,16030,5021,1000,0.43378,225
0.3446574691797828,0.6553425308202172,0.1875,0.9166666666666666,1.0,0.21875,0.20833333333333334,5.782253306243895,24.092722109349562,0.08301262061308831,92634,105,48,18,20,200,200,1.0,92634,31927,60707,0.3446574691797828,0.6553425308202172,0,14288,0.15424142323552908,5042,True,200,200,1.0,31927,60707,0,14288,0.15424142323552908,5042,True,23617,0.8830958499999159,False,0,2.0285931968688966,23616,True,16097,5042,1000,0.43392400000000003,226
0.3445959020446776,0.6554040979553224,0.14893617021276595,0.8723404255319149,1.0,0.11702127659574468,0.11702127659574468,5.823527071606231,24.78096626215417,0.08070710313884844,93022,106,47,14,11,200,200,1.0,93022,32055,60967,0.3445959020446776,0.6554040979553224,0,14342,0.15417858141084906,5053,True,200,200,1.0,32055,60967,0,14342,0.15417858141084906,5053,True,23711,0.8826305499999155,False,0,2.025117952823639,23710,True,16155,5053,1000,0.434062,227
0.344709459170128,0.6552905408298719,0.22916666666666666,0.8541666666666666,1.0,0.20833333333333334,0.20833333333333334,5.646062882340578,23.52526200975241,0.08501499363411548,93412,105,48,22,20,200,200,1.0,93412,32200,61212,0.344709459170128,0.6552905408298719,0,14398,0.1541343724575001,5073,True,200,200,1.0,32200,61212,0,14398,0.1541343724575001,5073,True,23806,0.8821602999999152,False,0,1.9878758668899537,23805,True,16219,5073,1000,0.43420600000000004,228
0.3447514872385339,0.6552485127614661,0.1595744680851064,0.9148936170212766,1.0,0.13829787234042554,0.1276595744680851,5.848089135631772,24.885485683539457,0.08036813206836076,93798,107,47,15,12,200,200,1.0,93798,32337,61461,0.3447514872385339,0.6552485127614661,0,14451,0.15406511865924646,5087,True,200,200,1.0,32337,61461,0,14451,0.15406511865924646,5087,True,23899,0.8816999499999149,False,0,1.948061604499817,23898,True,16278,5087,1000,0.434344,229
0.34471667268210865,0.6552833273178913,0.24509803921568626,0.8431372549019608,1.0,0.18627450980392157,0.18627450980392157,5.387151600750982,21.12608470882738,0.09466969519270718,94202,98,51,25,19,200,200,1.0,94202,32473,61729,0.34471667268210865,0.6552833273178913,0,14513,0.1540625464427507,5106,True,200,200,1.0,32473,61729,0,14513,0.1540625464427507,5106,True,24001,0.8811950499999145,False,0,1.9196432876586913,24000,True,16346,5106,1000,0.4345,230
0.344553450608931,0.655446549391069,0.22916666666666666,0.9166666666666666,1.0,0.08333333333333333,0.08333333333333333,5.770343454371039,24.043097726545994,0.08318395669089675,94592,105,48,22,8,200,200,1.0,94592,32592,62000,0.344553450608931,0.655446549391069,0,14566,0.15398765223274696,5113,True,200,200,1.0,32592,62000,0,14566,0.15398765223274696,5113,True,24096,0.8807247999999142,False,0,1.8545099687576294,24095,True,16400,5113,1000,0.43464400000000003,231
0.34455391351943077,0.6554460864805692,0.08490566037735849,0.9433962264150944,1.0,0.22641509433962265,0.22641509433962265,5.398361067791834,20.371173840723902,0.09817794574026023,95004,94,53,9,24,200,200,1.0,95004,32734,62270,0.34455391351943077,0.6554460864805692,0,14629,0.15398299018988673,5137,True,200,200,1.0,32734,62270,0,14629,0.15398299018988673,5137,True,24202,0.8802000999999138,False,0,1.916260163784027,24201,True,16474,5137,1000,0.4348,232
0.34459402784767657,0.6554059721523234,0.13953488372093023,0.9534883720930233,1.0,0.10465116279069768,0.10465116279069768,6.242552328682036,29.035127110149006,0.06888208177676328,95376,114,43,12,9,200,200,1.0,95376,32866,62510,0.34459402784767657,0.6554059721523234,0,14675,0.15386470390874016,5146,True,200,200,1.0,32866,62510,0,14675,0.15386470390874016,5146,True,24288,0.8797743999999135,False,0,2.0071119487285616,24287,True,16525,5146,1000,0.43493200000000004,233
0.3447725042283519,0.6552274957716482,0.22115384615384615,0.8076923076923077,1.0,0.27884615384615385,0.27884615384615385,5.366818047258789,20.641607874072267,0.09689167685973638,95782,97,52,23,29,200,200,1.0,95782,33023,62759,0.3447725042283519,0.6552274957716482,0,14738,0.15387024701927293,5176,True,200,200,1.0,33023,62759,0,14738,0.15387024701927293,5176,True,24391,0.8792645499999131,False,0,2.000223568081856,24390,True,16600,5176,1000,0.435082,234
0.34484659386375455,0.6551534061362454,0.25,0.8809523809523809,1.0,0.10714285714285714,0.09523809523809523,6.238371208723116,29.706529565348173,0.06732526583424754,96150,116,42,21,8,200,200,1.0,96150,33157,62993,0.34484659386375455,0.6551534061362454,0,14784,0.1537597503900156,5185,True,200,200,1.0,33157,62993,0,14784,0.1537597503900156,5185,True,24475,0.8788487499999128,False,0,2.0428695994615556,24474,True,16651,5185,1000,0.43520800000000004,235
0.3448982973611169,0.6551017026388831,0.20192307692307693,0.8846153846153846,1.0,0.23076923076923078,0.22115384615384615,5.3217348371444055,20.468210912093866,0.09771249712979448,96556,97,52,21,23,200,200,1.0,96556,33302,63254,0.3448982973611169,0.6551017026388831,0,14844,0.15373462032395707,5209,True,200,200,1.0,33302,63254,0,14844,0.15373462032395707,5209,True,24578,0.8783388999999124,False,0,2.0471428018808364,24577,True,16723,5209,1000,0.43536400000000003,236
0.3450442642233641,0.6549557357766359,0.3170731707317073,0.7804878048780488,1.0,0.12195121951219512,0.12195121951219512,6.302575977419217,30.744273060581545,0.06505276595933827,96918,119,41,26,10,200,200,1.0,96918,33441,63477,0.3450442642233641,0.6549557357766359,0,14888,0.15361439567469407,5219,True,200,200,1.0,33441,63477,0,14888,0.15361439567469407,5219,True,24659,0.8779379499999121,False,0,1.9900926703214645,24658,True,16771,5219,1000,0.43548400000000004,237
0.3449523183163433,0.6550476816836567,0.1326530612244898,0.8979591836734694,1.0,0.12244897959183673,0.12244897959183673,5.622295861378208,22.948146372972275,0.08715300867853742,97312,103,49,13,12,200,200,1.0,97312,33568,63744,0.3449523183163433,0.6550476816836567,0,14942,0.15354735284445906,5231,True,200,200,1.0,33568,63744,0,14942,0.15354735284445906,5231,True,24756,0.8774577999999118,False,0,1.9471742886304855,24755,True,16831,5231,1000,0.435634,238
0.3448046499252983,0.6551953500747016,0.19811320754716982,0.9056603773584906,1.0,0.1509433962264151,0.1509433962264151,5.312802631411691,20.048311816647892,0.09975902301854775,97722,95,53,21,16,200,200,1.0,97722,33695,64027,0.3448046499252983,0.6551953500747016,0,15002,0.1535171199934508,5247,True,200,200,1.0,33695,64027,0,15002,0.1535171199934508,5247,True,24861,0.8769380499999114,False,0,1.9882299888134003,24860,True,16897,5247,1000,0.43579,239
0.34493406436622304,0.6550659356337769,0.13725490196078433,0.9019607843137255,1.0,0.2647058823529412,0.2647058823529412,5.422537629574979,21.26485344931364,0.09405190610728395,98126,98,51,14,27,200,200,1.0,98126,33847,64279,0.34493406436622304,0.6550659356337769,0,15067,0.1535474797709068,5274,True,200,200,1.0,33847,64279,0,15067,0.1535474797709068,5274,True,24963,0.8764331499999111,False,0,1.9967993462085725,24962,True,16972,5274,1000,0.43594,240
0.34494660332155763,0.6550533966784424,0.2826086956521739,0.8043478260869565,1.0,0.13043478260869565,0.13043478260869565,5.723814734555008,24.88615101980438,0.08036598341014653,98508,109,46,26,12,200,200,1.0,98508,33980,64528,0.34494660332155763,0.6550533966784424,0,15119,0.15347992041255532,5286,True,200,200,1.0,33980,64528,0,15119,0.15347992041255532,5286,True,25054,0.8759826999999107,False,0,2.0041150522232054,25053,True,17028,5286,1000,0.436078,241
0.3450541895826593,0.6549458104173407,0.09803921568627451,0.9803921568627451,1.0,0.2549019607843137,0.24509803921568626,5.537158748492398,21.71434803330352,0.09210499882071427,98912,98,51,10,25,200,200,1.0,98912,34130,64782,0.3450541895826593,0.6549458104173407,0,15183,0.1535000808799741,5312,True,200,200,1.0,34130,64782,0,15183,0.1535000808799741,5312,True,25156,0.8754777999999104,False,0,2.0248654103279113,25155,True,17100,5312,1000,0.436234,242
0.3450088623912343,0.6549911376087657,0.1956521739130435,0.9130434782608695,1.0,0.10869565217391304,0.10869565217391304,5.880324758496227,25.566629384766202,0.07822697196024181,99296,108,46,18,10,200,200,1.0,99296,34258,65038,0.3450088623912343,0.6549911376087657,0,15233,0.15341000644537545,5322,True,200,200,1.0,34258,65038,0,15233,0.15341000644537545,5322,True,25248,0.87502239999991,False,0,2.0062890446186064,25247,True,17156,5322,1000,0.43637200000000004,243
0.344991875463901,0.655008124536099,0.17647058823529413,0.8823529411764706,1.0,0.17647058823529413,0.17647058823529413,5.510462300575109,21.6096560806867,0.09255121842440932,99698,99,51,18,18,200,200,1.0,99698,34395,65303,0.344991875463901,0.655008124536099,0,15288,0.15334309615037414,5340,True,200,200,1.0,34395,65303,0,15288,0.15334309615037414,5340,True,25349,0.8745224499999097,False,0,1.9326697677373885,25348,True,17221,5340,1000,0.436522,244
0.3451450390835849,0.6548549609164152,0.1527777777777778,0.9444444444444444,1.0,0.041666666666666664,0.041666666666666664,6.864582243297579,38.13656801831988,0.052443103926898944,100042,128,36,11,3,200,200,1.0,100042,34529,65513,0.3451450390835849,0.6548549609164152,0,15325,0.15318566202195077,5343,True,200,200,1.0,34529,65513,0,15325,0.15318566202195077,5343,True,25421,0.8741660499999094,False,0,1.9498170357942581,25420,True,17260,5343,1000,0.43663,245
0.3449913386297115,0.6550086613702886,0.27450980392156865,0.7843137254901961,1.0,0.12745098039215685,0.12745098039215685,5.309813731441608,20.822798946829835,0.09604856701094402,100446,98,51,28,13,200,200,1.0,100446,34653,65793,0.3449913386297115,0.6550086613702886,0,15382,0.15313700894012702,5356,True,200,200,1.0,34653,65793,0,15382,0.15313700894012702,5356,True,25523,0.8736611499999091,False,0,1.9039910596609115,25522,True,17324,5356,1000,0.43678,246
0.3449913729845507,0.6550086270154494,0.2,0.88,1.0,0.19,0.19,5.557257111831358,22.229028447325433,0.08997244322842357,100846,100,50,20,19,200,200,1.0,100846,34791,66055,0.3449913729845507,0.6550086270154494,0,15441,0.15311465006048827,5375,True,200,200,1.0,34791,66055,0,15441,0.15311465006048827,5375,True,25623,0.8731661499999087,False,0,1.903016694188118,25622,True,17389,5375,1000,0.43693000000000004,247
0.3449783814732187,0.6550216185267813,0.125,0.9375,1.0,0.328125,0.328125,4.270260421797946,13.344563818118582,0.1498737633735544,101302,72,64,16,42,200,200,1.0,101302,34947,66355,0.3449783814732187,0.6550216185267813,0,15532,0.1533237250992083,5417,True,200,200,1.0,34947,66355,0,15532,0.1533237250992083,5417,True,25751,0.8725325499999083,False,0,1.928028456568718,25750,True,17488,5417,1000,0.437122,248
0.3448082706028027,0.6551917293971973,0.15625,0.9375,1.0,0.265625,0.25,4.339505802937527,13.560955634179772,0.1474822316326359,101758,72,64,20,32,200,200,1.0,101758,35087,66671,0.3448082706028027,0.6551917293971973,0,15614,0.1534424811808408,5451,True,200,200,1.0,35087,66671,0,15614,0.1534424811808408,5451,True,25879,0.8718989499999078,False,0,1.887868817448616,25878,True,17581,5451,1000,0.43731400000000004,249
0.3448164464023495,0.6551835535976505,0.15625,0.8958333333333334,1.0,0.16666666666666666,0.16666666666666666,5.788298517896312,24.117910491234635,0.08292592348441113,102150,104,48,15,16,200,200,1.0,102150,35223,66927,0.3448164464023495,0.6551835535976505,0,15670,0.15340186000978953,5467,True,200,200,1.0,35223,66927,0,15670,0.15340186000978953,5467,True,25975,0.8714237499999075,False,0,1.8611260777711869,25974,True,17643,5467,1000,0.437458,250
0.34501413393118235,0.6549858660688177,0.175,0.9,1.0,0.38333333333333336,0.35833333333333334,4.728772401795234,15.762574672650778,0.12688282476276838,102590,80,60,21,43,200,200,1.0,102590,35395,67195,0.34501413393118235,0.6549858660688177,0,15752,0.15354323033434059,5513,True,200,200,1.0,35395,67195,0,15752,0.15354323033434059,5513,True,26095,0.870829749999907,False,0,1.92843270778656,26094,True,17736,5513,1000,0.437638,251
0.34493806065783855,0.6550619393421615,0.2222222222222222,0.8333333333333334,1.0,0.18518518518518517,0.18518518518518517,5.1755104093942625,19.1685570718306,0.10433753529310381,103004,93,54,24,20,200,200,1.0,103004,35530,67474,0.34493806065783855,0.6550619393421615,0,15814,0.15352801832938526,5534,True,200,200,1.0,35530,67474,0,15814,0.15352801832938526,5534,True,26202,0.8703000999999067,False,0,1.9693999123573303,26201,True,17809,5534,1000,0.4378,252
0.34490924204055595,0.655090757959444,0.18461538461538463,0.8461538461538461,1.0,0.3153846153846154,0.3153846153846154,4.109108430757542,12.64341055617705,0.15818516618705245,103462,71,65,24,41,200,200,1.0,103462,35685,67777,0.34490924204055595,0.655090757959444,0,15898,0.15366028106937812,5576,True,200,200,1.0,35685,67777,0,15898,0.15366028106937812,5576,True,26331,0.8696615499999062,False,0,1.9287727066874505,26330,True,17907,5576,1000,0.43799200000000005,253
0.34507394854413803,0.6549260514558619,0.23469387755102042,0.7959183673469388,1.0,0.25510204081632654,0.24489795918367346,5.509351692826962,22.48714976664066,0.08893968425322489,103856,103,49,23,24,200,200,1.0,103856,35838,68018,0.34507394854413803,0.6549260514558619,0,15961,0.15368394700354338,5601,True,200,200,1.0,35838,68018,0,15961,0.15368394700354338,5601,True,26428,0.8691813999999058,False,0,1.9374133989214897,26427,True,17976,5601,1000,0.43814200000000003,254
0.344934342950254,0.655065657049746,0.10869565217391304,0.9420289855072463,1.0,0.30434782608695654,0.30434782608695654,4.025549220168024,11.668258609182677,0.1714051828116015,104330,63,69,15,42,200,200,1.0,104330,35987,68343,0.344934342950254,0.655065657049746,0,16053,0.1538675357040161,5643,True,200,200,1.0,35987,68343,0,16053,0.1538675357040161,5643,True,26565,0.8685032499999054,False,0,1.883375989496708,26564,True,18080,5643,1000,0.438346,255
0.34491284342364015,0.6550871565763599,0.21428571428571427,0.875,1.0,0.25,0.21428571428571427,4.960255243898135,17.715197299636195,0.11289741605311235,104754,88,56,24,24,200,200,1.0,104754,36131,68623,0.34491284342364015,0.6550871565763599,0,16123,0.15391297707008803,5671,True,200,200,1.0,36131,68623,0,16123,0.15391297707008803,5671,True,26677,0.867948849999905,False,0,1.975063346028328,26676,True,18159,5671,1000,0.438514,256
0.3449627149596713,0.6550372850403288,0.2391304347826087,0.8478260869565217,1.0,0.14130434782608695,0.14130434782608695,5.867437201344757,25.5105965275859,0.07839879392225496,105136,109,46,22,13,200,200,1.0,105136,36268,68868,0.3449627149596713,0.6550372850403288,0,16174,0.1538388373154771,5685,True,200,200,1.0,36268,68868,0,16174,0.1538388373154771,5685,True,26768,0.8674983999999046,False,0,1.991804991364479,26767,True,18217,5685,1000,0.43865200000000004,257
0.3451798779332044,0.6548201220667955,0.08888888888888889,0.9777777777777777,1.0,0.24444444444444444,0.24444444444444444,6.119401260550193,27.197338935778635,0.07353660608939062,105516,110,45,8,22,200,200,1.0,105516,36422,69094,0.3451798779332044,0.6548201220667955,0,16228,0.1537965806133667,5707,True,200,200,1.0,36422,69094,0,16228,0.1537965806133667,5707,True,26858,0.8670528999999043,False,0,1.9809380453824996,26857,True,18283,5707,1000,0.438784,258
0.34493109307154995,0.6550689069284501,0.16964285714285715,0.875,1.0,0.14285714285714285,0.14285714285714285,4.923084073761646,17.582443120577306,0.11374983478031757,105940,88,56,19,16,200,200,1.0,105940,36542,69398,0.34493109307154995,0.6550689069284501,0,16293,0.1537946007173872,5723,True,200,200,1.0,36542,69398,0,16293,0.1537946007173872,5723,True,26970,0.8664984999999039,False,0,2.0327860605716705,26969,True,18354,5723,1000,0.438952,259
0.3448775348959705,0.6551224651040295,0.10227272727272728,0.9318181818181818,1.0,0.056818181818181816,0.056818181818181816,6.226033039165012,28.300150178022783,0.07067100306602443,106316,112,44,9,5,200,200,1.0,106316,36666,69650,0.3448775348959705,0.6551224651040295,0,16339,0.15368335904285338,5729,True,200,200,1.0,36666,69650,0,16339,0.15368335904285338,5729,True,27058,0.8660628999999036,False,0,1.9926444065570832,27057,True,18403,5729,1000,0.43908400000000003,260
0.34471968220656574,0.6552803177934343,0.16363636363636364,0.8909090909090909,1.0,0.17272727272727273,0.17272727272727273,5.005693819160447,18.202522978765263,0.10987487846235186,106736,90,55,18,19,200,200,1.0,106736,36794,69942,0.34471968220656574,0.6552803177934343,0,16407,0.15371570978863738,5748,True,200,200,1.0,36794,69942,0,16407,0.15371570978863738,5748,True,27168,0.8655183999999032,False,0,2.0377620816230775,27167,True,18474,5748,1000,0.43925200000000003,261
0.34468466450095214,0.6553153354990479,0.18085106382978725,0.851063829787234,1.0,0.1276595744680851,0.1276595744680851,5.764235895297041,24.52866338424273,0.08153725984452967,107124,106,47,17,12,200,200,1.0,107124,36924,70200,0.34468466450095214,0.6553153354990479,0,16462,0.15367237967215563,5760,True,200,200,1.0,36924,70200,0,16462,0.15367237967215563,5760,True,27262,0.8650530999999029,False,0,2.05166682779789,27261,True,18531,5760,1000,0.43939,262
0.34487503719131213,0.6551249628086879,0.10526315789473684,0.9649122807017544,1.0,0.35964912280701755,0.3508771929824561,4.979333241717399,17.471344707780347,0.11447315781648787,107552,86,57,12,40,200,200,1.0,107552,37092,70460,0.34487503719131213,0.6551249628086879,0,16540,0.1537860755727462,5801,True,200,200,1.0,37092,70460,0,16540,0.1537860755727462,5801,True,27376,0.8644887999999025,False,0,2.029350878596306,27375,True,18624,5801,1000,0.439564,263
0.34488601640771127,0.6551139835922888,0.1935483870967742,0.8709677419354839,1.0,0.31451612903225806,0.31451612903225806,4.617902426121927,14.896459439102992,0.13426009100860764,107998,77,62,24,39,200,200,1.0,107998,37247,70751,0.34488601640771127,0.6551139835922888,0,16618,0.1538732198744421,5840,True,200,200,1.0,37247,70751,0,16618,0.1538732198744421,5840,True,27499,0.863879949999902,False,0,1.9840601712465287,27498,True,18720,5840,1000,0.439744,264
0.34484698677390196,0.6551530132260981,0.07142857142857142,0.9464285714285714,1.0,0.24107142857142858,0.23214285714285715,4.923711422149243,17.58468365053301,0.11373534149073976,108422,88,56,8,26,200,200,1.0,108422,37389,71033,0.34484698677390196,0.6551530132260981,0,16688,0.1539171016952279,5867,True,200,200,1.0,37389,71033,0,16688,0.1539171016952279,5867,True,27611,0.8633255499999016,False,0,1.9358915585279464,27610,True,18798,5867,1000,0.439912,265
0.3447474320574778,0.6552525679425222,0.18181818181818182,0.8727272727272727,1.0,0.19090909090909092,0.19090909090909092,4.956435335865646,18.02340122132962,0.11096684668114246,108842,90,55,20,21,200,200,1.0,108842,37523,71319,0.3447474320574778,0.6552525679425222,0,16754,0.15392954925488322,5889,True,200,200,1.0,37523,71319,0,16754,0.15392954925488322,5889,True,27721,0.8627810499999012,False,0,1.9522084891796112,27720,True,18873,5889,1000,0.44008,266
0.3448424252412606,0.6551575747587395,0.1590909090909091,0.8863636363636364,1.0,0.1590909090909091,0.1590909090909091,6.150166457975644,27.955302081707472,0.0715427790461509,109218,112,44,14,14,200,200,1.0,109218,37663,71555,0.3448424252412606,0.6551575747587395,0,16804,0.1538574227691406,5903,True,200,200,1.0,37663,71555,0,16804,0.1538574227691406,5903,True,27809,0.8623454499999009,False,0,1.9285476630926133,27808,True,18930,5903,1000,0.44021200000000005,267
0.3447172116945412,0.6552827883054588,0.16666666666666666,0.9,1.0,0.23333333333333334,0.23333333333333334,4.799702529453911,15.999008431513035,0.12500774710891624,109658,80,60,20,28,200,200,1.0,109658,37801,71857,0.3447172116945412,0.6552827883054588,0,16876,0.15389666052636378,5932,True,200,200,1.0,37801,71857,0,16876,0.15389666052636378,5932,True,27929,0.8617514499999005,False,0,1.9455731254816055,27928,True,19012,5932,1000,0.440392,268
0.3445820770823495,0.6554179229176504,0.11538461538461539,0.9538461538461539,1.0,0.2692307692307692,0.2692307692307692,4.3622631271289745,13.422348083473766,0.14900522528263851,110116,71,65,15,35,200,200,1.0,110116,37944,72172,0.3445820770823495,0.6554179229176504,0,16959,0.15401031639362128,5968,True,200,200,1.0,37944,72172,0,16959,0.15401031639362128,5968,True,28058,0.8611128999999,False,0,1.9887408965826034,28057,True,19109,5968,1000,0.44058400000000003,269
0.34446656411184506,0.6555334358881549,0.19387755102040816,0.8979591836734694,1.0,0.10204081632653061,0.10204081632653061,5.757836684646389,23.501374223046483,0.08510140645472178,110510,103,49,19,10,200,200,1.0,110510,38067,72443,0.34446656411184506,0.6555334358881549,0,17011,0.1539317708804633,5978,True,200,200,1.0,38067,72443,0,17011,0.1539317708804633,5978,True,28155,0.8606327499998997,False,0,2.062410393953323,28154,True,19167,5978,1000,0.440728,270
0.3444316256264196,0.6555683743735804,0.18333333333333332,0.9166666666666666,1.0,0.275,0.25,4.659899240002789,15.532997466675964,0.1287581488563776,110948,81,60,22,30,200,200,1.0,110948,38214,72734,0.3444316256264196,0.6555683743735804,0,17090,0.15403612503154632,6011,True,200,200,1.0,38214,72734,0,17090,0.15403612503154632,6011,True,28274,0.8600436999998993,False,0,2.0553903579711914,28273,True,19257,6011,1000,0.440908,271
0.3444967479966941,0.655503252003306,0.23809523809523808,0.8333333333333334,1.0,0.10714285714285714,0.09523809523809523,6.167509748536699,29.36909404065095,0.06809879791428769,111316,116,42,20,8,200,200,1.0,111316,38348,72968,0.3444967479966941,0.655503252003306,0,17135,0.15393115095763413,6020,True,200,200,1.0,38348,72968,0,17135,0.15393115095763413,6020,True,28358,0.859627899999899,False,0,2.0827860236167908,28357,True,19307,6020,1000,0.44103400000000004,272
0.3445837063563115,0.6554162936436885,0.15217391304347827,0.8913043478260869,1.0,0.18478260869565216,0.18478260869565216,5.798205470177283,25.209589000770798,0.0793348911772758,111700,108,46,14,17,200,200,1.0,111700,38490,73210,0.3445837063563115,0.6554162936436885,0,17189,0.1538854073410922,6037,True,200,200,1.0,38490,73210,0,17189,0.1538854073410922,6037,True,28450,0.8591724999998986,False,0,2.09923966050148,28449,True,19369,6037,1000,0.441172,273
0.34444602956648895,0.655553970433511,0.171875,0.921875,1.0,0.25,0.234375,4.318794924540233,13.496234139188228,0.14818948599837317,112154,73,64,22,30,200,200,1.0,112154,38631,73523,0.34444602956648895,0.655553970433511,0,17266,0.15394903436346452,6070,True,200,200,1.0,38631,73523,0,17266,0.15394903436346452,6070,True,28577,0.8585438499998982,False,0,2.138480551242828,28576,True,19460,6070,1000,0.44136400000000003,274
0.3444408900263027,0.6555591099736973,0.2608695652173913,0.8260869565217391,1.0,0.11956521739130435,0.11956521739130435,5.8211254594206245,25.309241127915758,0.07902251947783714,112536,109,46,24,11,200,200,1.0,112536,38762,73774,0.3444408900263027,0.6555591099736973,0,17316,0.15387076135636596,6081,True,200,200,1.0,38762,73774,0,17316,0.15387076135636596,6081,True,28668,0.8580933999998979,False,0,2.1619196474552154,28667,True,19516,6081,1000,0.441502,275
0.3444649054465614,0.6555350945534386,0.16666666666666666,0.9259259259259259,1.0,0.25,0.25,5.29125151371654,19.59722782857978,0.10205525074741864,112952,92,54,18,27,200,200,1.0,112952,38908,74044,0.3444649054465614,0.6555350945534386,0,17383,0.15389723068205963,6108,True,200,200,1.0,38908,74044,0,17383,0.15389723068205963,6108,True,28776,0.8575587999998975,False,0,2.0635704553127288,28775,True,19592,6108,1000,0.441664,276
0.344379742368096,0.655620257631904,0.32978723404255317,0.7659574468085106,1.0,0.09574468085106383,0.09574468085106383,5.653320029450027,24.056680976383095,0.08313698809754506,113340,106,47,31,9,200,200,1.0,113340,39032,74308,0.344379742368096,0.655620257631904,0,17435,0.1538291865184401,6117,True,200,200,1.0,39032,74308,0,17435,0.1538291865184401,6117,True,28870,0.8570934999998971,False,0,2.03851060628891,28869,True,19648,6117,1000,0.44180200000000003,277
0.34426517628036135,0.6557348237196386,0.1953125,0.890625,1.0,0.28125,0.2734375,4.30037939474643,13.438685608582592,0.14882407835500697,113796,72,64,25,35,200,200,1.0,113796,39176,74620,0.34426517628036135,0.6557348237196386,0,17516,0.15392456676860347,6153,True,200,200,1.0,39176,74620,0,17516,0.15392456676860347,6153,True,28998,0.8564598999998967,False,0,2.0160766184329986,28997,True,19741,6153,1000,0.441994,278
0.3442042946719445,0.6557957053280554,0.21875,0.8958333333333334,1.0,0.11458333333333333,0.11458333333333333,5.707394373551442,23.780809889797677,0.08410142502581588,114188,104,48,21,11,200,200,1.0,114188,39304,74884,0.3442042946719445,0.6557957053280554,0,17569,0.15386030055697622,6165,True,200,200,1.0,39304,74884,0,17569,0.15386030055697622,6165,True,29094,0.8559846999998963,False,0,1.9939618307352065,29093,True,19799,6165,1000,0.44213800000000003,279
0.34422294761464206,0.6557770523853579,0.1595744680851064,0.9148936170212766,1.0,0.14893617021276595,0.14893617021276595,5.850856174136262,24.897260315473456,0.08033012366252264,114574,107,47,15,14,200,200,1.0,114574,39439,75135,0.34422294761464206,0.6557770523853579,0,17625,0.15383071202890708,6179,True,200,200,1.0,39439,75135,0,17625,0.15383071202890708,6179,True,29187,0.855524349999896,False,0,2.0057075816392897,29186,True,19857,6179,1000,0.442276,280
0.3442229412378666,0.6557770587621334,0.22,0.86,1.0,0.18,0.18,5.537140223535359,22.148560894141436,0.09029932055445752,114972,101,50,22,18,200,200,1.0,114972,39576,75396,0.3442229412378666,0.6557770587621334,0,17682,0.15379396722680305,6197,True,200,200,1.0,39576,75396,0,17682,0.15379396722680305,6197,True,29286,0.8550342999998957,False,0,2.013056932091713,29285,True,19923,6197,1000,0.44242600000000004,281
0.34436202294706925,0.6556379770529308,0.16964285714285715,0.875,1.0,0.33035714285714285,0.32142857142857145,5.069737564599114,18.10620558785398,0.11045936655781936,115396,88,56,19,36,200,200,1.0,115396,39738,75658,0.34436202294706925,0.6556379770529308,0,17761,0.15391348053658704,6234,True,200,200,1.0,39738,75658,0,17761,0.15391348053658704,6234,True,29398,0.8544798999998953,False,0,2.0211077708005907,29397,True,20008,6234,1000,0.44259400000000004,282
0.34435273600055255,0.6556472639994475,0.1724137931034483,0.8793103448275862,1.0,0.2672413793103448,0.25,5.033355121654518,17.356396971222473,0.11523128926562762,115826,85,58,20,29,200,200,1.0,115826,39885,75941,0.34435273600055255,0.6556472639994475,0,17836,0.1539896050973011,6265,True,200,200,1.0,39885,75941,0,17836,0.1539896050973011,6265,True,29513,0.8539106499998949,False,0,2.0732541781663896,29512,True,20095,6265,1000,0.442768,283
0.34421617715377073,0.6557838228462293,0.09433962264150944,0.9433962264150944,1.0,0.1509433962264151,0.1509433962264151,5.293229188413482,19.97444976759805,0.10012791457436489,116238,94,53,10,16,200,200,1.0,116238,40011,76227,0.34421617715377073,0.6557838228462293,0,17899,0.153985787780244,6281,True,200,200,1.0,40011,76227,0,17899,0.153985787780244,6281,True,29619,0.8533859499998945,False,0,2.0006947076320647,29618,True,20162,6281,1000,0.44292400000000004,284
0.3440934890340724,0.6559065109659277,0.21428571428571427,0.8571428571428571,1.0,0.10204081632653061,0.10204081632653061,5.54542610999331,22.63439228568698,0.08836110882750381,116634,102,49,21,10,200,200,1.0,116634,40133,76501,0.3440934890340724,0.6559065109659277,0,17953,0.15392595641065213,6291,True,200,200,1.0,40133,76501,0,17953,0.15392595641065213,6291,True,29717,0.8529008499998941,False,0,1.983630393743515,29716,True,20219,6291,1000,0.443074,285
0.3442523532124981,0.6557476467875019,0.09166666666666666,0.9333333333333333,1.0,0.375,0.375,4.679776220012641,15.599254066708804,0.128211258785015,117074,80,60,11,45,200,200,1.0,117074,40303,76771,0.3442523532124981,0.6557476467875019,0,18037,0.1540649503732682,6336,True,200,200,1.0,40303,76771,0,18037,0.1540649503732682,6336,True,29837,0.8523068499998937,False,0,1.9594408786296844,29836,True,20314,6336,1000,0.44325400000000004,286
0.3443710300904245,0.6556289699095754,0.16279069767441862,0.9069767441860465,1.0,0.16279069767441862,0.16279069767441862,6.148115846826475,28.595887659658025,0.06994012648963938,117446,114,43,14,14,200,200,1.0,117446,40445,77001,0.3443710300904245,0.6556289699095754,0,18087,0.15400269059823238,6350,True,200,200,1.0,40445,77001,0,18087,0.15400269059823238,6350,True,29923,0.8518811499998934,False,0,1.8803401327133178,29922,True,20371,6350,1000,0.44338,287
0.34439390339115383,0.6556060966088462,0.19791666666666666,0.8541666666666666,1.0,0.16666666666666666,0.16666666666666666,5.708277594853026,23.784489978554276,0.08408841231421556,117836,105,48,19,16,200,200,1.0,117836,40582,77254,0.34439390339115383,0.6556060966088462,0,18141,0.1539512542856173,6366,True,200,200,1.0,40582,77254,0,18141,0.1539512542856173,6366,True,30018,0.8514108999998931,False,0,1.8909654140472412,30017,True,20432,6366,1000,0.44352400000000003,288
0.3442410812456654,0.6557589187543347,0.12,0.94,1.0,0.08,0.08,5.617916904193598,22.471667616774393,0.08900096041412889,118234,101,50,12,8,200,200,1.0,118234,40701,77533,0.3442410812456654,0.6557589187543347,0,18194,0.1538812862628347,6375,True,200,200,1.0,40701,77533,0,18194,0.1538812862628347,6375,True,30117,0.8509208499998927,False,0,1.9515535593032838,30116,True,20489,6375,1000,0.443674,289
0.34416832451023366,0.6558316754897664,0.1836734693877551,0.9183673469387755,1.0,0.10204081632653061,0.10204081632653061,5.63666309711778,23.006788151501144,0.08693086522246715,118628,103,49,18,10,200,200,1.0,118628,40828,77800,0.34416832451023366,0.6558316754897664,0,18247,0.15381697407020264,6386,True,200,200,1.0,40828,77800,0,18247,0.15381697407020264,6386,True,30214,0.8504406999998924,False,0,1.9688041776418685,30213,True,20546,6386,1000,0.44381800000000005,290
0.3441853040512157,0.6558146959487843,0.2,0.86,1.0,0.19,0.19,5.508285778139398,22.033143112557593,0.09077234191158673,119026,101,50,20,19,200,200,1.0,119026,40967,78059,0.3441853040512157,0.6558146959487843,0,18308,0.1538151328281216,6405,True,200,200,1.0,40967,78059,0,18308,0.1538151328281216,6405,True,30313,0.849950649999892,False,0,2.0698441749811174,30312,True,20612,6405,1000,0.44396800000000003,291
0.34405866005959757,0.6559413399404024,0.20491803278688525,0.8688524590163934,1.0,0.23770491803278687,0.23770491803278687,4.622277530995895,15.155008298347196,0.13196957471927745,119468,79,61,25,29,200,200,1.0,119468,41104,78364,0.34405866005959757,0.6559413399404024,0,18381,0.1538570998091539,6434,True,200,200,1.0,41104,78364,0,18381,0.1538570998091539,6434,True,30434,0.8493516999998916,False,0,2.1247572612762453,30433,True,20695,6434,1000,0.44414800000000004,292
0.34403776858401175,0.6559622314159883,0.10909090909090909,0.9636363636363636,1.0,0.22727272727272727,0.22727272727272727,5.125545945712027,18.63834889349828,0.10730564233067187,119888,90,55,12,25,200,200,1.0,119888,41246,78642,0.34403776858401175,0.6559622314159883,0,18451,0.1539019751768317,6460,True,200,200,1.0,41246,78642,0,18451,0.1539019751768317,6460,True,30544,0.8488071999998912,False,0,2.0426738154888153,30543,True,20771,6460,1000,0.44431600000000004,293
0.34412023728419266,0.6558797627158073,0.10144927536231885,0.9420289855072463,1.0,0.39855072463768115,0.391304347826087,4.038683949922265,11.706330289629754,0.1708477337062438,120362,63,69,14,54,200,200,1.0,120362,41419,78943,0.34412023728419266,0.6558797627158073,0,18549,0.15411010119472923,6515,True,200,200,1.0,41419,78943,0,18549,0.15411010119472923,6515,True,30681,0.8481290499998907,False,0,2.028422488570213,30680,True,20882,6515,1000,0.44452,294
0.34417799711839425,0.6558220028816057,0.13725490196078433,0.9215686274509803,1.0,0.23529411764705882,0.23529411764705882,5.5154039512168005,21.62903510281098,0.0924682950715667,120766,98,51,14,24,200,200,1.0,120766,41565,79201,0.34417799711839425,0.6558220028816057,0,18611,0.1541079442889555,6539,True,200,200,1.0,41565,79201,0,18611,0.1541079442889555,6539,True,30783,0.8476241499998903,False,0,2.0253715580701828,30782,True,20953,6539,1000,0.44467,295
0.34411424797754664,0.6558857520224534,0.20454545454545456,0.8636363636363636,1.0,0.045454545454545456,0.045454545454545456,6.068976989646529,27.58625904384786,0.07249986295064641,121140,113,44,18,4,200,200,1.0,121140,41686,79454,0.34411424797754664,0.6558857520224534,0,18655,0.15399537724946344,6543,True,200,200,1.0,41686,79454,0,18655,0.15399537724946344,6543,True,30870,0.84719349999989,False,0,2.040181083083153,30869,True,21000,6543,1000,0.44480200000000003,296
0.3441421733910097,0.6558578266089903,0.13846153846153847,0.9076923076923077,1.0,0.33076923076923076,0.33076923076923076,4.272180547941225,13.145170916742233,0.1521471278439383,121598,71,65,18,43,200,200,1.0,121598,41847,79751,0.3441421733910097,0.6558578266089903,0,18739,0.15410615306172798,6587,True,200,200,1.0,41847,79751,0,18739,0.15410615306172798,6587,True,30999,0.8465549499998896,False,0,2.114174912571907,30998,True,21101,6587,1000,0.444994,297
0.34412454296535555,0.6558754570346444,0.21739130434782608,0.8260869565217391,1.0,0.11956521739130435,0.10869565217391304,5.863618552736884,25.493993707551667,0.07844985069591404,121982,108,46,20,10,200,200,1.0,121982,41977,80005,0.34412454296535555,0.6558754570346444,0,18789,0.15403092259513698,6598,True,200,200,1.0,41977,80005,0,18789,0.15403092259513698,6598,True,31091,0.8460995499998892,False,0,2.090154913663864,31090,True,21158,6598,1000,0.445132,298
0.34404254276331914,0.6559574572366809,0.2627118644067797,0.847457627118644,1.0,0.2457627118644068,0.211864406779661,4.663020284358872,15.806848421555497,0.12652743587220322,122418,82,59,31,25,200,200,1.0,122418,42117,80301,0.34404254276331914,0.6559574572366809,0,18864,0.15409498603146596,6627,True,200,200,1.0,42117,80301,0,18864,0.15409498603146596,6627,True,31209,0.8455154499998888,False,0,2.0218597686290742,31208,True,21243,6627,1000,0.44531200000000004,299
0.3440181726400808,0.6559818273599192,0.16666666666666666,0.9215686274509803,1.0,0.17647058823529413,0.17647058823529413,5.387845943037397,21.128807619754497,0.09465749492319143,122822,98,51,17,18,200,200,1.0,122822,42253,80569,0.3440181726400808,0.6559818273599192,0,18922,0.1540603474947485,6646,True,200,200,1.0,42253,80569,0,18922,0.1540603474947485,6646,True,31311,0.8450105499998884,False,0,2.0366485047340395,31310,True,21311,6646,1000,0.445462,300
0.3439077437470582,0.6560922562529419,0.24,0.84,1.0,0.12,0.12,5.3674845908816495,21.469938363526598,0.09315350450179331,123222,100,50,24,12,200,200,1.0,123222,42377,80845,0.3439077437470582,0.6560922562529419,0,18977,0.15400658973235298,6658,True,200,200,1.0,42377,80845,0,18977,0.15400658973235298,6658,True,31411,0.8445155499998881,False,0,2.002091408967972,31410,True,21373,6658,1000,0.445612,301
0.3438399585988291,0.6561600414011709,0.12096774193548387,0.9193548387096774,1.0,0.2661290322580645,0.25806451612903225,4.451149309306361,14.358546159052777,0.13928986805805824,123668,77,62,15,32,200,200,1.0,123668,42522,81146,0.3438399585988291,0.6561600414011709,0,19054,0.15407381052495392,6691,True,200,200,1.0,42522,81146,0,19054,0.15407381052495392,6691,True,31534,0.8439066999998877,False,0,2.0343599909543992,31533,True,21465,6691,1000,0.445798,302
0.3436558204000065,0.6563441795999936,0.1896551724137931,0.8793103448275862,1.0,0.16379310344827586,0.16379310344827586,4.895057124521277,16.87950732593544,0.11848687058105013,124098,85,58,22,19,200,200,1.0,124098,42647,81451,0.3436558204000065,0.6563441795999936,0,19122,0.15408789827394478,6710,True,200,200,1.0,42647,81451,0,19122,0.15408789827394478,6710,True,31649,0.8433374499998872,False,0,2.0802169400453567,31648,True,21539,6710,1000,0.44597200000000004,303
0.3435908557842145,0.6564091442157856,0.1836734693877551,0.8979591836734694,1.0,0.1326530612244898,0.1326530612244898,5.597636477420678,22.847495826206845,0.08753694563348745,124494,102,49,18,13,200,200,1.0,124494,42775,81719,0.3435908557842145,0.6564091442157856,0,19177,0.15403955210692885,6723,True,200,200,1.0,42775,81719,0,19177,0.15403955210692885,6723,True,31747,0.8428523499998869,False,0,2.039606519341469,31746,True,21601,6723,1000,0.446116,304
0.3435112669965887,0.6564887330034113,0.22826086956521738,0.8478260869565217,1.0,0.08695652173913043,0.07608695652173914,5.9017830515800265,25.659926311217507,0.07794254651174423,124878,108,46,21,7,200,200,1.0,124878,42897,81981,0.3435112669965887,0.6564887330034113,0,19227,0.15396627108057465,6730,True,200,200,1.0,42897,81981,0,19227,0.15396627108057465,6730,True,31839,0.8423969499998866,False,0,2.057229018211365,31838,True,21654,6730,1000,0.44625400000000004,305
0.34320357370772175,0.6567964262922783,0.23943661971830985,0.8591549295774648,1.0,0.23943661971830985,0.2323943661971831,3.5675966441022906,10.049568011555747,0.19901352950696485,125360,59,71,34,33,200,200,1.0,125360,43024,82336,0.34320357370772175,0.6567964262922783,0,19313,0.15406030631780473,6764,True,200,200,1.0,43024,82336,0,19313,0.15406030631780473,6764,True,31980,0.8416989999998861,False,0,2.116284241676331,31979,True,21752,6764,1000,0.44647000000000003,306
0.343265072500636,0.656734927499364,0.1724137931034483,0.896551724137931,1.0,0.31896551724137934,0.3103448275862069,4.7329309006763784,16.320451381642684,0.12254563021765494,125792,84,58,20,36,200,200,1.0,125792,43180,82612,0.343265072500636,0.656734927499364,0,19392,0.1541592470109387,6800,True,200,200,1.0,43180,82612,0,19392,0.1541592470109387,6800,True,32096,0.8411247999998857,False,0,2.1304795157909395,32095,True,21842,6800,1000,0.44664400000000004,307
0.34321711568938196,0.656782884310618,0.19230769230769232,0.9038461538461539,1.0,0.17307692307692307,0.17307692307692307,5.4105718017129165,20.809891545049677,0.09610814144179268,126200,96,52,20,18,200,200,1.0,126200,43314,82886,0.34321711568938196,0.656782884310618,0,19454,0.15415213946117273,6819,True,200,200,1.0,43314,82886,0,19454,0.15415213946117273,6819,True,32200,0.8406099999998853,False,0,2.1459415543079374,32199,True,21911,6819,1000,0.44680000000000003,308
0.34323513150620016,0.6567648684937999,0.22641509433962265,0.8113207547169812,1.0,0.22641509433962265,0.22641509433962265,5.322080351234023,20.083322080128386,0.09958511804075068,126610,95,53,24,24,200,200,1.0,126610,43457,83153,0.34323513150620016,0.6567648684937999,0,19513,0.15411894795039885,6843,True,200,200,1.0,43457,83153,0,19513,0.15411894795039885,6843,True,32305,0.8400902499998849,False,0,2.1166997849941254,32304,True,21985,6843,1000,0.446956,309
0.34329874179172637,0.6567012582082736,0.16326530612244897,0.9183673469387755,1.0,0.21428571428571427,0.21428571428571427,5.595472091715535,22.838661598838918,0.08757080581734601,127006,102,49,16,21,200,200,1.0,127006,43601,83405,0.34329874179172637,0.6567012582082736,0,19566,0.15405571390328016,6864,True,200,200,1.0,43601,83405,0,19566,0.15405571390328016,6864,True,32403,0.8396051499998846,False,0,2.135538957118988,32402,True,22053,6864,1000,0.4471,310
0.34332318126157807,0.656676818738422,0.22916666666666666,0.8541666666666666,1.0,0.16666666666666666,0.16666666666666666,5.72860666123617,23.869194421817372,0.08379000835369299,127396,105,48,22,16,200,200,1.0,127396,43738,83658,0.34332318126157807,0.656676818738422,0,19622,0.15402367421269114,6880,True,200,200,1.0,43738,83658,0,19622,0.15402367421269114,6880,True,32498,0.8391348999998842,False,0,2.124928034543991,32497,True,22115,6880,1000,0.44724400000000003,311
0.3433035504717793,0.6566964495282207,0.14545454545454545,0.9090909090909091,1.0,0.22727272727272727,0.22727272727272727,5.218872770707461,18.97771916620895,0.1053867423415733,127814,91,55,16,25,200,200,1.0,127814,43879,83935,0.3433035504717793,0.6566964495282207,0,19686,0.15402068630979393,6905,True,200,200,1.0,43879,83935,0,19686,0.15402068630979393,6905,True,32607,0.8385953499998838,False,0,2.119343972206116,32606,True,22191,6905,1000,0.447406,312
0.34339549036435985,0.6566045096356401,0.2564102564102564,0.9230769230769231,1.0,0.07692307692307693,0.07692307692307693,6.537364499762337,33.524946152627365,0.05965706822897489,128170,122,39,20,6,200,200,1.0,128170,44013,84157,0.34339549036435985,0.6566045096356401,0,19729,0.1539283763751268,6911,True,200,200,1.0,44013,84157,0,19729,0.1539283763751268,6911,True,32685,0.8382092499998836,False,0,2.0695910918712617,32684,True,22236,6911,1000,0.44752600000000003,313
0.34344188361170724,0.6565581163882928,0.1440677966101695,0.9491525423728814,1.0,0.3050847457627119,0.2711864406779661,4.915803478028794,16.663740603487437,0.12002107135425728,128604,83,59,17,32,200,200,1.0,128604,44168,84436,0.34344188361170724,0.6565581163882928,0,19809,0.15403097881869926,6947,True,200,200,1.0,44168,84436,0,19809,0.15403097881869926,6947,True,32802,0.8376300999998831,False,0,1.9985578596591949,32801,True,22324,6947,1000,0.44770000000000004,314
0.3433832080006202,0.6566167919993797,0.23404255319148937,0.851063829787234,1.0,0.09574468085106383,0.09574468085106383,5.837505990675953,24.84045102415299,0.08051383600303191,128990,107,47,22,9,200,200,1.0,128990,44293,84697,0.3433832080006202,0.6566167919993797,0,19860,0.15396542367625396,6956,True,200,200,1.0,44293,84697,0,19860,0.15396542367625396,6956,True,32895,0.8371697499998828,False,0,1.971781297326088,32894,True,22379,6956,1000,0.447838,315
0.3432481723620964,0.6567518276379036,0.16037735849056603,0.8867924528301887,1.0,0.14150943396226415,0.14150943396226415,5.283673524943145,19.938390660162813,0.10030899855904761,129402,94,53,17,15,200,200,1.0,129402,44417,84985,0.3432481723620964,0.6567518276379036,0,19919,0.15393116026027417,6971,True,200,200,1.0,44417,84985,0,19919,0.15393116026027417,6971,True,33001,0.8366450499998824,False,0,2.000741568207741,33000,True,22446,6971,1000,0.448,316
0.34342453934800027,0.6565754606519998,0.16666666666666666,0.9444444444444444,1.0,0.3425925925925926,0.3055555555555556,5.2663023045519255,19.504823350192314,0.10253873947442237,129816,93,54,18,33,200,200,1.0,129816,44582,85234,0.34342453934800027,0.6565754606519998,0,19991,0.1539948850680964,7007,True,200,200,1.0,44582,85234,0,19991,0.1539948850680964,7007,True,33108,0.836115399999882,False,0,2.027802047133446,33107,True,22526,7007,1000,0.448162,317
0.3433875601026161,0.6566124398973838,0.3,0.8,1.0,0.05555555555555555,0.044444444444444446,6.0241220634539525,26.773875837573122,0.07469968159011553,130194,111,45,27,4,200,200,1.0,130194,44707,85487,0.3433875601026161,0.6566124398973838,0,20037,0.15390110143324578,7013,True,200,200,1.0,44707,85487,0,20037,0.15390110143324578,7013,True,33197,0.8356748499998817,False,0,2.0573171830177306,33196,True,22575,7013,1000,0.448294,318
0.3434002419120236,0.6565997580879763,0.19827586206896552,0.8620689655172413,1.0,0.28448275862068967,0.2672413793103448,4.700416329080549,16.208332169243274,0.12339332505753892,130626,84,58,23,31,200,200,1.0,130626,44857,85769,0.3434002419120236,0.6565997580879763,0,20114,0.15398159631313826,7046,True,200,200,1.0,44857,85769,0,20114,0.15398159631313826,7046,True,33313,0.8351006499998813,False,0,2.0955600452423098,33312,True,22662,7046,1000,0.44846800000000003,319
0.3434251698084408,0.6565748301915593,0.19607843137254902,0.8431372549019608,1.0,0.21568627450980393,0.20588235294117646,5.336809768470806,20.928665758709045,0.09556270920747732,131030,98,51,20,21,200,200,1.0,131030,44999,86031,0.3434251698084408,0.6565748301915593,0,20176,0.15398000457910402,7068,True,200,200,1.0,44999,86031,0,20176,0.15398000457910402,7068,True,33415,0.834595749999881,False,0,2.0457238245010374,33414,True,22735,7068,1000,0.448618,320
0.343537829197747,0.656462170802253,0.27631578947368424,0.8157894736842105,1.0,0.06578947368421052,0.05263157894736842,6.620834978803401,34.846499888438956,0.0573945735268391,131380,125,38,21,4,200,200,1.0,131380,45134,86246,0.343537829197747,0.656462170802253,0,20217,0.1538818693865124,7073,True,200,200,1.0,45134,86246,0,20217,0.1538818693865124,7073,True,33490,0.8342244999998807,False,0,2.0500363194942475,33489,True,22777,7073,1000,0.448732,321
0.3436408901842912,0.6563591098157088,0.17857142857142858,0.9285714285714286,1.0,0.14285714285714285,0.14285714285714285,6.256109143912157,29.790995923391225,0.06713437862712218,131748,116,42,15,12,200,200,1.0,131748,45274,86474,0.3436408901842912,0.6563591098157088,0,20265,0.15381637671919118,7085,True,200,200,1.0,45274,86474,0,20265,0.15381637671919118,7085,True,33574,0.8338086999998804,False,0,2.0131318187713623,33573,True,22830,7085,1000,0.44885800000000003,322
0.3437589865447776,0.6562410134552223,0.15306122448979592,0.8571428571428571,1.0,0.24489795918367346,0.24489795918367346,5.640104503177082,23.020834706845232,0.08687782287083191,132142,103,49,15,24,200,200,1.0,132142,45425,86717,0.3437589865447776,0.6562410134552223,0,20331,0.15385721420895704,7109,True,200,200,1.0,45425,86717,0,20331,0.15385721420895704,7109,True,33671,0.83332854999988,False,0,2.061206529736519,33670,True,22900,7109,1000,0.449002,323
0.3438339622641509,0.6561660377358491,0.1125,0.975,1.0,0.0625,0.0625,6.458731830124546,32.29365915062273,0.0619316625183812,132500,121,40,9,5,200,200,1.0,132500,45558,86942,0.3438339622641509,0.6561660377358491,0,20374,0.15376603773584907,7114,True,200,200,1.0,45558,86942,0,20374,0.15376603773584907,7114,True,33750,0.8329374999998798,False,0,2.015665907263756,33749,True,22943,7114,1000,0.449122,324
0.3437391840849924,0.6562608159150076,0.21153846153846154,0.8653846153846154,1.0,0.14423076923076922,0.14423076923076922,5.394941512979749,20.74977504992211,0.09638658709254332,132906,97,52,22,15,200,200,1.0,132906,45685,87221,0.3437391840849924,0.6562608159150076,0,20432,0.1537327133462748,7129,True,200,200,1.0,45685,87221,0,20432,0.1537327133462748,7129,True,33853,0.8324276499998794,False,0,2.0180043929815294,33852,True,23006,7129,1000,0.449278,325
0.3438062387522495,0.6561937612477504,0.15625,0.9375,1.0,0.359375,0.3203125,4.328729898617561,13.527280933179878,0.1478493726772818,133360,73,64,20,41,200,200,1.0,133360,45850,87510,0.3438062387522495,0.6561937612477504,0,20522,0.15388422315536893,7175,True,200,200,1.0,45850,87510,0,20522,0.15388422315536893,7175,True,33980,0.8317989999998789,False,0,2.085838613510132,33979,True,23107,7175,1000,0.44947000000000004,326
0.3439392806400957,0.6560607193599043,0.16279069767441862,0.9069767441860465,1.0,0.1744186046511628,0.1744186046511628,6.177867895495242,28.73426928137322,0.06960330121554494,133730,115,43,14,15,200,200,1.0,133730,45995,87735,0.3439392806400957,0.6560607193599043,0,20571,0.15382487100874898,7190,True,200,200,1.0,45995,87735,0,20571,0.15382487100874898,7190,True,34065,0.8313782499998786,False,0,2.0621404325962067,34064,True,23162,7190,1000,0.449596,327
0.3439405459397409,0.6560594540602591,0.14285714285714285,0.9285714285714286,1.0,0.26785714285714285,0.26785714285714285,4.910060564018012,17.535930585778615,0.11405154635032434,134154,88,56,16,30,200,200,1.0,134154,46141,88013,0.3439405459397409,0.6560594540602591,0,20642,0.15386794281199218,7219,True,200,200,1.0,46141,88013,0,20642,0.15386794281199218,7219,True,34177,0.8308238499998782,False,0,2.089675561785698,34176,True,23245,7219,1000,0.449764,328
0.3440268775643694,0.6559731224356307,0.2717391304347826,0.8260869565217391,1.0,0.18478260869565216,0.17391304347826086,5.883524375650563,25.580540763698096,0.07818443005076123,134536,109,46,25,16,200,200,1.0,134536,46284,88252,0.3440268775643694,0.6559731224356307,0,20696,0.15383243146815723,7236,True,200,200,1.0,46284,88252,0,20696,0.15383243146815723,7236,True,34268,0.8303733999998779,False,0,2.075938109755516,34267,True,23306,7236,1000,0.449902,329
0.3439593336890154,0.6560406663109846,0.18518518518518517,0.8518518518518519,1.0,0.19444444444444445,0.19444444444444445,5.157964857516607,19.103573546357804,0.10469245427546253,134952,92,54,20,21,200,200,1.0,134952,46418,88534,0.3439593336890154,0.6560406663109846,0,20759,0.15382506372636195,7257,True,200,200,1.0,46418,88534,0,20759,0.15382506372636195,7257,True,34376,0.8298387999998775,False,0,2.0244019132852555,34375,True,23381,7257,1000,0.450064,330
0.34400986662334015,0.6559901333766598,0.1640625,0.90625,1.0,0.34375,0.34375,4.361381864236115,13.629318325737861,0.14674248206699836,135406,73,64,21,44,200,200,1.0,135406,46581,88825,0.34400986662334015,0.6559901333766598,0,20844,0.1539370485798266,7301,True,200,200,1.0,46581,88825,0,20844,0.1539370485798266,7301,True,34503,0.8292101499998771,False,0,2.0870653122663496,34502,True,23478,7301,1000,0.45025000000000004,331
0.3438590549673847,0.6561409450326152,0.2,0.8909090909090909,1.0,0.14545454545454545,0.14545454545454545,5.143305744515187,18.702929980055227,0.1069351166973729,135826,90,55,22,16,200,200,1.0,135826,46705,89121,0.3438590549673847,0.6561409450326152,0,20907,0.15392487447175063,7318,True,200,200,1.0,46705,89121,0,20907,0.15392487447175063,7318,True,34613,0.8286656499998767,False,0,2.10033464550972,34612,True,23548,7318,1000,0.45041800000000004,332
0.3438591342626559,0.6561408657373441,0.13768115942028986,0.9565217391304348,1.0,0.36231884057971014,0.34782608695652173,3.9367966089662723,11.411004663670354,0.1752694051880879,136300,63,69,19,48,200,200,1.0,136300,46868,89432,0.3438591342626559,0.6561408657373441,0,21002,0.1540865737344094,7368,True,200,200,1.0,46868,89432,0,21002,0.1540865737344094,7368,True,34750,0.8279874999998762,False,0,2.157291715145111,34749,True,23655,7368,1000,0.450622,333
0.3437445140148634,0.6562554859851366,0.22641509433962265,0.8679245283018868,1.0,0.1509433962264151,0.1509433962264151,5.127514724903063,19.34911216944552,0.10336391574380507,136712,94,53,24,16,200,200,1.0,136712,46994,89718,0.3437445140148634,0.6562554859851366,0,21063,0.15406840657733045,7384,True,200,200,1.0,46994,89718,0,21063,0.15406840657733045,7384,True,34856,0.8274627999998758,False,0,2.1625483125448226,34855,True,23724,7384,1000,0.450784,334
0.34389767224782686,0.6561023277521731,0.14814814814814814,0.9444444444444444,1.0,0.32407407407407407,0.3148148148148148,5.1809787741023685,19.188810274453218,0.10422741021430991,137128,92,54,16,34,200,200,1.0,137128,47158,89970,0.34389767224782686,0.6561023277521731,0,21134,0.15411877953444958,7420,True,200,200,1.0,47158,89970,0,21134,0.15411877953444958,7420,True,34964,0.8269281999998754,False,0,2.103675656914711,34963,True,23808,7420,1000,0.450946,335
0.34400546940912924,0.6559945305908708,0.18292682926829268,0.926829268292683,1.0,0.12195121951219512,0.12195121951219512,6.419590729777586,31.315076730622373,0.0638669998226203,137492,118,41,15,10,200,200,1.0,137492,47298,90194,0.34400546940912924,0.6559945305908708,0,21179,0.1540380531230908,7431,True,200,200,1.0,47298,90194,0,21179,0.1540380531230908,7431,True,35046,0.8265222999998751,False,0,2.094988532662392,35045,True,23858,7431,1000,0.451066,336
0.34407580876702,0.6559241912329801,0.16101694915254236,0.9152542372881356,1.0,0.3135593220338983,0.3050847457627119,4.61714809079969,15.651349460337931,0.1277845086181353,137926,83,59,19,36,200,200,1.0,137926,47457,90469,0.34407580876702,0.6559241912329801,0,21261,0.1541478763974885,7469,True,200,200,1.0,47457,90469,0,21261,0.1541478763974885,7469,True,35163,0.8259431499998747,False,0,2.0382596391439436,35162,True,23947,7469,1000,0.45124000000000003,337
0.3440260848190402,0.6559739151809598,0.125,0.9375,1.0,0.125,0.11458333333333333,5.805278172234275,24.188659050976145,0.08268337636183636,138318,104,48,12,11,200,200,1.0,138318,47585,90733,0.3440260848190402,0.6559739151809598,0,21316,0.15410864818750994,7481,True,200,200,1.0,47585,90733,0,21316,0.15410864818750994,7481,True,35259,0.8254679499998744,False,0,2.0079174894094467,35258,True,24007,7481,1000,0.451384,338
0.3440225460940766,0.6559774539059233,0.13636363636363635,0.9454545454545454,1.0,0.23636363636363636,0.23636363636363636,5.071891674898622,18.443242454176808,0.1084408018258776,138738,90,55,15,26,200,200,1.0,138738,47729,91009,0.3440225460940766,0.6559774539059233,0,21386,0.15414666493678733,7508,True,200,200,1.0,47729,91009,0,21386,0.15414666493678733,7508,True,35369,0.824923449999874,False,0,2.031046054959297,35368,True,24086,7508,1000,0.451552,339
0.34390720671515224,0.6560927932848477,0.25471698113207547,0.7924528301886793,1.0,0.14150943396226415,0.14150943396226415,5.157378927076276,19.461807271985947,0.1027653789830133,139148,95,53,27,15,200,200,1.0,139148,47854,91294,0.34390720671515224,0.6560927932848477,0,21446,0.1541236668870555,7523,True,200,200,1.0,47854,91294,0,21446,0.1541236668870555,7523,True,35474,0.8244036999998736,False,0,2.043568221926689,35473,True,24153,7523,1000,0.451708,340
0.34383106181119855,0.6561689381888014,0.16346153846153846,0.9230769230769231,1.0,0.14423076923076922,0.14423076923076922,5.4190629007455975,20.842549618252296,0.09595755013813446,139554,97,52,17,15,200,200,1.0,139554,47983,91571,0.34383106181119855,0.6561689381888014,0,21503,0.15408372386316407,7538,True,200,200,1.0,47983,91571,0,21503,0.15408372386316407,7538,True,35577,0.8238938499998733,False,0,2.02655808866024,35576,True,24216,7538,1000,0.45186400000000004,341
0.34388661885304456,0.6561133811469555,0.1271186440677966,0.8983050847457628,1.0,0.2966101694915254,0.2966101694915254,4.922492084531552,16.686413845869666,0.11985798856924872,139988,83,59,15,35,200,200,1.0,139988,48140,91848,0.34388661885304456,0.6561133811469555,0,21576,0.15412749664256936,7575,True,200,200,1.0,48140,91848,0,21576,0.15412749664256936,7575,True,35694,0.8233146999998728,False,0,2.025281601548195,35693,True,24303,7575,1000,0.45203800000000005,342
0.34382168146005787,0.6561783185399421,0.17708333333333334,0.8541666666666666,1.0,0.09375,0.09375,5.678903589352366,23.662098288968192,0.08452335780096246,140378,105,48,17,9,200,200,1.0,140378,48265,92113,0.34382168146005787,0.6561783185399421,0,21625,0.15404835515536622,7584,True,200,200,1.0,48265,92113,0,21625,0.15404835515536622,7584,True,35789,0.8228444499998725,False,0,2.0196175837516783,35788,True,24359,7584,1000,0.45218200000000003,343
0.3435214767483138,0.6564785232516862,0.16911764705882354,0.8676470588235294,1.0,0.20588235294117646,0.20588235294117646,3.981596977948551,11.710579346907503,0.17078574345069908,140850,64,68,23,28,200,200,1.0,140850,48385,92465,0.3435214767483138,0.6564785232516862,0,21707,0.15411430599929002,7612,True,200,200,1.0,48385,92465,0,21707,0.15411430599929002,7612,True,35925,0.822171249999872,False,0,2.037732918858528,35924,True,24451,7612,1000,0.452386,344
0.3435300947229813,0.6564699052770187,0.19607843137254902,0.8627450980392157,1.0,0.20588235294117646,0.20588235294117646,5.43831886265269,21.32674063785369,0.09377898076230737,141254,98,51,20,21,200,200,1.0,141254,48525,92729,0.3435300947229813,0.6564699052770187,0,21769,0.15411244991292283,7633,True,200,200,1.0,48525,92729,0,21769,0.15411244991292283,7633,True,36027,0.8216663499998716,False,0,2.0364781564474104,36026,True,24521,7633,1000,0.45253600000000005,345
0.34345837274639635,0.6565416272536037,0.17307692307692307,0.9038461538461539,1.0,0.17307692307692307,0.17307692307692307,5.442104526585882,20.931171256099546,0.095551270185952,141662,96,52,18,18,200,200,1.0,141662,48655,93007,0.34345837274639635,0.6565416272536037,0,21826,0.15407095763154552,7650,True,200,200,1.0,48655,93007,0,21826,0.15407095763154552,7650,True,36131,0.8211515499998713,False,0,2.055135922431946,36130,True,24590,7650,1000,0.45269200000000004,346
0.3433699324324324,0.6566300675675676,0.16363636363636364,0.8909090909090909,1.0,0.17272727272727273,0.17272727272727273,5.053270280958324,18.375528294393906,0.10884040817537582,142080,91,55,18,19,200,200,1.0,142080,48786,93294,0.3433699324324324,0.6566300675675676,0,21893,0.1540892454954955,7669,True,200,200,1.0,48786,93294,0,21893,0.1540892454954955,7669,True,36240,0.8206119999998709,False,0,1.998140618801117,36239,True,24662,7669,1000,0.45286000000000004,347
0.34336351512599145,0.6566364848740085,0.22916666666666666,0.8333333333333334,1.0,0.14583333333333334,0.14583333333333334,5.679854679836129,23.666061165983873,0.08450920438229391,142470,105,48,22,14,200,200,1.0,142470,48919,93551,0.34336351512599145,0.6566364848740085,0,21947,0.1540464659226504,7683,True,200,200,1.0,48919,93551,0,21947,0.1540464659226504,7683,True,36335,0.8201417499998706,False,0,2.0115612453222274,36334,True,24722,7683,1000,0.452998,348
0.3434458711999216,0.6565541288000785,0.24358974358974358,0.8461538461538461,1.0,0.07692307692307693,0.07692307692307693,6.425592519381631,32.95175650964939,0.06069479177579903,142826,122,39,19,6,200,200,1.0,142826,49053,93773,0.3434458711999216,0.6565541288000785,0,21989,0.15395656253063167,7689,True,200,200,1.0,49053,93773,0,21989,0.15395656253063167,7689,True,36413,0.8197556499998703,False,0,2.0647372609376906,36412,True,24767,7689,1000,0.453118,349
0.3434148793565684,0.6565851206434317,0.11538461538461539,0.9423076923076923,1.0,0.18269230769230768,0.17307692307692307,5.445160355125895,20.942924442791902,0.0954976467333031,143232,97,52,12,18,200,200,1.0,143232,49188,94044,0.3434148793565684,0.6565851206434317,0,22051,0.153953027256479,7708,True,200,200,1.0,49188,94044,0,22051,0.153953027256479,7708,True,36516,0.8192457999998699,False,0,2.073565824627876,36515,True,24837,7708,1000,0.453274,350
0.34333138385273065,0.6566686161472693,0.1326530612244898,0.9183673469387755,1.0,0.11224489795918367,0.11224489795918367,5.60965635189142,22.89655653833233,0.08734937922441284,143628,102,49,13,11,200,200,1.0,143628,49312,94316,0.34333138385273065,0.6566686161472693,0,22104,0.15389756871919125,7719,True,200,200,1.0,49312,94316,0,22104,0.15389756871919125,7719,True,36614,0.8187606999998696,False,0,2.1022716104984283,36613,True,24896,7719,1000,0.45341800000000004,351
0.3432948755327863,0.6567051244672137,0.14912280701754385,0.8947368421052632,1.0,0.23684210526315788,0.23684210526315788,4.89850890430039,17.187750541404878,0.11636194016093311,144054,87,57,17,27,200,200,1.0,144054,49453,94601,0.3432948755327863,0.6567051244672137,0,22171,0.15390756244186207,7746,True,200,200,1.0,49453,94601,0,22171,0.15390756244186207,7746,True,36727,0.8182013499998692,False,0,2.189602922797203,36726,True,24976,7746,1000,0.45358600000000004,352
0.3432857518656458,0.6567142481343542,0.24,0.86,1.0,0.17,0.17,5.4561578100774275,21.82463124030971,0.09163957814352598,144454,100,50,24,17,200,200,1.0,144454,49589,94865,0.3432857518656458,0.6567142481343542,0,22228,0.15387597435861936,7764,True,200,200,1.0,49589,94865,0,22228,0.15387597435861936,7764,True,36827,0.8177063499998688,False,0,2.114780270457268,36826,True,25040,7764,1000,0.45373600000000003,353
0.3434601369257951,0.656539863074205,0.14754098360655737,0.9180327868852459,1.0,0.4016393442622951,0.3770491803278688,4.674850873314326,15.327379912505986,0.13048544574589366,144896,79,61,18,46,200,200,1.0,144896,49766,95130,0.3434601369257951,0.656539863074205,0,22311,0.1539794059187279,7813,True,200,200,1.0,49766,95130,0,22311,0.1539794059187279,7813,True,36948,0.8171073999998684,False,0,2.131691898107529,36947,True,25140,7813,1000,0.45392200000000005,354
0.3434682049093437,0.6565317950906563,0.18888888888888888,0.8666666666666667,1.0,0.1111111111111111,0.08888888888888889,6.02279178057379,26.767963469216845,0.07471618086672899,145274,111,45,17,8,200,200,1.0,145274,49897,95377,0.3434682049093437,0.6565317950906563,0,22362,0.15392981538334458,7823,True,200,200,1.0,49897,95377,0,22362,0.15392981538334458,7823,True,37037,0.816666849999868,False,0,2.1360010182857514,37036,True,25193,7823,1000,0.454054,355
0.34337283225088905,0.6566271677491109,0.16304347826086957,0.9130434782608695,1.0,0.05434782608695652,0.05434782608695652,5.881810009102314,25.573086996097018,0.07820721840524147,145658,108,46,15,5,200,200,1.0,145658,50015,95643,0.34337283225088905,0.6566271677491109,0,22410,0.1538535473506433,7828,True,200,200,1.0,50015,95643,0,22410,0.1538535473506433,7828,True,37129,0.8162114499998677,False,0,2.0037362849712372,37128,True,25244,7828,1000,0.45419200000000004,356
0.3433614504025853,0.6566385495974147,0.2,0.88,1.0,0.17,0.17,5.637908933686345,22.55163573474538,0.08868536293882193,146056,101,50,20,17,200,200,1.0,146056,50150,95906,0.3433614504025853,0.6566385495974147,0,22468,0.1538314071315112,7845,True,200,200,1.0,50150,95906,0,22468,0.1538314071315112,7845,True,37228,0.8157213999998674,False,0,1.9886232113838196,37227,True,25308,7845,1000,0.454342,357
0.3433160848135658,0.6566839151864342,0.16379310344827586,0.896551724137931,1.0,0.2413793103448276,0.2413793103448276,4.943287183273227,17.045817873355954,0.1173308323988471,146486,85,58,19,28,200,200,1.0,146486,50291,96195,0.3433160848135658,0.6566839151864342,0,22538,0.1538577065385088,7873,True,200,200,1.0,50291,96195,0,22538,0.1538577065385088,7873,True,37343,0.815152149999867,False,0,1.9955419129133225,37342,True,25388,7873,1000,0.45451,358
0.34318451043666515,0.6568154895633349,0.21,0.88,1.0,0.09,0.09,5.598642675133686,22.394570700534743,0.0893073605537901,146886,100,50,21,9,200,200,1.0,146886,50409,96477,0.34318451043666515,0.6568154895633349,0,22594,0.15381996922783656,7882,True,200,200,1.0,50409,96477,0,22594,0.15381996922783656,7882,True,37443,0.8146571499998666,False,0,2.0939768892526627,37442,True,25446,7882,1000,0.45466,359
0.3430962627099086,0.6569037372900914,0.125,0.9333333333333333,1.0,0.23333333333333334,0.21666666666666667,4.7059537478486275,15.686512492828758,0.12749806567357275,147326,80,60,15,26,200,200,1.0,147326,50547,96779,0.3430962627099086,0.6569037372900914,0,22671,0.1538832249568983,7911,True,200,200,1.0,50547,96779,0,22671,0.1538832249568983,7911,True,37563,0.8140631499998662,False,0,2.2161646062135696,37562,True,25531,7911,1000,0.45484,360
0.34316299464082717,0.6568370053591728,0.12307692307692308,0.9384615384615385,1.0,0.36923076923076925,0.35384615384615387,4.35160049500445,13.389539984629076,0.14937032954798746,147784,71,65,16,46,200,200,1.0,147784,50714,97070,0.34316299464082717,0.6568370053591728,0,22765,0.15404238618524332,7959,True,200,200,1.0,50714,97070,0,22765,0.15404238618524332,7959,True,37692,0.8134245999998657,False,0,2.2409315699338914,37691,True,25633,7959,1000,0.45503800000000005,361
0.34309756130477614,0.6569024386952238,0.16037735849056603,0.9433962264150944,1.0,0.16037735849056603,0.16037735849056603,5.356445520368348,20.213001963654147,0.09894621311551272,148194,95,53,17,17,200,200,1.0,148194,50845,97349,0.34309756130477614,0.6569024386952238,0,22826,0.15402782838711418,7977,True,200,200,1.0,50845,97349,0,22826,0.15402782838711418,7977,True,37797,0.8129048499998653,False,0,2.1143242353200913,37796,True,25699,7977,1000,0.45519400000000004,362
0.34294751009421265,0.6570524899057874,0.16346153846153846,0.8846153846153846,1.0,0.09615384615384616,0.09615384615384616,5.377818278933006,20.683916457434638,0.09669348665741294,148600,97,52,17,10,200,200,1.0,148600,50962,97638,0.34294751009421265,0.6570524899057874,0,22880,0.15397039030955587,7987,True,200,200,1.0,50962,97638,0,22880,0.15397039030955587,7987,True,37900,0.812394999999865,False,0,2.09912093102932,37899,True,25759,7987,1000,0.45535000000000003,363
0.3429662233792724,0.6570337766207276,0.2,0.8666666666666667,1.0,0.2916666666666667,0.26666666666666666,4.553377694291176,15.177925647637254,0.13177031212505247,149038,81,60,24,32,200,200,1.0,149038,51115,97923,0.3429662233792724,0.6570337766207276,0,22958,0.15404125122451992,8022,True,200,200,1.0,51115,97923,0,22958,0.15404125122451992,8022,True,38019,0.8118059499998646,False,0,2.025046823620796,38018,True,25847,8022,1000,0.45552400000000004,364
0.34291392855708874,0.6570860714429112,0.19387755102040816,0.9183673469387755,1.0,0.1326530612244898,0.1326530612244898,5.586979344819707,22.80399732579472,0.08770392187941987,149434,102,49,19,13,200,200,1.0,149434,51243,98191,0.34291392855708874,0.6570860714429112,0,23014,0.15400778939197238,8035,True,200,200,1.0,51243,98191,0,23014,0.15400778939197238,8035,True,38117,0.8113208499998642,False,0,2.0416042643785475,38116,True,25908,8035,1000,0.455674,365
0.34295269756078023,0.6570473024392198,0.27380952380952384,0.8571428571428571,1.0,0.09523809523809523,0.09523809523809523,6.244251991195049,29.734533291404993,0.0672618594816861,149802,116,42,23,8,200,200,1.0,149802,51375,98427,0.34295269756078023,0.6570473024392198,0,23060,0.15393652955234244,8043,True,200,200,1.0,51375,98427,0,23060,0.15393652955234244,8043,True,38201,0.8109050499998639,False,0,2.103176506757736,38200,True,25958,8043,1000,0.45580000000000004,366
0.3430148184638326,0.6569851815361674,0.25,0.8148148148148148,1.0,0.2777777777777778,0.2777777777777778,5.086938993723536,18.840514791568655,0.10615421192710843,150218,92,54,27,30,200,200,1.0,150218,51527,98691,0.3430148184638326,0.6569851815361674,0,23129,0.15396956423331426,8073,True,200,200,1.0,51527,98691,0,23129,0.15396956423331426,8073,True,38309,0.8103704499998635,False,0,2.098827050924301,38308,True,26036,8073,1000,0.45596200000000003,367
0.3429313114950007,0.6570686885049992,0.21568627450980393,0.8627450980392157,1.0,0.13725490196078433,0.13725490196078433,5.388272930474283,21.130482080291305,0.09464999389982814,150622,98,51,22,14,200,200,1.0,150622,51653,98969,0.3429313114950007,0.6570686885049992,0,23188,0.1539482944058637,8087,True,200,200,1.0,51653,98969,0,23188,0.1539482944058637,8087,True,38411,0.8098655499998632,False,0,2.068399980068207,38410,True,26099,8087,1000,0.456112,368
0.342970829305756,0.6570291706942439,0.1,0.9454545454545454,1.0,0.2727272727272727,0.2727272727272727,5.136319019198864,18.677523706177688,0.10708057617608535,151042,90,55,11,30,200,200,1.0,151042,51803,99239,0.342970829305756,0.6570291706942439,0,23260,0.15399690152407938,8117,True,200,200,1.0,51803,99239,0,23260,0.15399690152407938,8117,True,38521,0.8093210499998628,False,0,2.0249449002742765,38520,True,26180,8117,1000,0.45628,369
0.3430629464816258,0.6569370535183743,0.13636363636363635,0.9090909090909091,1.0,0.3090909090909091,0.3,5.112681838864359,18.591570323143124,0.10757563590582575,151462,90,55,15,33,200,200,1.0,151462,51961,99501,0.3430629464816258,0.6569370535183743,0,23334,0.15405844370205068,8151,True,200,200,1.0,51961,99501,0,23334,0.15405844370205068,8151,True,38631,0.8087765499998624,False,0,2.02872907102108,38630,True,26263,8151,1000,0.456442,370
0.3430422416517434,0.6569577583482566,0.19298245614035087,0.8596491228070176,1.0,0.24561403508771928,0.23684210526315788,4.902538292171036,17.201888744459776,0.11626630248054251,151888,87,57,22,27,200,200,1.0,151888,52104,99784,0.3430422416517434,0.6569577583482566,0,23401,0.15406747076793426,8179,True,200,200,1.0,52104,99784,0,23401,0.15406747076793426,8179,True,38744,0.808217199999862,False,0,2.0646688783168794,38743,True,26342,8179,1000,0.456616,371
0.3429256122381984,0.6570743877618016,0.125,0.9285714285714286,1.0,0.16964285714285715,0.16964285714285715,5.084894644432834,18.16033801583155,0.11013010871584382,152310,89,56,14,19,200,200,1.0,152310,52231,100079,0.3429256122381984,0.6570743877618016,0,23468,0.154080493729893,8198,True,200,200,1.0,52231,100079,0,23468,0.154080493729893,8198,True,38855,0.8076677499998616,False,0,2.0482871717214586,38854,True,26416,8198,1000,0.456778,372
0.3429104721985723,0.6570895278014277,0.15555555555555556,0.9555555555555556,1.0,0.1,0.1,6.083739212568733,27.03884094474992,0.07396766762623884,152690,110,45,14,9,200,200,1.0,152690,52359,100331,0.3429104721985723,0.6570895278014277,0,23517,0.15401794485558976,8207,True,200,200,1.0,52359,100331,0,23517,0.15401794485558976,8207,True,38945,0.8072222499998613,False,0,2.0376782429218294,38944,True,26470,8207,1000,0.456916,373
0.34281757851282857,0.6571824214871714,0.19230769230769232,0.8846153846153846,1.0,0.125,0.11538461538461539,5.426409573986742,20.870806053795164,0.09582763573409368,153096,97,52,20,12,200,200,1.0,153096,52484,100612,0.34281757851282857,0.6571824214871714,0,23578,0.15400794272874535,8221,True,200,200,1.0,52484,100612,0,23578,0.15400794272874535,8221,True,39048,0.8067123999998609,False,0,2.051950525045395,39047,True,26534,8221,1000,0.45707200000000003,374
0.3428390863010307,0.6571609136989693,0.13541666666666666,0.9375,1.0,0.15625,0.15625,5.713343140739513,23.80559641974797,0.0840138581170307,153486,105,48,13,15,200,200,1.0,153486,52621,100865,0.3428390863010307,0.6571609136989693,0,23633,0.1539749553705224,8236,True,200,200,1.0,52621,100865,0,23633,0.1539749553705224,8236,True,39143,0.8062421499998605,False,0,2.0599378323554993,39142,True,26592,8236,1000,0.45721,375
0.3429208429208429,0.6570791570791571,0.1875,0.875,1.0,0.1,0.1,6.485525610755481,32.427628053777404,0.06167580301227199,153846,120,40,15,8,200,200,1.0,153846,52757,101089,0.3429208429208429,0.6570791570791571,0,23679,0.15391365391365391,8244,True,200,200,1.0,52757,101089,0,23679,0.15391365391365391,8244,True,39223,0.8058461499998603,False,0,2.049305161833763,39222,True,26638,8244,1000,0.45733,376
0.34280251474496076,0.6571974852550393,0.1885245901639344,0.8852459016393442,1.0,0.22950819672131148,0.22950819672131148,4.502912828594332,14.76364861834207,0.13546786784909245,154290,78,61,23,28,200,200,1.0,154290,52891,101399,0.34280251474496076,0.6571974852550393,0,23755,0.15396331583381942,8272,True,200,200,1.0,52891,101399,0,23755,0.15396331583381942,8272,True,39345,0.8052422499998598,False,0,2.0180276572704314,39344,True,26721,8272,1000,0.45751600000000003,377
0.34274209185981874,0.6572579081401813,0.17857142857142858,0.875,1.0,0.21428571428571427,0.21428571428571427,5.001342208304364,17.86193645822987,0.11196994260263991,154714,88,56,20,24,200,200,1.0,154714,53027,101687,0.34274209185981874,0.6572579081401813,0,23823,0.15398089377819718,8296,True,200,200,1.0,53027,101687,0,23823,0.15398089377819718,8296,True,39457,0.8046878499998594,False,0,1.9450599002838134,39456,True,26798,8296,1000,0.45768400000000004,378
0.3426467933675443,0.6573532066324557,0.18627450980392157,0.8823529411764706,1.0,0.11764705882352941,0.11764705882352941,5.5209130281846726,21.650639326214403,0.09237602501550232,155116,99,51,19,12,200,200,1.0,155116,53150,101966,0.3426467933675443,0.6573532066324557,0,23879,0.15394285566930554,8308,True,200,200,1.0,53150,101966,0,23879,0.15394285566930554,8308,True,39558,0.8041878999998591,False,0,1.9104466760158538,39557,True,26860,8308,1000,0.457834,379
0.34258580558877616,0.6574141944112238,0.1792452830188679,0.8867924528301887,1.0,0.16981132075471697,0.16981132075471697,5.259696681310573,19.84791200494556,0.10076626697567252,155526,95,53,19,18,200,200,1.0,155526,53281,102245,0.34258580558877616,0.6574141944112238,0,23941,0.15393567634993505,8326,True,200,200,1.0,53281,102245,0,23941,0.15393567634993505,8326,True,39663,0.8036681499998587,False,0,1.9760533004999161,39662,True,26928,8326,1000,0.45799,380
0.3424873656396706,0.6575126343603295,0.16,0.9,1.0,0.09,0.09,5.61035972483028,22.44143889932112,0.08912084510144767,155924,101,50,16,9,200,200,1.0,155924,53402,102522,0.3424873656396706,0.6575126343603295,0,23995,0.15388907416433648,8335,True,200,200,1.0,53402,102522,0,23995,0.15388907416433648,8335,True,39762,0.8031780999998583,False,0,2.055514717698097,39761,True,26985,8335,1000,0.45814,381
0.34246750588476105,0.657532494115239,0.20754716981132076,0.8490566037735849,1.0,0.20754716981132076,0.20754716981132076,5.259002683617819,19.845293145727616,0.10077956446970242,156336,94,53,22,22,200,200,1.0,156336,53540,102796,0.34246750588476105,0.657532494115239,0,24054,0.1538609149524102,8357,True,200,200,1.0,53540,102796,0,24054,0.1538609149524102,8357,True,39868,0.802653399999858,False,0,2.034408411383629,39867,True,27058,8357,1000,0.45830200000000004,382
0.3424034400479769,0.657596559952023,0.25,0.8461538461538461,1.0,0.14423076923076922,0.125,5.358552596200074,20.60981767769259,0.09704113016801387,156742,97,52,26,13,200,200,1.0,156742,53669,103073,0.3424034400479769,0.657596559952023,0,24115,0.15385155223233082,8372,True,200,200,1.0,53669,103073,0,24115,0.15385155223233082,8372,True,39971,0.8021435499998576,False,0,2.0060288935899733,39970,True,27124,8372,1000,0.458452,383
0.34231689316435077,0.6576831068356492,0.2033898305084746,0.847457627118644,1.0,0.22033898305084745,0.2033898305084746,4.65146396027781,15.767674441619693,0.12684178680914945,157176,83,59,24,24,200,200,1.0,157176,53804,103372,0.34231689316435077,0.6576831068356492,0,24183,0.1538593678424187,8398,True,200,200,1.0,53804,103372,0,24183,0.1538593678424187,8398,True,40088,0.8015643999998572,False,0,2.0479715049266813,40087,True,27205,8398,1000,0.45863200000000004,384
0.3421580196160532,0.6578419803839468,0.2222222222222222,0.8253968253968254,1.0,0.21428571428571427,0.20634920634920634,4.234134288536722,13.441696154084832,0.14879074612858398,157626,75,63,28,26,200,200,1.0,157626,53933,103693,0.3421580196160532,0.6578419803839468,0,24258,0.15389593087434814,8424,True,200,200,1.0,53933,103693,0,24258,0.15389593087434814,8424,True,40213,0.8009456499998567,False,0,2.0462688255310058,40212,True,27291,8424,1000,0.458818,385
0.3422498480858821,0.6577501519141179,0.2875,0.775,1.0,0.1,0.1,6.394580020414696,31.97290010207348,0.06255297435062193,157984,121,40,23,8,200,200,1.0,157984,54070,103914,0.3422498480858821,0.6577501519141179,0,24303,0.1538320336236581,8432,True,200,200,1.0,54070,103914,0,24303,0.1538320336236581,8432,True,40292,0.8005545999998565,False,0,2.1143490755558014,40291,True,27338,8432,1000,0.458938,386
0.34224484125981863,0.6577551587401813,0.09574468085106383,0.9361702127659575,1.0,0.13829787234042554,0.13829787234042554,5.816378211913961,24.750545582612602,0.08080629953486808,158372,106,47,9,13,200,200,1.0,158372,54202,104170,0.34224484125981863,0.6577551587401813,0,24357,0.15379612557775366,8445,True,200,200,1.0,54202,104170,0,24357,0.15379612557775366,8445,True,40386,0.8000892999998561,False,0,2.1120171302556994,40385,True,27397,8445,1000,0.45907600000000004,387
0.34226437910966667,0.6577356208903333,0.16,0.9,1.0,0.2,0.19,5.436661897683839,21.746647590735357,0.0919681983926595,158772,100,50,16,19,200,200,1.0,158772,54342,104430,0.34226437910966667,0.6577356208903333,0,24417,0.1537865618622931,8465,True,200,200,1.0,54342,104430,0,24417,0.1537865618622931,8465,True,40486,0.7995942999998558,False,0,2.1311341136693955,40485,True,27465,8465,1000,0.459226,388
0.34224148762407336,0.6577585123759266,0.20192307692307693,0.8846153846153846,1.0,0.19230769230769232,0.18269230769230768,5.344279843117954,20.554922473530592,0.09730029400867267,159180,96,52,21,19,200,200,1.0,159180,54478,104702,0.34224148762407336,0.6577585123759266,0,24483,0.15380701093102148,8485,True,200,200,1.0,54478,104702,0,24483,0.15380701093102148,8485,True,40590,0.7990794999998554,False,0,2.1206135994195936,40589,True,27535,8485,1000,0.459382,389
0.3421718912550293,0.6578281087449707,0.18085106382978725,0.851063829787234,1.0,0.07446808510638298,0.07446808510638298,5.824635894393603,24.785684656994057,0.08069173910980253,159566,107,47,17,7,200,200,1.0,159566,54599,104967,0.3421718912550293,0.6578281087449707,0,24535,0.1537608262411792,8492,True,200,200,1.0,54599,104967,0,24535,0.1537608262411792,8492,True,40683,0.7986191499998551,False,0,2.085530099272728,40682,True,27588,8492,1000,0.45952000000000004,390
0.3421486880102009,0.6578513119897991,0.22727272727272727,0.8727272727272727,1.0,0.22727272727272727,0.20909090909090908,5.005132356518376,18.20048129643046,0.109887203938516,159986,90,55,25,23,200,200,1.0,159986,54739,105247,0.3421486880102009,0.6578513119897991,0,24602,0.15377595539609715,8517,True,200,200,1.0,54739,105247,0,24602,0.15377595539609715,8517,True,40793,0.7980746499998547,False,0,2.1031456249952316,40792,True,27666,8517,1000,0.45968800000000004,391
0.34211510881087487,0.6578848911891251,0.20652173913043478,0.8260869565217391,1.0,0.10869565217391304,0.10869565217391304,5.800978947126562,25.22164759620244,0.07929696077036358,160370,108,46,19,10,200,200,1.0,160370,54865,105505,0.34211510881087487,0.6578848911891251,0,24654,0.1537319947621126,8526,True,200,200,1.0,54865,105505,0,24654,0.1537319947621126,8526,True,40885,0.7976192499998543,False,0,2.0566703063249587,40884,True,27721,8526,1000,0.459826,392
0.34217204702369847,0.6578279529763016,0.14,0.92,1.0,0.23,0.23,5.542504519673788,22.17001807869515,0.09021192463175984,160770,100,50,14,23,200,200,1.0,160770,55011,105759,0.34217204702369847,0.6578279529763016,0,24719,0.15375380979038378,8549,True,200,200,1.0,55011,105759,0,24719,0.15375380979038378,8549,True,40985,0.797124249999854,False,0,2.0524328380823134,40984,True,27793,8549,1000,0.459976,393
0.342201288304725,0.657798711695275,0.27906976744186046,0.7906976744186046,1.0,0.10465116279069768,0.10465116279069768,5.975765832561032,27.79425968633038,0.07195730422651368,161142,114,43,24,9,200,200,1.0,161142,55143,105999,0.342201288304725,0.657798711695275,0,24768,0.15370294522843206,8558,True,200,200,1.0,55143,105999,0,24768,0.15370294522843206,8558,True,41071,0.7966985499998537,False,0,2.038692047595978,41070,True,27845,8558,1000,0.460102,394
0.34211112623930884,0.6578888737606912,0.25,0.8833333333333333,1.0,0.23333333333333334,0.225,4.6306685046860006,15.435561682286668,0.1295709246716388,161582,80,60,30,27,200,200,1.0,161582,55279,106303,0.34211112623930884,0.6578888737606912,0,24843,0.15374856110210297,8586,True,200,200,1.0,55279,106303,0,24843,0.15374856110210297,8586,True,41191,0.7961045499998533,False,0,1.9817868000268937,41190,True,27929,8586,1000,0.460282,395
0.3421780296016492,0.6578219703983508,0.16101694915254236,0.8983050847457628,1.0,0.3305084745762712,0.3305084745762712,4.74268899299147,16.07691184064905,0.1244020008210269,162018,82,59,19,39,200,200,1.0,162018,55439,106579,0.3421780296016492,0.6578219703983508,0,24922,0.15382241479341802,8625,True,200,200,1.0,55439,106579,0,24922,0.15382241479341802,8625,True,41309,0.7955204499998528,False,0,2.023588005900383,41308,True,28021,8625,1000,0.46046200000000004,396
0.34192837533393244,0.6580716246660676,0.15,0.9166666666666666,1.0,0.125,0.125,4.720753030419836,15.735843434732784,0.12709836675074687,162458,80,60,18,15,200,200,1.0,162458,55549,106909,0.34192837533393244,0.6580716246660676,0,24990,0.15382437306873162,8640,True,200,200,1.0,55549,106909,0,24990,0.15382437306873162,8640,True,41429,0.7949264499998524,False,0,2.0171338504552843,41428,True,28095,8640,1000,0.460642,397
0.34194241512677265,0.6580575848732273,0.10344827586206896,0.9482758620689655,1.0,0.27586206896551724,0.27586206896551724,4.946826586118128,17.058022710752166,0.11724688341160094,162890,84,58,12,32,200,200,1.0,162890,55699,107191,0.34194241512677265,0.6580575848732273,0,25062,0.15385843207072258,8673,True,200,200,1.0,55699,107191,0,25062,0.15385843207072258,8673,True,41545,0.794352249999852,False,0,2.106402965784073,41544,True,28183,8673,1000,0.460816,398
0.3419582817877834,0.6580417182122166,0.22448979591836735,0.8979591836734694,1.0,0.16326530612244897,0.16326530612244897,5.686873363203055,23.211728013073692,0.08616333944950273,163286,102,49,22,16,200,200,1.0,163286,55837,107449,0.3419582817877834,0.6580417182122166,0,25117,0.15382212804527026,8691,True,200,200,1.0,55837,107449,0,25117,0.15382212804527026,8691,True,41643,0.7938671499998516,False,0,2.1210784482955933,41642,True,28246,8691,1000,0.46096000000000004,399
0.3417805792746241,0.658219420725376,0.2033898305084746,0.864406779661017,1.0,0.16101694915254236,0.16101694915254236,4.890104780288209,16.57662637385834,0.12065181146593489,163722,82,59,24,19,200,200,1.0,163722,55957,107765,0.3417805792746241,0.658219420725376,0,25185,0.1538278301022465,8710,True,200,200,1.0,55957,107765,0,25185,0.1538278301022465,8710,True,41761,0.7932830499998512,False,0,2.1311710119247436,41760,True,28323,8710,1000,0.46114,400
0.3417473124832411,0.6582526875167589,0.22093023255813954,0.8604651162790697,1.0,0.03488372093023256,0.03488372093023256,6.14698065493391,28.590607697367023,0.06995304266247494,164092,115,43,19,3,200,200,1.0,164092,56078,108014,0.3417473124832411,0.6582526875167589,0,25229,0.153749116349365,8713,True,200,200,1.0,56078,108014,0,25229,0.153749116349365,8713,True,41846,0.7928622999998509,False,0,2.1198928332328797,41845,True,28368,8713,1000,0.461266,401
0.3417724597499878,0.6582275402500122,0.37777777777777777,0.6888888888888889,1.0,0.13333333333333333,0.13333333333333333,5.781731361994828,25.696583831088123,0.07783135739546707,164472,110,45,34,12,200,200,1.0,164472,56212,108260,0.3417724597499878,0.6582275402500122,0,25280,0.15370397392869303,8725,True,200,200,1.0,56212,108260,0,25280,0.15370397392869303,8725,True,41936,0.7924167999998506,False,0,2.098117578625679,41935,True,28424,8725,1000,0.46140400000000004,402
0.34170811597719275,0.6582918840228072,0.2553191489361702,0.8723404255319149,1.0,0.0851063829787234,0.0851063829787234,5.761818446584543,24.518376368444862,0.08157146990263185,164860,106,47,24,8,200,200,1.0,164860,56334,108526,0.34170811597719275,0.6582918840228072,0,25330,0.1536455174087104,8733,True,200,200,1.0,56334,108526,0,25330,0.1536455174087104,8733,True,42030,0.7919514999998503,False,0,2.0718756812810897,42029,True,28479,8733,1000,0.461542,403
0.3417982694983966,0.6582017305016035,0.10377358490566038,0.9245283018867925,1.0,0.27358490566037735,0.27358490566037735,5.440666445214419,20.530816774394037,0.0974145364978559,165270,95,53,11,29,200,200,1.0,165270,56489,108781,0.3417982694983966,0.6582017305016035,0,25394,0.15365160041144793,8762,True,200,200,1.0,56489,108781,0,25394,0.15365160041144793,8762,True,42135,0.7914317499998499,False,0,2.0308381229639054,42134,True,28556,8762,1000,0.46169800000000005,404
0.3419077272123867,0.6580922727876133,0.109375,0.9375,1.0,0.3984375,0.3984375,4.346620994833326,13.583190608854142,0.1472408109105315,165726,72,64,14,51,200,200,1.0,165726,56663,109063,0.3419077272123867,0.6580922727876133,0,25483,0.15376585448270036,8813,True,200,200,1.0,56663,109063,0,25483,0.15376585448270036,8813,True,42263,0.7907981499998494,False,0,1.987175548672676,42262,True,28657,8813,1000,0.46189,405
0.34189552005201124,0.6581044799479887,0.2604166666666667,0.8125,1.0,0.14583333333333334,0.14583333333333334,5.4940038960513595,22.891682900213997,0.08736797590278098,166118,104,48,25,14,200,200,1.0,166118,56795,109323,0.34189552005201124,0.6581044799479887,0,25538,0.15373409263294766,8827,True,200,200,1.0,56795,109323,0,25538,0.15373409263294766,8827,True,42359,0.7903229499998491,False,0,2.05013663649559,42358,True,28717,8827,1000,0.462034,406
0.34185694734567457,0.6581430526543255,0.19285714285714287,0.8857142857142857,1.0,0.3357142857142857,0.32857142857142857,3.874899618826752,11.071141768076435,0.18064984099173825,166596,61,70,27,46,200,200,1.0,166596,56952,109644,0.34185694734567457,0.6581430526543255,0,25628,0.1538332252875219,8875,True,200,200,1.0,56952,109644,0,25628,0.1538332252875219,8875,True,42498,0.7896348999998486,False,0,2.0718239510059355,42497,True,28825,8875,1000,0.462244,407
0.3418801883063212,0.6581198116936788,0.19047619047619047,0.9047619047619048,1.0,0.07142857142857142,0.07142857142857142,6.369340954232965,30.330195020156978,0.06594088823599159,166962,117,42,16,6,200,200,1.0,166962,57081,109881,0.3418801883063212,0.6581198116936788,0,25671,0.1537535487116829,8881,True,200,200,1.0,57081,109881,0,25671,0.1537535487116829,8881,True,42581,0.7892240499998483,False,0,2.029077503681183,42580,True,28872,8881,1000,0.46237,408
0.3420021034515728,0.6579978965484272,0.14130434782608695,0.8913043478260869,1.0,0.21739130434782608,0.20652173913043478,5.952913405454441,25.882232197628003,0.07727308775876339,167344,109,46,13,19,200,200,1.0,167344,57232,110112,0.3420021034515728,0.6579978965484272,0,25729,0.15374916339994263,8901,True,200,200,1.0,57232,110112,0,25729,0.15374916339994263,8901,True,42672,0.788773599999848,False,0,2.0235648059844973,42671,True,28933,8901,1000,0.46250800000000003,409
0.34195905909844176,0.6580409409015582,0.1320754716981132,0.9056603773584906,1.0,0.16981132075471697,0.16981132075471697,5.518508911689471,20.824561930903663,0.09604043564690783,167754,95,53,14,18,200,200,1.0,167754,57365,110389,0.34195905909844176,0.6580409409015582,0,25786,0.15371317524470354,8920,True,200,200,1.0,57365,110389,0,25786,0.15371317524470354,8920,True,42777,0.7882538499998476,False,0,2.0629599022865297,42776,True,29000,8920,1000,0.462664,410
0.342052684783255,0.657947315216745,0.21296296296296297,0.8703703703703703,1.0,0.3055555555555556,0.2962962962962963,5.204704898762552,19.276684810231675,0.10375228000503699,168170,92,54,23,32,200,200,1.0,168170,57523,110647,0.342052684783255,0.657947315216745,0,25854,0.15373728964738062,8953,True,200,200,1.0,57523,110647,0,25854,0.15373728964738062,8953,True,42885,0.7877192499998472,False,0,2.083915977478027,42884,True,29082,8953,1000,0.462826,411
0.3419953486164507,0.6580046513835494,0.15217391304347827,0.9782608695652174,1.0,0.06521739130434782,0.06521739130434782,5.974313086962951,25.975274291143265,0.07699629954175059,168552,109,46,14,6,200,200,1.0,168552,57644,110908,0.3419953486164507,0.6580046513835494,0,25902,0.1536736437419906,8959,True,200,200,1.0,57644,110908,0,25902,0.1536736437419906,8959,True,42976,0.7872687999998469,False,0,2.138214831352234,42975,True,29133,8959,1000,0.46296400000000004,412
0.3420834615475655,0.6579165384524345,0.11016949152542373,0.9322033898305084,1.0,0.3474576271186441,0.3474576271186441,4.681525369567839,15.869577523958775,0.1260272995283296,168988,82,59,13,41,200,200,1.0,168988,57808,111180,0.3420834615475655,0.6579165384524345,0,25980,0.15373872701020191,9000,True,200,200,1.0,57808,111180,0,25980,0.15373872701020191,9000,True,43094,0.7866846999998465,False,0,2.212072207331657,43093,True,29228,9000,1000,0.46313800000000005,413
0.34194930761330233,0.6580506923866977,0.20175438596491227,0.8947368421052632,1.0,0.14035087719298245,0.14035087719298245,4.9525915218365215,17.377514111707093,0.11509126030014936,169414,87,57,23,16,200,200,1.0,169414,57931,111483,0.34194930761330233,0.6580506923866977,0,26045,0.15373581876350242,9018,True,200,200,1.0,57931,111483,0,26045,0.15373581876350242,9018,True,43207,0.7861253499998461,False,0,2.155221374630928,43206,True,29299,9018,1000,0.463306,414
0.34183625400414547,0.6581637459958545,0.1792452830188679,0.9056603773584906,1.0,0.1320754716981132,0.1320754716981132,5.313474226039455,20.050846135997944,0.09974641401338841,169824,95,53,19,14,200,200,1.0,169824,58052,111772,0.34183625400414547,0.6581637459958545,0,26105,0.153717966836254,9031,True,200,200,1.0,58052,111772,0,26105,0.153717966836254,9031,True,43312,0.7856055999998457,False,0,2.124265395998955,43311,True,29363,9031,1000,0.463468,415
0.34182277291678903,0.6581772270832109,0.21641791044776118,0.8955223880597015,1.0,0.3283582089552239,0.31343283582089554,4.125617875173839,12.315277239324892,0.1623999168783339,170290,67,67,29,42,200,200,1.0,170290,58209,112081,0.34182277291678903,0.6581772270832109,0,26189,0.15379059251864466,9075,True,200,200,1.0,58209,112081,0,26189,0.15379059251864466,9075,True,43445,0.7849472499998452,False,0,2.082488114237785,43444,True,29466,9075,1000,0.463666,416
0.3417056280099835,0.6582943719900165,0.22916666666666666,0.9166666666666666,1.0,0.052083333333333336,0.052083333333333336,5.766473116434259,24.026971318476082,0.0832397880486108,170682,104,48,22,5,200,200,1.0,170682,58323,112359,0.3417056280099835,0.6582943719900165,0,26238,0.1537244700671424,9080,True,200,200,1.0,58323,112359,0,26238,0.1537244700671424,9080,True,43541,0.7844720499998449,False,0,2.051886139512062,43540,True,29519,9080,1000,0.46381,417
0.3417465513210194,0.6582534486789806,0.18,0.86,1.0,0.2,0.2,5.5290350221001185,22.116140088400474,0.09043169341511653,171080,101,50,18,20,200,200,1.0,171080,58466,112614,0.3417465513210194,0.6582534486789806,0,26297,0.15371171381809678,9100,True,200,200,1.0,58466,112614,0,26297,0.15371171381809678,9100,True,43640,0.7839819999998445,False,0,2.0725737977027894,43639,True,29584,9100,1000,0.46396000000000004,418
0.3417737759219949,0.658226224078005,0.19387755102040816,0.9183673469387755,1.0,0.1836734693877551,0.17346938775510204,5.647979192220187,23.052976294776272,0.08675669355775087,171476,102,49,19,17,200,200,1.0,171476,58606,112870,0.3417737759219949,0.658226224078005,0,26357,0.15370664116261168,9119,True,200,200,1.0,58606,112870,0,26357,0.15370664116261168,9119,True,43738,0.7834968999998442,False,0,2.0678985929489135,43737,True,29649,9119,1000,0.464104,419
0.34182598880575304,0.6581740111942469,0.17,0.9,1.0,0.21,0.21,5.63384528180032,22.53538112720128,0.08874933105018155,171874,101,50,17,21,200,200,1.0,171874,58751,113123,0.34182598880575304,0.6581740111942469,0,26418,0.15370562155998,9141,True,200,200,1.0,58751,113123,0,26418,0.15370562155998,9141,True,43837,0.7830068499998438,False,0,2.1056842440366745,43836,True,29717,9141,1000,0.46425400000000006,420
0.3417520925966774,0.6582479074033226,0.32,0.74,1.0,0.12,0.12,5.392434394865805,21.56973757946322,0.09272250033789108,172274,100,50,32,12,200,200,1.0,172274,58875,113399,0.3417520925966774,0.6582479074033226,0,26472,0.15366218930308695,9153,True,200,200,1.0,58875,113399,0,26472,0.15366218930308695,9153,True,43937,0.7825118499998435,False,0,2.148690064549446,43936,True,29779,9153,1000,0.46440400000000004,421
0.3417901113028573,0.6582098886971427,0.14423076923076922,0.9230769230769231,1.0,0.2403846153846154,0.23076923076923078,5.421720074759792,20.852769518306893,0.09591052153739946,172682,96,52,15,24,200,200,1.0,172682,59021,113661,0.3417901113028573,0.6582098886971427,0,26537,0.1536755423263571,9178,True,200,200,1.0,59021,113661,0,26537,0.1536755423263571,9178,True,44041,0.7819970499998431,False,0,2.109095035791397,44040,True,29853,9178,1000,0.46456000000000003,422
0.3418797001166726,0.6581202998833273,0.15873015873015872,0.9047619047619048,1.0,0.38095238095238093,0.36507936507936506,4.493413623945583,14.264805155382803,0.14020520983038476,173134,74,63,20,46,200,200,1.0,173134,59191,113943,0.3418797001166726,0.6581202998833273,0,26623,0.15377106749685215,9226,True,200,200,1.0,59191,113943,0,26623,0.15377106749685215,9226,True,44167,0.7813733499998426,False,0,2.126228733062744,44166,True,29955,9226,1000,0.464746,423
0.3418322652035594,0.6581677347964405,0.23333333333333334,0.8222222222222222,1.0,0.05555555555555555,0.05555555555555555,5.994677640475433,26.64301173544637,0.07506658856210172,173512,111,45,21,5,200,200,1.0,173512,59312,114200,0.3418322652035594,0.6581677347964405,0,26669,0.15370118493245424,9231,True,200,200,1.0,59312,114200,0,26669,0.15370118493245424,9231,True,44256,0.7809327999998423,False,0,2.0737002378702165,44255,True,30004,9231,1000,0.464884,424
0.34164300412705345,0.6583569958729465,0.21212121212121213,0.8181818181818182,1.0,0.2196969696969697,0.2196969696969697,4.052944299363603,12.28164939201092,0.1628445769915056,173974,69,66,28,29,200,200,1.0,173974,59437,114537,0.34164300412705345,0.6583569958729465,0,26756,0.15379309552002024,9259,True,200,200,1.0,59437,114537,0,26756,0.15379309552002024,9259,True,44387,0.7802843499998419,False,0,2.1186510848999025,44386,True,30096,9259,1000,0.46507600000000004,425
0.3416186827556147,0.6583813172443853,0.125,0.9166666666666666,1.0,0.11458333333333333,0.11458333333333333,5.847838216911563,24.365992570464844,0.08208161412740038,174364,105,48,12,11,200,200,1.0,174364,59566,114798,0.3416186827556147,0.6583813172443853,0,26808,0.1537473331651029,9270,True,200,200,1.0,59566,114798,0,26808,0.1537473331651029,9270,True,44482,0.7798140999998415,False,0,2.1400021040439605,44481,True,30152,9270,1000,0.46522,426
0.34152523946305346,0.6584747605369465,0.17647058823529413,0.8823529411764706,1.0,0.10784313725490197,0.10784313725490197,5.521879904616856,21.654430998497478,0.09235985005280317,174766,99,51,18,11,200,200,1.0,174766,59687,115079,0.34152523946305346,0.6584747605369465,0,26864,0.15371410915166567,9281,True,200,200,1.0,59687,115079,0,26864,0.15371410915166567,9281,True,44583,0.7793141499998412,False,0,2.1655132710933684,44582,True,30212,9281,1000,0.46537,427
0.3415691200822246,0.6584308799177754,0.15853658536585366,0.926829268292683,1.0,0.08536585365853659,0.08536585365853659,6.3346777081805445,30.900866869173385,0.06472310335070872,175130,118,41,13,7,200,200,1.0,175130,59819,115311,0.3415691200822246,0.6584308799177754,0,26911,0.15366299320504767,9288,True,200,200,1.0,59819,115311,0,26911,0.15366299320504767,9288,True,44665,0.7789082499998409,False,0,2.156189505457878,44664,True,30260,9288,1000,0.465496,428
0.3416045753867888,0.6583954246132112,0.24545454545454545,0.8181818181818182,1.0,0.2636363636363636,0.2545454545454545,5.044453219970181,18.343466254437022,0.10903064733014835,175548,91,55,27,28,200,200,1.0,175548,59968,115580,0.3416045753867888,0.6583954246132112,0,26979,0.15368446236926653,9317,True,200,200,1.0,59968,115580,0,26979,0.15368446236926653,9317,True,44774,0.7783686999998405,False,0,2.101639076471329,44773,True,30339,9317,1000,0.465658,429
0.3416074575115103,0.6583925424884898,0.20652173913043478,0.8695652173913043,1.0,0.11956521739130435,0.11956521739130435,5.942091955317294,25.835182414423016,0.07741381376442147,175930,109,46,19,11,200,200,1.0,175930,60099,115831,0.3416074575115103,0.6583925424884898,0,27029,0.15363496845336214,9328,True,200,200,1.0,60099,115831,0,27029,0.15363496845336214,9328,True,44865,0.7779182499998402,False,0,2.1686586034297943,44864,True,30395,9328,1000,0.465796,430
0.3416415304016511,0.6583584695983489,0.13934426229508196,0.9344262295081968,1.0,0.30327868852459017,0.29508196721311475,4.697350817649731,15.401150221802396,0.1298604306299624,176372,79,61,17,36,200,200,1.0,176372,60256,116116,0.3416415304016511,0.6583584695983489,0,27108,0.15369786587440185,9366,True,200,200,1.0,60256,116116,0,27108,0.15369786587440185,9366,True,44986,0.7773192999998397,False,0,2.1374038219451905,44985,True,30482,9366,1000,0.465976,431
0.3416425273829999,0.6583574726170001,0.14444444444444443,0.9111111111111111,1.0,0.1111111111111111,0.1111111111111111,5.917911554575625,26.30182913144722,0.07604033886786767,176752,110,45,13,10,200,200,1.0,176752,60386,116366,0.3416425273829999,0.6583574726170001,0,27157,0.15364465465737304,9376,True,200,200,1.0,60386,116366,0,27157,0.15364465465737304,9376,True,45076,0.7768737999998394,False,0,2.117615402340889,45075,True,30536,9376,1000,0.46611400000000003,432
0.3417470029124241,0.6582529970875759,0.14545454545454545,0.9272727272727272,1.0,0.3090909090909091,0.3,5.120367887276952,18.619519590098008,0.10741415697232135,177172,90,55,16,33,200,200,1.0,177172,60548,116624,0.3417470029124241,0.6582529970875759,0,27227,0.15367552434921997,9412,True,200,200,1.0,60548,116624,0,27227,0.15367552434921997,9412,True,45186,0.776329299999839,False,0,2.0558293288946152,45185,True,30622,9412,1000,0.466276,433
0.3417673035328046,0.6582326964671954,0.2073170731707317,0.8780487804878049,1.0,0.06097560975609756,0.06097560975609756,6.298017791452264,30.722038007084215,0.0650998478531541,177536,118,41,17,5,200,200,1.0,177536,60676,116860,0.3417673035328046,0.6582326964671954,0,27271,0.15360828226387888,9417,True,200,200,1.0,60676,116860,0,27271,0.15360828226387888,9417,True,45268,0.7759233999998387,False,0,2.0291130882501602,45267,True,30668,9417,1000,0.46640200000000004,434
0.3417278316679218,0.6582721683320782,0.18,0.88,1.0,0.14,0.13,5.645448299300341,22.581793197201364,0.08856692568807452,177934,101,50,18,13,200,200,1.0,177934,60805,117129,0.3417278316679218,0.6582721683320782,0,27326,0.15357379702586352,9431,True,200,200,1.0,60805,117129,0,27326,0.15357379702586352,9431,True,45367,0.7754333499998384,False,0,1.9870858651399612,45366,True,30727,9431,1000,0.466546,435
0.3416880626969089,0.6583119373030911,0.20967741935483872,0.8548387096774194,1.0,0.28225806451612906,0.28225806451612906,4.506658504887656,14.537608080282762,0.13757421365022102,178382,76,62,26,35,200,200,1.0,178382,60951,117431,0.3416880626969089,0.6583119373030911,0,27405,0.1536309717348163,9466,True,200,200,1.0,60951,117431,0,27405,0.1536309717348163,9466,True,45491,0.7748195499998379,False,0,2.0014621061086655,45490,True,30817,9466,1000,0.46673200000000004,436
0.3416230366492147,0.6583769633507853,0.12244897959183673,0.9591836734693877,1.0,0.10204081632653061,0.10204081632653061,5.7901343117415385,23.633201272414443,0.08462670701892912,178776,103,49,12,10,200,200,1.0,178776,61074,117702,0.3416230366492147,0.6583769633507853,0,27458,0.1535888486150266,9476,True,200,200,1.0,61074,117702,0,27458,0.1535888486150266,9476,True,45588,0.7743393999998376,False,0,2.0466946572065354,45587,True,30874,9476,1000,0.466882,437
0.3416076969439918,0.6583923030560082,0.25471698113207547,0.8490566037735849,1.0,0.20754716981132076,0.1792452830188679,5.275437057282777,19.907309650123686,0.10046560962533548,179188,94,53,27,19,200,200,1.0,179188,61212,117976,0.3416076969439918,0.6583923030560082,0,27523,0.15359845525370003,9498,True,200,200,1.0,61212,117976,0,27523,0.15359845525370003,9498,True,45694,0.7738146999998372,False,0,2.067186887860298,45693,True,30947,9498,1000,0.467038,438
0.34156607723486704,0.658433922765133,0.2545454545454545,0.8,1.0,0.20909090909090908,0.20909090909090908,4.983365322981988,18.12132844720723,0.1103671844934873,179608,90,55,28,23,200,200,1.0,179608,61348,118260,0.34156607723486704,0.658433922765133,0,27591,0.15361787893635026,9521,True,200,200,1.0,61348,118260,0,27591,0.15361787893635026,9521,True,45804,0.7732701999998368,False,0,2.074726094007492,45803,True,31022,9521,1000,0.467206,439
0.3416649073878599,0.6583350926121401,0.1875,0.8958333333333334,1.0,0.23958333333333334,0.22916666666666666,5.799849807027482,24.16604086261451,0.08276076380778002,179998,105,48,18,22,200,200,1.0,179998,61499,118499,0.3416649073878599,0.6583350926121401,0,27651,0.15361837353748375,9544,True,200,200,1.0,61499,118499,0,27651,0.15361837353748375,9544,True,45899,0.7727999499998365,False,0,2.060046067237854,45898,True,31089,9544,1000,0.46734400000000004,440
0.34162213698144167,0.6583778630185584,0.11538461538461539,0.9423076923076923,1.0,0.18269230769230768,0.18269230769230768,5.445525000291193,20.944326924196897,0.09549125198620768,180404,97,52,12,19,200,200,1.0,180404,61630,118774,0.34162213698144167,0.6583778630185584,0,27715,0.15362741402629654,9561,True,200,200,1.0,61630,118774,0,27715,0.15362741402629654,9561,True,46002,0.7722900999998361,False,0,2.062684028148651,46001,True,31156,9561,1000,0.4675,441
0.34169495648712306,0.658305043512877,0.16666666666666666,0.8939393939393939,1.0,0.38636363636363635,0.38636363636363635,4.265117751989866,12.924599248454141,0.15474367611353304,180866,69,66,22,51,200,200,1.0,180866,61801,119065,0.34169495648712306,0.658305043512877,0,27803,0.15372153970342683,9612,True,200,200,1.0,61801,119065,0,27803,0.15372153970342683,9612,True,46133,0.7716416499998356,False,0,2.0777294182777406,46132,True,31262,9612,1000,0.467698,442
0.3416981173718246,0.6583018826281755,0.23255813953488372,0.8604651162790697,1.0,0.06976744186046512,0.06976744186046512,6.144316473389164,28.578216155298435,0.06998337436919405,181236,115,43,20,6,200,200,1.0,181236,61928,119308,0.3416981173718246,0.6583018826281755,0,27848,0.15365600653291842,9618,True,200,200,1.0,61928,119308,0,27848,0.15365600653291842,9618,True,46218,0.7712208999998353,False,0,2.1382438588142394,46217,True,31310,9618,1000,0.467824,443
0.34175647560022454,0.6582435243997755,0.1774193548387097,0.8709677419354839,1.0,0.3467741935483871,0.33064516129032256,4.546561431608793,14.66632719873804,0.13636679264677046,181682,77,62,22,41,200,200,1.0,181682,62091,119591,0.34175647560022454,0.6582435243997755,0,27932,0.1537411521229401,9661,True,200,200,1.0,62091,119591,0,27932,0.1537411521229401,9661,True,46341,0.7706120499998349,False,0,2.1433264017105103,46340,True,31404,9661,1000,0.46801000000000004,444
0.34162200158158335,0.6583779984184166,0.2962962962962963,0.7777777777777778,1.0,0.10185185185185185,0.08333333333333333,5.1491416180220995,19.07089488156333,0.10487184856403815,182096,93,54,32,9,200,200,1.0,182096,62208,119888,0.34162200158158335,0.6583779984184166,0,27990,0.1537101309199543,9673,True,200,200,1.0,62208,119888,0,27990,0.1537101309199543,9673,True,46448,0.7700823999998345,False,0,2.0981803619861603,46447,True,31467,9673,1000,0.46817200000000003,445
0.341518859759638,0.658481140240362,0.1590909090909091,0.9090909090909091,1.0,0.26515151515151514,0.24242424242424243,4.070568282509916,12.335055401545198,0.16213952308227675,182558,69,66,21,32,200,200,1.0,182558,62347,120211,0.341518859759638,0.658481140240362,0,28076,0.15379221945902125,9708,True,200,200,1.0,62347,120211,0,28076,0.15379221945902125,9708,True,46579,0.769433949999834,False,0,2.0013993704319,46578,True,31559,9708,1000,0.468364,446
0.34152420095317215,0.6584757990468278,0.22641509433962265,0.8490566037735849,1.0,0.20754716981132076,0.20754716981132076,5.258346346970227,19.842816403661235,0.10079214358053408,182968,95,53,24,22,200,200,1.0,182968,62488,120480,0.34152420095317215,0.6584757990468278,0,28141,0.15380285077171965,9730,True,200,200,1.0,62488,120480,0,28141,0.15380285077171965,9730,True,46684,0.7689141999998337,False,0,1.9654905009269714,46683,True,31630,9730,1000,0.468526,447
0.3415410787114785,0.6584589212885215,0.13559322033898305,0.9322033898305084,1.0,0.3050847457627119,0.2966101694915254,4.817676597994042,16.33110711184421,0.12246567157406558,183404,82,59,16,35,200,200,1.0,183404,62640,120764,0.3415410787114785,0.6584589212885215,0,28216,0.15384615384615385,9765,True,200,200,1.0,62640,120764,0,28216,0.15384615384615385,9765,True,46802,0.7683300999998333,False,0,2.004579641222954,46801,True,31721,9765,1000,0.4687,448
0.3413466768193191,0.6586533231806809,0.1875,0.859375,1.0,0.1875,0.1796875,4.197379695086261,13.116811547144566,0.15247607948102185,183860,72,64,24,23,200,200,1.0,183860,62760,121100,0.3413466768193191,0.6586533231806809,0,28290,0.15386707277276188,9789,True,200,200,1.0,62760,121100,0,28290,0.15386707277276188,9789,True,46930,0.7676964999998328,False,0,2.028811566233635,46929,True,31804,9789,1000,0.46889200000000003,449
0.3413542401388964,0.6586457598611035,0.10317460317460317,0.9523809523809523,1.0,0.31746031746031744,0.30952380952380953,4.570649336575127,14.509997893889294,0.13783599519626913,184310,75,63,13,39,200,200,1.0,184310,62915,121395,0.3413542401388964,0.6586457598611035,0,28367,0.15390917475991536,9829,True,200,200,1.0,62915,121395,0,28367,0.15390917475991536,9829,True,47055,0.7670777499998324,False,0,2.101818818449974,47054,True,31898,9829,1000,0.469078,450
0.34132621571578614,0.6586737842842139,0.11224489795918367,0.9591836734693877,1.0,0.14285714285714285,0.14285714285714285,5.640742563433572,23.023439034422744,0.0868679955678978,184706,102,49,11,14,200,200,1.0,184706,63045,121661,0.34132621571578614,0.6586737842842139,0,28422,0.15387697205288403,9843,True,200,200,1.0,63045,121661,0,28422,0.15387697205288403,9843,True,47153,0.766592649999832,False,0,2.103377003669739,47152,True,31960,9843,1000,0.46922800000000003,451
0.34151718175923923,0.6584828182407607,0.06818181818181818,0.9545454545454546,1.0,0.2840909090909091,0.2840909090909091,6.352932065175285,28.87696393261493,0.06925935859001821,185080,113,44,6,25,200,200,1.0,185080,63208,121872,0.34151718175923923,0.6584828182407607,0,28476,0.15385779122541604,9868,True,200,200,1.0,63208,121872,0,28476,0.15385779122541604,9868,True,47240,0.7661619999998317,False,0,2.092789960205555,47239,True,32022,9868,1000,0.46936,452
0.34154242532044027,0.6584575746795598,0.20967741935483872,0.8548387096774194,1.0,0.29838709677419356,0.2903225806451613,4.4610152217957015,14.390371683211939,0.1389818167332839,185526,77,62,26,36,200,200,1.0,185526,63365,122161,0.34154242532044027,0.6584575746795598,0,28557,0.15392451731832735,9907,True,200,200,1.0,63365,122161,0,28557,0.15392451731832735,9907,True,47363,0.7655531499998313,False,0,2.1078959122300147,47362,True,32112,9907,1000,0.46954,453
0.3415712687209502,0.6584287312790498,0.14634146341463414,0.926829268292683,1.0,0.06097560975609756,0.06097560975609756,6.4181754629943715,31.308172990216445,0.06388108308411941,185888,119,41,12,5,200,200,1.0,185888,63494,122394,0.3415712687209502,0.6584287312790498,0,28601,0.15386146496815287,9912,True,200,200,1.0,63494,122394,0,28601,0.15386146496815287,9912,True,47444,0.765152199999831,False,0,2.057146878540516,47443,True,32157,9912,1000,0.46966600000000003,454
0.3415571588078674,0.6584428411921326,0.19,0.9,1.0,0.17,0.17,5.50364958071118,22.01459832284472,0.09084880726279637,186288,100,50,19,17,200,200,1.0,186288,63628,122660,0.3415571588078674,0.6584428411921326,0,28660,0.1538478055483982,9929,True,200,200,1.0,63628,122660,0,28660,0.1538478055483982,9929,True,47544,0.7646571999998306,False,0,1.9592637470364571,47543,True,32223,9929,1000,0.469816,455
0.3415431093589304,0.6584568906410696,0.19,0.86,1.0,0.17,0.17,5.498628535108768,21.994514140435072,0.09093176540431815,186688,100,50,19,17,200,200,1.0,186688,63762,122926,0.3415431093589304,0.6584568906410696,0,28721,0.15384491772368872,9946,True,200,200,1.0,63762,122926,0,28721,0.15384491772368872,9946,True,47644,0.7641621999998303,False,0,1.975268474817276,47643,True,32290,9946,1000,0.469966,456
0.3414950794447947,0.6585049205552054,0.1597222222222222,0.8888888888888888,1.0,0.3472222222222222,0.3333333333333333,3.630700327231218,10.085278686753384,0.1983088481855163,187174,57,72,23,48,200,200,1.0,187174,63919,123255,0.3414950794447947,0.6585049205552054,0,28818,0.15396369153835468,9996,True,200,200,1.0,63919,123255,0,28818,0.15396369153835468,9996,True,47787,0.7634543499998298,False,0,1.95485515832901,47786,True,32402,9996,1000,0.47017600000000004,457
0.3414150460593654,0.6585849539406345,0.22641509433962265,0.8301886792452831,1.0,0.14150943396226415,0.14150943396226415,5.247171488701192,19.80064712717431,0.10100679978560953,187584,95,53,24,15,200,200,1.0,187584,64044,123540,0.3414150460593654,0.6585849539406345,0,28880,0.15395769361992495,10011,True,200,200,1.0,64044,123540,0,28880,0.15395769361992495,10011,True,47892,0.7629345999998294,False,0,1.987550855278969,47891,True,32467,10011,1000,0.47033800000000003,458
0.3413527515664727,0.6586472484335273,0.2636363636363636,0.8545454545454545,1.0,0.17272727272727273,0.14545454545454545,5.067353367934592,18.426739519762155,0.10853792109315144,188002,91,55,29,16,200,200,1.0,188002,64175,123827,0.3413527515664727,0.6586472484335273,0,28942,0.15394517079605535,10030,True,200,200,1.0,64175,123827,0,28942,0.15394517079605535,10030,True,48001,0.762395049999829,False,0,2.0106606376171112,48000,True,32539,10030,1000,0.47050000000000003,459
0.3413796763067127,0.6586203236932873,0.12903225806451613,0.9838709677419355,1.0,0.3387096774193548,0.31451612903225806,4.7953758004628435,15.46895419504143,0.12929122258575823,188450,76,62,16,39,200,200,1.0,188450,64333,124117,0.3413796763067127,0.6586203236932873,0,29023,0.15400902096046698,10071,True,200,200,1.0,64333,124117,0,29023,0.15400902096046698,10071,True,48125,0.7617812499998285,False,0,2.0679978275299074,48124,True,32638,10071,1000,0.47068600000000005,460
0.3413655043850358,0.6586344956149641,0.2159090909090909,0.8636363636363636,1.0,0.06818181818181818,0.06818181818181818,6.086023168786845,27.663741676303843,0.07229680002807272,188824,113,44,19,6,200,200,1.0,188824,64458,124366,0.3413655043850358,0.6586344956149641,0,29069,0.15394759140787187,10077,True,200,200,1.0,64458,124366,0,29069,0.15394759140787187,10077,True,48212,0.7613505999998282,False,0,2.073455718755722,48211,True,32687,10077,1000,0.470818,461
0.3413398019257803,0.6586601980742197,0.17,0.94,1.0,0.14,0.14,5.7423631845455665,22.969452738182266,0.08707216592389193,189222,101,50,17,14,200,200,1.0,189222,64589,124633,0.3413398019257803,0.6586601980742197,0,29121,0.15389859530075783,10091,True,200,200,1.0,64589,124633,0,29121,0.15389859530075783,10091,True,48311,0.7608605499998279,False,0,2.0786035293340683,48310,True,32750,10091,1000,0.470962,462
0.34129829593386196,0.658701704066138,0.19672131147540983,0.8360655737704918,1.0,0.26229508196721313,0.26229508196721313,4.667293239954335,15.302600786735526,0.1306967376247326,189664,79,61,24,32,200,200,1.0,189664,64732,124932,0.34129829593386196,0.658701704066138,0,29199,0.1539511979078792,10123,True,200,200,1.0,64732,124932,0,29199,0.1539511979078792,10123,True,48432,0.7602615999998275,False,0,2.128323957324028,48431,True,32836,10123,1000,0.471148,463
0.3413314811306855,0.6586685188693144,0.25555555555555554,0.8222222222222222,1.0,0.14444444444444443,0.14444444444444443,5.923234843437798,26.32548819305688,0.07597200041773519,190044,110,45,23,13,200,200,1.0,190044,64868,125176,0.3413314811306855,0.6586685188693144,0,29249,0.1539064637662857,10136,True,200,200,1.0,64868,125176,0,29249,0.1539064637662857,10136,True,48522,0.7598160999998271,False,0,2.2055436545610427,48521,True,32893,10136,1000,0.47128000000000003,464
0.3413562028002143,0.6586437971997857,0.22093023255813954,0.8372093023255814,1.0,0.08139534883720931,0.08139534883720931,6.20541466368102,28.862393784562883,0.06929432170209335,190414,115,43,19,7,200,200,1.0,190414,64999,125415,0.3413562028002143,0.6586437971997857,0,29295,0.15384898169252262,10143,True,200,200,1.0,64999,125415,0,29295,0.15384898169252262,10143,True,48607,0.7593953499998268,False,0,2.2078788739442827,48606,True,32941,10143,1000,0.471406,465
0.34128947065049936,0.6587105293495006,0.23214285714285715,0.875,1.0,0.19642857142857142,0.19642857142857142,4.930038847585395,17.60728159851927,0.11358936862622765,190838,88,56,26,22,200,200,1.0,190838,65131,125707,0.34128947065049936,0.6587105293495006,0,29363,0.15386348630775842,10165,True,200,200,1.0,65131,125707,0,29363,0.15386348630775842,10165,True,48719,0.7588409499998264,False,0,2.1724320274591444,48718,True,33017,10165,1000,0.47157400000000005,466
0.34128279151499935,0.6587172084850006,0.3023255813953488,0.8372093023255814,1.0,0.046511627906976744,0.046511627906976744,6.158869429900092,28.645904325116707,0.06981800879109973,191208,115,43,26,4,200,200,1.0,191208,65256,125952,0.34128279151499935,0.6587172084850006,0,29406,0.15379063637504706,10170,True,200,200,1.0,65256,125952,0,29406,0.15379063637504706,10170,True,48804,0.7584201999998261,False,0,2.136195840239525,48803,True,33063,10170,1000,0.471706,467
0.3412839248434238,0.6587160751565762,0.17708333333333334,0.8958333333333334,1.0,0.15625,0.15625,5.691803717812263,23.715848824217762,0.08433179072880886,191600,104,48,17,15,200,200,1.0,191600,65390,126210,0.3412839248434238,0.6587160751565762,0,29463,0.15377348643006264,10185,True,200,200,1.0,65390,126210,0,29463,0.15377348643006264,10185,True,48900,0.7579449999998258,False,0,2.0443197399377824,48899,True,33125,10185,1000,0.47185,468
0.34123314065510596,0.6587668593448941,0.13793103448275862,0.9482758620689655,1.0,0.22413793103448276,0.22413793103448276,4.899797065849516,16.895851951205227,0.11837224934119611,192030,85,58,16,26,200,200,1.0,192030,65527,126503,0.34123314065510596,0.6587668593448941,0,29535,0.15380409311045148,10211,True,200,200,1.0,65527,126503,0,29535,0.15380409311045148,10211,True,49015,0.7573757499998254,False,0,1.9343406587839127,49014,True,33206,10211,1000,0.47201800000000005,469
0.3412168833733487,0.6587831166266513,0.2653061224489796,0.8163265306122449,1.0,0.15306122448979592,0.15306122448979592,5.573107756660189,22.747378598613018,0.08792221887589045,192426,102,49,26,15,200,200,1.0,192426,65659,126767,0.3412168833733487,0.6587831166266513,0,29589,0.15376820180225126,10226,True,200,200,1.0,65659,126767,0,29589,0.15376820180225126,10226,True,49113,0.756890649999825,False,0,1.9581307202577591,49112,True,33269,10226,1000,0.47216800000000003,470
0.34121204576810965,0.6587879542318904,0.19767441860465115,0.8604651162790697,1.0,0.06976744186046512,0.06976744186046512,6.073195995737526,28.247423235988492,0.07080291831546283,192798,114,43,17,6,200,200,1.0,192798,65785,127013,0.34121204576810965,0.6587879542318904,0,29633,0.1536997271755931,10232,True,200,200,1.0,65785,127013,0,29633,0.1536997271755931,10232,True,49199,0.7564649499998247,False,0,1.969029261469841,49198,True,33318,10232,1000,0.472294,471
0.3412236658212123,0.6587763341787878,0.14583333333333334,0.9166666666666666,1.0,0.16666666666666666,0.16666666666666666,5.830015044201575,24.291729350839898,0.0823325491205034,193190,104,48,14,16,200,200,1.0,193190,65921,127269,0.3412236658212123,0.6587763341787878,0,29688,0.15367255033904445,10248,True,200,200,1.0,65921,127269,0,29688,0.15367255033904445,10248,True,49295,0.7559897499998244,False,0,2.023898933529854,49294,True,33379,10248,1000,0.472438,472
0.3411662000351265,0.6588337999648735,0.24489795918367346,0.8571428571428571,1.0,0.11224489795918367,0.11224489795918367,5.6345417795813795,22.99812971257706,0.08696359334412544,193586,102,49,24,11,200,200,1.0,193586,66045,127541,0.3411662000351265,0.6588337999648735,0,29744,0.15364747450745406,10259,True,200,200,1.0,66045,127541,0,29744,0.15364747450745406,10259,True,49393,0.755504649999824,False,0,2.1444144934415816,49392,True,33438,10259,1000,0.472588,473
0.34121255864308914,0.6587874413569108,0.11956521739130435,0.9347826086956522,1.0,0.16304347826086957,0.16304347826086957,5.980141241223996,26.000614092278244,0.07692126012492786,193970,108,46,11,15,200,200,1.0,193970,66185,127785,0.34121255864308914,0.6587874413569108,0,29798,0.15362169407640358,10275,True,200,200,1.0,66185,127785,0,29798,0.15362169407640358,10275,True,49485,0.7550492499998237,False,0,2.1771153652668,49484,True,33498,10275,1000,0.47272600000000004,474
0.34116400156407567,0.6588359984359243,0.20408163265306123,0.8367346938775511,1.0,0.11224489795918367,0.11224489795918367,5.655199057875276,23.0824451341848,0.08664593323512448,194364,103,49,20,11,200,200,1.0,194364,66310,128054,0.34116400156407567,0.6588359984359243,0,29854,0.15359840299643968,10286,True,200,200,1.0,66310,128054,0,29854,0.15359840299643968,10286,True,49582,0.7545690999998234,False,0,2.1275702691078187,49581,True,33557,10286,1000,0.47287,475
0.3410754432250978,0.6589245567749022,0.13076923076923078,0.9230769230769231,1.0,0.25384615384615383,0.25384615384615383,4.3571670458900345,13.406667833507798,0.14917949969651098,194822,71,65,17,33,200,200,1.0,194822,66449,128373,0.3410754432250978,0.6589245567749022,0,29932,0.1536376795228465,10319,True,200,200,1.0,66449,128373,0,29932,0.1536376795228465,10319,True,49711,0.7539305499998229,False,0,2.057688227891922,49710,True,33648,10319,1000,0.47306200000000004,476
0.3410226993362288,0.6589773006637711,0.20175438596491227,0.8947368421052632,1.0,0.20175438596491227,0.20175438596491227,4.90131571713885,17.19759900750474,0.11629530372973776,195248,87,57,23,23,200,200,1.0,195248,66584,128664,0.3410226993362288,0.6589773006637711,0,30000,0.15365074162091288,10342,True,200,200,1.0,66584,128664,0,30000,0.15365074162091288,10342,True,49824,0.7533711999998225,False,0,2.0192943561077117,49823,True,33724,10342,1000,0.473236,477
0.34103591357848045,0.6589640864215196,0.12295081967213115,0.9344262295081968,1.0,0.3114754098360656,0.3114754098360656,4.601816568861262,15.087923176594298,0.13255634831853957,195692,78,61,15,38,200,200,1.0,195692,66738,128954,0.34103591357848045,0.6589640864215196,0,30079,0.15370582343682931,10380,True,200,200,1.0,66738,128954,0,30079,0.15370582343682931,10380,True,49946,0.7527672999998221,False,0,2.0416442704200746,49945,True,33815,10380,1000,0.473416,478
0.3410541990494258,0.6589458009505742,0.18,0.9,1.0,0.2,0.19,5.59916679331622,22.39666717326488,0.08929900080791571,196092,100,50,18,19,200,200,1.0,196092,66878,129214,0.3410541990494258,0.6589458009505742,0,30140,0.15370336372723006,10400,True,200,200,1.0,66878,129214,0,30140,0.15370336372723006,10400,True,50046,0.7522722999998217,False,0,2.0665672159194948,50000,True,33884,10400,1000,0.47356600000000004,479
0.34098242185512023,0.6590175781448797,0.2549019607843137,0.8235294117647058,1.0,0.09803921568627451,0.09803921568627451,5.403855990794041,21.191592120760944,0.09437705239903345,196494,99,51,26,10,200,200,1.0,196494,67001,129493,0.34098242185512023,0.6590175781448797,0,30195,0.15366881431494092,10411,True,200,200,1.0,67001,129493,0,30195,0.15366881431494092,10411,True,50147,0.7517723499998213,False,0,2.096123902797699,50000,True,33944,10411,1000,0.473716,480
0.34109794997866677,0.6589020500213332,0.20652173913043478,0.8478260869565217,1.0,0.2391304347826087,0.2391304347826087,5.851807496079427,25.442641287301857,0.0786081907698073,196876,109,46,19,22,200,200,1.0,196876,67154,129722,0.34109794997866677,0.6589020500213332,0,30249,0.1536449338670026,10433,True,200,200,1.0,67154,129722,0,30249,0.1536449338670026,10433,True,50238,0.751321899999821,False,0,2.105721575021744,50000,True,34011,10433,1000,0.473854,481
0.34106369820655535,0.6589363017934446,0.21,0.88,1.0,0.14,0.14,5.552283539399338,22.20913415759735,0.09005303789908602,197274,101,50,21,14,200,200,1.0,197274,67283,129991,0.34106369820655535,0.6589363017934446,0,30305,0.15361882457901194,10447,True,200,200,1.0,67283,129991,0,30305,0.15361882457901194,10447,True,50337,0.7508318499998207,False,0,2.110315179228783,50000,True,34073,10447,1000,0.47400400000000004,482
0.34105276999484135,0.6589472300051586,0.20634920634920634,0.8571428571428571,1.0,0.30158730158730157,0.2777777777777778,4.365557921806132,13.858914037479781,0.14431145143055496,197726,74,63,26,35,200,200,1.0,197726,67435,130291,0.34105276999484135,0.6589472300051586,0,30388,0.15368742603400665,10486,True,200,200,1.0,67435,130291,0,30388,0.15368742603400665,10486,True,50463,0.7502081499998202,False,0,2.162713099718094,50000,True,34169,10486,1000,0.47419,483
0.34101715104834396,0.658982848951656,0.2755102040816326,0.8367346938775511,1.0,0.1326530612244898,0.12244897959183673,5.5124385640877644,22.49974924117455,0.08888987955207961,198122,102,49,27,12,200,200,1.0,198122,67563,130559,0.34101715104834396,0.658982848951656,0,30443,0.15365784718506778,10499,True,200,200,1.0,67563,130559,0,30443,0.15365784718506778,10499,True,50561,0.7497230499998199,False,0,2.11128470659256,50000,True,34228,10499,1000,0.47434,484
0.3409926378020163,0.6590073621979837,0.2230769230769231,0.8615384615384616,1.0,0.3153846153846154,0.2923076923076923,4.088724011879722,12.580689267322223,0.1589738016338191,198582,70,65,29,38,200,200,1.0,198582,67715,130867,0.3409926378020163,0.6590073621979837,0,30530,0.1537400167185344,10540,True,200,200,1.0,67715,130867,0,30530,0.1537400167185344,10540,True,50691,0.7490795499998194,False,0,2.091100936532021,50000,True,34325,10540,1000,0.474532,485
0.3408458206450186,0.6591541793549813,0.2909090909090909,0.7818181818181819,1.0,0.10909090909090909,0.10909090909090909,4.919217392054573,17.88806324383481,0.11180640255670539,199002,90,55,32,12,200,200,1.0,199002,67829,131173,0.3408458206450186,0.6591541793549813,0,30593,0.15373212329524327,10552,True,200,200,1.0,67829,131173,0,30593,0.15373212329524327,10552,True,50801,0.748535049999819,False,0,2.0465523767471314,50000,True,34388,10552,1000,0.4747,486
0.3408938256258083,0.6591061743741917,0.14,0.92,1.0,0.4266666666666667,0.41333333333333333,3.375826760397781,9.002204694394083,0.22216779865552871,199502,50,75,21,62,200,200,1.0,199502,68009,131493,0.3408938256258083,0.6591061743741917,0,30700,0.1538831690910367,10617,True,200,200,1.0,68009,131493,0,30700,0.1538831690910367,10617,True,50951,0.7477925499998185,False,0,2.0302199041843414,50000,True,34513,10617,1000,0.474922,487
0.34089772067799323,0.6591022793220067,0.2608695652173913,0.8260869565217391,1.0,0.11956521739130435,0.11956521739130435,5.868861803632567,25.516790450576377,0.07837976346883484,199884,109,46,24,11,200,200,1.0,199884,68140,131744,0.34089772067799323,0.6591022793220067,0,30751,0.15384422965319886,10628,True,200,200,1.0,68140,131744,0,30751,0.15384422965319886,10628,True,51042,0.7473420999998182,False,0,1.9556811434030532,50000,True,34568,10628,1000,0.47506000000000004,488
0.34094881398252186,0.6590511860174781,0.21428571428571427,0.9047619047619048,1.0,0.10714285714285714,0.10714285714285714,6.3183360557820425,30.08731455134306,0.06647319741969868,200250,117,42,18,9,200,200,1.0,200250,68275,131975,0.34094881398252186,0.6590511860174781,0,30797,0.15379275905118603,10637,True,200,200,1.0,68275,131975,0,30797,0.15379275905118603,10637,True,51125,0.7469312499998179,False,0,1.9673124247789382,50000,True,34617,10637,1000,0.475186,489
0.34089708447545475,0.6591029155245453,0.16,0.92,1.0,0.13,0.13,5.640382825358725,22.5615313014349,0.08864646522786336,200650,100,50,16,13,200,200,1.0,200650,68401,132249,0.34089708447545475,0.6591029155245453,0,30853,0.15376526289558934,10650,True,200,200,1.0,68401,132249,0,30853,0.15376526289558934,10650,True,51225,0.7464362499998175,False,0,1.9935661721229554,50000,True,34679,10650,1000,0.47533600000000004,490
0.34086432280785534,0.6591356771921446,0.2127659574468085,0.8723404255319149,1.0,0.09574468085106383,0.0851063829787234,5.785523687646968,24.61924973466795,0.08123724408967961,201036,107,47,20,8,200,200,1.0,201036,68526,132510,0.34086432280785534,0.6591356771921446,0,30903,0.15371873694263713,10659,True,200,200,1.0,68526,132510,0,30903,0.15371873694263713,10659,True,51318,0.7459758999998172,False,0,2.049391522407532,50000,True,34734,10659,1000,0.475474,491
0.34083216706865577,0.6591678329313442,0.1590909090909091,0.8787878787878788,1.0,0.3106060606060606,0.3106060606060606,4.0338167525404485,12.223687128910449,0.1636167531865051,201498,69,66,21,41,200,200,1.0,201498,68677,132821,0.34083216706865577,0.6591678329313442,0,30992,0.15380797824296022,10700,True,200,200,1.0,68677,132821,0,30992,0.15380797824296022,10700,True,51449,0.7453274499998167,False,0,2.154588560461998,50000,True,34832,10700,1000,0.47567200000000004,492
0.34077335261432407,0.6592266473856759,0.11403508771929824,0.9298245614035088,1.0,0.21052631578947367,0.20175438596491227,4.951422964282437,17.373413909762938,0.11511842234277894,201926,86,57,13,23,200,200,1.0,201926,68811,133115,0.34077335261432407,0.6592266473856759,0,31062,0.15382863029030436,10724,True,200,200,1.0,68811,133115,0,31062,0.15382863029030436,10724,True,51563,0.7447631499998163,False,0,2.087932100892067,50000,True,34911,10724,1000,0.47584000000000004,493
0.34077792710886234,0.6592220728911377,0.08461538461538462,0.9692307692307692,1.0,0.3230769230769231,0.3230769230769231,4.333394071647606,13.333520220454174,0.1499978975493596,202384,71,65,11,42,200,200,1.0,202384,68968,133416,0.34077792710886234,0.6592220728911377,0,31147,0.1539005059688513,10767,True,200,200,1.0,68968,133416,0,31147,0.1539005059688513,10767,True,51692,0.7441245999998158,False,0,2.057667836546898,50000,True,35008,10767,1000,0.476038,494
0.34078782558953774,0.6592121744104622,0.09803921568627451,0.9411764705882353,1.0,0.19607843137254902,0.19607843137254902,5.665717773666232,22.218501073200912,0.09001507317756562,202786,99,51,10,20,200,200,1.0,202786,69107,133679,0.34078782558953774,0.6592121744104622,0,31206,0.1538863629639127,10787,True,200,200,1.0,69107,133679,0,31206,0.1538863629639127,10787,True,51793,0.7436246499998155,False,0,2.0536960703134537,50000,True,35078,10787,1000,0.47618800000000006,495
0.34069254695066736,0.6593074530493326,0.23076923076923078,0.8653846153846154,1.0,0.10576923076923077,0.10576923076923077,5.372209253466094,20.6623432825619,0.09679444255908337,203192,97,52,24,11,200,200,1.0,203192,69226,133966,0.34069254695066736,0.6593074530493326,0,31263,0.15385940391353992,10798,True,200,200,1.0,69226,133966,0,31263,0.15385940391353992,10798,True,51896,0.7431147999998151,False,0,2.044377787709236,50000,True,35140,10798,1000,0.476344,496
0.3407293518946055,0.6592706481053945,0.22340425531914893,0.851063829787234,1.0,0.1702127659574468,0.1702127659574468,5.808260149603017,24.71600063660858,0.08091924051165711,203578,107,47,21,16,200,200,1.0,203578,69365,134213,0.3407293518946055,0.6592706481053945,0,31317,0.15383292890194422,10814,True,200,200,1.0,69365,134213,0,31317,0.15383292890194422,10814,True,51989,0.7426544499998148,False,0,2.051175565123558,50000,True,35202,10814,1000,0.476482,497
0.34068471259522154,0.6593152874047785,0.19090909090909092,0.8545454545454545,1.0,0.19090909090909092,0.19090909090909092,5.136652818913706,18.67873752332257,0.10707361766301218,203998,90,55,21,21,200,200,1.0,203998,69499,134499,0.34068471259522154,0.6593152874047785,0,31383,0.15383974352689733,10836,True,200,200,1.0,69499,134499,0,31383,0.15383974352689733,10836,True,52099,0.7421099499998144,False,0,2.082851888537407,50000,True,35275,10836,1000,0.476644,498
0.34077854214167586,0.6592214578583242,0.10869565217391304,0.9347826086956522,1.0,0.22826086956521738,0.22826086956521738,5.933591473176971,25.798223796421613,0.07752471704185361,204382,108,46,10,21,200,200,1.0,204382,69649,134733,0.34077854214167586,0.6592214578583242,0,31439,0.15382470080535468,10857,True,200,200,1.0,69649,134733,0,31439,0.15382470080535468,10857,True,52191,0.7416545499998141,False,0,2.0852082598209383,50000,True,35339,10857,1000,0.47678200000000004,499
0.3407359662486816,0.6592640337513185,0.25471698113207547,0.8679245283018868,1.0,0.16981132075471697,0.1509433962264151,5.283041878253555,19.936007087749264,0.10032099162068446,204792,95,53,27,16,200,200,1.0,204792,69780,135012,0.3407359662486816,0.6592640337513185,0,31497,0.15379995312316888,10875,True,200,200,1.0,69780,135012,0,31497,0.15379995312316888,10875,True,52296,0.7411347999998137,False,0,2.098936378955841,50000,True,35409,10875,1000,0.47694400000000003,500
0.34057307148774424,0.6594269285122558,0.2818181818181818,0.8,1.0,0.08181818181818182,0.08181818181818182,5.109577436963069,18.580281588956616,0.10764099512833654,205210,91,55,31,9,200,200,1.0,205210,69889,135321,0.34057307148774424,0.6594269285122558,0,31558,0.15378392865844745,10884,True,200,200,1.0,69889,135321,0,31558,0.15378392865844745,10884,True,52405,0.7405952499998133,False,0,2.12872047662735,50000,True,35472,10884,1000,0.47710600000000003,501
0.3405653311544934,0.6594346688455066,0.2647058823529412,0.7843137254901961,1.0,0.18627450980392157,0.18627450980392157,5.3435366815179055,20.95504580987414,0.0954424064803327,205614,98,51,27,19,200,200,1.0,205614,70025,135589,0.3405653311544934,0.6594346688455066,0,31623,0.1537978931395722,10903,True,200,200,1.0,70025,135589,0,31623,0.1537978931395722,10903,True,52507,0.7400903499998129,False,0,2.1621551913022996,50000,True,35539,10903,1000,0.477256,502
0.340470250172315,0.659529749827685,0.22549019607843138,0.8627450980392157,1.0,0.09803921568627451,0.09803921568627451,5.366706099538987,21.045906272701906,0.09503035764224359,206018,98,51,23,10,200,200,1.0,206018,70143,135875,0.340470250172315,0.659529749827685,0,31676,0.15375355551456668,10913,True,200,200,1.0,70143,135875,0,31676,0.15375355551456668,10913,True,52609,0.7395854499998126,False,0,2.1739775109291077,50000,True,35599,10913,1000,0.477412,503
0.34050613288894915,0.6594938671110508,0.14150943396226415,0.9245283018867925,1.0,0.24528301886792453,0.2358490566037736,5.3056653116952415,20.021378534699025,0.09989322146493572,206428,95,53,15,25,200,200,1.0,206428,70290,136138,0.34050613288894915,0.6594938671110508,0,31740,0.15375821109539403,10939,True,200,200,1.0,70290,136138,0,31740,0.15375821109539403,10939,True,52714,0.7390656999998122,False,0,2.11158568918705,50000,True,35671,10939,1000,0.477568,504
0.3404796441349966,0.6595203558650033,0.20833333333333334,0.8333333333333334,1.0,0.11458333333333333,0.11458333333333333,5.700814987050458,23.753395779376905,0.08419848760051535,206820,104,48,20,11,200,200,1.0,206820,70418,136402,0.3404796441349966,0.6595203558650033,0,31796,0.15373754956000388,10951,True,200,200,1.0,70418,136402,0,31796,0.15373754956000388,10951,True,52810,0.7385904999998119,False,0,2.1347440069913866,50000,True,35729,10951,1000,0.477712,505
0.34037255091207413,0.6596274490879259,0.18,0.92,1.0,0.07,0.07,5.63116747546733,22.52466990186932,0.08879153429165328,207220,100,50,18,7,200,200,1.0,207220,70532,136688,0.34037255091207413,0.6596274490879259,0,31850,0.1537013801756587,10958,True,200,200,1.0,70532,136688,0,31850,0.1537013801756587,10958,True,52910,0.7380954999998115,False,0,2.0831680911779404,50000,True,35786,10958,1000,0.477862,506
0.3402708873197376,0.6597291126802625,0.2653061224489796,0.8367346938775511,1.0,0.05102040816326531,0.05102040816326531,5.595320718086017,22.838043747289866,0.08757317492385201,207614,103,49,26,5,200,200,1.0,207614,70645,136969,0.3402708873197376,0.6597291126802625,0,31903,0.15366497442369012,10963,True,200,200,1.0,70645,136969,0,31903,0.15366497442369012,10963,True,53007,0.7376153499998112,False,0,2.0786882132291793,50000,True,35839,10963,1000,0.47800600000000004,507
0.3402269012594943,0.6597730987405057,0.20192307692307693,0.8653846153846154,1.0,0.15384615384615385,0.15384615384615385,5.405463857962546,20.79024560754825,0.09619895973108976,208020,97,52,21,16,200,200,1.0,208020,70774,137246,0.3402269012594943,0.6597730987405057,0,31962,0.1536486876261898,10979,True,200,200,1.0,70774,137246,0,31962,0.1536486876261898,10979,True,53110,0.7371054999998108,False,0,2.092793992757797,50000,True,35905,10979,1000,0.47816200000000003,508
0.34013468401059055,0.6598653159894095,0.15671641791044777,0.9253731343283582,1.0,0.27611940298507465,0.2537313432835821,4.088077781881703,12.203217259348367,0.16389120651505937,208488,66,67,21,34,200,200,1.0,208488,70914,137574,0.34013468401059055,0.6598653159894095,0,32043,0.15369229883734314,11016,True,200,200,1.0,70914,137574,0,32043,0.15369229883734314,11016,True,53244,0.7364421999998103,False,0,2.1160076874494553,50000,True,36001,11016,1000,0.478366,509
0.3400627955507055,0.6599372044492945,0.1885245901639344,0.8688524590163934,1.0,0.23770491803278687,0.22950819672131148,4.459517657059226,14.621369367407297,0.13678609367862823,208932,78,61,23,28,200,200,1.0,208932,71050,137882,0.3400627955507055,0.6599372044492945,0,32116,0.1537150843336588,11045,True,200,200,1.0,71050,137882,0,32116,0.1537150843336588,11045,True,53366,0.7358382999998099,False,0,2.118456446528435,50000,True,36085,11045,1000,0.478546,510
0.3401279969433566,0.6598720030566434,0.056451612903225805,0.9516129032258065,1.0,0.3548387096774194,0.3548387096774194,4.549438804841366,14.675609047875374,0.13628054505101067,209380,76,62,7,44,200,200,1.0,209380,71216,138164,0.3401279969433566,0.6598720030566434,0,32200,0.1537873722418569,11090,True,200,200,1.0,71216,138164,0,32200,0.1537873722418569,11090,True,53490,0.7352244999998094,False,0,2.09560376226902,50000,True,36186,11090,1000,0.47873200000000005,511
0.34015217246212376,0.6598478275378763,0.2391304347826087,0.8695652173913043,1.0,0.13043478260869565,0.13043478260869565,5.806456698787223,25.245463907770535,0.07922215283136079,209762,109,46,22,12,200,200,1.0,209762,71351,138411,0.34015217246212376,0.6598478275378763,0,32248,0.15373613905283132,11102,True,200,200,1.0,71351,138411,0,32248,0.15373613905283132,11102,True,53581,0.7347740499998091,False,0,2.0293232306838034,50000,True,36243,11102,1000,0.47887,512
0.3401381580825333,0.6598618419174667,0.1206896551724138,0.9310344827586207,1.0,0.25862068965517243,0.25,4.919046885592248,16.962230639973267,0.11790902048500573,210194,84,58,14,29,200,200,1.0,210194,71495,138699,0.3401381580825333,0.6598618419174667,0,32322,0.15377222946420926,11132,True,200,200,1.0,71495,138699,0,32322,0.15377222946420926,11132,True,53697,0.7341998499998087,False,0,2.040447470843792,50000,True,36329,11132,1000,0.479044,513
0.3400649578818412,0.6599350421181588,0.13725490196078433,0.9803921568627451,1.0,0.10784313725490197,0.10784313725490197,5.5098157865396695,21.607120731528116,0.09256207825421608,210598,98,51,14,11,200,200,1.0,210598,71617,138981,0.3400649578818412,0.6599350421181588,0,32378,0.1537431504572693,11144,True,200,200,1.0,71617,138981,0,32378,0.1537431504572693,11144,True,53799,0.7336949499998083,False,0,1.9913816574215888,50000,True,36391,11144,1000,0.479194,514
0.3400671166388594,0.6599328833611406,0.15555555555555556,0.8888888888888888,1.0,0.1,0.1,6.000846457416433,26.67042869962859,0.07498942077477187,210976,111,45,14,9,200,200,1.0,210976,71746,139230,0.3400671166388594,0.6599328833611406,0,32429,0.15370942666464432,11153,True,200,200,1.0,71746,139230,0,32429,0.15370942666464432,11153,True,53888,0.733254399999808,False,0,2.0110141733288764,50000,True,36444,11153,1000,0.47933200000000004,515
0.34007380772142315,0.6599261922785769,0.15217391304347827,0.9347826086956522,1.0,0.13043478260869565,0.11956521739130435,5.906651556349235,25.681093723257543,0.07787830306420096,211360,108,46,14,11,200,200,1.0,211360,71878,139482,0.34007380772142315,0.6599261922785769,0,32482,0.15368092354277063,11165,True,200,200,1.0,71878,139482,0,32482,0.15368092354277063,11165,True,53980,0.7327989999998077,False,0,2.0357375264167787,50000,True,36500,11165,1000,0.47947,516
0.3400676103152945,0.6599323896847056,0.20491803278688525,0.9016393442622951,1.0,0.27049180327868855,0.2459016393442623,4.6438907161280385,15.2258712004198,0.131355373605476,211802,79,61,25,30,200,200,1.0,211802,72027,139775,0.3400676103152945,0.6599323896847056,0,32560,0.15372848226173502,11199,True,200,200,1.0,72027,139775,0,32560,0.15372848226173502,11199,True,54101,0.7322000499998073,False,0,2.093843855857849,50000,True,36588,11199,1000,0.47965,517
0.340183638454722,0.659816361545278,0.2948717948717949,0.8205128205128205,1.0,0.1282051282051282,0.1282051282051282,6.45689063006746,33.11225964137159,0.06040058943911915,212156,123,39,23,10,200,200,1.0,212156,72172,139984,0.340183638454722,0.659816361545278,0,32603,0.15367465449951923,11209,True,200,200,1.0,72172,139984,0,32603,0.15367465449951923,11209,True,54178,0.731818899999807,False,0,2.169457814693451,50000,True,36636,11209,1000,0.479764,518
0.34013208647712945,0.6598679135228706,0.16379310344827586,0.9137931034482759,1.0,0.21551724137931033,0.20689655172413793,4.771883003074992,16.45476897612066,0.1215453102320927,212588,84,58,19,24,200,200,1.0,212588,72308,140280,0.34013208647712945,0.6598679135228706,0,32669,0.15367283195664855,11235,True,200,200,1.0,72308,140280,0,32669,0.15367283195664855,11235,True,54294,0.7312446999998066,False,0,2.1336423259973527,50000,True,36717,11235,1000,0.47993800000000003,519
0.34016039365937945,0.6598396063406206,0.2765957446808511,0.8297872340425532,1.0,0.1702127659574468,0.1702127659574468,5.719935618173887,24.34015156669739,0.08216875702353613,212976,106,47,26,16,200,200,1.0,212976,72446,140530,0.34016039365937945,0.6598396063406206,0,32723,0.15364642025392533,11251,True,200,200,1.0,72446,140530,0,32723,0.15364642025392533,11251,True,54388,0.7307793999998062,False,0,2.126224910616875,50000,True,36778,11251,1000,0.480082,520
0.3400899845339082,0.6599100154660917,0.20408163265306123,0.8571428571428571,1.0,0.07142857142857142,0.07142857142857142,5.648096812852389,23.053456378989342,0.08675488686472096,213370,103,49,20,7,200,200,1.0,213370,72565,140805,0.3400899845339082,0.6599100154660917,0,32774,0.15360172470356656,11258,True,200,200,1.0,72565,140805,0,32774,0.15360172470356656,11258,True,54485,0.7302992499998059,False,0,2.028993883728981,50000,True,36833,11258,1000,0.48022600000000004,521
0.3400448996772836,0.6599551003227164,0.20833333333333334,0.8833333333333333,1.0,0.25,0.225,4.565556996135978,15.218523320453262,0.13141879523304717,213810,80,60,25,27,200,200,1.0,213810,72705,141105,0.3400448996772836,0.6599551003227164,0,32851,0.1536457602544315,11288,True,200,200,1.0,72705,141105,0,32851,0.1536457602544315,11288,True,54605,0.7297052499998055,False,0,1.9868369299173354,50000,True,36919,11288,1000,0.480406,522
0.33996862862264715,0.6600313713773529,0.23,0.86,1.0,0.09,0.09,5.592390894040301,22.369563576161205,0.08940719800771438,214208,101,50,23,9,200,200,1.0,214208,72824,141384,0.33996862862264715,0.6600313713773529,0,32904,0.15360770839557814,11297,True,200,200,1.0,72824,141384,0,32904,0.15360770839557814,11297,True,54704,0.7292151999998051,False,0,1.9735780984163285,50000,True,36977,11297,1000,0.480556,523
0.3399478050144468,0.6600521949855531,0.18604651162790697,0.8837209302325582,1.0,0.046511627906976744,0.046511627906976744,6.167870630397151,28.68777037394024,0.06971611853867826,214580,114,43,16,4,200,200,1.0,214580,72946,141634,0.3399478050144468,0.6600521949855531,0,32948,0.15354646285767545,11301,True,200,200,1.0,72946,141634,0,32948,0.15354646285767545,11301,True,54790,0.7287894999998048,False,0,1.968331542611122,50000,True,37024,11301,1000,0.48068200000000005,524
0.3399605530022515,0.6600394469977485,0.3020833333333333,0.8125,1.0,0.16666666666666666,0.15625,5.6412542307556635,23.50522596148193,0.08508746111513264,214972,104,48,29,15,200,200,1.0,214972,73082,141890,0.3399605530022515,0.6600394469977485,0,33004,0.15352697095435686,11317,True,200,200,1.0,73082,141890,0,33004,0.15352697095435686,11317,True,54886,0.7283142999998045,False,0,2.054312463402748,50000,True,37086,11317,1000,0.48082600000000003,525
0.33993091344680615,0.6600690865531939,0.18867924528301888,0.9056603773584906,1.0,0.16981132075471697,0.16981132075471697,5.2915943069999285,19.968280403773317,0.10015884991388989,215382,95,53,20,18,200,200,1.0,215382,73215,142167,0.33993091344680615,0.6600690865531939,0,33066,0.15352257848845308,11336,True,200,200,1.0,73215,142167,0,33066,0.15352257848845308,11336,True,54991,0.7277945499998041,False,0,2.1160413426160813,50000,True,37153,11336,1000,0.480982,526
0.3399280742244344,0.6600719257755656,0.17346938775510204,0.8775510204081632,1.0,0.16326530612244897,0.15306122448979592,5.735658583117297,23.410851359662438,0.08543046851538501,215778,102,49,17,15,200,200,1.0,215778,73349,142429,0.3399280742244344,0.6600719257755656,0,33122,0.15350035684824218,11352,True,200,200,1.0,73349,142429,0,33122,0.15350035684824218,11352,True,55089,0.7273094499998037,False,0,2.179747124910355,50000,True,37216,11352,1000,0.481132,527
0.33988527547763336,0.6601147245223666,0.17708333333333334,0.9375,1.0,0.10416666666666667,0.10416666666666667,5.839323314211863,24.330513809216097,0.0822013055574036,216170,104,48,17,10,200,200,1.0,216170,73473,142697,0.33988527547763336,0.6601147245223666,0,33174,0.15346255262062267,11362,True,200,200,1.0,73473,142697,0,33174,0.15346255262062267,11362,True,55185,0.7268342499998034,False,0,2.1997160363197326,50000,True,37272,11362,1000,0.48127600000000004,528
0.3398452289706249,0.6601547710293751,0.25,0.8461538461538461,1.0,0.16346153846153846,0.16346153846153846,5.281230490575178,20.312424963750683,0.09846190218889063,216578,96,52,26,17,200,200,1.0,216578,73603,142975,0.3398452289706249,0.6601547710293751,0,33236,0.15345972351762413,11379,True,200,200,1.0,73603,142975,0,33236,0.15345972351762413,11379,True,55289,0.726319449999803,False,0,2.170819569826126,50000,True,37340,11379,1000,0.481432,529
0.33992074828364743,0.6600792517163525,0.15873015873015872,0.9206349206349206,1.0,0.38095238095238093,0.373015873015873,4.369860633176622,13.872573438655944,0.14416935753441373,217030,74,63,20,47,200,200,1.0,217030,73773,143257,0.33992074828364743,0.6600792517163525,0,33328,0.15356402340690228,11427,True,200,200,1.0,73773,143257,0,33328,0.15356402340690228,11427,True,55415,0.7256957499998026,False,0,2.030037295818329,50000,True,37442,11427,1000,0.48161800000000005,530
0.33984842074281196,0.660151579257188,0.21296296296296297,0.8703703703703703,1.0,0.1388888888888889,0.1388888888888889,5.211595903016163,19.30220704820801,0.10361509411876696,217444,93,54,23,15,200,200,1.0,217444,73898,143546,0.33984842074281196,0.660151579257188,0,33387,0.15354298118136164,11443,True,200,200,1.0,73898,143546,0,33387,0.15354298118136164,11443,True,55522,0.7251660999998022,False,0,2.086194705963135,50000,True,37508,11443,1000,0.48178000000000004,531
0.33978889398806794,0.660211106011932,0.1875,0.875,1.0,0.2734375,0.2578125,4.324907460853904,13.515335815168449,0.1479800448432345,217900,72,64,24,33,200,200,1.0,217900,74040,143860,0.33978889398806794,0.660211106011932,0,33463,0.15357044515832952,11478,True,200,200,1.0,74040,143860,0,33463,0.15357044515832952,11478,True,55650,0.7245324999998017,False,0,2.1302450650930407,50000,True,37603,11478,1000,0.481972,532
0.3397475242536117,0.6602524757463883,0.18181818181818182,0.8909090909090909,1.0,0.19090909090909092,0.17272727272727273,5.248561813942347,19.085679323426717,0.10479061112302668,218318,91,55,20,19,200,200,1.0,218318,74173,144145,0.3397475242536117,0.6602524757463883,0,33527,0.15356956366401306,11499,True,200,200,1.0,74173,144145,0,33527,0.15356956366401306,11499,True,55759,0.7239929499998013,False,0,2.1108497768640517,50000,True,37674,11499,1000,0.482134,533
0.33976844569630904,0.660231554303691,0.12222222222222222,0.9555555555555556,1.0,0.12222222222222222,0.12222222222222222,6.11568555900003,27.1808247066668,0.07358128465871928,218696,111,45,11,11,200,200,1.0,218696,74306,144390,0.33976844569630904,0.660231554303691,0,33580,0.15354647547280242,11510,True,200,200,1.0,74306,144390,0,33580,0.15354647547280242,11510,True,55848,0.723552399999801,False,0,2.1288097423315047,50000,True,37728,11510,1000,0.48227200000000003,534
0.3397265649955736,0.6602734350044264,0.13114754098360656,0.9016393442622951,1.0,0.2459016393442623,0.2459016393442623,4.655722321736567,15.264663349955958,0.1310215596733596,219138,79,61,16,30,200,200,1.0,219138,74447,144691,0.3397265649955736,0.6602734350044264,0,33657,0.15358814993291897,11540,True,200,200,1.0,74447,144691,0,33657,0.15358814993291897,11540,True,55969,0.7229534499998006,False,0,2.093939856886864,50000,True,37813,11540,1000,0.482452,535
0.33975509534699383,0.6602449046530061,0.11363636363636363,0.9772727272727273,1.0,0.125,0.125,6.149626764352961,27.952848928877096,0.07154905766810306,219514,112,44,10,11,200,200,1.0,219514,74581,144933,0.33975509534699383,0.6602449046530061,0,33705,0.1535437375292692,11551,True,200,200,1.0,74581,144933,0,33705,0.1535437375292692,11551,True,56057,0.7225178499998003,False,0,2.0627353870868683,50000,True,37867,11551,1000,0.482584,536
0.3397330399439893,0.6602669600560107,0.12295081967213115,0.9344262295081968,1.0,0.2786885245901639,0.27049180327868855,4.620041768795271,15.147677930476297,0.13203343833816997,219958,78,61,15,33,200,200,1.0,219958,74727,145231,0.3397330399439893,0.6602669600560107,0,33778,0.1535656807208649,11585,True,200,200,1.0,74727,145231,0,33778,0.1535656807208649,11585,True,56179,0.7219139499997999,False,0,2.0714230740070345,50000,True,37960,11585,1000,0.482764,537
0.3396032055761778,0.6603967944238223,0.19230769230769232,0.9038461538461539,1.0,0.0673076923076923,0.0673076923076923,5.301561687300748,20.390621874233645,0.0980843062235034,220366,96,52,20,7,200,200,1.0,220366,74837,145529,0.3396032055761778,0.6603967944238223,0,33833,0.15353094397502337,11592,True,200,200,1.0,74837,145529,0,33833,0.15353094397502337,11592,True,56283,0.7213991499997995,False,0,2.019015337228775,50000,True,38019,11592,1000,0.48292,538
0.3396107602678288,0.6603892397321711,0.16279069767441862,0.9534883720930233,1.0,0.08139534883720931,0.08139534883720931,6.239926238081698,29.022912735263713,0.06891107099563924,220738,114,43,14,7,200,200,1.0,220738,74965,145773,0.3396107602678288,0.6603892397321711,0,33878,0.15347606664914967,11599,True,200,200,1.0,74965,145773,0,33878,0.15347606664914967,11599,True,56369,0.7209734499997992,False,0,2.0698260259628296,50000,True,38069,11599,1000,0.48305200000000004,539
0.3395770775297565,0.6604229224702435,0.19791666666666666,0.9166666666666666,1.0,0.09375,0.09375,5.776780948540858,24.06992061892024,0.08309125865699339,221128,105,48,19,9,200,200,1.0,221128,75090,146038,0.3395770775297565,0.6604229224702435,0,33931,0.15344506349263776,11608,True,200,200,1.0,75090,146038,0,33931,0.15344506349263776,11608,True,56464,0.7205031999997988,False,0,2.05267004609108,50000,True,38124,11608,1000,0.483196,540
0.3396418029013243,0.6603581970986757,0.13157894736842105,0.8947368421052632,1.0,0.30701754385964913,0.2982456140350877,4.9653056374665585,17.42212504374231,0.11479655868492124,221554,87,57,15,34,200,200,1.0,221554,75249,146305,0.3396418029013243,0.6603581970986757,0,34006,0.15348854003989998,11643,True,200,200,1.0,75249,146305,0,34006,0.15348854003989998,11643,True,56577,0.7199438499997984,False,0,2.10741041302681,50000,True,38208,11643,1000,0.483364,541
0.3396388766251903,0.6603611233748097,0.07272727272727272,0.9818181818181818,1.0,0.23636363636363636,0.23636363636363636,5.194571967508823,18.889352609122994,0.10587975360436967,221974,90,55,8,26,200,200,1.0,221974,75391,146583,0.3396388766251903,0.6603611233748097,0,34069,0.1534819393262274,11669,True,200,200,1.0,75391,146583,0,34069,0.1534819393262274,11669,True,56687,0.719399349999798,False,0,2.08198813021183,50000,True,38287,11669,1000,0.483526,542
0.3396186535953591,0.6603813464046409,0.2857142857142857,0.8163265306122449,1.0,0.14285714285714285,0.1326530612244898,5.512724886425031,22.500917903775633,0.08888526275029882,222370,102,49,28,13,200,200,1.0,222370,75521,146849,0.3396186535953591,0.6603813464046409,0,34123,0.15345145478256958,11683,True,200,200,1.0,75521,146849,0,34123,0.15345145478256958,11683,True,56785,0.7189142499997977,False,0,2.1110867562890054,50000,True,38348,11683,1000,0.483676,543
0.33965305151251224,0.6603469484874878,0.1744186046511628,0.9069767441860465,1.0,0.11627906976744186,0.11627906976744186,6.166944941029317,28.683464841996823,0.06972658327775329,222742,114,43,15,10,200,200,1.0,222742,75655,147087,0.33965305151251224,0.6603469484874878,0,34173,0.15341965143529285,11693,True,200,200,1.0,75655,147087,0,34173,0.15341965143529285,11693,True,56871,0.7184885499997974,False,0,2.0934843865036963,50000,True,38401,11693,1000,0.483802,544
0.33972750089637865,0.6602724991036213,0.18888888888888888,0.9111111111111111,1.0,0.17777777777777778,0.17777777777777778,6.220449491429455,27.646442184130912,0.07234203904717991,223120,111,45,17,16,200,200,1.0,223120,75800,147320,0.33972750089637865,0.6602724991036213,0,34223,0.15338382932950878,11710,True,200,200,1.0,75800,147320,0,34223,0.15338382932950878,11710,True,56960,0.7180479999997971,False,0,2.101104035079479,50000,True,38460,11710,1000,0.48394000000000004,545
0.33974622832292356,0.6602537716770764,0.1595744680851064,0.8936170212765957,1.0,0.1595744680851064,0.1595744680851064,5.805587024349538,24.70462563552995,0.08095649897740687,223508,106,47,15,15,200,200,1.0,223508,75936,147572,0.33974622832292356,0.6602537716770764,0,34277,0.15335916387780305,11725,True,200,200,1.0,75936,147572,0,34277,0.15335916387780305,11725,True,57054,0.7175826999997967,False,0,2.1308165112137796,50000,True,38520,11725,1000,0.484078,546
0.33969022438187796,0.660309775618122,0.12244897959183673,0.9387755102040817,1.0,0.10204081632653061,0.10204081632653061,5.653728381352822,23.076442372868662,0.08666847201505513,223904,102,49,12,10,200,200,1.0,223904,76058,147846,0.33969022438187796,0.660309775618122,0,34330,0.15332463913105618,11735,True,200,200,1.0,76058,147846,0,34330,0.15332463913105618,11735,True,57152,0.7170975999997964,False,0,2.12358508259058,50000,True,38578,11735,1000,0.484228,547
0.3396103664622843,0.6603896335377157,0.17307692307692307,0.8974358974358975,1.0,0.358974358974359,0.3525641025641026,2.9778795801802804,7.635588667128925,0.26193134376265775,224416,44,78,27,55,200,200,1.0,224416,76214,148202,0.3396103664622843,0.6603896335377157,0,34436,0.15344716954227863,11791,True,200,200,1.0,76214,148202,0,34436,0.15344716954227863,11791,True,57308,0.7163253999997958,False,0,2.102403103709221,50000,True,38703,11791,1000,0.484462,548
0.33960459467395077,0.6603954053260492,0.11904761904761904,0.9523809523809523,1.0,0.03571428571428571,0.03571428571428571,6.3902882941120795,30.42994425767657,0.06572473426386444,224782,117,42,10,3,200,200,1.0,224782,76337,148445,0.33960459467395077,0.6603954053260492,0,34479,0.1533886165262343,11794,True,200,200,1.0,76337,148445,0,34479,0.1533886165262343,11794,True,57391,0.7159145499997955,False,0,2.0901972460746765,50000,True,38747,11794,1000,0.484582,549
0.33958686713497865,0.6604131328650213,0.17857142857142858,0.875,1.0,0.23214285714285715,0.23214285714285715,4.872465149521551,17.40166124829125,0.11493155575571207,225206,88,56,20,26,200,200,1.0,225206,76477,148729,0.33958686713497865,0.6604131328650213,0,34546,0.15339733399642994,11820,True,200,200,1.0,76477,148729,0,34546,0.15339733399642994,11820,True,57503,0.7153601499997951,False,0,2.0436990463733675,50000,True,38825,11820,1000,0.48475,550
0.33965608934586067,0.6603439106541393,0.1271186440677966,0.9491525423728814,1.0,0.3220338983050847,0.3135593220338983,4.8659964509994795,16.49490322372705,0.1212495746639547,225640,83,59,15,37,200,200,1.0,225640,76640,149000,0.33965608934586067,0.6603439106541393,0,34618,0.1534213791880872,11859,True,200,200,1.0,76640,149000,0,34618,0.1534213791880872,11859,True,57620,0.7147809999997947,False,0,2.040251870751381,50000,True,38914,11859,1000,0.48493,551
0.3395937649286081,0.660406235071392,0.11016949152542373,0.9491525423728814,1.0,0.22033898305084745,0.22033898305084745,4.788200929432341,16.231189591296072,0.12321955755310099,226076,82,59,13,26,200,200,1.0,226076,76774,149302,0.3395937649286081,0.660406235071392,0,34688,0.15343512801004972,11885,True,200,200,1.0,76774,149302,0,34688,0.15343512801004972,11885,True,57738,0.7141968999997943,False,0,2.005156579017639,50000,True,38997,11885,1000,0.48510400000000004,552
0.3395309202334802,0.6604690797665198,0.2358490566037736,0.8301886792452831,1.0,0.14150943396226415,0.1320754716981132,5.358071655329363,20.219138321997598,0.09891618367455757,226486,95,53,25,14,200,200,1.0,226486,76899,149587,0.3395309202334802,0.6604690797665198,0,34750,0.15343111715514424,11900,True,200,200,1.0,76899,149587,0,34750,0.15343111715514424,11900,True,57843,0.7136771499997939,False,0,1.9610671931505204,50000,True,39064,11900,1000,0.48526,553
0.33965158514652466,0.6603484148534753,0.11627906976744186,0.9302325581395349,1.0,0.20930232558139536,0.20930232558139536,6.368583362773609,29.62131796638888,0.0675189403209333,226856,115,43,10,18,200,200,1.0,226856,77052,149804,0.33965158514652466,0.6603484148534753,0,34798,0.1533924604154177,11919,True,200,200,1.0,77052,149804,0,34798,0.1533924604154177,11919,True,57928,0.7132563999997936,False,0,1.9998298019170762,50000,True,39121,11919,1000,0.48539200000000005,554
0.3396528657935502,0.6603471342064497,0.25,0.8181818181818182,1.0,0.09090909090909091,0.09090909090909091,5.984373146103439,27.201696118652,0.07352482695476534,227232,112,44,22,8,200,200,1.0,227232,77180,150052,0.3396528657935502,0.6603471342064497,0,34847,0.1533542810871708,11927,True,200,200,1.0,77180,150052,0,34847,0.1533542810871708,11927,True,58016,0.7128207999997933,False,0,2.0044946509599684,50000,True,39173,11927,1000,0.485524,555
0.3396050736095007,0.6603949263904993,0.140625,0.9375,1.0,0.2734375,0.2578125,4.276637796462602,13.364493113945631,0.14965026978187693,227688,72,64,18,33,200,200,1.0,227688,77324,150364,0.3396050736095007,0.6603949263904993,0,34935,0.15343364604195214,11963,True,200,200,1.0,77324,150364,0,34935,0.15343364604195214,11963,True,58144,0.7121871999997929,False,0,2.06774323284626,50000,True,39268,11963,1000,0.48571600000000004,556
0.3395815246463743,0.6604184753536257,0.15555555555555556,0.8666666666666667,1.0,0.05555555555555555,0.05555555555555555,5.99648852805523,26.651060124689913,0.07504391910275915,228066,111,45,14,5,200,200,1.0,228066,77447,150619,0.3395815246463743,0.6604184753536257,0,34982,0.15338542351775364,11969,True,200,200,1.0,77447,150619,0,34982,0.15338542351775364,11969,True,58233,0.7117466499997925,False,0,2.100917095541954,50000,True,39316,11969,1000,0.48584800000000006,557
0.33947591832447904,0.6605240816755209,0.27419354838709675,0.8548387096774194,1.0,0.20967741935483872,0.18548387096774194,4.472767384300067,14.428281884838926,0.13861664306001517,228514,76,62,34,23,200,200,1.0,228514,77575,150939,0.33947591832447904,0.6605240816755209,0,35057,0.15341291999614903,11995,True,200,200,1.0,77575,150939,0,35057,0.15341291999614903,11995,True,58357,0.7111328499997921,False,0,2.0531055861711502,50000,True,39401,11995,1000,0.486034,558
0.33945094407213566,0.6605490559278644,0.26595744680851063,0.8297872340425532,1.0,0.10638297872340426,0.10638297872340426,5.718611058985914,24.334515144620912,0.08218778915930426,228902,106,47,25,10,200,200,1.0,228902,77701,151201,0.33945094407213566,0.6605490559278644,0,35109,0.15338004910398337,12005,True,200,200,1.0,77701,151201,0,35109,0.15338004910398337,12005,True,58451,0.7106675499997918,False,0,2.036984992027283,50000,True,39457,12005,1000,0.48617200000000005,559
0.33947054053347053,0.6605294594665294,0.15151515151515152,0.8939393939393939,1.0,0.3560606060606061,0.3333333333333333,4.138042770177608,12.539523545992752,0.15949569317082535,229366,68,66,20,44,200,200,1.0,229366,77863,151503,0.33947054053347053,0.6605294594665294,0,35196,0.15344907266116165,12052,True,200,200,1.0,77863,151503,0,35196,0.15344907266116165,12052,True,58583,0.7100141499997913,False,0,2.0201746761798858,50000,True,39559,12052,1000,0.48637,560
0.3394509387485094,0.6605490612514906,0.16346153846153846,0.9230769230769231,1.0,0.18269230769230768,0.18269230769230768,5.28580650022749,20.33002500087496,0.09837666210021505,229774,96,52,17,19,200,200,1.0,229774,77997,151777,0.3394509387485094,0.6605490612514906,0,35259,0.15345078207281937,12071,True,200,200,1.0,77997,151777,0,35259,0.15345078207281937,12071,True,58687,0.7094993499997909,False,0,2.0913989859819413,50000,True,39628,12071,1000,0.486526,561
0.33945296887761306,0.6605470311223869,0.19444444444444445,0.9259259259259259,1.0,0.21296296296296297,0.2037037037037037,5.248179327262931,19.437701212084928,0.10289282555472905,230188,93,54,21,22,200,200,1.0,230188,78138,152050,0.33945296887761306,0.6605470311223869,0,35327,0.15347020696126645,12094,True,200,200,1.0,78138,152050,0,35327,0.15347020696126645,12094,True,58794,0.7089696999997905,False,0,2.0853956323862075,50000,True,39703,12094,1000,0.486688,562
0.3395086361704158,0.6604913638295842,0.11538461538461539,0.9487179487179487,1.0,0.0641025641025641,0.0641025641025641,6.750075681040256,34.615772723283364,0.05777712998025186,230542,123,39,9,5,200,200,1.0,230542,78271,152271,0.3395086361704158,0.6604913638295842,0,35368,0.15341239340337118,12099,True,200,200,1.0,78271,152271,0,35368,0.15341239340337118,12099,True,58871,0.7085885499997903,False,0,2.0678777104616164,50000,True,39745,12099,1000,0.486802,563
0.3395101291367498,0.6604898708632502,0.1590909090909091,0.9318181818181818,1.0,0.09090909090909091,0.09090909090909091,6.041443507053568,27.461106850243493,0.07283027632159213,230918,112,44,14,8,200,200,1.0,230918,78399,152519,0.3395101291367498,0.6604898708632502,0,35417,0.1533747910513689,12107,True,200,200,1.0,78399,152519,0,35417,0.1533747910513689,12107,True,58959,0.70815294999979,False,0,1.9985305911302567,50000,True,39797,12107,1000,0.48693400000000003,564
0.3395728860453052,0.6604271139546948,0.1568627450980392,0.9215686274509803,1.0,0.24509803921568626,0.23529411764705882,5.678120699320724,22.267139997336173,0.08981844997782655,231320,99,51,16,24,200,200,1.0,231320,78550,152770,0.3395728860453052,0.6604271139546948,0,35478,0.15337195227390626,12132,True,200,200,1.0,78550,152770,0,35478,0.15337195227390626,12132,True,59060,0.7076529999997896,False,0,2.0190635764598848,50000,True,39871,12132,1000,0.48709,565
0.33955603887249064,0.6604439611275094,0.16037735849056603,0.9245283018867925,1.0,0.19811320754716982,0.19811320754716982,5.320302588061213,20.076613539853636,0.09961839410963631,231732,94,53,17,21,200,200,1.0,231732,78686,153046,0.33955603887249064,0.6604439611275094,0,35541,0.15337113562218424,12153,True,200,200,1.0,78686,153046,0,35541,0.15337113562218424,12153,True,59166,0.7071282999997892,False,0,2.0384009850025175,50000,True,39940,12153,1000,0.487246,566
0.3395061728395062,0.6604938271604939,0.1574074074074074,0.9074074074074074,1.0,0.16666666666666666,0.16666666666666666,5.226876416152031,19.35880154130382,0.10331218054654945,232146,93,54,17,18,200,200,1.0,232146,78815,153331,0.3395061728395062,0.6604938271604939,0,35606,0.1533776158107398,12171,True,200,200,1.0,78815,153331,0,35606,0.1533776158107398,12171,True,59273,0.7065986499997888,False,0,2.057222456932068,50000,True,40008,12171,1000,0.487408,567
0.33945403880555935,0.6605459611944406,0.15,0.94,1.0,0.11,0.11,5.721168267517765,22.88467307007106,0.08739473768649254,232544,101,50,15,11,200,200,1.0,232544,78938,153606,0.33945403880555935,0.6605459611944406,0,35662,0.15335592404018164,12182,True,200,200,1.0,78938,153606,0,35662,0.15335592404018164,12182,True,59372,0.7061085999997885,False,0,2.10280286192894,50000,True,40068,12182,1000,0.48755800000000005,568
0.3395041591909966,0.6604958408090034,0.1440677966101695,0.9152542372881356,1.0,0.3220338983050847,0.3220338983050847,4.769851709420411,16.16898884549292,0.12369357287035898,232978,83,59,17,38,200,200,1.0,232978,79097,153881,0.3395041591909966,0.6604958408090034,0,35738,0.15339645803466423,12220,True,200,200,1.0,79097,153881,0,35738,0.15339645803466423,12220,True,59489,0.7055294499997881,False,0,2.070886733531952,50000,True,40159,12220,1000,0.487732,569
0.3395105104847763,0.6604894895152237,0.125,0.9423076923076923,1.0,0.21153846153846154,0.21153846153846154,5.505039352373127,21.17322827835818,0.0944589069605537,233386,96,52,13,22,200,200,1.0,233386,79237,154149,0.3395105104847763,0.6604894895152237,0,35800,0.15339394822311536,12242,True,200,200,1.0,79237,154149,0,35800,0.15339394822311536,12242,True,59593,0.7050146499997877,False,0,2.0772901034355162,50000,True,40230,12242,1000,0.487888,570
0.3395075459429862,0.6604924540570138,0.20652173913043478,0.9130434782608695,1.0,0.10869565217391304,0.10869565217391304,5.972349227214673,25.96673577049858,0.0770216178759075,233768,109,46,19,10,200,200,1.0,233768,79366,154402,0.3395075459429862,0.6604924540570138,0,35850,0.15335717463468054,12252,True,200,200,1.0,79366,154402,0,35850,0.15335717463468054,12252,True,59684,0.7045641999997874,False,0,2.112629780769348,50000,True,40284,12252,1000,0.488026,571
0.33952030339785094,0.6604796966021491,0.2777777777777778,0.7777777777777778,1.0,0.1111111111111111,0.1111111111111111,5.860527614987834,26.04678939994593,0.07678489541609884,234148,110,45,25,10,200,200,1.0,234148,79498,154650,0.33952030339785094,0.6604796966021491,0,35902,0.15333037224319662,12263,True,200,200,1.0,79498,154650,0,35902,0.15333037224319662,12263,True,59774,0.704118699999787,False,0,2.0850224685668945,50000,True,40339,12263,1000,0.48815800000000004,572
0.33948901187927993,0.6605109881207201,0.28888888888888886,0.7555555555555555,1.0,0.05555555555555555,0.05555555555555555,5.845055648911917,25.97802510627519,0.07698814639750598,234526,111,45,26,5,200,200,1.0,234526,79619,154907,0.33948901187927993,0.6605109881207201,0,35947,0.15327511661820012,12268,True,200,200,1.0,79619,154907,0,35947,0.15327511661820012,12268,True,59863,0.7036781499997867,False,0,2.137258373498917,50000,True,40388,12268,1000,0.48829,573
0.339426187638345,0.660573812361655,0.2653061224489796,0.8571428571428571,1.0,0.07142857142857142,0.07142857142857142,5.66898497445207,23.13871418143702,0.08643522644851612,234920,103,49,26,7,200,200,1.0,234920,79738,155182,0.339426187638345,0.660573812361655,0,35998,0.15323514387876724,12275,True,200,200,1.0,79738,155182,0,35998,0.15323514387876724,12275,True,59960,0.7031979999997864,False,0,2.098027491569519,50000,True,40443,12275,1000,0.48844000000000004,574
0.33945035988340966,0.6605496401165903,0.15254237288135594,0.9322033898305084,1.0,0.2966101694915254,0.2966101694915254,4.940451314398447,16.747292591181175,0.11942228805706566,235354,83,59,18,35,200,200,1.0,235354,79891,155463,0.33945035988340966,0.6605496401165903,0,36076,0.1532839892247423,12309,True,200,200,1.0,79891,155463,0,36076,0.1532839892247423,12309,True,60077,0.702618849999786,False,0,2.116743450164795,50000,True,40531,12309,1000,0.488614,575
0.3394387227039042,0.6605612772960958,0.24489795918367346,0.8163265306122449,1.0,0.1326530612244898,0.12244897959183673,5.596535083061871,22.84300033902805,0.08755417284580308,235748,103,49,24,12,200,200,1.0,235748,80022,155726,0.3394387227039042,0.6605612772960958,0,36130,0.15325686750258752,12322,True,200,200,1.0,80022,155726,0,36130,0.15325686750258752,12322,True,60174,0.7021386999997856,False,0,2.116477667093277,50000,True,40592,12322,1000,0.488758,576
0.3394251452380549,0.6605748547619451,0.12037037037037036,0.9444444444444444,1.0,0.21296296296296297,0.21296296296296297,5.2339220761770875,19.384896578433658,0.10317310654239273,236164,92,54,13,23,200,200,1.0,236164,80160,156004,0.3394251452380549,0.6605748547619451,0,36193,0.1532536711776562,12345,True,200,200,1.0,80160,156004,0,36193,0.1532536711776562,12345,True,60282,0.7016040999997852,False,0,2.1007505464553833,50000,True,40665,12345,1000,0.48892,577
0.33943623866009454,0.6605637613399055,0.2604166666666667,0.875,1.0,0.13541666666666666,0.13541666666666666,5.747382741707262,23.947428090446923,0.08351627541989937,236554,105,48,25,13,200,200,1.0,236554,80295,156259,0.33943623866009454,0.6605637613399055,0,36249,0.15323773852904624,12359,True,200,200,1.0,80295,156259,0,36249,0.15323773852904624,12359,True,60377,0.7011338499997849,False,0,2.085678045749664,50000,True,40725,12359,1000,0.489064,578
0.33939480878928,0.66060519121072,0.14393939393939395,0.9393939393939394,1.0,0.29545454545454547,0.26515151515151514,4.261893227221866,12.914827961278382,0.15486075432026342,237016,69,66,19,35,200,200,1.0,237016,80442,156574,0.33939480878928,0.66060519121072,0,36337,0.15331032504134742,12398,True,200,200,1.0,80442,156574,0,36337,0.15331032504134742,12398,True,60508,0.7004853999997844,False,0,2.0365721374750136,50000,True,40820,12398,1000,0.48926200000000003,579
0.33940529840374006,0.6605947015962599,0.24074074074074073,0.7962962962962963,1.0,0.24074074074074073,0.2222222222222222,5.10062939384162,18.891219977191188,0.1058692875534112,237430,93,54,26,24,200,200,1.0,237430,80585,156845,0.33940529840374006,0.6605947015962599,0,36403,0.15332097881480858,12423,True,200,200,1.0,80585,156845,0,36403,0.15332097881480858,12423,True,60615,0.699955749999784,False,0,2.036006709933281,50000,True,40897,12423,1000,0.489418,580
0.3393770182992465,0.6606229817007535,0.24489795918367346,0.8163265306122449,1.0,0.12244897959183673,0.12244897959183673,5.671999481279163,23.151018290935358,0.08638928857756066,237824,103,49,24,12,200,200,1.0,237824,80712,157112,0.3393770182992465,0.6606229817007535,0,36459,0.15330244214208827,12435,True,200,200,1.0,80712,157112,0,36459,0.15330244214208827,12435,True,60712,0.6994755999997837,False,0,2.0314669001102446,50000,True,40956,12435,1000,0.489568,581
0.3393813705899145,0.6606186294100855,0.3333333333333333,0.8222222222222222,1.0,0.1111111111111111,0.1,6.001851988555796,26.674897726914647,0.07497685728639268,238204,110,45,30,9,200,200,1.0,238204,80842,157362,0.3393813705899145,0.6606186294100855,0,36510,0.15327198535708889,12445,True,200,200,1.0,80842,157362,0,36510,0.15327198535708889,12445,True,60802,0.6990300999997834,False,0,2.0232508862018586,50000,True,41009,12445,1000,0.4897,582
0.3393798449612403,0.6606201550387597,0.10483870967741936,0.9354838709677419,1.0,0.29838709677419356,0.29838709677419356,4.861067198757499,15.680861931475803,0.12754400929871398,238650,77,62,13,37,200,200,1.0,238650,80993,157657,0.3393798449612403,0.6606201550387597,0,36587,0.1533081919128431,12482,True,200,200,1.0,80993,157657,0,36587,0.1533081919128431,12482,True,60925,0.698421249999783,False,0,2.014021894931793,50000,True,41103,12482,1000,0.48988600000000004,583
0.3393601178025803,0.6606398821974198,0.15306122448979592,0.9183673469387755,1.0,0.12244897959183673,0.12244897959183673,5.723727392153664,23.362152621035364,0.08560854953918899,239044,103,49,15,12,200,200,1.0,239044,81122,157922,0.3393601178025803,0.6606398821974198,0,36641,0.15328140426030354,12495,True,200,200,1.0,81122,157922,0,36641,0.15328140426030354,12495,True,61022,0.6979410999997826,False,0,2.0615497028827665,50000,True,41162,12495,1000,0.49003,584
0.3393850316503265,0.6606149683496735,0.0967741935483871,0.9516129032258065,1.0,0.33064516129032256,0.33064516129032256,4.605433741615756,14.856237876179858,0.1346235848314433,239492,76,62,12,41,200,200,1.0,239492,81280,158212,0.3393850316503265,0.6606149683496735,0,36727,0.15335376547024535,12536,True,200,200,1.0,81280,158212,0,36727,0.15335376547024535,12536,True,61146,0.6973272999997822,False,0,2.0488123643398284,50000,True,41257,12536,1000,0.490216,585
0.33932367874740504,0.660676321252595,0.17346938775510204,0.9183673469387755,1.0,0.08163265306122448,0.08163265306122448,5.706896785451484,23.293456267148912,0.08586102367387308,239886,103,49,17,8,200,200,1.0,239886,81399,158487,0.33932367874740504,0.660676321252595,0,36777,0.1533103224031415,12544,True,200,200,1.0,81399,158487,0,36777,0.1533103224031415,12544,True,61243,0.6968471499997818,False,0,2.0743062222003936,50000,True,41313,12544,1000,0.49036,586
0.3393319297311242,0.6606680702688759,0.1532258064516129,0.8870967741935484,1.0,0.31451612903225806,0.31451612903225806,4.394752893519801,14.176622237160649,0.1410773290380465,240334,76,62,19,39,200,200,1.0,240334,81553,158781,0.3393319297311242,0.6606680702688759,0,36864,0.1533865370692453,12583,True,200,200,1.0,81553,158781,0,36864,0.1533865370692453,12583,True,61367,0.6962333499997814,False,0,2.0848773556947706,50000,True,41406,12583,1000,0.49054600000000004,587
0.33935619500278363,0.6606438049972163,0.1375,0.875,1.0,0.05,0.05,6.363409871260233,31.817049356301162,0.06285938012677196,240694,120,40,11,4,200,200,1.0,240694,81681,159013,0.33935619500278363,0.6606438049972163,0,36905,0.1533274614240488,12587,True,200,200,1.0,81681,159013,0,36905,0.1533274614240488,12587,True,61447,0.6958373499997811,False,0,2.071101661324501,50000,True,41450,12587,1000,0.49066600000000005,588
0.33929193556414555,0.6607080644358545,0.2037037037037037,0.9074074074074074,1.0,0.1388888888888889,0.1388888888888889,5.230688522141502,19.372920452375933,0.10323688702054812,241108,93,54,22,15,200,200,1.0,241108,81806,159302,0.33929193556414555,0.6607080644358545,0,36966,0.15331718565953847,12603,True,200,200,1.0,81806,159302,0,36966,0.15331718565953847,12603,True,61554,0.6953076999997807,False,0,2.0868749237060547,50000,True,41516,12603,1000,0.49082800000000004,589
0.33931868805219967,0.6606813119478003,0.18421052631578946,0.8771929824561403,1.0,0.2719298245614035,0.2719298245614035,4.948913485945025,17.364608722614122,0.11517679620361258,241534,87,57,21,31,200,200,1.0,241534,81957,159577,0.33931868805219967,0.6606813119478003,0,37040,0.15335315110916062,12634,True,200,200,1.0,81957,159577,0,37040,0.15335315110916062,12634,True,61667,0.6947483499997803,False,0,2.1367321383953093,50000,True,41595,12634,1000,0.490996,590
0.33925205832754685,0.6607479416724531,0.16037735849056603,0.9056603773584906,1.0,0.12264150943396226,0.12264150943396226,5.333243354897417,20.1254466222544,0.09937667657961098,241944,95,53,17,13,200,200,1.0,241944,82080,159864,0.33925205832754685,0.6607479416724531,0,37096,0.15332473630261548,12648,True,200,200,1.0,82080,159864,0,37096,0.15332473630261548,12648,True,61772,0.6942285999997799,False,0,2.0815597128868104,50000,True,41659,12648,1000,0.49115800000000004,591
0.33922293561325034,0.6607770643867497,0.17647058823529413,0.8823529411764706,1.0,0.1568627450980392,0.13725490196078433,5.441052684663639,21.337461508484857,0.09373186211512079,242348,98,51,18,14,200,200,1.0,242348,82210,160138,0.33922293561325034,0.6607770643867497,0,37155,0.15331259181012427,12664,True,200,200,1.0,82210,160138,0,37155,0.15331259181012427,12664,True,61874,0.6937236999997796,False,0,2.1166749280691146,50000,True,41725,12664,1000,0.491308,592
0.33921920833196006,0.6607807916680399,0.28888888888888886,0.8444444444444444,1.0,0.1,0.1,5.8442091512456535,25.974262894425127,0.0769992976558831,242728,110,45,26,9,200,200,1.0,242728,82338,160390,0.33921920833196006,0.6607807916680399,0,37205,0.15327856695560463,12673,True,200,200,1.0,82338,160390,0,37205,0.15327856695560463,12673,True,61964,0.6932781999997792,False,0,2.0992115646600724,50000,True,41778,12673,1000,0.491446,593
0.3391742402434511,0.6608257597565489,0.1885245901639344,0.8688524590163934,1.0,0.22950819672131148,0.22131147540983606,4.695646802183823,15.395563285848603,0.1299075560189716,243170,79,61,23,27,200,200,1.0,243170,82477,160693,0.3391742402434511,0.6608257597565489,0,37284,0.15332483447793724,12702,True,200,200,1.0,82477,160693,0,37284,0.15332483447793724,12702,True,62085,0.6926792499997788,False,0,2.071178119778633,50000,True,41863,12702,1000,0.491626,594
0.3391631359411436,0.6608368640588564,0.19230769230769232,0.8653846153846154,1.0,0.18269230769230768,0.18269230769230768,5.281853662187641,20.314821777644774,0.0984502853084775,243576,97,52,20,19,200,200,1.0,243576,82612,160964,0.3391631359411436,0.6608368640588564,0,37347,0.15332791408020494,12721,True,200,200,1.0,82612,160964,0,37347,0.15332791408020494,12721,True,62188,0.6921693999997784,False,0,2.090706551671028,50000,True,41931,12721,1000,0.491782,595
0.33924970076571187,0.6607502992342882,0.2,0.8666666666666667,1.0,0.2222222222222222,0.2222222222222222,5.884264451544803,26.15228645131024,0.0764751488831983,243956,110,45,18,20,200,200,1.0,243956,82762,161194,0.33924970076571187,0.6607502992342882,0,37400,0.15330633392906917,12741,True,200,200,1.0,82762,161194,0,37400,0.15330633392906917,12741,True,62278,0.6917238999997781,False,0,2.059859361052513,50000,True,41992,12741,1000,0.491914,596
0.33925808907187466,0.6607419109281254,0.11702127659574468,0.9574468085106383,1.0,0.13829787234042554,0.13829787234042554,6.012488125532121,25.585055853328175,0.07817063255462209,244342,107,47,11,13,200,200,1.0,244342,82895,161447,0.33925808907187466,0.6607419109281254,0,37453,0.15328105687929214,12754,True,200,200,1.0,82895,161447,0,37453,0.15328105687929214,12754,True,62371,0.6912635499997778,False,0,2.012928676009178,50000,True,42051,12754,1000,0.49205200000000004,597
0.3392197561533684,0.6607802438466316,0.12745098039215685,0.9215686274509803,1.0,0.13725490196078433,0.13725490196078433,5.565470430481419,21.825374237182032,0.09163645847560177,244744,99,51,13,14,200,200,1.0,244744,83022,161722,0.3392197561533684,0.6607802438466316,0,37511,0.15326627006177884,12768,True,200,200,1.0,83022,161722,0,37511,0.15326627006177884,12768,True,62472,0.6907635999997774,False,0,2.0410757637023926,50000,True,42115,12768,1000,0.49220800000000003,598
0.33923181098764826,0.6607681890123518,0.20588235294117646,0.8627450980392157,1.0,0.20588235294117646,0.20588235294117646,5.510677248743367,21.61049901467987,0.09254760839355967,245148,98,51,21,21,200,200,1.0,245148,83162,161986,0.33923181098764826,0.6607681890123518,0,37572,0.15326251896813353,12789,True,200,200,1.0,83162,161986,0,37572,0.15326251896813353,12789,True,62574,0.6902586999997771,False,0,2.103044344782829,50000,True,42182,12789,1000,0.492358,599
0.339270150287134,0.660729849712866,0.22826086956521738,0.8695652173913043,1.0,0.14130434782608695,0.14130434782608695,5.908541104889967,25.68930915169551,0.07785339762116564,245530,109,46,21,13,200,200,1.0,245530,83301,162229,0.339270150287134,0.660729849712866,0,37624,0.1532358571254022,12803,True,200,200,1.0,83301,162229,0,37624,0.1532358571254022,12803,True,62665,0.6898082499997767,False,0,2.127384095788002,50000,True,42238,12803,1000,0.49249600000000004,600
0.3391650471226327,0.6608349528773674,0.24107142857142858,0.875,1.0,0.14285714285714285,0.14285714285714285,4.887232073793297,17.45440026354749,0.11458428647227054,245954,88,56,27,16,200,200,1.0,245954,83419,162535,0.3391650471226327,0.6608349528773674,0,37689,0.15323597095391822,12818,True,200,200,1.0,83419,162535,0,37689,0.15323597095391822,12818,True,62777,0.6892538499997763,False,0,2.1687283474206924,50000,True,42308,12818,1000,0.492664,601
0.33917088854247857,0.6608291114575214,0.14130434782608695,0.9347826086956522,1.0,0.11956521739130435,0.11956521739130435,5.871448290279513,25.528036044693536,0.07834523566554334,246336,109,46,13,11,200,200,1.0,246336,83550,162786,0.33917088854247857,0.6608291114575214,0,37740,0.15320537802026502,12829,True,200,200,1.0,83550,162786,0,37740,0.15320537802026502,12829,True,62868,0.688803399999776,False,0,2.0980315047502516,50000,True,42364,12829,1000,0.492802,602
0.33915760803482403,0.660842391965176,0.125,0.9375,1.0,0.125,0.125,5.850775521679808,24.378231340332533,0.0820404061344312,246726,105,48,12,12,200,200,1.0,246726,83679,163047,0.33915760803482403,0.660842391965176,0,37789,0.15316180702479673,12841,True,200,200,1.0,83679,163047,0,37789,0.15316180702479673,12841,True,62963,0.6883331499997757,False,0,2.0374346381425856,50000,True,42422,12841,1000,0.49294000000000004,603
0.3391939465058876,0.6608060534941125,0.23529411764705882,0.8235294117647058,1.0,0.23529411764705882,0.22549019607843138,5.339549231287749,20.939408750148036,0.09551368063273805,247130,98,51,24,23,200,200,1.0,247130,83825,163305,0.3391939465058876,0.6608060534941125,0,37853,0.15317039614777647,12865,True,200,200,1.0,83825,163305,0,37853,0.15317039614777647,12865,True,63065,0.6878282499997753,False,0,1.9789986056089401,50000,True,42494,12865,1000,0.49309600000000003,604
0.3391736084739874,0.6608263915260126,0.23529411764705882,0.8235294117647058,1.0,0.16666666666666666,0.16666666666666666,5.390389815163331,21.13878358887581,0.09461282346693266,247534,98,51,24,17,200,200,1.0,247534,83957,163577,0.3391736084739874,0.6608263915260126,0,37912,0.15315875798880155,12882,True,200,200,1.0,83957,163577,0,37912,0.15315875798880155,12882,True,63167,0.687323349999775,False,0,1.938743446469307,50000,True,42560,12882,1000,0.493246,605
0.3391082720351013,0.6608917279648987,0.15254237288135594,0.9322033898305084,1.0,0.19491525423728814,0.19491525423728814,4.914464095337093,16.659200323176588,0.12005378176631702,247968,83,59,18,23,200,200,1.0,247968,84088,163880,0.3391082720351013,0.6608917279648987,0,37981,0.15316895728481095,12906,True,200,200,1.0,84088,163880,0,37981,0.15316895728481095,12906,True,63284,0.6867441999997745,False,0,2.032640725374222,50000,True,42639,12906,1000,0.49342600000000003,606
0.3392110752281165,0.6607889247718834,0.12790697674418605,0.9302325581395349,1.0,0.18604651162790697,0.18604651162790697,6.370853141126584,29.631875075007365,0.06749488498238422,248338,115,43,11,16,200,200,1.0,248338,84239,164099,0.3392110752281165,0.6607889247718834,0,38031,0.15314208860504636,12923,True,200,200,1.0,84239,164099,0,38031,0.15314208860504636,12923,True,63369,0.6863234499997742,False,0,2.0758479487895967,50000,True,42695,12923,1000,0.493552,607
0.33919969763495855,0.6608003023650415,0.21428571428571427,0.8571428571428571,1.0,0.03571428571428571,0.03571428571428571,6.173176273310553,29.396077491955015,0.06803628819346225,248706,116,42,18,3,200,200,1.0,248706,84361,164345,0.33919969763495855,0.6608003023650415,0,38073,0.15308436467153988,12926,True,200,200,1.0,84361,164345,0,38073,0.15308436467153988,12926,True,63453,0.6859076499997739,False,0,2.127949502468109,50000,True,42740,12926,1000,0.493678,608
0.33922277088602515,0.6607772291139749,0.22826086956521738,0.8478260869565217,1.0,0.15217391304347827,0.15217391304347827,5.936490507981382,25.810828295571227,0.07748685850361384,249090,108,46,21,14,200,200,1.0,249090,84497,164593,0.33922277088602515,0.6607772291139749,0,38124,0.1530531133325304,12940,True,200,200,1.0,84497,164593,0,38124,0.1530531133325304,12940,True,63545,0.6854522499997736,False,0,2.210964697599411,50000,True,42800,12940,1000,0.49381600000000003,609
0.3391826460591291,0.6608173539408708,0.21,0.88,1.0,0.12,0.12,5.506554988952534,22.026219955810134,0.09080087296015742,249488,101,50,21,12,200,200,1.0,249488,84622,164866,0.3391826460591291,0.6608173539408708,0,38178,0.1530253960110306,12952,True,200,200,1.0,84622,164866,0,38178,0.1530253960110306,12952,True,63644,0.6849621999997733,False,0,2.1931985414028166,50000,True,42859,12952,1000,0.493966,610
0.33916940065615747,0.6608305993438426,0.1746031746031746,0.873015873015873,1.0,0.30158730158730157,0.29365079365079366,4.39990060731942,13.967938435934666,0.14318505262413622,249940,74,63,22,37,200,200,1.0,249940,84772,165168,0.33916940065615747,0.6608305993438426,0,38259,0.15307273745698968,12990,True,200,200,1.0,84772,165168,0,38259,0.15307273745698968,12990,True,63770,0.6843384999997728,False,0,2.154456330537796,50000,True,42954,12990,1000,0.49415200000000004,611
0.33911508101371,0.66088491898629,0.2127659574468085,0.8723404255319149,1.0,0.05319148936170213,0.05319148936170213,5.74511726827576,24.447307524577703,0.08180859990366353,250328,106,47,20,5,200,200,1.0,250328,84890,165438,0.33911508101371,0.66088491898629,0,38308,0.15303122303537758,12996,True,200,200,1.0,84890,165438,0,38308,0.15303122303537758,12996,True,63864,0.6838731999997725,False,0,2.084465774297714,50000,True,43006,12996,1000,0.494296,612
0.3391595002951641,0.6608404997048358,0.2222222222222222,0.8888888888888888,1.0,0.16666666666666666,0.16666666666666666,6.023319286455336,26.770307939801494,0.07470963742730971,250708,110,45,20,15,200,200,1.0,250708,85030,165678,0.3391595002951641,0.6608404997048358,0,38362,0.15301466247586834,13011,True,200,200,1.0,85030,165678,0,38362,0.15301466247586834,13011,True,63954,0.6834276999997722,False,0,2.0295478212833404,50000,True,43063,13011,1000,0.49442800000000003,613
0.3390957446808511,0.6609042553191489,0.17692307692307693,0.9076923076923077,1.0,0.2692307692307692,0.26153846153846155,4.285931039604532,13.1874801218601,0.15165899637526045,251168,70,65,23,34,200,200,1.0,251168,85170,165998,0.3390957446808511,0.6609042553191489,0,38442,0.15305293667983183,13046,True,200,200,1.0,85170,165998,0,38442,0.15305293667983183,13046,True,64084,0.6827841999997717,False,0,2.046505942940712,50000,True,43159,13046,1000,0.494626,614
0.3391320940734969,0.660867905926503,0.2111111111111111,0.8888888888888888,1.0,0.15555555555555556,0.15555555555555556,6.052065823457855,26.898070326479356,0.07435477622463993,251548,110,45,19,14,200,200,1.0,251548,85308,166240,0.3391320940734969,0.660867905926503,0,38494,0.1530284478509072,13060,True,200,200,1.0,85308,166240,0,38494,0.1530284478509072,13060,True,64174,0.6823386999997714,False,0,2.087283706068993,50000,True,43217,13060,1000,0.49475800000000003,615
0.3391472406759213,0.6608527593240787,0.1864406779661017,0.9322033898305084,1.0,0.2796610169491525,0.2796610169491525,4.795211166413285,16.254953106485715,0.12303941985547787,251982,83,59,22,33,200,200,1.0,251982,85459,166523,0.3391472406759213,0.6608527593240787,0,38571,0.1530704574136248,13093,True,200,200,1.0,85459,166523,0,38571,0.1530704574136248,13093,True,64291,0.681759549999771,False,0,2.0741905134916307,50000,True,43302,13093,1000,0.49493200000000004,616
0.3391654384380101,0.6608345615619899,0.19444444444444445,0.8888888888888888,1.0,0.24074074074074073,0.23148148148148148,5.222084577094798,19.341053989239995,0.10340698087667093,252396,93,54,21,25,200,200,1.0,252396,85604,166792,0.3391654384380101,0.6608345615619899,0,38637,0.1530808729139923,13119,True,200,200,1.0,85604,166792,0,38637,0.1530808729139923,13119,True,64398,0.6812298999997706,False,0,2.047900240421295,50000,True,43379,13119,1000,0.49509400000000003,617
0.339189777267872,0.660810222732128,0.23863636363636365,0.8636363636363636,1.0,0.11363636363636363,0.09090909090909091,6.08008835304595,27.636765241117953,0.07236736942804008,252770,113,44,21,8,200,200,1.0,252770,85737,167033,0.339189777267872,0.660810222732128,0,38685,0.1530442694940064,13128,True,200,200,1.0,85737,167033,0,38685,0.1530442694940064,13128,True,64485,0.6807992499997703,False,0,2.0905583512783052,50000,True,43432,13128,1000,0.495226,618
0.33904986097067746,0.6609501390293225,0.21296296296296297,0.9074074074074074,1.0,0.05555555555555555,0.05555555555555555,5.262904558046841,19.49223910387719,0.10260493878315811,253184,93,54,23,6,200,200,1.0,253184,85842,167342,0.33904986097067746,0.6609501390293225,0,38741,0.15301519843276037,13134,True,200,200,1.0,85842,167342,0,38741,0.15301519843276037,13134,True,64592,0.6802695999997699,False,0,2.0529306972026826,50000,True,43491,13134,1000,0.49538800000000005,619
0.33908118511974256,0.6609188148802574,0.1625,0.925,1.0,0.0625,0.0625,6.638828385185159,33.19414192592579,0.06025159512973973,253544,120,40,13,5,200,200,1.0,253544,85972,167572,0.33908118511974256,0.6609188148802574,0,38784,0.15296753226264476,13139,True,200,200,1.0,85972,167572,0,38784,0.15296753226264476,13139,True,64672,0.6798735999997696,False,0,2.099892888069153,50000,True,43536,13139,1000,0.495508,620
0.3390561995967742,0.6609438004032258,0.20192307692307693,0.8653846153846154,1.0,0.17307692307692307,0.17307692307692307,5.375786593185261,20.67610228148177,0.09673003029160233,253952,96,52,21,18,200,200,1.0,253952,86104,167848,0.3390561995967742,0.6609438004032258,0,38843,0.1529541015625,13157,True,200,200,1.0,86104,167848,0,38843,0.1529541015625,13157,True,64776,0.6793587999997692,False,0,2.141122359037399,50000,True,43604,13157,1000,0.495664,621
0.33899171292437846,0.6610082870756215,0.17272727272727273,0.9090909090909091,1.0,0.16363636363636364,0.15454545454545454,5.158364313354676,18.757688412198824,0.10662294607150663,254372,90,55,19,17,200,200,1.0,254372,86230,168142,0.33899171292437846,0.6610082870756215,0,38906,0.1529492239711918,13175,True,200,200,1.0,86230,168142,0,38906,0.1529492239711918,13175,True,64886,0.6788142999997688,False,0,2.173917487859726,50000,True,43677,13175,1000,0.495826,622
0.33902542406141334,0.6609745759385867,0.14912280701754385,0.8947368421052632,1.0,0.2894736842105263,0.2807017543859649,5.007696931180901,17.570866425196144,0.11382477970079236,254798,87,57,17,32,200,200,1.0,254798,86383,168415,0.33902542406141334,0.6609745759385867,0,38978,0.15297608301478033,13208,True,200,200,1.0,86383,168415,0,38978,0.15297608301478033,13208,True,64999,0.6782549499997684,False,0,2.1828698962926865,50000,True,43760,13208,1000,0.49599400000000005,623
0.3390287487851522,0.6609712512148478,0.2222222222222222,0.8666666666666667,1.0,0.1,0.1,5.952644635292606,26.456198379078252,0.07559665116442482,255176,111,45,20,9,200,200,1.0,255176,86512,168664,0.3390287487851522,0.6609712512148478,0,39029,0.15294933692823776,13217,True,200,200,1.0,86512,168664,0,39029,0.15294933692823776,13217,True,65088,0.6778143999997681,False,0,2.146772772669792,50000,True,43813,13217,1000,0.496132,624
0.3390424091595646,0.6609575908404355,0.18478260869565216,0.9130434782608695,1.0,0.13043478260869565,0.13043478260869565,5.922100469320712,25.748262910090055,0.07767514286240465,255558,109,46,17,12,200,200,1.0,255558,86645,168913,0.3390424091595646,0.6609575908404355,0,39080,0.15292027641474734,13229,True,200,200,1.0,86645,168913,0,39080,0.15292027641474734,13229,True,65179,0.6773639499997678,False,0,2.1572162240743635,50000,True,43869,13229,1000,0.49626400000000004,625
0.3390451633067667,0.6609548366932333,0.1568627450980392,0.9019607843137255,1.0,0.17647058823529413,0.17647058823529413,5.455864257000019,21.395546105882428,0.09347739899240647,255960,99,51,16,18,200,200,1.0,255960,86782,169178,0.3390451633067667,0.6609548366932333,0,39138,0.15290670417252697,13248,True,200,200,1.0,86782,169178,0,39138,0.15290670417252697,13248,True,65280,0.6768639999997674,False,0,2.144149959683418,50000,True,43936,13248,1000,0.49642000000000003,626
0.339113371979621,0.660886628020379,0.20652173913043478,0.8695652173913043,1.0,0.20652173913043478,0.20652173913043478,5.886722730955101,25.59444665632652,0.0781419511371086,256342,109,46,19,19,200,200,1.0,256342,86929,169413,0.339113371979621,0.660886628020379,0,39195,0.15290120230005227,13267,True,200,200,1.0,86929,169413,0,39195,0.15290120230005227,13267,True,65371,0.6764135499997671,False,0,2.1654250693321226,50000,True,43998,13267,1000,0.496552,627
0.3391271152108199,0.66087288478918,0.23255813953488372,0.8837209302325582,1.0,0.08139534883720931,0.08139534883720931,6.2157909578482835,28.910655617898996,0.06917864563271169,256712,115,43,20,7,200,200,1.0,256712,87058,169654,0.3391271152108199,0.66087288478918,0,39242,0.15286390975100503,13274,True,200,200,1.0,87058,169654,0,39242,0.15286390975100503,13274,True,65456,0.6759927999997668,False,0,2.194209613800049,50000,True,44047,13274,1000,0.496684,628
0.3391011131076004,0.6608988868923996,0.21153846153846154,0.8846153846153846,1.0,0.15384615384615385,0.14423076923076922,5.381895029641855,20.699596267853288,0.09662024196607269,257118,97,52,22,15,200,200,1.0,257118,87189,169929,0.3391011131076004,0.6608988868923996,0,39303,0.15285977644505636,13290,True,200,200,1.0,87189,169929,0,39303,0.15285977644505636,13290,True,65559,0.6754829499997664,False,0,2.190010633468628,50000,True,44112,13290,1000,0.496834,629
0.3390794777597415,0.6609205222402585,0.18085106382978725,0.9148936170212766,1.0,0.10638297872340426,0.10638297872340426,5.770410397836274,24.55493786313308,0.08145001266742405,257506,106,47,17,10,200,200,1.0,257506,87315,170191,0.3390794777597415,0.6609205222402585,0,39353,0.1528236235272188,13300,True,200,200,1.0,87315,170191,0,39353,0.1528236235272188,13300,True,65653,0.6750176499997661,False,0,2.1342612892389297,50000,True,44168,13300,1000,0.49697800000000003,630
0.3391604053750184,0.6608395946249817,0.16666666666666666,0.8947368421052632,1.0,0.3508771929824561,0.3333333333333333,4.990203397031559,17.509485603619506,0.11422380104567814,257934,86,57,19,38,200,200,1.0,257934,87481,170453,0.3391604053750184,0.6608395946249817,0,39429,0.15286468631510386,13340,True,200,200,1.0,87481,170453,0,39429,0.15286468631510386,13340,True,65767,0.6744533499997657,False,0,2.1161634653806685,50000,True,44255,13340,1000,0.49714600000000003,631
0.3391869918699187,0.6608130081300814,0.2261904761904762,0.8095238095238095,1.0,0.07142857142857142,0.07142857142857142,6.2734819736800125,29.873723684190537,0.06694846685813123,258300,117,42,19,6,200,200,1.0,258300,87612,170688,0.3391869918699187,0.6608130081300814,0,39474,0.15282229965156793,13346,True,200,200,1.0,87612,170688,0,39474,0.15282229965156793,13346,True,65850,0.6740424999997654,False,0,2.1147619777917863,50000,True,44302,13346,1000,0.497272,632
0.33918494813165745,0.6608150518683426,0.16379310344827586,0.8793103448275862,1.0,0.25,0.25,4.824455585919281,16.636053744549244,0.12022081863346315,258732,84,58,19,29,200,200,1.0,258732,87758,170974,0.33918494813165745,0.6608150518683426,0,39546,0.1528454153332406,13377,True,200,200,1.0,87758,170974,0,39546,0.1528454153332406,13377,True,65966,0.673468299999765,False,0,2.0795145547389984,50000,True,44385,13377,1000,0.497446,633
0.3391917133638988,0.6608082866361011,0.20652173913043478,0.8260869565217391,1.0,0.13043478260869565,0.11956521739130435,5.812803682971829,25.273059491181865,0.07913565038288414,259116,108,46,19,11,200,200,1.0,259116,87890,171226,0.3391917133638988,0.6608082866361011,0,39598,0.15281958659442102,13389,True,200,200,1.0,87890,171226,0,39598,0.15281958659442102,13389,True,66058,0.6730128999997647,False,0,2.0712003034353255,50000,True,44443,13389,1000,0.497584,634
0.3391119057343886,0.6608880942656115,0.16346153846153846,0.8846153846153846,1.0,0.09615384615384616,0.09615384615384616,5.335163766372652,20.519860639894816,0.09746654887663271,259522,97,52,17,10,200,200,1.0,259522,88007,171515,0.3391119057343886,0.6608880942656115,0,39654,0.15279629472645864,13399,True,200,200,1.0,88007,171515,0,39654,0.15279629472645864,13399,True,66161,0.6725030499997643,False,0,2.042049680352211,50000,True,44504,13399,1000,0.49774,635
0.33912150151213166,0.6608784984878684,0.2159090909090909,0.8863636363636364,1.0,0.10227272727272728,0.10227272727272728,6.100606645871555,27.73003020850707,0.07212397480138469,259898,112,44,19,9,200,200,1.0,259898,88137,171761,0.33912150151213166,0.6608784984878684,0,39705,0.15277147188512416,13408,True,200,200,1.0,88137,171761,0,39705,0.15277147188512416,13408,True,66249,0.672067449999764,False,0,2.026566608548164,50000,True,44557,13408,1000,0.497872,636
0.33904575314048635,0.6609542468595136,0.2169811320754717,0.9056603773584906,1.0,0.12264150943396226,0.12264150943396226,5.266620305588294,19.874038889012432,0.10063379724519513,260310,94,53,23,13,200,200,1.0,260310,88257,172053,0.33904575314048635,0.6609542468595136,0,39764,0.15275632899235528,13421,True,200,200,1.0,88257,172053,0,39764,0.15275632899235528,13421,True,66355,0.6715427499997636,False,0,2.08233611702919,50000,True,44622,13421,1000,0.498028,637
0.3390175051011798,0.6609824948988202,0.2962962962962963,0.7592592592592593,1.0,0.17592592592592593,0.17592592592592593,5.046846967813679,18.692025806717332,0.10699749832793738,260724,93,54,32,19,200,200,1.0,260724,88390,172334,0.3390175051011798,0.6609824948988202,0,39828,0.1527592396557279,13441,True,200,200,1.0,88390,172334,0,39828,0.1527592396557279,13441,True,66462,0.6710130999997632,False,0,2.0691976153850558,50000,True,44692,13441,1000,0.49819,638
0.33900810243685764,0.6609918975631424,0.25,0.8103448275862069,1.0,0.25862068965517243,0.25,4.626961694492801,15.955040325837244,0.1253522372338504,261156,84,58,29,29,200,200,1.0,261156,88534,172622,0.33900810243685764,0.6609918975631424,0,39900,0.1527822450948858,13471,True,200,200,1.0,88534,172622,0,39900,0.1527822450948858,13471,True,66578,0.6704388999997628,False,0,2.108062432408333,50000,True,44776,13471,1000,0.49836400000000003,639
0.3389741080031199,0.6610258919968801,0.21875,0.875,1.0,0.09375,0.09375,5.789145726594194,24.12144052747581,0.082913787745051,261548,104,48,21,9,200,200,1.0,261548,88658,172890,0.3389741080031199,0.6610258919968801,0,39955,0.15276354627066543,13481,True,200,200,1.0,88658,172890,0,39955,0.15276354627066543,13481,True,66674,0.6699636999997625,False,0,2.103880613446236,50000,True,44831,13481,1000,0.498508,640
0.33894610668722946,0.6610538933127705,0.10185185185185185,0.9444444444444444,1.0,0.17592592592592593,0.17592592592592593,5.3639220502390685,19.866377963848404,0.10067260391599694,261962,93,54,11,19,200,200,1.0,261962,88791,173171,0.33894610668722946,0.6610538933127705,0,40019,0.15276643177254717,13500,True,200,200,1.0,88791,173171,0,40019,0.15276643177254717,13500,True,66781,0.6694340499997621,False,0,2.0341066974401474,50000,True,44900,13500,1000,0.49867000000000006,641
0.3390121913097843,0.6609878086902157,0.3076923076923077,0.8461538461538461,1.0,0.10256410256410256,0.10256410256410256,6.518645457990641,33.42895106661867,0.05982838037646807,262318,122,39,24,8,200,200,1.0,262318,88929,173389,0.3390121913097843,0.6609878086902157,0,40061,0.15271921865826973,13508,True,200,200,1.0,88929,173389,0,40061,0.15271921865826973,13508,True,66859,0.6690479499997618,False,0,2.1177445405721667,50000,True,44947,13508,1000,0.498784,642
0.3390245388029815,0.6609754611970184,0.17857142857142858,0.8809523809523809,1.0,0.08333333333333333,0.08333333333333333,6.14866277276913,29.27934653699586,0.06830753539778985,262686,116,42,15,7,200,200,1.0,262686,89057,173629,0.3390245388029815,0.6609754611970184,0,40108,0.15268419329541735,13514,True,200,200,1.0,89057,173629,0,40108,0.15268419329541735,13514,True,66943,0.6686321499997615,False,0,2.1704793858528135,50000,True,44995,13514,1000,0.49891,643
0.3390434128208832,0.6609565871791168,0.21296296296296297,0.8703703703703703,1.0,0.25,0.25,5.251723222147337,19.450826748693842,0.10282339284803427,263102,92,54,23,27,200,200,1.0,263102,89203,173899,0.3390434128208832,0.6609565871791168,0,40176,0.1527012337420468,13541,True,200,200,1.0,89203,173899,0,40176,0.1527012337420468,13541,True,67051,0.6680975499997611,False,0,2.160596241950989,50000,True,45071,13541,1000,0.499072,644
0.3390517542394753,0.6609482457605247,0.22727272727272727,0.8636363636363636,1.0,0.09090909090909091,0.07954545454545454,6.010184856017637,27.319022072807442,0.07320906270619187,263476,113,44,20,7,200,200,1.0,263476,89332,174144,0.3390517542394753,0.6609482457605247,0,40225,0.15267045195767356,13549,True,200,200,1.0,89332,174144,0,40225,0.15267045195767356,13549,True,67138,0.6676668999997608,False,0,2.218532202243805,50000,True,45121,13549,1000,0.499204,645
0.33910005759146433,0.6608999424085357,0.20634920634920634,0.8571428571428571,1.0,0.36507936507936506,0.36507936507936506,4.317048176426198,13.704914845797454,0.14593304828984693,263928,74,63,26,46,200,200,1.0,263928,89498,174430,0.33910005759146433,0.6608999424085357,0,40312,0.1527386256857931,13595,True,200,200,1.0,89498,174430,0,40312,0.1527386256857931,13595,True,67264,0.6670431999997604,False,0,2.214758468270302,50000,True,45218,13595,1000,0.499396,646
0.33905723905723906,0.6609427609427609,0.18627450980392157,0.8823529411764706,1.0,0.12745098039215685,0.12745098039215685,5.417963784899185,21.24691680352622,0.09413130472031936,264330,99,51,19,13,200,200,1.0,264330,89623,174707,0.33905723905723906,0.6609427609427609,0,40368,0.15271819316763138,13608,True,200,200,1.0,89623,174707,0,40368,0.15271819316763138,13608,True,67365,0.66654324999976,False,0,2.1605501490831376,50000,True,45280,13608,1000,0.49954600000000005,647
0.3390906206083685,0.6609093793916315,0.1,0.9333333333333333,1.0,0.12222222222222222,0.12222222222222222,6.106726604016912,27.141007128964056,0.07368923306702428,264708,111,45,9,11,200,200,1.0,264708,89760,174948,0.3390906206083685,0.6609093793916315,0,40417,0.15268522296266074,13620,True,200,200,1.0,89760,174948,0,40417,0.15268522296266074,13620,True,67454,0.6661026999997597,False,0,2.141280876994133,50000,True,45335,13620,1000,0.499678,648
0.3390742165693508,0.6609257834306492,0.19230769230769232,0.8653846153846154,1.0,0.18269230769230768,0.18269230769230768,5.310042101229516,20.423238850882754,0.09792766047553492,265116,96,52,20,19,200,200,1.0,265116,89894,175222,0.3390742165693508,0.6609257834306492,0,40479,0.15268410808853483,13639,True,200,200,1.0,89894,175222,0,40479,0.15268410808853483,13639,True,67558,0.6655878999997593,False,0,2.1533846259117126,50000,True,45403,13639,1000,0.499834,649
0.3390848757410714,0.6609151242589286,0.2111111111111111,0.8222222222222222,1.0,0.12222222222222222,0.12222222222222222,5.963134973452537,26.5028221042335,0.07546366164833913,265494,111,45,19,11,200,200,1.0,265494,90025,175469,0.3390848757410714,0.6609151242589286,0,40532,0.1526663502753358,13649,True,200,200,1.0,90025,175469,0,40532,0.1526663502753358,13649,True,67647,0.665147349999759,False,0,2.1800738990306856,50000,True,45458,13649,1000,0.499966,650
0.33914106276559736,0.6608589372344027,0.19444444444444445,0.8518518518518519,1.0,0.28703703703703703,0.28703703703703703,5.14177377656011,19.04360657985226,0.10502212338895714,265910,92,54,21,31,200,200,1.0,265910,90181,175729,0.33914106276559736,0.6608589372344027,0,40605,0.1527020420443007,13681,True,200,200,1.0,90181,175729,0,40605,0.1527020420443007,13681,True,67755,0.6646127499997586,False,0,2.123228904604912,50000,True,45540,13681,1000,0.500128,651
0.3391363124295907,0.6608636875704093,0.2708333333333333,0.8541666666666666,1.0,0.13541666666666666,0.125,5.734438341962534,23.89349309151056,0.08370479746683028,266300,105,48,26,12,200,200,1.0,266300,90312,175988,0.3391363124295907,0.6608636875704093,0,40658,0.15267743146826887,13694,True,200,200,1.0,90312,175988,0,40658,0.15267743146826887,13694,True,67850,0.6641424999997583,False,0,2.133687681555748,50000,True,45599,13694,1000,0.500272,652
0.33904494803305485,0.6609550519669452,0.21153846153846154,0.8846153846153846,1.0,0.07692307692307693,0.07692307692307693,5.3446345594757725,20.55628676721451,0.09729383631628578,266708,96,52,22,8,200,200,1.0,266708,90426,176282,0.33904494803305485,0.6609550519669452,0,40712,0.1526463398173283,13703,True,200,200,1.0,90426,176282,0,40712,0.1526463398173283,13703,True,67954,0.6636276999997579,False,0,2.1625860887765884,50000,True,45659,13703,1000,0.500428,653
0.33914466049220954,0.6608553395077905,0.17592592592592593,0.8888888888888888,1.0,0.3333333333333333,0.3148148148148148,5.251579647905993,19.45029499224442,0.10282620396232947,267122,93,54,19,34,200,200,1.0,267122,90593,176529,0.33914466049220954,0.6608553395077905,0,40783,0.15267555648729794,13739,True,200,200,1.0,90593,176529,0,40783,0.15267555648729794,13739,True,68061,0.6630980499997575,False,0,2.1374900907278063,50000,True,45739,13739,1000,0.50059,654
0.3390641351472567,0.6609358648527432,0.21666666666666667,0.85,1.0,0.19166666666666668,0.19166666666666668,4.651989965069655,15.506633216898848,0.12897706239807338,267560,81,60,26,23,200,200,1.0,267560,90720,176840,0.3390641351472567,0.6609358648527432,0,40853,0.15268724772013753,13762,True,200,200,1.0,90720,176840,0,40853,0.15268724772013753,13762,True,68180,0.6625089999997571,False,0,2.16273645401001,50000,True,45818,13762,1000,0.50077,655
0.3391285851823657,0.6608714148176342,0.15454545454545454,0.9090909090909091,1.0,0.2909090909090909,0.2818181818181818,5.188420826061316,18.86698482204115,0.10600527953271695,267978,91,55,17,31,200,200,1.0,267978,90879,177099,0.3391285851823657,0.6608714148176342,0,40925,0.15271776041316826,13795,True,200,200,1.0,90879,177099,0,40925,0.15271776041316826,13795,True,68289,0.6619694499997567,False,0,2.047162016630173,50000,True,45901,13795,1000,0.500932,656
0.33907412099622913,0.6609258790037709,0.19387755102040816,0.8979591836734694,1.0,0.08163265306122448,0.08163265306122448,5.788336013834522,23.625861280957235,0.08465299851785836,268372,103,49,19,8,200,200,1.0,268372,90998,177374,0.33907412099622913,0.6609258790037709,0,40979,0.1526947669652572,13803,True,200,200,1.0,90998,177374,0,40979,0.1526947669652572,13803,True,68386,0.6614892999997564,False,0,2.055217082500458,50000,True,45955,13803,1000,0.5010760000000001,657
0.33914101390718127,0.6608589860928187,0.16981132075471697,0.8867924528301887,1.0,0.29245283018867924,0.2830188679245283,5.374510312793391,20.28117099167317,0.0986136353182535,268782,95,53,18,30,200,200,1.0,268782,91155,177627,0.33914101390718127,0.6608589860928187,0,41048,0.15271856002262058,13834,True,200,200,1.0,91155,177627,0,41048,0.15271856002262058,13834,True,68491,0.660969549999756,False,0,2.051091183423996,50000,True,46035,13834,1000,0.501232,658
0.3391051407597833,0.6608948592402166,0.16,0.92,1.0,0.11,0.11,5.584948581643341,22.339794326573365,0.08952633899681807,269182,100,50,16,11,200,200,1.0,269182,91281,177901,0.3391051407597833,0.6608948592402166,0,41103,0.15269594549412666,13847,True,200,200,1.0,91281,177901,0,41103,0.15269594549412666,13847,True,68591,0.6604745499997556,False,0,2.021426246166229,50000,True,46095,13847,1000,0.501382,659
0.33913894905498027,0.6608610509450197,0.1557377049180328,0.9016393442622951,1.0,0.319672131147541,0.29508196721311475,4.64326580564589,15.223822313593082,0.13137305197093868,269624,79,61,19,36,200,200,1.0,269624,91440,178184,0.33913894905498027,0.6608610509450197,0,41182,0.1527386286087292,13886,True,200,200,1.0,91440,178184,0,41182,0.1527386286087292,13886,True,68712,0.6598755999997552,False,0,2.070611265897751,50000,True,46186,13886,1000,0.501568,660
0.3391598032825739,0.6608401967174261,0.15384615384615385,0.9230769230769231,1.0,0.23076923076923078,0.23076923076923078,5.411529198697114,20.813573841142745,0.09609113818053423,270032,96,52,16,24,200,200,1.0,270032,91584,178448,0.3391598032825739,0.6608401967174261,0,41247,0.15274856313325827,13910,True,200,200,1.0,91584,178448,0,41247,0.15274856313325827,13910,True,68816,0.6593607999997548,False,0,2.017665332555771,50000,True,46260,13910,1000,0.5017240000000001,661
0.3391749069958361,0.6608250930041639,0.13829787234042554,0.9148936170212766,1.0,0.1595744680851064,0.1595744680851064,5.84879452460398,24.888487338740337,0.0803584393370057,270418,107,47,13,15,200,200,1.0,270418,91719,178699,0.3391749069958361,0.6608250930041639,0,41304,0.15274131159907994,13924,True,200,200,1.0,91719,178699,0,41304,0.15274131159907994,13924,True,68909,0.6589004499997545,False,0,1.9653135406970978,50000,True,46320,13924,1000,0.501862,662
0.33910940442343906,0.6608905955765609,0.20754716981132076,0.8679245283018868,1.0,0.1320754716981132,0.1320754716981132,5.250469261247944,19.813091551879033,0.10094335832260988,270830,94,53,22,14,200,200,1.0,270830,91841,178989,0.33910940442343906,0.6608905955765609,0,41363,0.15272680279141898,13938,True,200,200,1.0,91841,178989,0,41363,0.15272680279141898,13938,True,69015,0.6583757499997541,False,0,2.0531557321548464,50000,True,46385,13938,1000,0.502018,663
0.33913985787161266,0.6608601421283873,0.14492753623188406,0.927536231884058,1.0,0.37681159420289856,0.35507246376811596,3.9042350203730427,11.316623247458095,0.17673116408193884,271304,63,69,20,49,200,200,1.0,271304,92010,179294,0.33913985787161266,0.6608601421283873,0,41460,0.15281750361218413,13990,True,200,200,1.0,92010,179294,0,41460,0.15281750361218413,13990,True,69152,0.6576975999997536,False,0,2.0406195759773254,50000,True,46495,13990,1000,0.502228,664
0.33914637378169077,0.6608536262183092,0.17391304347826086,0.9347826086956522,1.0,0.13043478260869565,0.13043478260869565,5.895699464539515,25.6334759327805,0.07802297297661329,271688,108,46,16,12,200,200,1.0,271688,92142,179546,0.33914637378169077,0.6608536262183092,0,41514,0.15280027089897236,14002,True,200,200,1.0,92142,179546,0,41514,0.15280027089897236,14002,True,69244,0.6572421999997533,False,0,2.107562254667282,50000,True,46552,14002,1000,0.502366,665
0.3391614046178613,0.6608385953821387,0.1702127659574468,0.8723404255319149,1.0,0.14893617021276595,0.14893617021276595,5.802265495935147,24.69049147206446,0.0810028428256626,272074,107,47,16,14,200,200,1.0,272074,92277,179797,0.3391614046178613,0.6608385953821387,0,41565,0.15277093731852365,14016,True,200,200,1.0,92277,179797,0,41565,0.15277093731852365,14016,True,69337,0.656781849999753,False,0,2.091285229921341,50000,True,46611,14016,1000,0.5025040000000001,666
0.33913512561375697,0.6608648743862431,0.2719298245614035,0.8070175438596491,1.0,0.21929824561403508,0.19298245614035087,4.771739252003829,16.742944743873082,0.11945329991797772,272502,86,57,31,22,200,200,1.0,272502,92415,180087,0.33913512561375697,0.6608648743862431,0,41639,0.15280254823817807,14042,True,200,200,1.0,92415,180087,0,41639,0.15280254823817807,14042,True,69451,0.6562175499997526,False,0,2.0342351138591765,50000,True,46690,14042,1000,0.502672,667
0.33920456211334915,0.6607954378866508,0.1794871794871795,0.8717948717948718,1.0,0.08974358974358974,0.08974358974358974,6.527280790180847,33.47323482144024,0.05974922981506891,272856,123,39,14,7,200,200,1.0,272856,92554,180302,0.33920456211334915,0.6607954378866508,0,41679,0.15275090157445687,14049,True,200,200,1.0,92554,180302,0,41679,0.15275090157445687,14049,True,69528,0.6558363999997523,False,0,1.9736338567733764,50000,True,46735,14049,1000,0.502792,668
0.33915971307275655,0.6608402869272434,0.13043478260869565,0.9565217391304348,1.0,0.05434782608695652,0.05434782608695652,6.021374697250216,26.179889988044415,0.07639451506149725,273240,108,46,12,5,200,200,1.0,273240,92672,180568,0.33915971307275655,0.6608402869272434,0,41727,0.1527119016249451,14054,True,200,200,1.0,92672,180568,0,41727,0.1527119016249451,14054,True,69620,0.655380999999752,False,0,1.9574853515625,50000,True,46786,14054,1000,0.50293,669
0.33923142138806056,0.6607685786119395,0.19230769230769232,0.9038461538461539,1.0,0.2980769230769231,0.27884615384615385,5.316339444726326,20.447459402793562,0.09781166259348371,273648,96,52,20,29,200,200,1.0,273648,92830,180818,0.33923142138806056,0.6607685786119395,0,41799,0.15274732503069638,14085,True,200,200,1.0,92830,180818,0,41799,0.15274732503069638,14085,True,69724,0.6548661999997516,False,0,1.943185143470764,50000,True,46865,14085,1000,0.503086,670
0.3392111639856363,0.6607888360143637,0.2159090909090909,0.9318181818181818,1.0,0.056818181818181816,0.056818181818181816,6.180139347033717,28.091542486516893,0.07119580567567411,274024,112,44,19,5,200,200,1.0,274024,92952,181072,0.3392111639856363,0.6607888360143637,0,41846,0.15270925174437275,14090,True,200,200,1.0,92952,181072,0,41846,0.15270925174437275,14090,True,69812,0.6544305999997513,False,0,1.9553485250473022,50000,True,46914,14090,1000,0.503218,671
0.3391737850208449,0.6608262149791551,0.14130434782608695,0.9347826086956522,1.0,0.05434782608695652,0.05434782608695652,6.048770261248292,26.299001135862138,0.07604851567053388,274408,108,46,13,5,200,200,1.0,274408,93072,181336,0.3391737850208449,0.6608262149791551,0,41895,0.15267412028803826,14096,True,200,200,1.0,93072,181336,0,41895,0.15267412028803826,14096,True,69904,0.653975199999751,False,0,2.0165864992141724,50000,True,46965,14096,1000,0.503356,672
0.33920058805976666,0.6607994119402334,0.11224489795918367,0.9387755102040817,1.0,0.19387755102040816,0.19387755102040816,5.6445626080090925,23.039031053098338,0.0868092063156031,274802,103,49,11,19,200,200,1.0,274802,93213,181589,0.33920058805976666,0.6607994119402334,0,41951,0.15265900539297386,14115,True,200,200,1.0,93213,181589,0,41951,0.15265900539297386,14115,True,70001,0.6534950499997506,False,0,2.017514617443085,50000,True,47029,14115,1000,0.5035000000000001,673
0.33920459913802503,0.660795400861975,0.2222222222222222,0.8444444444444444,1.0,0.1111111111111111,0.1111111111111111,5.856714868345705,26.029843859314244,0.076834882714225,275182,110,45,20,10,200,200,1.0,275182,93343,181839,0.33920459913802503,0.660795400861975,0,42003,0.152637163767979,14125,True,200,200,1.0,93343,181839,0,42003,0.152637163767979,14125,True,70091,0.6530495499997503,False,0,2.0682425653934478,50000,True,47084,14125,1000,0.5036320000000001,674
0.3392135231058434,0.6607864768941566,0.18181818181818182,0.8863636363636364,1.0,0.10227272727272728,0.10227272727272728,6.08563100553031,27.661959116046862,0.07230145889557724,275558,112,44,16,9,200,200,1.0,275558,93473,182085,0.3392135231058434,0.6607864768941566,0,42053,0.15261033974698612,14134,True,200,200,1.0,93473,182085,0,42053,0.15261033974698612,14134,True,70179,0.65261394999975,False,0,2.1185981965065004,50000,True,47137,14134,1000,0.503764,675
0.33923370092889127,0.6607662990711087,0.13970588235294118,0.9117647058823529,1.0,0.3602941176470588,0.3602941176470588,4.135693211376734,12.163803562872745,0.16442225408050382,276028,65,68,19,49,200,200,1.0,276028,93638,182390,0.33923370092889127,0.6607662990711087,0,42142,0.15267291724027998,14183,True,200,200,1.0,93638,182390,0,42142,0.15267291724027998,14183,True,70314,0.6519456999997495,False,0,2.0722588109970093,50000,True,47245,14183,1000,0.503968,676
0.33920379723022154,0.6607962027697785,0.2826086956521739,0.8260869565217391,1.0,0.07608695652173914,0.06521739130434782,5.706871408550044,24.81248438500019,0.08060458473110631,276412,108,46,26,6,200,200,1.0,276412,93760,182652,0.33920379723022154,0.6607962027697785,0,42192,0.1526417087535997,14190,True,200,200,1.0,93760,182652,0,42192,0.1526417087535997,14190,True,70406,0.6514902999997492,False,0,2.127761719226837,50000,True,47298,14190,1000,0.504106,677
0.33912113945627365,0.6608788605437264,0.136986301369863,0.8904109589041096,1.0,0.3082191780821918,0.3082191780821918,3.5098091836668304,9.615915571689946,0.2079885149873992,276904,54,73,20,45,200,200,1.0,276904,93904,183000,0.33912113945627365,0.6608788605437264,0,42292,0.15273163262358075,14235,True,200,200,1.0,93904,183000,0,42292,0.15273163262358075,14235,True,70552,0.6507675999997486,False,0,2.079307002425194,50000,True,47410,14235,1000,0.504328,678
0.33909960981168547,0.6609003901883146,0.21,0.86,1.0,0.14,0.14,5.558694441704277,22.234777766817107,0.08994917875836718,277302,101,50,21,14,200,200,1.0,277302,94033,183269,0.33909960981168547,0.6609003901883146,0,42347,0.15271076299485759,14249,True,200,200,1.0,94033,183269,0,42347,0.15271076299485759,14249,True,70651,0.6502775499997483,False,0,2.1104178577661514,50000,True,47472,14249,1000,0.504472,679
0.3390964341263898,0.6609035658736102,0.13114754098360656,0.9344262295081968,1.0,0.28688524590163933,0.2786885245901639,4.72434957190353,15.489670727552557,0.12911830310520808,277744,79,61,16,34,200,200,1.0,277744,94182,183562,0.3390964341263898,0.6609035658736102,0,42426,0.1527521746644392,14284,True,200,200,1.0,94182,183562,0,42426,0.1527521746644392,14284,True,70772,0.6496785999997479,False,0,2.1098511308431624,50000,True,47563,14284,1000,0.504658,680
0.33910889309162034,0.6608911069083796,0.16304347826086957,0.8913043478260869,1.0,0.13043478260869565,0.13043478260869565,5.974295520495104,25.9751979151961,0.07699652593714995,278126,109,46,15,12,200,200,1.0,278126,94315,183811,0.33910889309162034,0.6608911069083796,0,42476,0.1527221475158741,14296,True,200,200,1.0,94315,183811,0,42476,0.1527221475158741,14296,True,70863,0.6492281499997475,False,0,2.1464204382896424,50000,True,47619,14296,1000,0.5047900000000001,681
0.33917685663203395,0.6608231433679661,0.14814814814814814,0.8888888888888888,1.0,0.3148148148148148,0.28703703703703703,5.1466771895669945,19.061767368766645,0.10492206526856833,278542,92,54,16,31,200,200,1.0,278542,94475,184067,0.33917685663203395,0.6608231433679661,0,42548,0.1527525471921649,14330,True,200,200,1.0,94475,184067,0,42548,0.1527525471921649,14330,True,70971,0.6486935499997472,False,0,2.1044616317749023,50000,True,47704,14330,1000,0.5049520000000001,682
0.3392654840606313,0.6607345159393687,0.11458333333333333,0.9583333333333334,1.0,0.2604166666666667,0.2604166666666667,5.957492597604905,24.822885823353772,0.08057080930205011,278932,105,48,11,25,200,200,1.0,278932,94632,184300,0.3392654840606313,0.6607345159393687,0,42609,0.1527576613654941,14355,True,200,200,1.0,94632,184300,0,42609,0.1527576613654941,14355,True,71066,0.6482232999997468,False,0,2.054370940923691,50000,True,47771,14355,1000,0.505096,683
0.3391806166139218,0.6608193833860783,0.33,0.74,1.0,0.06,0.06,5.378763299501652,21.51505319800661,0.09295817126705046,279332,100,50,33,6,200,200,1.0,279332,94744,184588,0.3391806166139218,0.6608193833860783,0,42662,0.1527286526427334,14361,True,200,200,1.0,94744,184588,0,42662,0.1527286526427334,14361,True,71166,0.6477282999997465,False,0,2.0513861733675003,50000,True,47827,14361,1000,0.5052460000000001,684
0.339117440979223,0.660882559020777,0.23,0.86,1.0,0.09,0.09,5.384764960339733,21.53905984135893,0.09285456351068928,279732,100,50,23,9,200,200,1.0,279732,94862,184870,0.339117440979223,0.660882559020777,0,42715,0.15269972688144368,14370,True,200,200,1.0,94862,184870,0,42715,0.15269972688144368,14370,True,71266,0.6472332999997461,False,0,2.011304191350937,50000,True,47886,14370,1000,0.5053960000000001,685
0.3390074314146815,0.6609925685853185,0.22413793103448276,0.8620689655172413,1.0,0.13793103448275862,0.13793103448275862,4.752814039782574,16.38901393028474,0.12203296723692834,280162,85,58,26,16,200,200,1.0,280162,94977,185185,0.3390074314146815,0.6609925685853185,0,42781,0.15270093731483927,14385,True,200,200,1.0,94977,185185,0,42781,0.15270093731483927,14385,True,71381,0.6466640499997457,False,0,2.0478246903419492,50000,True,47959,14385,1000,0.5055700000000001,686
0.3390532544378698,0.6609467455621302,0.26666666666666666,0.8222222222222222,1.0,0.16666666666666666,0.16666666666666666,6.001600927029041,26.67378189790685,0.07497999375022799,280540,111,45,24,15,200,200,1.0,280540,95118,185422,0.3390532544378698,0.6609467455621302,0,42834,0.15268410921793685,14400,True,200,200,1.0,95118,185422,0,42834,0.15268410921793685,14400,True,71470,0.6462234999997454,False,0,2.0102337157726287,50000,True,48017,14400,1000,0.505702,687
0.33904511775884527,0.6609548822411547,0.19230769230769232,0.8923076923076924,1.0,0.3153846153846154,0.3076923076923077,4.3704021880703205,13.44739134790868,0.14872773077367435,280998,71,65,25,40,200,200,1.0,280998,95271,185727,0.33904511775884527,0.6609548822411547,0,42918,0.152734183161446,14441,True,200,200,1.0,95271,185727,0,42918,0.152734183161446,14441,True,71599,0.6455849499997449,False,0,2.062034684419632,50000,True,48113,14441,1000,0.5058940000000001,688
0.3390024448487605,0.6609975551512395,0.16037735849056603,0.9056603773584906,1.0,0.1509433962264151,0.14150943396226415,5.351834468973922,20.195601769712912,0.09903146352387353,281408,95,53,17,15,200,200,1.0,281408,95398,186010,0.3390024448487605,0.6609975551512395,0,42977,0.15272131566977484,14457,True,200,200,1.0,95398,186010,0,42977,0.15272131566977484,14457,True,71704,0.6450651999997445,False,0,2.0968752944469453,50000,True,48180,14457,1000,0.5060560000000001,689
0.33900891437656144,0.6609910856234386,0.13043478260869565,0.9347826086956522,1.0,0.13043478260869565,0.13043478260869565,6.043566288749339,26.276375168475386,0.07611399925509757,281792,108,46,12,12,200,200,1.0,281792,95530,186262,0.33900891437656144,0.6609910856234386,0,43027,0.15269063706563707,14469,True,200,200,1.0,95530,186262,0,43027,0.15269063706563707,14469,True,71796,0.6446097999997442,False,0,2.0818155574798585,50000,True,48237,14469,1000,0.506194,690
0.33900737873987286,0.6609926212601271,0.23255813953488372,0.9302325581395349,1.0,0.05813953488372093,0.05813953488372093,6.2713439734868395,29.16904173714809,0.06856584518691644,282162,115,43,20,5,200,200,1.0,282162,95655,186507,0.33900737873987286,0.6609926212601271,0,43071,0.15264635209560465,14474,True,200,200,1.0,95655,186507,0,43071,0.15264635209560465,14474,True,71881,0.6441890499997439,False,0,2.158546962738037,50000,True,48284,14474,1000,0.50632,691
0.33895785852809196,0.6610421414719081,0.18867924528301888,0.8867924528301887,1.0,0.14150943396226415,0.14150943396226415,5.297851679897912,19.991893131690233,0.10004055077853992,282572,95,53,20,15,200,200,1.0,282572,95780,186792,0.33895785852809196,0.6610421414719081,0,43129,0.15263012612714635,14489,True,200,200,1.0,95780,186792,0,43129,0.15263012612714635,14489,True,71986,0.6436692999997435,False,0,2.2006599044799806,50000,True,48349,14489,1000,0.506476,692
0.3388772286883334,0.6611227713116665,0.21311475409836064,0.8688524590163934,1.0,0.19672131147540983,0.19672131147540983,4.561504389380806,14.955752096330512,0.13372781168863535,283014,79,61,26,24,200,200,1.0,283014,95907,187107,0.3388772286883334,0.6611227713116665,0,43201,0.1526461588472655,14513,True,200,200,1.0,95907,187107,0,43201,0.1526461588472655,14513,True,72107,0.6430703499997431,False,0,2.1940560805797578,50000,True,48427,14513,1000,0.506656,693
0.33889041782218743,0.6611095821778126,0.21153846153846154,0.8461538461538461,1.0,0.23076923076923078,0.23076923076923078,5.268582171091963,20.263777581122934,0.09869828031783837,283422,96,52,22,24,200,200,1.0,283422,96049,187373,0.33889041782218743,0.6611095821778126,0,43266,0.15265575713953045,14536,True,200,200,1.0,96049,187373,0,43266,0.15265575713953045,14536,True,72211,0.6425555499997427,False,0,2.1247379636764525,50000,True,48500,14536,1000,0.506812,694
0.3388894760948455,0.6611105239051545,0.15384615384615385,0.9423076923076923,1.0,0.20192307692307693,0.18269230769230768,5.578992270286034,21.457662578023207,0.09320679699979934,283830,96,52,16,19,200,200,1.0,283830,96187,187643,0.3388894760948455,0.6611105239051545,0,43327,0.15265123489412677,14557,True,200,200,1.0,96187,187643,0,43327,0.15265123489412677,14557,True,72315,0.6420407499997424,False,0,2.0964029067754746,50000,True,48571,14557,1000,0.506968,695
0.33894780546505,0.66105219453495,0.20454545454545456,0.8863636363636364,1.0,0.18181818181818182,0.18181818181818182,6.052085816011692,27.509480981871324,0.07270220769770228,284206,112,44,18,16,200,200,1.0,284206,96331,187875,0.33894780546505,0.66105219453495,0,43380,0.15263576419920763,14573,True,200,200,1.0,96331,187875,0,43380,0.15263576419920763,14573,True,72403,0.641605149999742,False,0,2.0708807069063186,50000,True,48629,14573,1000,0.5071,696
0.33895202153303394,0.6610479784669661,0.26666666666666666,0.8222222222222222,1.0,0.1111111111111111,0.1111111111111111,5.852607778588305,26.011590127059133,0.07688880188525866,284586,110,45,24,10,200,200,1.0,284586,96461,188125,0.33895202153303394,0.6610479784669661,0,43430,0.15260764760037387,14583,True,200,200,1.0,96461,188125,0,43430,0.15260764760037387,14583,True,72493,0.6411596499997417,False,0,2.049085884690285,50000,True,48682,14583,1000,0.5072380000000001,697
0.3389478412217169,0.6610521587782832,0.25,0.875,1.0,0.13541666666666666,0.13541666666666666,5.765495434604614,24.022897644185893,0.08325390340594682,284976,105,48,24,13,200,200,1.0,284976,96592,188384,0.3389478412217169,0.6610521587782832,0,43481,0.15257776093425413,14596,True,200,200,1.0,96592,188384,0,43481,0.15257776093425413,14596,True,72588,0.6406893999997414,False,0,2.047803369164467,50000,True,48741,14596,1000,0.507382,698
0.3389710520782225,0.6610289479217775,0.08536585365853659,0.975609756097561,1.0,0.07317073170731707,0.07317073170731707,6.394647922132089,31.19340449820531,0.06411611788367212,285340,118,41,7,6,200,200,1.0,285340,96722,188618,0.3389710520782225,0.6610289479217775,0,43525,0.15253732389430152,14602,True,200,200,1.0,96722,188618,0,43525,0.15253732389430152,14602,True,72670,0.6402834999997411,False,0,2.056763036251068,50000,True,48788,14602,1000,0.507502,699
0.33897789069225437,0.6610221093077456,0.17857142857142858,0.9107142857142857,1.0,0.25892857142857145,0.24107142857142858,5.152555929553569,18.401985462691318,0.10868392457188134,285762,89,56,20,27,200,200,1.0,285762,96867,188895,0.33897789069225437,0.6610221093077456,0,43594,0.1525535235615652,14630,True,200,200,1.0,96867,188895,0,43594,0.1525535235615652,14630,True,72781,0.6397340499997407,False,0,2.0284187841415404,50000,True,48867,14630,1000,0.5076700000000001,700
0.3389139322780166,0.6610860677219834,0.19230769230769232,0.9038461538461539,1.0,0.11538461538461539,0.11538461538461539,5.46728368215104,21.028014162119383,0.09511121614150668,286170,96,52,20,12,200,200,1.0,286170,96987,189183,0.3389139322780166,0.6610860677219834,0,43654,0.15254568962504805,14642,True,200,200,1.0,96987,189183,0,43654,0.15254568962504805,14642,True,72885,0.6392192499997403,False,0,1.9938227903842927,50000,True,48930,14642,1000,0.507826,701
0.3389476770158588,0.6610523229841412,0.2625,0.85,1.0,0.0625,0.05,6.575807710771231,32.879038553856155,0.06082902931373684,286528,121,40,21,4,200,200,1.0,286528,97118,189410,0.3389476770158588,0.6610523229841412,0,43697,0.1525051652892562,14647,True,200,200,1.0,97118,189410,0,43697,0.1525051652892562,14647,True,72964,0.63882819999974,False,0,2.0435322058200835,50000,True,48974,14647,1000,0.507946,702
0.33886325298685366,0.6611367470131464,0.22448979591836735,0.8571428571428571,1.0,0.04081632653061224,0.04081632653061224,5.543398508524794,22.62611636132569,0.08839342855226162,286924,102,49,22,4,200,200,1.0,286924,97228,189696,0.33886325298685366,0.6611367470131464,0,43750,0.15247940221103845,14651,True,200,200,1.0,97228,189696,0,43750,0.15247940221103845,14651,True,73062,0.6383430999997397,False,0,2.0013735163211823,50000,True,49027,14651,1000,0.50809,703
0.3388879607974162,0.6611120392025838,0.16666666666666666,0.9019607843137255,1.0,0.22549019607843138,0.22549019607843138,5.36456375507822,21.037504921875374,0.09506830812052931,287328,98,51,17,23,200,200,1.0,287328,97372,189956,0.3388879607974162,0.6611120392025838,0,43814,0.15248774919256042,14674,True,200,200,1.0,97372,189956,0,43814,0.15248774919256042,14674,True,73164,0.6378381999997393,False,0,2.01909543633461,50000,True,49098,14674,1000,0.508246,704
0.33878254583872,0.6612174541612801,0.14545454545454545,0.9090909090909091,1.0,0.10909090909090909,0.10909090909090909,5.175535259044293,18.82012821470652,0.10626920163259833,287748,90,55,16,12,200,200,1.0,287748,97484,190264,0.33878254583872,0.6612174541612801,0,43876,0.1524806427846588,14685,True,200,200,1.0,97484,190264,0,43876,0.1524806427846588,14685,True,73274,0.637293699999739,False,0,2.0260201293230056,50000,True,49165,14685,1000,0.508408,705
0.3387201998820141,0.6612798001179859,0.20535714285714285,0.8571428571428571,1.0,0.16071428571428573,0.16071428571428573,4.978420408966432,17.78007288916583,0.11248547812302202,288170,89,56,23,18,200,200,1.0,288170,97609,190561,0.3387201998820141,0.6612798001179859,0,43935,0.15246208835062636,14703,True,200,200,1.0,97609,190561,0,43935,0.15246208835062636,14703,True,73385,0.6367442499997386,False,0,1.9919095236063002,50000,True,49237,14703,1000,0.508576,706
0.3386812912702757,0.6613187087297243,0.15217391304347827,0.8840579710144928,1.0,0.3188405797101449,0.30434782608695654,3.834873525178071,11.115575435298757,0.17992770699470723,288646,62,69,21,42,200,200,1.0,288646,97759,190887,0.3386812912702757,0.6613187087297243,0,44025,0.1525224669664572,14747,True,200,200,1.0,97759,190887,0,44025,0.1525224669664572,14747,True,73523,0.6360611499997381,False,0,2.060720679163933,50000,True,49342,14747,1000,0.50878,707
0.3387018648583192,0.6612981351416808,0.1956521739130435,0.8695652173913043,1.0,0.16304347826086957,0.16304347826086957,5.835948593039201,25.373689534953048,0.07882180465891402,289030,108,46,18,15,200,200,1.0,289030,97895,191135,0.3387018648583192,0.6612981351416808,0,44081,0.15251357990520015,14761,True,200,200,1.0,97895,191135,0,44081,0.15251357990520015,14761,True,73615,0.6356057499997377,False,0,2.095062769651413,50000,True,49402,14761,1000,0.508918,708
0.3387165878873317,0.6612834121126683,0.19148936170212766,0.8936170212765957,1.0,0.14893617021276595,0.14893617021276595,5.855609458694956,24.91748705827641,0.08026491577270407,289416,107,47,18,14,200,200,1.0,289416,98030,191386,0.3387165878873317,0.6612834121126683,0,44134,0.15249329684606241,14775,True,200,200,1.0,98030,191386,0,44134,0.15249329684606241,14775,True,73708,0.6351453999997374,False,0,2.091939982175827,50000,True,49460,14775,1000,0.509062,709
0.33865937053623796,0.661340629463762,0.17272727272727273,0.8545454545454545,1.0,0.15454545454545454,0.15454545454545454,5.094780443997222,18.52647434180808,0.10795362156342216,289834,91,55,19,17,200,200,1.0,289834,98155,191679,0.33865937053623796,0.661340629463762,0,44199,0.15249763657817925,14792,True,200,200,1.0,98155,191679,0,44199,0.15249763657817925,14792,True,73817,0.634605849999737,False,0,2.0944739842414855,50000,True,49529,14792,1000,0.509224,710
0.3386056542799854,0.6613943457200147,0.16071428571428573,0.9107142857142857,1.0,0.17857142857142858,0.17857142857142858,4.9961568701558585,17.84341739341378,0.11208615232742491,290258,88,56,18,20,200,200,1.0,290258,98283,191975,0.3386056542799854,0.6613943457200147,0,44261,0.15248847576983235,14812,True,200,200,1.0,98283,191975,0,44261,0.15248847576983235,14812,True,73929,0.6340514499997366,False,0,2.100815864801407,50000,True,49604,14812,1000,0.5093920000000001,711
0.3386077909209141,0.6613922090790859,0.13829787234042554,0.9361702127659575,1.0,0.13829787234042554,0.13829787234042554,5.780496729046677,24.59785842147522,0.08130789135097612,290646,106,47,13,13,200,200,1.0,290646,98415,192231,0.3386077909209141,0.6613922090790859,0,44312,0.1524603813573901,14825,True,200,200,1.0,98415,192231,0,44312,0.1524603813573901,14825,True,74023,0.6335861499997363,False,0,2.1180352818965913,50000,True,49664,14825,1000,0.50953,712
0.338592850172492,0.661407149827508,0.34782608695652173,0.7391304347826086,1.0,0.08695652173913043,0.08695652173913043,5.861574736158559,25.485107548515476,0.0784772046259817,291028,109,46,32,8,200,200,1.0,291028,98540,192488,0.338592850172492,0.661407149827508,0,44359,0.15242176010555686,14833,True,200,200,1.0,98540,192488,0,44359,0.15242176010555686,14833,True,74114,0.633135699999736,False,0,2.0559062373638155,50000,True,49716,14833,1000,0.509668,713
0.3386576425688476,0.6613423574311523,0.24285714285714285,0.8285714285714286,1.0,0.02857142857142857,0.02857142857142857,6.861571871749809,39.208982124284624,0.0510087202381434,291368,130,35,17,2,200,200,1.0,291368,98674,192694,0.3386576425688476,0.6613423574311523,0,44394,0.15236402075725544,14835,True,200,200,1.0,98674,192694,0,44394,0.15236402075725544,14835,True,74184,0.6327891999997357,False,0,2.13278378367424,50000,True,49753,14835,1000,0.509776,714
0.33867716924089425,0.6613228307591057,0.16279069767441862,0.9302325581395349,1.0,0.08139534883720931,0.08139534883720931,6.259834014259211,29.1155070430661,0.06869191723303006,291738,115,43,14,7,200,200,1.0,291738,98805,192933,0.33867716924089425,0.6613228307591057,0,44440,0.15232845909686088,14842,True,200,200,1.0,98805,192933,0,44440,0.15232845909686088,14842,True,74269,0.6323684499997354,False,0,2.081244082450867,50000,True,49801,14842,1000,0.5099020000000001,715
0.33865778611375413,0.6613422138862459,0.13559322033898305,0.9322033898305084,1.0,0.2627118644067797,0.2627118644067797,4.786287360105327,16.224702915611278,0.12326882103188566,292174,82,59,16,31,200,200,1.0,292174,98947,193227,0.33865778611375413,0.6613422138862459,0,44508,0.15233388323396332,14872,True,200,200,1.0,98947,193227,0,44508,0.15233388323396332,14872,True,74387,0.631784349999735,False,0,2.1276060473918914,50000,True,49887,14872,1000,0.510076,716
0.3386993137013644,0.6613006862986356,0.1792452830188679,0.9056603773584906,1.0,0.2641509433962264,0.25471698113207547,5.251071242695298,19.815363179982256,0.10093178620215383,292584,95,53,19,27,200,200,1.0,292584,99098,193486,0.3386993137013644,0.6613006862986356,0,44577,0.152356246411287,14900,True,200,200,1.0,99098,193486,0,44577,0.152356246411287,14900,True,74492,0.6312645999997346,False,0,2.1457907164096834,50000,True,49961,14900,1000,0.510238,717
0.3386535232035826,0.6613464767964174,0.20212765957446807,0.851063829787234,1.0,0.06382978723404255,0.06382978723404255,5.774942920170831,24.574225192216304,0.08138608580153667,292972,106,47,19,6,200,200,1.0,292972,99216,193756,0.3386535232035826,0.6613464767964174,0,44626,0.15232172357767979,14906,True,200,200,1.0,99216,193756,0,44626,0.15232172357767979,14906,True,74586,0.6307992999997343,False,0,2.1060023403167722,50000,True,50014,14906,1000,0.510376,718
0.3386632762276139,0.6613367237723862,0.2647058823529412,0.803921568627451,1.0,0.19607843137254902,0.19607843137254902,5.376665695948186,21.084963513522297,0.09485432586674156,293374,99,51,27,20,200,200,1.0,293374,99355,194019,0.3386632762276139,0.6613367237723862,0,44687,0.15232092823494925,14926,True,200,200,1.0,99355,194019,0,44687,0.15232092823494925,14926,True,74687,0.6302993499997339,False,0,2.1261010038852692,50000,True,50083,14926,1000,0.510526,719
0.338608219700322,0.661391780299678,0.20192307692307693,0.8461538461538461,1.0,0.125,0.125,5.245333262854382,20.174358703286085,0.09913574103717268,293782,96,52,21,13,200,200,1.0,293782,99477,194305,0.338608219700322,0.661391780299678,0,44746,0.15231021641897732,14939,True,200,200,1.0,99477,194305,0,44746,0.15231021641897732,14939,True,74791,0.6297845499997335,False,0,2.073057483434677,50000,True,50145,14939,1000,0.510682,720
0.33859892444607614,0.6614010755539239,0.28125,0.7916666666666666,1.0,0.13541666666666666,0.125,5.607766580817948,23.365694086741453,0.08559557411713582,294174,104,48,27,12,200,200,1.0,294174,99607,194567,0.33859892444607614,0.6614010755539239,0,44802,0.1522976197760509,14952,True,200,200,1.0,99607,194567,0,44802,0.1522976197760509,14952,True,74887,0.6293093499997332,False,0,2.0501853486895563,50000,True,50205,14952,1000,0.510826,721
0.3386161668963551,0.6613838331036449,0.14035087719298245,0.9473684210526315,1.0,0.2807017543859649,0.2719298245614035,5.035742874653164,17.66927324439707,0.11319084675054196,294602,86,57,16,31,200,200,1.0,294602,99757,194845,0.3386161668963551,0.6613838331036449,0,44874,0.1523207581754367,14984,True,200,200,1.0,99757,194845,0,44874,0.1523207581754367,14984,True,75001,0.6287450499997328,False,0,2.0659108206629755,50000,True,50288,14984,1000,0.511,722
0.3386418798898968,0.6613581201101032,0.16326530612244897,0.8979591836734694,1.0,0.1836734693877551,0.17346938775510204,5.692536067529576,23.234841091957453,0.0860776276491206,294996,103,49,16,17,200,200,1.0,294996,99898,195098,0.3386418798898968,0.6613581201101032,0,44932,0.15231392968040244,15002,True,200,200,1.0,99898,195098,0,44932,0.15231392968040244,15002,True,75098,0.6282648999997325,False,0,2.0601096257567404,50000,True,50352,15002,1000,0.511144,723
0.3386476439400608,0.6613523560599393,0.313953488372093,0.7674418604651163,1.0,0.06976744186046512,0.06976744186046512,6.071953355668054,28.241643514735134,0.07081740830545134,295366,115,43,27,6,200,200,1.0,295366,100025,195341,0.3386476439400608,0.6613523560599393,0,44975,0.15226871068437126,15008,True,200,200,1.0,100025,195341,0,44975,0.15226871068437126,15008,True,75183,0.6278441499997321,False,0,2.0350955525040626,50000,True,50400,15008,1000,0.51127,724
0.33863857637386413,0.6613614236261358,0.1885245901639344,0.9016393442622951,1.0,0.2786885245901639,0.2459016393442623,4.621837955206896,15.153567066252117,0.13198212613940366,295808,79,61,23,30,200,200,1.0,295808,100172,195636,0.33863857637386413,0.6613614236261358,0,45053,0.15230487343141497,15042,True,200,200,1.0,100172,195636,0,45053,0.15230487343141497,15042,True,75304,0.6272451999997317,False,0,2.075036784410477,50000,True,50490,15042,1000,0.511456,725
0.33864498791373515,0.6613550120862648,0.1326530612244898,0.9387755102040817,1.0,0.17346938775510204,0.17346938775510204,5.737157847690064,23.41697080689822,0.08540814337142343,296204,102,49,13,17,200,200,1.0,296204,100308,195896,0.33864498791373515,0.6613550120862648,0,45114,0.1523071936908347,15059,True,200,200,1.0,100308,195896,0,45114,0.1523071936908347,15059,True,75402,0.6267600999997314,False,0,2.033693867921829,50000,True,50555,15059,1000,0.5116,726
0.33865029433779054,0.6613497056622095,0.17346938775510204,0.8979591836734694,1.0,0.16326530612244897,0.16326530612244897,5.616562739386882,22.9247458750485,0.08724197035382704,296598,103,49,17,16,200,200,1.0,296598,100443,196155,0.33865029433779054,0.6613497056622095,0,45168,0.152286933829628,15075,True,200,200,1.0,100443,196155,0,45168,0.152286933829628,15075,True,75499,0.626279949999731,False,0,2.013083801269531,50000,True,50618,15075,1000,0.511744,727
0.33866253619772374,0.6613374638022762,0.10869565217391304,0.9347826086956522,1.0,0.13043478260869565,0.13043478260869565,6.045651070602629,26.285439437402736,0.07608775210940967,296980,109,46,10,12,200,200,1.0,296980,100576,196404,0.33866253619772374,0.6613374638022762,0,45217,0.15225604417805913,15087,True,200,200,1.0,100576,196404,0,45217,0.15225604417805913,15087,True,75590,0.6258294999997307,False,0,2.0161347192525865,50000,True,50673,15087,1000,0.5118820000000001,728
0.3386717068445975,0.6613282931554025,0.23170731707317074,0.8292682926829268,1.0,0.04878048780487805,0.04878048780487805,6.252725970995737,30.50110229754018,0.06557140068217449,297344,118,41,19,4,200,200,1.0,297344,100702,196642,0.3386717068445975,0.6613282931554025,0,45260,0.15221427034007748,15091,True,200,200,1.0,100702,196642,0,45260,0.15221427034007748,15091,True,75672,0.6254235999997304,False,0,2.039291549921036,50000,True,50718,15091,1000,0.512008,729
0.33866808150546013,0.6613319184945399,0.09523809523809523,0.9365079365079365,1.0,0.30952380952380953,0.30158730158730157,4.523431159297348,14.360098918404281,0.13927480662662758,297796,74,63,12,38,200,200,1.0,297796,100854,196942,0.33866808150546013,0.6613319184945399,0,45343,0.15226195113433358,15130,True,200,200,1.0,100854,196942,0,45343,0.15226195113433358,15130,True,75798,0.62479989999973,False,0,2.026685847043991,50000,True,50814,15130,1000,0.512194,730
0.3386488915116482,0.6613511084883519,0.1532258064516129,0.8709677419354839,1.0,0.27419354838709675,0.27419354838709675,4.472720963300496,14.428132139679018,0.1386180817196545,298244,76,62,19,34,200,200,1.0,298244,101000,197244,0.3386488915116482,0.6613511084883519,0,45423,0.15230147127855045,15165,True,200,200,1.0,101000,197244,0,45423,0.15230147127855045,15165,True,75922,0.6241860999997295,False,0,2.1081120491027834,50000,True,50906,15165,1000,0.5123800000000001,731
0.33869282446633936,0.6613071755336606,0.21794871794871795,0.8461538461538461,1.0,0.0641025641025641,0.0641025641025641,6.589723933451214,33.79345606898058,0.059183055912290186,298598,123,39,17,5,200,200,1.0,298598,101133,197465,0.33869282446633936,0.6613071755336606,0,45463,0.1522548710975961,15170,True,200,200,1.0,101133,197465,0,45463,0.1522548710975961,15170,True,75999,0.6238049499997292,False,0,2.0550773119926453,50000,True,50949,15170,1000,0.512494,732
0.3386991043298528,0.6613008956701472,0.23469387755102042,0.8571428571428571,1.0,0.17346938775510204,0.15306122448979592,5.581632417409666,22.78217313228435,0.0877879378928002,298994,102,49,23,15,200,200,1.0,298994,101269,197725,0.3386991043298528,0.6613008956701472,0,45519,0.1522405131875556,15187,True,200,200,1.0,101269,197725,0,45519,0.1522405131875556,15187,True,76097,0.6233198499997289,False,0,2.0538144481182097,50000,True,51013,15187,1000,0.512644,733
0.3387478205102511,0.6612521794897489,0.18085106382978725,0.8723404255319149,1.0,0.2127659574468085,0.2127659574468085,5.867724680828568,24.969041195015183,0.08009919100935602,299382,106,47,17,20,200,200,1.0,299382,101415,197967,0.3387478205102511,0.6612521794897489,0,45578,0.1522402816468592,15207,True,200,200,1.0,101415,197967,0,45578,0.1522402816468592,15207,True,76191,0.6228545499997286,False,0,2.0658824145793915,50000,True,51077,15207,1000,0.5127820000000001,734
0.33880997337852536,0.6611900266214746,0.18181818181818182,0.8409090909090909,1.0,0.19318181818181818,0.19318181818181818,5.977991455747682,27.172688435216738,0.07360331697646566,299758,112,44,16,17,200,200,1.0,299758,101561,198197,0.33880997337852536,0.6611900266214746,0,45630,0.1522227930530628,15224,True,200,200,1.0,101561,198197,0,45630,0.1522227930530628,15224,True,76279,0.6224189499997282,False,0,2.033186868429184,50000,True,51135,15224,1000,0.512914,735
0.33873116975701406,0.6612688302429859,0.11607142857142858,0.9285714285714286,1.0,0.14285714285714285,0.14285714285714285,4.995889197412272,17.842461419329545,0.1120921577464256,300182,88,56,13,16,200,200,1.0,300182,101681,198501,0.33873116975701406,0.6612688302429859,0,45692,0.15221432331052495,15240,True,200,200,1.0,101681,198501,0,45692,0.15221432331052495,15240,True,76391,0.6218645499997278,False,0,1.9953192859888076,50000,True,51205,15240,1000,0.513082,736
0.33869057520210255,0.6613094247978974,0.14423076923076922,0.9230769230769231,1.0,0.1346153846153846,0.1346153846153846,5.3527775962383215,20.58760613937816,0.09714582581675565,300590,96,52,15,14,200,200,1.0,300590,101807,198783,0.33869057520210255,0.6613094247978974,0,45753,0.1522106523836455,15255,True,200,200,1.0,101807,198783,0,45753,0.1522106523836455,15255,True,76495,0.6213497499997275,False,0,2.0543215042352676,50000,True,51270,15255,1000,0.5132380000000001,737
0.3387452575065946,0.6612547424934054,0.12264150943396226,0.9433962264150944,1.0,0.29245283018867924,0.27358490566037735,5.306961661453334,20.02627042057862,0.09986882020452682,301002,94,53,13,29,200,200,1.0,301002,101963,199039,0.3387452575065946,0.6612547424934054,0,45824,0.15223819110836473,15286,True,200,200,1.0,101963,199039,0,45824,0.15223819110836473,15286,True,76601,0.6208250499997271,False,0,2.0233066749572752,50000,True,51349,15286,1000,0.5134000000000001,738
0.33879038037852044,0.6612096196214796,0.21739130434782608,0.8478260869565217,1.0,0.18478260869565216,0.18478260869565216,5.913735454676787,25.711893281203423,0.07778501482277433,301384,109,46,20,17,200,200,1.0,301384,102106,199278,0.33879038037852044,0.6612096196214796,0,45878,0.15222440474610463,15303,True,200,200,1.0,102106,199278,0,45878,0.15222440474610463,15303,True,76692,0.6203745999997268,False,0,2.0178895515203474,50000,True,51409,15303,1000,0.513538,739
0.33876355345828585,0.6612364465417142,0.15217391304347827,0.9565217391304348,1.0,0.07608695652173914,0.07608695652173914,5.9342827692627385,25.801229431577124,0.07751568603751408,301768,108,46,14,7,200,200,1.0,301768,102228,199540,0.33876355345828585,0.6612364465417142,0,45929,0.15219970308316322,15310,True,200,200,1.0,102228,199540,0,45929,0.15219970308316322,15310,True,76784,0.6199191999997264,False,0,1.980981792807579,50000,True,51462,15310,1000,0.513676,740
0.3387468310022307,0.6612531689977693,0.23333333333333334,0.9111111111111111,1.0,0.06666666666666667,0.06666666666666667,6.003037151173123,26.680165116324993,0.07496205481787836,302146,111,45,21,6,200,200,1.0,302146,102351,199795,0.3387468310022307,0.6612531689977693,0,45977,0.1521681571160962,15316,True,200,200,1.0,102351,199795,0,45977,0.1521681571160962,15316,True,76873,0.6194786499997261,False,0,1.8721956318616868,50000,True,51511,15316,1000,0.513808,741
0.3387487026251595,0.6612512973748406,0.10638297872340426,0.9361702127659575,1.0,0.13829787234042554,0.13829787234042554,5.752842372281229,24.4801803075797,0.08169874465265879,302534,106,47,10,13,200,200,1.0,302534,102483,200051,0.3387487026251595,0.6612512973748406,0,46029,0.15214488288919592,15329,True,200,200,1.0,102483,200051,0,46029,0.15214488288919592,15329,True,76967,0.6190133499997258,False,0,1.8711501550674439,50000,True,51571,15329,1000,0.513946,742
0.3387113810404014,0.6612886189595986,0.10526315789473684,0.9649122807017544,1.0,0.20175438596491227,0.20175438596491227,4.961302634253916,17.40807941843479,0.11488918173719047,302960,87,57,12,23,200,200,1.0,302960,102616,200344,0.3387113810404014,0.6612886189595986,0,46098,0.15215870081858993,15352,True,200,200,1.0,102616,200344,0,46098,0.15215870081858993,15352,True,77080,0.6184539999997254,False,0,1.9261738312244416,50000,True,51650,15352,1000,0.51412,743
0.33869904333665185,0.6613009566633481,0.22340425531914893,0.8723404255319149,1.0,0.10638297872340426,0.10638297872340426,5.826915832735117,24.795386522277095,0.08066016628549533,303346,107,47,21,10,200,200,1.0,303346,102743,200603,0.33869904333665185,0.6613009566633481,0,46148,0.15212991105865908,15362,True,200,200,1.0,102743,200603,0,46148,0.15212991105865908,15362,True,77173,0.6179936499997251,False,0,1.9912611043453217,50000,True,51706,15362,1000,0.514258,744
0.3386204716943863,0.6613795283056136,0.2358490566037736,0.8679245283018868,1.0,0.09433962264150944,0.09433962264150944,5.294388622834728,19.978824991829164,0.1001059872549036,303756,95,53,25,10,200,200,1.0,303756,102858,200898,0.3386204716943863,0.6613795283056136,0,46208,0.1521220979997103,15372,True,200,200,1.0,102858,200898,0,46208,0.1521220979997103,15372,True,77278,0.6174738999997247,False,0,2.048004516363144,50000,True,51768,15372,1000,0.514414,745
0.3386314017413262,0.6613685982586738,0.23333333333333334,0.8888888888888888,1.0,0.1111111111111111,0.1111111111111111,6.101313742092957,27.116949964857586,0.07375460745371124,304136,110,45,21,10,200,200,1.0,304136,102990,201146,0.3386314017413262,0.6613685982586738,0,46258,0.15209643054423022,15383,True,200,200,1.0,102990,201146,0,46258,0.15209643054423022,15383,True,77368,0.6170283999997244,False,0,2.0320537412166595,50000,True,51820,15383,1000,0.514552,746
0.3385840475486816,0.6614159524513183,0.19387755102040816,0.8571428571428571,1.0,0.08163265306122448,0.08163265306122448,5.616981388411344,22.926454646576914,0.08723546797056188,304530,103,49,19,8,200,200,1.0,304530,103109,201421,0.3385840475486816,0.6614159524513183,0,46311,0.15207368732144616,15391,True,200,200,1.0,103109,201421,0,46311,0.15207368732144616,15391,True,77465,0.616548249999724,False,0,1.985498639345169,50000,True,51876,15391,1000,0.514696,747
0.3386521217209916,0.6613478782790084,0.23170731707317074,0.9024390243902439,1.0,0.14634146341463414,0.14634146341463414,6.277752584946868,30.623183341204236,0.06530999660342142,304894,118,41,19,12,200,200,1.0,304894,103253,201641,0.3386521217209916,0.6613478782790084,0,46359,0.1520495647667714,15404,True,200,200,1.0,103253,201641,0,46359,0.1520495647667714,15404,True,77547,0.6161423499997237,False,0,2.0023233026266096,50000,True,51929,15404,1000,0.514816,748
0.3386629811093353,0.6613370188906647,0.19672131147540983,0.8524590163934426,1.0,0.3114754098360656,0.30327868852459017,4.547614354984234,14.91021099994831,0.13413626406808954,305336,79,61,24,37,200,200,1.0,305336,103406,201930,0.3386629811093353,0.6613370188906647,0,46440,0.15209474153064165,15441,True,200,200,1.0,103406,201930,0,46440,0.15209474153064165,15441,True,77668,0.6155433999997233,False,0,1.980410041809082,50000,True,52022,15441,1000,0.515002,749
0.33864531407413223,0.6613546859258678,0.24468085106382978,0.7872340425531915,1.0,0.10638297872340426,0.10638297872340426,5.837035945584135,24.838450832272912,0.08052031962482036,305724,106,47,23,10,200,200,1.0,305724,103532,202192,0.33864531407413223,0.6613546859258678,0,46492,0.15207180332587564,15451,True,200,200,1.0,103532,202192,0,46492,0.15207180332587564,15451,True,77762,0.615078099999723,False,0,1.9990706193447112,50000,True,52079,15451,1000,0.51514,750
0.3387006148036352,0.6612993851963648,0.125,0.9166666666666666,1.0,0.20833333333333334,0.20833333333333334,5.856104725173276,24.40043635488865,0.08196574728874872,306114,105,48,12,20,200,200,1.0,306114,103681,202433,0.3387006148036352,0.6612993851963648,0,46548,0.152060996883514,15472,True,200,200,1.0,103681,202433,0,46548,0.152060996883514,15472,True,77857,0.6146078499997226,False,0,2.0658221071958542,50000,True,52145,15472,1000,0.5152840000000001,751
0.3387128344653448,0.6612871655346553,0.19090909090909092,0.8545454545454545,1.0,0.2545454545454545,0.2545454545454545,5.034707467101149,18.308027153095086,0.10924169946197002,306534,90,55,21,28,200,200,1.0,306534,103827,202707,0.3387128344653448,0.6612871655346553,0,46619,0.15208427123907953,15500,True,200,200,1.0,103827,202707,0,46619,0.15208427123907953,15500,True,77967,0.6140633499997222,False,0,2.097167525291443,50000,True,52223,15500,1000,0.5154460000000001,752
0.33876327621033425,0.6612367237896657,0.18269230769230768,0.8846153846153846,1.0,0.25961538461538464,0.25961538461538464,5.371026029855777,20.65779242252222,0.0968157661328562,306940,97,52,19,27,200,200,1.0,306940,103980,202960,0.33876327621033425,0.6612367237896657,0,46685,0.15209812992767316,15528,True,200,200,1.0,103980,202960,0,46685,0.15209812992767316,15528,True,78070,0.6135534999997219,False,0,2.1390182465314864,50000,True,52299,15528,1000,0.515602,753
0.33877580237915506,0.661224197620845,0.22448979591836735,0.8979591836734694,1.0,0.1836734693877551,0.1836734693877551,5.599707847043662,22.85595039609658,0.0875045651281063,307336,102,49,22,18,200,200,1.0,307336,104118,203218,0.33877580237915506,0.661224197620845,0,46743,0.15209087122888304,15546,True,200,200,1.0,104118,203218,0,46743,0.15209087122888304,15546,True,78168,0.6130683999997215,False,0,2.1049693924188615,50000,True,52364,15546,1000,0.515752,754
0.33880212902848456,0.6611978709715154,0.16981132075471697,0.9056603773584906,1.0,0.24528301886792453,0.22641509433962265,5.305811077346638,20.021928593760897,0.09989047711533779,307746,95,53,18,24,200,200,1.0,307746,104265,203481,0.33880212902848456,0.6611978709715154,0,46811,0.1521092069433884,15572,True,200,200,1.0,104265,203481,0,46811,0.1521092069433884,15572,True,78273,0.6125486499997211,False,0,2.063194488286972,50000,True,52440,15572,1000,0.515908,755
0.33872789226026284,0.6612721077397372,0.18627450980392157,0.9019607843137255,1.0,0.06862745098039216,0.06862745098039216,5.460237970750329,21.412697924511093,0.09340252251495137,308150,98,51,19,7,200,200,1.0,308150,104379,203771,0.33872789226026284,0.6612721077397372,0,46865,0.15208502352750283,15580,True,200,200,1.0,104379,203771,0,46865,0.15208502352750283,15580,True,78375,0.6120437499997208,False,0,2.0796430015563967,50000,True,52497,15580,1000,0.516058,756
0.338706123295484,0.661293876704516,0.23770491803278687,0.8360655737704918,1.0,0.26229508196721313,0.2459016393442623,4.578934054863078,15.01289854053468,0.13321877814600688,308592,79,61,29,30,200,200,1.0,308592,104522,204070,0.338706123295484,0.661293876704516,0,46936,0.1520972675895681,15612,True,200,200,1.0,104522,204070,0,46936,0.1520972675895681,15612,True,78496,0.6114447999997203,False,0,2.132901246547699,50000,True,52587,15612,1000,0.516244,757
0.33871969765605786,0.6612803023439422,0.11538461538461539,0.9384615384615385,1.0,0.34615384615384615,0.3384615384615385,4.084540676805123,12.567817467092684,0.15913662059755077,309052,70,65,15,44,200,200,1.0,309052,104682,204370,0.33871969765605786,0.6612803023439422,0,47023,0.15215238859479957,15657,True,200,200,1.0,104682,204370,0,47023,0.15215238859479957,15657,True,78626,0.6108012999997199,False,0,2.115122476816177,50000,True,52692,15657,1000,0.516436,758
0.33870717567908176,0.6612928243209182,0.19811320754716982,0.8867924528301887,1.0,0.18867924528301888,0.18867924528301888,5.283585900323259,19.938060001219846,0.10031066211445028,309462,95,53,21,20,200,200,1.0,309462,104817,204645,0.33870717567908176,0.6612928243209182,0,47084,0.15214792123103968,15677,True,200,200,1.0,104817,204645,0,47084,0.15214792123103968,15677,True,78731,0.6102815499997195,False,0,2.0825571078062057,50000,True,52761,15677,1000,0.516592,759
0.3386821925589321,0.6613178074410679,0.20212765957446807,0.8936170212765957,1.0,0.07446808510638298,0.07446808510638298,5.759780926925596,24.50970607202381,0.08160032576983312,309848,107,47,19,7,200,200,1.0,309848,104940,204908,0.3386821925589321,0.6613178074410679,0,47134,0.1521197490382381,15684,True,200,200,1.0,104940,204908,0,47134,0.1521197490382381,15684,True,78824,0.6098211999997192,False,0,2.0639562672376632,50000,True,52814,15684,1000,0.5167360000000001,760
0.3387298476771245,0.6612701523228754,0.12037037037037036,0.9444444444444444,1.0,0.2777777777777778,0.2777777777777778,5.310101975216647,19.667044352654248,0.10169296230473399,310262,93,54,13,30,200,200,1.0,310262,105095,205167,0.3387298476771245,0.6612701523228754,0,47199,0.15212626747716446,15714,True,200,200,1.0,105095,205167,0,47199,0.15212626747716446,15714,True,78931,0.6092915499997188,False,0,2.0281185340881347,50000,True,52893,15714,1000,0.516892,761
0.3387684541936813,0.6612315458063187,0.12790697674418605,0.9302325581395349,1.0,0.13953488372093023,0.13953488372093023,6.183779652608503,28.76176582608606,0.06953675974185354,310634,114,43,11,12,200,200,1.0,310634,105233,205401,0.3387684541936813,0.6612315458063187,0,47248,0.15210183044998293,15726,True,200,200,1.0,105233,205401,0,47248,0.15210183044998293,15726,True,79017,0.6088658499997185,False,0,2.0325295549631117,50000,True,52946,15726,1000,0.517024,762
0.33875405831109967,0.6612459416889003,0.1875,0.875,1.0,0.3046875,0.296875,4.23801800809459,13.243806275295594,0.15101398785413458,311090,72,64,24,38,200,200,1.0,311090,105383,205707,0.33875405831109967,0.6612459416889003,0,47333,0.15215211032177184,15765,True,200,200,1.0,105383,205707,0,47333,0.15215211032177184,15765,True,79145,0.608232249999718,False,0,2.022820862531662,50000,True,53042,15765,1000,0.517216,763
0.33880081418270314,0.6611991858172969,0.19148936170212766,0.8723404255319149,1.0,0.2127659574468085,0.2127659574468085,5.7257939363197385,24.365080580083994,0.08208468646045847,311478,106,47,18,20,200,200,1.0,311478,105529,205949,0.33880081418270314,0.6611991858172969,0,47387,0.1521359453958225,15785,True,200,200,1.0,105529,205949,0,47387,0.1521359453958225,15785,True,79239,0.6077669499997177,False,0,2.036701533794403,50000,True,53108,15785,1000,0.517354,764
0.3388360595820536,0.6611639404179463,0.15789473684210525,0.8947368421052632,1.0,0.30701754385964913,0.2982456140350877,4.900147412765665,17.19349969391461,0.11632303112250444,311906,86,57,18,34,200,200,1.0,311906,105685,206221,0.3388360595820536,0.6611639404179463,0,47462,0.15216764025058832,15820,True,200,200,1.0,105685,206221,0,47462,0.15216764025058832,15820,True,79353,0.6072026499997173,False,0,2.11467550098896,50000,True,53195,15820,1000,0.517528,765
0.33881875996695293,0.661181240033047,0.20454545454545456,0.8863636363636364,1.0,0.045454545454545456,0.045454545454545456,6.172534589151315,28.056975405233253,0.07128352116055088,312282,112,44,18,4,200,200,1.0,312282,105807,206475,0.33881875996695293,0.661181240033047,0,47507,0.1521285248589416,15825,True,200,200,1.0,105807,206475,0,47507,0.1521285248589416,15825,True,79441,0.606767049999717,False,0,2.115173157453537,50000,True,53243,15825,1000,0.51766,766
0.3388097507307931,0.6611902492692069,0.23958333333333334,0.8541666666666666,1.0,0.13541666666666666,0.13541666666666666,5.629090568348358,23.454544034784828,0.08527132299113774,312674,104,48,23,13,200,200,1.0,312674,105937,206737,0.3388097507307931,0.6611902492692069,0,47562,0.15211370309011943,15838,True,200,200,1.0,105937,206737,0,47562,0.15211370309011943,15838,True,79537,0.6062918499997166,False,0,2.058674191236496,50000,True,53304,15838,1000,0.517804,767
0.3388289853591231,0.6611710146408769,0.07142857142857142,0.9464285714285714,1.0,0.25892857142857145,0.25892857142857145,5.150866624774818,18.395952231338637,0.10871956911221356,313096,89,56,8,29,200,200,1.0,313096,106086,207010,0.3388289853591231,0.6611710146408769,0,47629,0.15212267164064697,15867,True,200,200,1.0,106086,207010,0,47629,0.15212267164064697,15867,True,79648,0.6057423999997162,False,0,1.9974314641952515,50000,True,53383,15867,1000,0.517972,768
0.33876708746100903,0.661232912538991,0.23333333333333334,0.8666666666666667,1.0,0.2,0.2,4.611226130911629,15.370753769705432,0.13011723627645674,313534,81,60,28,24,200,200,1.0,313534,106215,207319,0.33876708746100903,0.661232912538991,0,47702,0.15214298927708,15891,True,200,200,1.0,106215,207319,0,47702,0.15214298927708,15891,True,79767,0.6051533499997158,False,0,1.9871200346946716,50000,True,53464,15891,1000,0.518146,769
0.3387193354609794,0.6612806645390206,0.14035087719298245,0.9298245614035088,1.0,0.19298245614035087,0.19298245614035087,4.971532261797476,17.443972848412198,0.11465278107114493,313962,86,57,16,22,200,200,1.0,313962,106345,207617,0.3387193354609794,0.6612806645390206,0,47771,0.15215535638070848,15913,True,200,200,1.0,106345,207617,0,47771,0.15215535638070848,15913,True,79881,0.6045890499997154,False,0,2.010621281862259,50000,True,53540,15913,1000,0.51832,770
0.3386382578046965,0.6613617421953035,0.24,0.82,1.0,0.05,0.05,5.425153236456737,21.700612945826947,0.09216329534067849,314362,100,50,24,5,200,200,1.0,314362,106455,207907,0.3386382578046965,0.6613617421953035,0,47825,0.15213352758921245,15918,True,200,200,1.0,106455,207907,0,47825,0.15213352758921245,15918,True,79981,0.604094049999715,False,0,2.077760592699051,50000,True,53595,15918,1000,0.51847,771
0.33865741623146417,0.6613425837685358,0.11864406779661017,0.9322033898305084,1.0,0.288135593220339,0.2711864406779661,4.828981364354647,16.369428353744564,0.1221789763686215,314796,83,59,14,32,200,200,1.0,314796,106608,208188,0.33865741623146417,0.6613425837685358,0,47900,0.15216203509574455,15953,True,200,200,1.0,106608,208188,0,47900,0.15216203509574455,15953,True,80098,0.6035148999997146,False,0,2.0621959829330443,50000,True,53681,15953,1000,0.518644,772
0.3386392623944261,0.6613607376055739,0.24468085106382978,0.851063829787234,1.0,0.09574468085106383,0.0851063829787234,5.798275570421834,24.673513065624824,0.08105858272717568,315182,107,47,23,8,200,200,1.0,315182,106733,208449,0.3386392623944261,0.6613607376055739,0,47951,0.15213749516152572,15962,True,200,200,1.0,106733,208449,0,47951,0.15213749516152572,15962,True,80191,0.6030545499997143,False,0,2.1415673542022704,50000,True,53735,15962,1000,0.5187820000000001,773
0.33864466078491023,0.6613553392150897,0.1744186046511628,0.9069767441860465,1.0,0.06976744186046512,0.06976744186046512,6.157386978071913,28.63900920033448,0.0698348181674051,315552,115,43,15,6,200,200,1.0,315552,106860,208692,0.33864466078491023,0.6613553392150897,0,47997,0.15210488287191967,15968,True,200,200,1.0,106860,208692,0,47997,0.15210488287191967,15968,True,80276,0.602633799999714,False,0,2.136880160570145,50000,True,53783,15968,1000,0.518914,774
0.3386884457411193,0.6613115542588808,0.08088235294117647,0.9411764705882353,1.0,0.3897058823529412,0.38235294117647056,4.042800867748533,11.890590787495686,0.16820022114487604,316022,65,68,11,52,200,200,1.0,316022,107033,208989,0.3386884457411193,0.6613115542588808,0,48096,0.15219193600445538,16022,True,200,200,1.0,107033,208989,0,48096,0.15219193600445538,16022,True,80411,0.6019655499997135,False,0,2.02797503054142,50000,True,53893,16022,1000,0.519112,775
0.33867582823947356,0.6613241717605265,0.19767441860465115,0.8837209302325582,1.0,0.046511627906976744,0.046511627906976744,6.141565250302385,28.565419768848304,0.07001472466303742,316394,114,43,17,4,200,200,1.0,316394,107155,209239,0.33867582823947356,0.6613241717605265,0,48140,0.1521520635663129,16026,True,200,200,1.0,107155,209239,0,48140,0.1521520635663129,16026,True,80497,0.6015398499997132,False,0,2.1116690462827683,50000,True,53940,16026,1000,0.519244,776
0.33870662281338576,0.6612933771866143,0.21818181818181817,0.8363636363636363,1.0,0.2818181818181818,0.2818181818181818,4.980779234689441,18.111924489779785,0.11042448863612268,316814,90,55,24,31,200,200,1.0,316814,107307,209507,0.33870662281338576,0.6612933771866143,0,48212,0.1521776184133277,16057,True,200,200,1.0,107307,209507,0,48212,0.1521776184133277,16057,True,80607,0.6009953499997128,False,0,2.075159315466881,50000,True,54023,16057,1000,0.519406,777
0.33873509812698194,0.6612649018730181,0.14912280701754385,0.8947368421052632,1.0,0.2982456140350877,0.2982456140350877,4.925616145652112,17.282863668954782,0.11572156318009968,317242,86,57,17,34,200,200,1.0,317242,107461,209781,0.33873509812698194,0.6612649018730181,0,48287,0.15220872393945317,16091,True,200,200,1.0,107461,209781,0,48287,0.15220872393945317,16091,True,80721,0.6004310499997124,False,0,2.077964270710945,50000,True,54110,16091,1000,0.51958,778
0.3386980996637576,0.6613019003362424,0.20212765957446807,0.8723404255319149,1.0,0.05319148936170213,0.05319148936170213,5.783210264739185,24.60940538186887,0.08126974093707734,317628,107,47,19,5,200,200,1.0,317628,107580,210048,0.3386980996637576,0.6613019003362424,0,48336,0.1521780195700631,16096,True,200,200,1.0,107580,210048,0,48336,0.1521780195700631,16096,True,80814,0.5999706999997121,False,0,2.156675338745117,50000,True,54161,16096,1000,0.519718,779
0.3386048090950249,0.6613951909049751,0.1864406779661017,0.8813559322033898,1.0,0.15254237288135594,0.1440677966101695,4.7672929384622185,16.16031504563464,0.12375996348785644,318064,82,59,22,17,200,200,1.0,318064,107698,210366,0.3386048090950249,0.6613951909049751,0,48404,0.15218320841088587,16114,True,200,200,1.0,107698,210366,0,48404,0.15218320841088587,16114,True,80932,0.5993865999997117,False,0,2.0524543726444247,50000,True,54237,16114,1000,0.519898,780
0.33855753107199155,0.6614424689280085,0.14583333333333334,0.9583333333333334,1.0,0.052083333333333336,0.052083333333333336,5.814725020444285,24.228020918517853,0.08254904545139174,318454,105,48,14,5,200,200,1.0,318454,107815,210639,0.33855753107199155,0.6614424689280085,0,48453,0.15215070308427592,16120,True,200,200,1.0,107815,210639,0,48453,0.15215070308427592,16120,True,81027,0.5989163499997113,False,0,2.0206130528450013,50000,True,54289,16120,1000,0.520036,781
0.3384416138277923,0.6615583861722076,0.15,0.9166666666666666,1.0,0.13333333333333333,0.13333333333333333,4.850927493237277,16.169758310790925,0.12368768670248433,318894,80,60,18,16,200,200,1.0,318894,107927,210967,0.3384416138277923,0.6615583861722076,0,48520,0.15215087144944714,16136,True,200,200,1.0,107927,210967,0,48520,0.15215087144944714,16136,True,81147,0.5983223499997109,False,0,2.0721668088436127,50000,True,54363,16136,1000,0.520216,782
0.3384421701386714,0.6615578298613286,0.16964285714285715,0.9642857142857143,1.0,0.24107142857142858,0.23214285714285715,5.200849715767049,18.574463270596603,0.10767471290360256,319316,89,56,19,26,200,200,1.0,319316,108070,211246,0.3384421701386714,0.6615578298613286,0,48590,0.15216901126157162,16163,True,200,200,1.0,108070,211246,0,48590,0.15216901126157162,16163,True,81258,0.5977728999997105,False,0,1.9744905889034272,50000,True,54440,16163,1000,0.5203840000000001,783
0.3384687091385707,0.6615312908614293,0.21951219512195122,0.9024390243902439,1.0,0.06097560975609756,0.04878048780487805,6.403662655326325,31.237378806469877,0.06402585864809375,319678,119,41,18,4,200,200,1.0,319678,108201,211477,0.3384687091385707,0.6615312908614293,0,48632,0.15212807887937238,16169,True,200,200,1.0,108201,211477,0,48632,0.15212807887937238,16169,True,81339,0.5973719499997102,False,0,1.969718621969223,50000,True,54485,16169,1000,0.520504,784
0.3384740817563304,0.6615259182436696,0.09836065573770492,0.9508196721311475,1.0,0.29508196721311475,0.28688524590163933,4.737501123853482,15.532790570011418,0.12875986391404295,320122,78,61,12,35,200,200,1.0,320122,108353,211769,0.3384740817563304,0.6615259182436696,0,48713,0.15217011014550702,16206,True,200,200,1.0,108353,211769,0,48713,0.15217011014550702,16206,True,81461,0.5967680499997098,False,0,1.9642064416408538,50000,True,54576,16206,1000,0.52069,785
0.33852024737430025,0.6614797526256997,0.18292682926829268,0.8780487804878049,1.0,0.12195121951219512,0.10975609756097561,6.32730178123369,30.864886737725318,0.06479855302872224,320486,118,41,15,9,200,200,1.0,320486,108491,211995,0.33852024737430025,0.6614797526256997,0,48760,0.1521439314041799,16216,True,200,200,1.0,108491,211995,0,48760,0.1521439314041799,16216,True,81543,0.5963621499997095,False,0,1.9298980808258057,50000,True,54627,16216,1000,0.52081,786
0.3385047870748978,0.6614952129251022,0.18888888888888888,0.8888888888888888,1.0,0.06666666666666667,0.06666666666666667,6.101067073441295,27.11585365973909,0.07375758938283207,320864,111,45,17,6,200,200,1.0,320864,108614,212250,0.3385047870748978,0.6614952129251022,0,48806,0.1521080582427446,16221,True,200,200,1.0,108614,212250,0,48806,0.1521080582427446,16221,True,81632,0.5959215999997092,False,0,1.9644783240556718,50000,True,54677,16221,1000,0.520948,787
0.33854601142970975,0.6614539885702903,0.1568627450980392,0.9215686274509803,1.0,0.24509803921568626,0.23529411764705882,5.411014003423462,21.21966275852338,0.09425220479513288,321268,98,51,16,24,200,200,1.0,321268,108764,212504,0.33854601142970975,0.6614539885702903,0,48872,0.15212221572020868,16247,True,200,200,1.0,108764,212504,0,48872,0.15212221572020868,16247,True,81734,0.5954166999997088,False,0,2.0169221502542496,50000,True,54751,16247,1000,0.5210980000000001,788
0.3385596408429247,0.6614403591570752,0.17045454545454544,0.9318181818181818,1.0,0.09090909090909091,0.07954545454545454,6.171965637360059,28.054389260727543,0.07129009230650896,321642,113,44,15,7,200,200,1.0,321642,108895,212747,0.3385596408429247,0.6614403591570752,0,48920,0.15209456476455188,16256,True,200,200,1.0,108895,212747,0,48920,0.15209456476455188,16256,True,81821,0.5949860499997085,False,0,2.0649790865182878,50000,True,54801,16256,1000,0.5212300000000001,789
0.33845327471326464,0.6615467252867353,0.3103448275862069,0.7758620689655172,1.0,0.11206896551724138,0.11206896551724138,4.684300185544802,16.152759260499316,0.12381785475444372,322074,84,58,36,13,200,200,1.0,322074,109007,213067,0.33845327471326464,0.6615467252867353,0,48985,0.1520923762861951,16270,True,200,200,1.0,109007,213067,0,48985,0.1520923762861951,16270,True,81937,0.5944118499997081,False,0,2.0314100223779676,50000,True,54872,16270,1000,0.521404,790
0.3384679795317103,0.6615320204682897,0.11363636363636363,0.9318181818181818,1.0,0.11363636363636363,0.11363636363636363,6.105702747225149,27.753194305568858,0.0720637768027548,322450,112,44,10,10,200,200,1.0,322450,109139,213311,0.3384679795317103,0.6615320204682897,0,49036,0.15207318964180494,16280,True,200,200,1.0,109139,213311,0,49036,0.15207318964180494,16280,True,82025,0.5939762499997078,False,0,2.0913746708631518,50000,True,54925,16280,1000,0.521536,791
0.33840154617142926,0.6615984538285707,0.1792452830188679,0.8679245283018868,1.0,0.11320754716981132,0.11320754716981132,5.25714714710239,19.83829112114109,0.10081513512364268,322862,94,53,19,12,200,200,1.0,322862,109257,213605,0.33840154617142926,0.6615984538285707,0,49094,0.15205877433702325,16292,True,200,200,1.0,109257,213605,0,49094,0.15205877433702325,16292,True,82131,0.5934515499997074,False,0,2.0573459297418593,50000,True,54990,16292,1000,0.521692,792
0.3383634023807756,0.6616365976192244,0.24489795918367346,0.8163265306122449,1.0,0.09183673469387756,0.09183673469387756,5.652998141511649,23.073461802088364,0.08667966762659694,323256,103,49,24,9,200,200,1.0,323256,109378,213878,0.3383634023807756,0.6616365976192244,0,49146,0.15203430098745266,16301,True,200,200,1.0,109378,213878,0,49146,0.15203430098745266,16301,True,82228,0.592971399999707,False,0,1.959660645723343,50000,True,55047,16301,1000,0.521842,793
0.33832635052463755,0.6616736494753624,0.2653061224489796,0.8979591836734694,1.0,0.10204081632653061,0.10204081632653061,5.674283139911701,23.16033934657837,0.08635452054788106,323652,102,49,26,10,200,200,1.0,323652,109500,214152,0.33832635052463755,0.6616736494753624,0,49202,0.15202130683573714,16311,True,200,200,1.0,109500,214152,0,49202,0.15202130683573714,16311,True,82326,0.5924862999997067,False,0,1.9341359174251556,50000,True,55106,16311,1000,0.5219860000000001,794
0.3383494845997161,0.6616505154002839,0.17857142857142858,0.9047619047619048,1.0,0.10714285714285714,0.10714285714285714,6.275925419723899,29.885359141542374,0.06692240138482675,324020,116,42,15,9,200,200,1.0,324020,109632,214388,0.3383494845997161,0.6616505154002839,0,49249,0.15199370409233998,16319,True,200,200,1.0,109632,214388,0,49249,0.15199370409233998,16319,True,82410,0.5920704999997064,False,0,1.9252436983585357,50000,True,55157,16319,1000,0.522112,795
0.3382673883826739,0.6617326116173261,0.14583333333333334,0.9166666666666666,1.0,0.010416666666666666,0.010416666666666666,5.738248606914286,23.90936919547619,0.08364921649118258,324412,104,48,14,1,200,200,1.0,324412,109738,214674,0.3382673883826739,0.6617326116173261,0,49297,0.15195800401958004,16320,True,200,200,1.0,109738,214674,0,49297,0.15195800401958004,16320,True,82506,0.5915952999997061,False,0,1.9022795313596725,50000,True,55206,16320,1000,0.522256,796
0.3382885434884351,0.6617114565115649,0.21951219512195122,0.8780487804878049,1.0,0.07317073170731707,0.07317073170731707,6.351994564163875,30.985339337384758,0.06454665473316082,324776,118,41,18,6,200,200,1.0,324776,109868,214908,0.3382885434884351,0.6617114565115649,0,49342,0.15192625070818042,16326,True,200,200,1.0,109868,214908,0,49342,0.15192625070818042,16326,True,82588,0.5911893999997058,False,0,1.9679772943258285,50000,True,55253,16326,1000,0.522382,797
0.33831897002466677,0.6616810299753333,0.175,0.9,1.0,0.0625,0.0625,6.420363461696511,32.10181730848255,0.06230176879959758,325134,121,40,14,5,200,200,1.0,325134,109999,215135,0.33831897002466677,0.6616810299753333,0,49382,0.15188199327046695,16331,True,200,200,1.0,109999,215135,0,49382,0.15188199327046695,16331,True,82667,0.5907983499997055,False,0,2.0380702096223833,50000,True,55297,16331,1000,0.5224960000000001,798
0.33835510389658263,0.6616448961034174,0.2608695652173913,0.8260869565217391,1.0,0.17391304347826086,0.17391304347826086,5.918484910704823,25.732543090020968,0.07772259403213032,325516,109,46,24,16,200,200,1.0,325516,110140,215376,0.33835510389658263,0.6616448961034174,0,49437,0.1518727190061318,16347,True,200,200,1.0,110140,215376,0,49437,0.1518727190061318,16347,True,82758,0.5903478999997052,False,0,2.037434650659561,50000,True,55355,16347,1000,0.522634,799
0.3384005105014818,0.6615994894985182,0.15833333333333333,0.9166666666666666,1.0,0.3333333333333333,0.3,4.771018737113235,15.90339579037745,0.12575930489072812,325954,81,60,19,36,200,200,1.0,325954,110303,215651,0.3384005105014818,0.6615994894985182,0,49523,0.1519324812703633,16387,True,200,200,1.0,110303,215651,0,49523,0.1519324812703633,16387,True,82877,0.5897588499997047,False,0,2.0599924087524415,50000,True,55446,16387,1000,0.522814,800
0.3384451309208591,0.6615548690791409,0.11842105263157894,0.9736842105263158,1.0,0.039473684210526314,0.039473684210526314,6.712192294826707,35.327327867508984,0.05661339593814642,326304,125,38,9,3,200,200,1.0,326304,110436,215868,0.3384451309208591,0.6615548690791409,0,49562,0.15188903599097775,16390,True,200,200,1.0,110436,215868,0,49562,0.15188903599097775,16390,True,82952,0.5893875999997045,False,0,2.0124323558807373,50000,True,55486,16390,1000,0.5229280000000001,801
0.33844741030978326,0.6615525896902168,0.22727272727272727,0.8863636363636364,1.0,0.09090909090909091,0.09090909090909091,6.086225957884634,27.664663444930156,0.07229439114563027,326680,112,44,20,8,200,200,1.0,326680,110564,216116,0.33844741030978326,0.6615525896902168,0,49608,0.1518550263254561,16398,True,200,200,1.0,110564,216116,0,49608,0.1518550263254561,16398,True,83040,0.5889519999997042,False,0,1.9951390665769577,50000,True,55538,16398,1000,0.5230600000000001,802
0.3383950790904144,0.6616049209095856,0.2037037037037037,0.8703703703703703,1.0,0.1388888888888889,0.12962962962962962,5.141028350382831,19.04084574215863,0.10503735112835713,327094,93,54,22,14,200,200,1.0,327094,110687,216407,0.3383950790904144,0.6616049209095856,0,49671,0.15185542993757145,16412,True,200,200,1.0,110687,216407,0,49671,0.15185542993757145,16412,True,83147,0.5884223499997038,False,0,1.9800744819641114,50000,True,55606,16412,1000,0.523216,803
0.33839031600034203,0.6616096839996579,0.25,0.8636363636363636,1.0,0.06818181818181818,0.06818181818181818,6.098744075417496,27.721563979170437,0.07214600162901233,327468,113,44,22,6,200,200,1.0,327468,110812,216656,0.33839031600034203,0.6616096839996579,0,49718,0.15182552188305423,16418,True,200,200,1.0,110812,216656,0,49718,0.15182552188305423,16418,True,83234,0.5879916999997035,False,0,1.9635126972198487,50000,True,55655,16418,1000,0.523348,804
0.3383988094148933,0.6616011905851067,0.11666666666666667,0.9333333333333333,1.0,0.275,0.275,4.717487151571938,15.72495717190646,0.12718635593953254,327906,81,60,14,33,200,200,1.0,327906,110963,216943,0.3383988094148933,0.6616011905851067,0,49790,0.15184229626783285,16452,True,200,200,1.0,110963,216943,0,49790,0.15184229626783285,16452,True,83353,0.587402649999703,False,0,2.0346029740571976,50000,True,55741,16452,1000,0.523528,805
0.3383455669600707,0.6616544330399293,0.23214285714285715,0.8214285714285714,1.0,0.17857142857142858,0.17857142857142858,4.851496571567395,17.326773469883555,0.11542829964714954,328330,88,56,26,20,200,200,1.0,328330,111089,217241,0.3383455669600707,0.6616544330399293,0,49858,0.15185331830780008,16471,True,200,200,1.0,111089,217241,0,49858,0.15185331830780008,16471,True,83465,0.5868482499997026,False,0,2.0622264617681503,50000,True,55815,16471,1000,0.523696,806
0.33830677787714525,0.6616932221228548,0.23148148148148148,0.8518518518518519,1.0,0.16666666666666666,0.1574074074074074,5.103685310508239,18.902538187067552,0.10580589655247088,328746,92,54,25,17,200,200,1.0,328746,111217,217529,0.33830677787714525,0.6616932221228548,0,49923,0.1518588819331642,16489,True,200,200,1.0,111217,217529,0,49923,0.1518588819331642,16489,True,83573,0.5863136499997023,False,0,1.9254834932088851,50000,True,55887,16489,1000,0.523858,807
0.338295959221614,0.6617040407783861,0.1693548387096774,0.8709677419354839,1.0,0.29838709677419356,0.29838709677419356,4.392740552761617,14.170130815360054,0.14114195740748223,329194,76,62,21,37,200,200,1.0,329194,111365,217829,0.338295959221614,0.6617040407783861,0,50003,0.15189523502858496,16525,True,200,200,1.0,111365,217829,0,50003,0.15189523502858496,16525,True,83697,0.5856998499997018,False,0,1.9198719918727876,50000,True,55980,16525,1000,0.5240440000000001,808
0.3382888349514563,0.6617111650485437,0.19230769230769232,0.8846153846153846,1.0,0.18269230769230768,0.17307692307692307,5.384932231450413,20.71127781327082,0.09656574635479485,329600,97,52,20,18,200,200,1.0,329600,111500,218100,0.3382888349514563,0.6617111650485437,0,50062,0.1518871359223301,16544,True,200,200,1.0,111500,218100,0,50062,0.1518871359223301,16544,True,83800,0.5851899999997014,False,0,1.9576618659496308,50000,True,56049,16544,1000,0.5242,809
0.3382211232523045,0.6617788767476955,0.16346153846153846,0.9615384615384616,1.0,0.08653846153846154,0.08653846153846154,5.540754348797362,21.310593649220625,0.09385003688403323,330006,97,52,17,9,200,200,1.0,330006,111615,218391,0.3382211232523045,0.6617788767476955,0,50119,0.15187299624855305,16553,True,200,200,1.0,111615,218391,0,50119,0.15187299624855305,16553,True,83903,0.5846801499997011,False,0,1.9472359293699264,50000,True,56108,16553,1000,0.52435,810
0.33824437369102817,0.6617556263089719,0.1346153846153846,0.9423076923076923,1.0,0.23076923076923078,0.23076923076923078,5.501959605625526,21.161383098559718,0.09451178076049876,330412,97,52,14,24,200,200,1.0,330412,111760,218652,0.33824437369102817,0.6617556263089719,0,50182,0.1518770504703219,16577,True,200,200,1.0,111760,218652,0,50182,0.1518770504703219,16577,True,84006,0.5841702999997007,False,0,1.9668662947416307,50000,True,56180,16577,1000,0.524506,811
0.33827556813029364,0.6617244318697064,0.16037735849056603,0.9056603773584906,1.0,0.25471698113207547,0.25471698113207547,5.272788846066692,19.89731640025167,0.10051606758259639,330822,95,53,17,27,200,200,1.0,330822,111909,218913,0.33827556813029364,0.6617244318697064,0,50247,0.1518853038794276,16604,True,200,200,1.0,111909,218913,0,50247,0.1518853038794276,16604,True,84111,0.5836505499997003,False,0,1.9873564672470092,50000,True,56254,16604,1000,0.524662,812
0.3382472813781194,0.6617527186218806,0.1509433962264151,0.8867924528301887,1.0,0.16037735849056603,0.16037735849056603,5.200315836211174,19.62383334419311,0.10191688672243134,331234,94,53,16,17,200,200,1.0,331234,112039,219195,0.3382472813781194,0.6617527186218806,0,50308,0.15188054366399584,16622,True,200,200,1.0,112039,219195,0,50308,0.15188054366399584,16622,True,84217,0.5831258499997,False,0,1.9417084991931914,50000,True,56322,16622,1000,0.524824,813
0.3382432742050237,0.6617567257949764,0.10144927536231885,0.9420289855072463,1.0,0.34782608695652173,0.34782608695652173,3.9865333239966434,11.555169055062734,0.17308271220175078,331708,63,69,14,48,200,200,1.0,331708,112198,219510,0.3382432742050237,0.6617567257949764,0,50399,0.15193784895148746,16670,True,200,200,1.0,112198,219510,0,50399,0.15193784895148746,16670,True,84354,0.5824476999996995,False,0,1.9596206271648406,50000,True,56429,16670,1000,0.525028,814
0.33817684748048943,0.6618231525195106,0.11818181818181818,0.9454545454545454,1.0,0.13636363636363635,0.12727272727272726,5.123387385981609,18.630499585387668,0.10735085180263478,332128,90,55,13,14,200,200,1.0,332128,112318,219810,0.33817684748048943,0.6618231525195106,0,50464,0.15194142017535409,16685,True,200,200,1.0,112318,219810,0,50464,0.15194142017535409,16685,True,84464,0.5819031999996991,False,0,1.914858192205429,50000,True,56499,16685,1000,0.525196,815
0.33815320950822825,0.6618467904917718,0.25,0.8695652173913043,1.0,0.07608695652173914,0.07608695652173914,5.8144117517744345,25.280051094671457,0.0791137641498502,332512,108,46,23,7,200,200,1.0,332512,112440,220072,0.33815320950822825,0.6618467904917718,0,50517,0.1519253440477336,16692,True,200,200,1.0,112440,220072,0,50517,0.1519253440477336,16692,True,84556,0.5814477999996988,False,0,1.9926138377189637,50000,True,56552,16692,1000,0.525334,816
0.33817300239730347,0.6618269976026965,0.3048780487804878,0.8048780487804879,1.0,0.036585365853658534,0.036585365853658534,6.329296428600428,30.874616724880138,0.06477813207599468,332874,119,41,25,3,200,200,1.0,332874,112569,220305,0.33817300239730347,0.6618269976026965,0,50558,0.15188329518075908,16696,True,200,200,1.0,112569,220305,0,50558,0.15188329518075908,16696,True,84637,0.5810468499996985,False,0,2.0366632169485093,50000,True,56595,16696,1000,0.525454,817
0.3381484504405022,0.6618515495594979,0.1956521739130435,0.8695652173913043,1.0,0.06521739130434782,0.06521739130434782,5.9441792730650125,25.844257708978315,0.07738662965371988,333256,109,46,18,6,200,200,1.0,333256,112690,220566,0.3381484504405022,0.6618515495594979,0,50607,0.15185623064550977,16702,True,200,200,1.0,112690,220566,0,50607,0.15185623064550977,16702,True,84728,0.5805963999996981,False,0,2.0405537390708925,50000,True,56646,16702,1000,0.5255920000000001,818
0.3381429085241578,0.6618570914758422,0.33695652173913043,0.7608695652173914,1.0,0.09782608695652174,0.09782608695652174,5.7695377351332295,25.084946674492304,0.07972909115384748,333640,108,46,31,9,200,200,1.0,333640,112818,220822,0.3381429085241578,0.6618570914758422,0,50657,0.15183131519002518,16712,True,200,200,1.0,112818,220822,0,50657,0.15183131519002518,16712,True,84820,0.5801409999996978,False,0,2.0815386974811556,50000,True,56701,16712,1000,0.52573,819
0.3381215271124737,0.6618784728875263,0.18181818181818182,0.9090909090909091,1.0,0.045454545454545456,0.045454545454545456,6.071139054250191,27.59608661022814,0.0724740441733041,334016,112,44,16,4,200,200,1.0,334016,112938,221078,0.3381215271124737,0.6618784728875263,0,50702,0.15179512358689404,16716,True,200,200,1.0,112938,221078,0,50702,0.15179512358689404,16716,True,84908,0.5797053999996975,False,0,2.0885866820812224,50000,True,56749,16716,1000,0.525862,820
0.33813836086753674,0.6618616391324632,0.21794871794871795,0.8717948717948718,1.0,0.01282051282051282,0.01282051282051282,6.461648643108771,33.13665970825011,0.06035611367014327,334372,122,39,17,1,200,200,1.0,334372,113064,221308,0.33813836086753674,0.6618616391324632,0,50741,0.15175014654337085,16718,True,200,200,1.0,113064,221308,0,50741,0.15175014654337085,16718,True,84986,0.5793192999996972,False,0,2.0350380730628967,50000,True,56789,16718,1000,0.525976,821
0.33817335667218273,0.6618266433278173,0.17307692307692307,0.9038461538461539,1.0,0.2403846153846154,0.2403846153846154,5.472982244035079,21.049931707827227,0.0950121847310468,334778,97,52,18,25,200,200,1.0,334778,113213,221565,0.33817335667218273,0.6618266433278173,0,50803,0.15175130982322613,16743,True,200,200,1.0,113213,221565,0,50803,0.15175130982322613,16743,True,85089,0.5788094499996969,False,0,2.0414348381757734,50000,True,56863,16743,1000,0.526132,822
0.3381836083181669,0.6618163916818331,0.22916666666666666,0.8541666666666666,1.0,0.16666666666666666,0.16666666666666666,5.680023268982229,23.666763620759287,0.08450669605901252,335170,104,48,22,16,200,200,1.0,335170,113349,221821,0.3381836083181669,0.6618163916818331,0,50859,0.1517409075991288,16759,True,200,200,1.0,113349,221821,0,50859,0.1517409075991288,16759,True,85185,0.5783342499996965,False,0,2.048801121711731,50000,True,56923,16759,1000,0.526276,823
0.33818787586198673,0.6618121241380133,0.17708333333333334,0.8958333333333334,1.0,0.15625,0.15625,5.687095294675105,23.696230394479603,0.08440161015930746,335562,104,48,17,15,200,200,1.0,335562,113483,222079,0.33818787586198673,0.6618121241380133,0,50916,0.1517335097537862,16774,True,200,200,1.0,113483,222079,0,50916,0.1517335097537862,16774,True,85281,0.5778590499996962,False,0,2.0024654525518417,50000,True,56984,16774,1000,0.52642,824
0.33824623866538855,0.6617537613346114,0.19230769230769232,0.8461538461538461,1.0,0.11538461538461539,0.11538461538461539,6.396656739036521,32.803367892494975,0.060969349444682366,335918,122,39,15,9,200,200,1.0,335918,113623,222295,0.33824623866538855,0.6617537613346114,0,50961,0.15170666650789777,16783,True,200,200,1.0,113623,222295,0,50961,0.15170666650789777,16783,True,85359,0.5774729499996959,False,0,1.9968905115127564,50000,True,57031,16783,1000,0.5265340000000001,825
0.3381526605897358,0.6618473394102642,0.23728813559322035,0.864406779661017,1.0,0.1440677966101695,0.1440677966101695,4.7000150101774905,15.932254271788103,0.12553151398929668,336354,82,59,28,17,200,200,1.0,336354,113739,222615,0.3381526605897358,0.6618473394102642,0,51028,0.15170921112875124,16800,True,200,200,1.0,113739,222615,0,51028,0.15170921112875124,16800,True,85477,0.5768888499996955,False,0,1.9488490718603133,50000,True,57105,16800,1000,0.526714,826
0.3381252672082086,0.6618747327917913,0.20454545454545456,0.8484848484848485,1.0,0.2878787878787879,0.2878787878787879,4.116616107286702,12.474594264505157,0.16032585570263724,336816,69,66,27,38,200,200,1.0,336816,113886,222930,0.3381252672082086,0.6618747327917913,0,51113,0.15175347964467245,16838,True,200,200,1.0,113886,222930,0,51113,0.15175347964467245,16838,True,85608,0.576240399999695,False,0,1.994626713991165,50000,True,57203,16838,1000,0.526912,827
0.3381385638282098,0.6618614361717903,0.13829787234042554,0.9361702127659575,1.0,0.1595744680851064,0.14893617021276595,5.942377948359871,25.286714673871792,0.07909291601516572,337202,107,47,13,14,200,200,1.0,337202,114021,223181,0.3381385638282098,0.6618614361717903,0,51168,0.15174287222495714,16852,True,200,200,1.0,114021,223181,0,51168,0.15174287222495714,16852,True,85701,0.5757800499996947,False,0,2.0183910804986955,50000,True,57264,16852,1000,0.52705,828
0.3380794407748586,0.6619205592251414,0.25961538461538464,0.8076923076923077,1.0,0.10576923076923077,0.09615384615384616,5.168488793046395,19.87880305017844,0.1006096793127616,337610,96,52,27,10,200,200,1.0,337610,114139,223471,0.3380794407748586,0.6619205592251414,0,51228,0.1517372115754865,16863,True,200,200,1.0,114139,223471,0,51228,0.1517372115754865,16863,True,85805,0.5752652499996943,False,0,1.997048377394676,50000,True,57327,16863,1000,0.5272060000000001,829
0.33809388554555514,0.6619061144544449,0.23863636363636365,0.8409090909090909,1.0,0.11363636363636363,0.10227272727272728,5.924208448565854,26.928220220753882,0.0742715256932791,337986,112,44,21,9,200,200,1.0,337986,114271,223715,0.33809388554555514,0.6619061144544449,0,51277,0.15171338457805944,16873,True,200,200,1.0,114271,223715,0,51277,0.15171338457805944,16873,True,85893,0.574829649999694,False,0,2.0089258790016173,50000,True,57380,16873,1000,0.5273380000000001,830
0.3381735872250393,0.6618264127749607,0.13157894736842105,0.9473684210526315,1.0,0.35964912280701755,0.35964912280701755,5.008074231876246,17.57219028728507,0.11381620431501728,338412,87,57,15,41,200,200,1.0,338412,114442,223970,0.3381735872250393,0.6618264127749607,0,51354,0.15174993794546293,16914,True,200,200,1.0,114442,223970,0,51354,0.15174993794546293,16914,True,86006,0.5742702999996936,False,0,2.0018447732925413,50000,True,57471,16914,1000,0.527506,831
0.3381755719783722,0.6618244280216278,0.16037735849056603,0.9056603773584906,1.0,0.2169811320754717,0.2169811320754717,5.177831909648135,19.538988338294846,0.10235944488897415,338824,94,53,17,23,200,200,1.0,338824,114582,224242,0.3381755719783722,0.6618244280216278,0,51417,0.1517513517342337,16937,True,200,200,1.0,114582,224242,0,51417,0.1517513517342337,16937,True,86112,0.5737455999996932,False,0,2.0603780484199525,50000,True,57541,16937,1000,0.527668,832
0.33815925238053124,0.6618407476194688,0.26595744680851063,0.7872340425531915,1.0,0.09574468085106383,0.0851063829787234,5.714183119353871,24.315672848314346,0.08225147675231399,339210,107,47,25,8,200,200,1.0,339210,114707,224503,0.33815925238053124,0.6618407476194688,0,51468,0.1517290174228354,16946,True,200,200,1.0,114707,224503,0,51468,0.1517290174228354,16946,True,86205,0.5732852499996929,False,0,2.083712630271912,50000,True,57595,16946,1000,0.527806,833
0.33816574494525625,0.6618342550547438,0.18604651162790697,0.9069767441860465,1.0,0.08139534883720931,0.08139534883720931,6.207709120697237,28.873065677661565,0.06926870954154878,339582,114,43,16,7,200,200,1.0,339582,114835,224747,0.33816574494525625,0.6618342550547438,0,51516,0.15170415393042033,16953,True,200,200,1.0,114835,224747,0,51516,0.15170415393042033,16953,True,86291,0.5728595499996926,False,0,2.122443051338196,50000,True,57645,16953,1000,0.5279320000000001,834
0.338136246257375,0.6618637537426251,0.22727272727272727,0.8727272727272727,1.0,0.18181818181818182,0.13636363636363635,5.04673523408749,18.351764487590874,0.10898134625432684,340002,90,55,25,15,200,200,1.0,340002,114967,225035,0.338136246257375,0.6618637537426251,0,51585,0.1517196957664955,16974,True,200,200,1.0,114967,225035,0,51585,0.1517196957664955,16974,True,86401,0.5723150499996922,False,0,2.114228825569153,50000,True,57719,16974,1000,0.5281,835
0.3380944546939447,0.6619055453060553,0.2653061224489796,0.8367346938775511,1.0,0.07142857142857142,0.07142857142857142,5.592599272165348,22.826935804756523,0.0876157893948803,340396,103,49,26,7,200,200,1.0,340396,115086,225310,0.3380944546939447,0.6619055453060553,0,51637,0.15169684720149473,16982,True,200,200,1.0,115086,225310,0,51637,0.15169684720149473,16982,True,86498,0.5718348999996918,False,0,2.024878615140915,50000,True,57773,16982,1000,0.528244,836
0.3381285465310745,0.6618714534689255,0.1724137931034483,0.8793103448275862,1.0,0.3103448275862069,0.29310344827586204,4.878331193678692,16.821831702340315,0.11889311671818428,340826,85,58,20,34,200,200,1.0,340826,115243,225583,0.3381285465310745,0.6618714534689255,0,51716,0.15173725009242253,17018,True,200,200,1.0,115243,225583,0,51716,0.15173725009242253,17018,True,86613,0.5712656499996914,False,0,1.8965714985132218,50000,True,57863,17018,1000,0.528418,837
0.33808636331668895,0.661913636683311,0.14655172413793102,0.9482758620689655,1.0,0.19827586206896552,0.1724137931034483,4.965606687533093,17.122781681148595,0.11680345152107553,341256,85,58,17,20,200,200,1.0,341256,115374,225882,0.33808636331668895,0.661913636683311,0,51780,0.15173359589281946,17041,True,200,200,1.0,115374,225882,0,51780,0.15173359589281946,17041,True,86728,0.570696399999691,False,0,1.9120161908864974,50000,True,57943,17041,1000,0.5285920000000001,838
0.33811252268602543,0.6618874773139746,0.1951219512195122,0.9024390243902439,1.0,0.08536585365853659,0.08536585365853659,6.309243570897862,30.77679790681884,0.06498401835224335,341620,118,41,16,7,200,200,1.0,341620,115506,226114,0.33811252268602543,0.6618874773139746,0,51825,0.15170364732743985,17048,True,200,200,1.0,115506,226114,0,51825,0.15170364732743985,17048,True,86810,0.5702904999996907,False,0,1.919459735751152,50000,True,57990,17048,1000,0.5287120000000001,839
0.3380660553892216,0.6619339446107784,0.20408163265306123,0.8571428571428571,1.0,0.08163265306122448,0.08163265306122448,5.5864082760484175,22.801666432850684,0.08771288738434362,342016,102,49,20,8,200,200,1.0,342016,115624,226392,0.3380660553892216,0.6619339446107784,0,51878,0.1516829622005988,17056,True,200,200,1.0,115624,226392,0,51878,0.1516829622005988,17056,True,86908,0.5698053999996904,False,0,1.961438906788826,50000,True,58047,17056,1000,0.5288619999999999,840
0.3380732096234383,0.6619267903765618,0.27,0.86,1.0,0.18,0.17,5.552871311287645,22.21148524515058,0.09004350577756429,342414,101,50,27,17,200,200,1.0,342414,115761,226653,0.3380732096234383,0.6619267903765618,0,51934,0.15167020040068455,17074,True,200,200,1.0,115761,226653,0,51934,0.15167020040068455,17074,True,87007,0.56931534999969,False,0,2.0442850214242934,50000,True,58112,17074,1000,0.5290060000000001,841
0.33801222813404275,0.6619877718659573,0.10784313725490197,0.9411764705882353,1.0,0.06862745098039216,0.06862745098039216,5.594040615159819,21.937414177097327,0.09116844783320001,342816,99,51,11,7,200,200,1.0,342816,115876,226940,0.33801222813404275,0.6619877718659573,0,51989,0.1516527816671334,17082,True,200,200,1.0,115876,226940,0,51989,0.1516527816671334,17082,True,87108,0.5688153999996897,False,0,1.997678089737892,50000,True,58169,17082,1000,0.529162,842
0.33802558349602263,0.6619744165039774,0.2159090909090909,0.8636363636363636,1.0,0.10227272727272728,0.10227272727272728,6.119514273584769,27.815973970839856,0.071901131418107,343190,113,44,19,9,200,200,1.0,343190,116007,227183,0.33802558349602263,0.6619744165039774,0,52036,0.15162446458230136,17091,True,200,200,1.0,116007,227183,0,52036,0.15162446458230136,17091,True,87195,0.5683847499996894,False,0,1.987600447535515,50000,True,58220,17091,1000,0.529288,843
0.3380212820453117,0.6619787179546883,0.2127659574468085,0.8723404255319149,1.0,0.11702127659574468,0.11702127659574468,5.9241242316093015,25.209039283443836,0.07933662118228797,343576,107,47,20,11,200,200,1.0,343576,116136,227440,0.3380212820453117,0.6619787179546883,0,52090,0.1516112883321303,17101,True,200,200,1.0,116136,227440,0,52090,0.1516112883321303,17101,True,87288,0.567924399999689,False,0,1.9707781010866166,50000,True,58277,17101,1000,0.529432,844
0.3380334922665426,0.6619665077334573,0.18478260869565216,0.8695652173913043,1.0,0.14130434782608695,0.14130434782608695,5.918360507729126,25.73200220751794,0.07772422774842115,343960,108,46,17,13,200,200,1.0,343960,116270,227690,0.3380334922665426,0.6619665077334573,0,52142,0.15159320851261773,17114,True,200,200,1.0,116270,227690,0,52142,0.15159320851261773,17114,True,87380,0.5674689999996887,False,0,2.0022931683063505,50000,True,58335,17114,1000,0.52957,845
0.3379505407069264,0.6620494592930737,0.23529411764705882,0.8823529411764706,1.0,0.049019607843137254,0.049019607843137254,5.422009574009041,21.262782643172713,0.09406106592742611,344364,98,51,24,5,200,200,1.0,344364,116378,227986,0.3379505407069264,0.6620494592930737,0,52195,0.15156926972621992,17119,True,200,200,1.0,116378,227986,0,52195,0.15156926972621992,17119,True,87482,0.5669640999996883,False,0,2.0095989471673965,50000,True,58391,17119,1000,0.52972,846
0.33794743864941695,0.662052561350583,0.23863636363636365,0.8863636363636364,1.0,0.07954545454545454,0.07954545454545454,6.100175566973831,27.728070758971956,0.0721290715601936,344740,112,44,21,7,200,200,1.0,344740,116504,228236,0.33794743864941695,0.662052561350583,0,52243,0.15154319197076058,17126,True,200,200,1.0,116504,228236,0,52243,0.15154319197076058,17126,True,87570,0.566528499999688,False,0,1.9520890802145003,50000,True,58441,17126,1000,0.529852,847
0.33792552082126387,0.6620744791787361,0.18309859154929578,0.8591549295774648,1.0,0.34507042253521125,0.3380281690140845,3.669123477669572,10.335559092026962,0.19350670652571048,345224,58,71,26,48,200,200,1.0,345224,116660,228564,0.33792552082126387,0.6620744791787361,0,52335,0.15159722383148333,17175,True,200,200,1.0,116660,228564,0,52335,0.15159722383148333,17175,True,87712,0.5658255999996875,False,0,1.9543334776163102,50000,True,58550,17175,1000,0.530068,848
0.3378913257334645,0.6621086742665355,0.2857142857142857,0.7755102040816326,1.0,0.10204081632653061,0.10204081632653061,5.431775842589895,22.17051364322406,0.09020990817735326,345620,102,49,28,10,200,200,1.0,345620,116782,228838,0.3378913257334645,0.6621086742665355,0,52388,0.15157687633817488,17185,True,200,200,1.0,116782,228838,0,52388,0.15157687633817488,17185,True,87810,0.5653404999996872,False,0,1.9680683207511902,50000,True,58609,17185,1000,0.530212,849
0.33789111045600895,0.662108889543991,0.17391304347826086,0.8913043478260869,1.0,0.09782608695652174,0.09782608695652174,5.982209845729444,26.009608024910627,0.07689466131456137,346002,109,46,16,9,200,200,1.0,346002,116911,229091,0.33789111045600895,0.662108889543991,0,52436,0.15154825694649163,17194,True,200,200,1.0,116911,229091,0,52436,0.15154825694649163,17194,True,87901,0.5648900499996868,False,0,1.9730901569128036,50000,True,58663,17194,1000,0.53035,850
0.3379738943187526,0.6620261056812474,0.1694915254237288,0.9322033898305084,1.0,0.3983050847457627,0.3813559322033898,4.741264944120564,16.072084556340894,0.12443936522291024,346438,82,59,20,45,200,200,1.0,346438,117087,229351,0.3379738943187526,0.6620261056812474,0,52517,0.15159133813265288,17241,True,200,200,1.0,117087,229351,0,52517,0.15159133813265288,17241,True,88019,0.5643059499996864,False,0,2.012708393931389,50000,True,58758,17241,1000,0.530524,851
0.33796891669790374,0.6620310833020963,0.1744186046511628,0.8604651162790697,1.0,0.05813953488372093,0.05813953488372093,6.082460173805373,28.29051243630406,0.07069507858873145,346810,114,43,15,5,200,200,1.0,346810,117211,229599,0.33796891669790374,0.6620310833020963,0,52564,0.1515642570860125,17246,True,200,200,1.0,117211,229599,0,52564,0.1515642570860125,17246,True,88105,0.5638802499996861,False,0,2.0141733050346375,50000,True,58806,17246,1000,0.530656,852
0.33793186871421493,0.662068131285785,0.1568627450980392,0.9019607843137255,1.0,0.11764705882352941,0.11764705882352941,5.378540040836482,21.092313885633263,0.09482127048006204,347212,99,51,16,12,200,200,1.0,347212,117334,229878,0.33793186871421493,0.662068131285785,0,52621,0.1515529417186042,17258,True,200,200,1.0,117334,229878,0,52621,0.1515529417186042,17258,True,88206,0.5633802999996858,False,0,2.013253679275513,50000,True,58867,17258,1000,0.530806,853
0.3379075039412665,0.6620924960587335,0.2604166666666667,0.8541666666666666,1.0,0.10416666666666667,0.10416666666666667,5.723048139435913,23.846033914316305,0.08387138956467187,347604,104,48,25,10,200,200,1.0,347604,117458,230146,0.3379075039412665,0.6620924960587335,0,52673,0.15153162794444253,17268,True,200,200,1.0,117458,230146,0,52673,0.15153162794444253,17268,True,88302,0.5629050999996854,False,0,1.9607923114299775,50000,True,58924,17268,1000,0.53095,854
0.33797373789615837,0.6620262621038416,0.16666666666666666,0.8771929824561403,1.0,0.3333333333333333,0.3333333333333333,5.1146562870723065,17.946162410780023,0.11144443888452868,348030,87,57,19,38,200,200,1.0,348030,117625,230405,0.33797373789615837,0.6620262621038416,0,52744,0.15155015372238026,17307,True,200,200,1.0,117625,230405,0,52744,0.15155015372238026,17307,True,88415,0.562345749999685,False,0,1.9908558320999146,50000,True,59011,17307,1000,0.531118,855
0.33794380184265665,0.6620561981573434,0.25555555555555554,0.8888888888888888,1.0,0.044444444444444446,0.044444444444444446,6.046467911071225,26.873190715872113,0.0744236150126654,348410,110,45,23,4,200,200,1.0,348410,117743,230667,0.33794380184265665,0.6620561981573434,0,52791,0.151519761200884,17311,True,200,200,1.0,117743,230667,0,52791,0.151519761200884,17311,True,88505,0.5619002499996847,False,0,1.9924078869819641,50000,True,59060,17311,1000,0.5312560000000001,856
0.33790958346472494,0.662090416535275,0.16363636363636364,0.9090909090909091,1.0,0.18181818181818182,0.17272727272727273,5.035726703412564,18.311733466954777,0.10921958882861557,348830,90,55,18,19,200,200,1.0,348830,117873,230957,0.33790958346472494,0.662090416535275,0,52854,0.15151793137058167,17331,True,200,200,1.0,117873,230957,0,52854,0.15151793137058167,17331,True,88615,0.5613557499996843,False,0,1.9641108202934265,50000,True,59134,17331,1000,0.5314180000000001,857
0.3379276178257857,0.6620723821742143,0.22093023255813954,0.8837209302325582,1.0,0.09302325581395349,0.09302325581395349,6.123701282527115,28.482331546637745,0.07021897054758827,349202,114,43,19,8,200,200,1.0,349202,118005,231197,0.3379276178257857,0.6620723821742143,0,52901,0.15149111402569287,17340,True,200,200,1.0,118005,231197,0,52901,0.15149111402569287,17340,True,88701,0.560930049999684,False,0,1.9975358778238297,50000,True,59185,17340,1000,0.53155,858
0.3379171481197588,0.6620828518802412,0.2542372881355932,0.847457627118644,1.0,0.2542372881355932,0.2288135593220339,4.596727489672296,15.582127083634902,0.12835218126930154,349636,83,59,30,27,200,200,1.0,349636,118148,231488,0.3379171481197588,0.6620828518802412,0,52974,0.15151185804665424,17370,True,200,200,1.0,118148,231488,0,52974,0.15151185804665424,17370,True,88818,0.5603508999996836,False,0,2.0363758260011675,50000,True,59268,17370,1000,0.5317240000000001,859
0.33788431980893285,0.6621156801910671,0.22,0.84,1.0,0.11,0.1,5.447220735480605,21.78888294192242,0.09178992816340961,350034,101,50,22,10,200,200,1.0,350034,118271,231763,0.33788431980893285,0.6621156801910671,0,53028,0.15149385488266853,17381,True,200,200,1.0,118271,231763,0,53028,0.15149385488266853,17381,True,88917,0.5598608499996832,False,0,2.0667420482635497,50000,True,59327,17381,1000,0.531874,860
0.3379276101770366,0.6620723898229635,0.27450980392156865,0.7647058823529411,1.0,0.2549019607843137,0.2549019607843137,5.3467361611022,20.96759278863608,0.0953852938752202,350436,99,51,28,26,200,200,1.0,350436,118422,232014,0.3379276101770366,0.6620723898229635,0,53090,0.15149699231814084,17407,True,200,200,1.0,118422,232014,0,53090,0.15149699231814084,17407,True,89018,0.5593608999996829,False,0,2.079999276995659,50000,True,59400,17407,1000,0.532024,861
0.337902692597068,0.6620973074029319,0.11904761904761904,0.9523809523809523,1.0,0.2777777777777778,0.2698412698412698,4.517944943315376,14.342682359731352,0.13944393034982205,350888,74,63,15,34,200,200,1.0,350888,118566,232322,0.337902692597068,0.6620973074029319,0,53171,0.15153268279336995,17442,True,200,200,1.0,118566,232322,0,53171,0.15153268279336995,17442,True,89144,0.5587371999996824,False,0,2.063625351190567,50000,True,59491,17442,1000,0.532216,862
0.3378519943976953,0.6621480056023047,0.21428571428571427,0.8367346938775511,1.0,0.061224489795918366,0.061224489795918366,5.551477839289026,22.659093221587863,0.08826478537519551,351284,102,49,21,6,200,200,1.0,351284,118682,232602,0.3378519943976953,0.6621480056023047,0,53224,0.15151273613372657,17449,True,200,200,1.0,118682,232602,0,53224,0.15151273613372657,17449,True,89242,0.5582520999996821,False,0,1.9781980323791504,50000,True,59546,17449,1000,0.5323599999999999,863
0.3378081724343845,0.6621918275656156,0.20212765957446807,0.8936170212765957,1.0,0.0425531914893617,0.0425531914893617,5.806031773424423,24.70651818478478,0.08095029761140833,351670,107,47,19,4,200,200,1.0,351670,118797,232873,0.3378081724343845,0.6621918275656156,0,53273,0.1514857679074132,17453,True,200,200,1.0,118797,232873,0,53273,0.1514857679074132,17453,True,89335,0.5577917499996817,False,0,2.0278148013353348,50000,True,59596,17453,1000,0.532498,864
0.3377472533715078,0.6622527466284922,0.29,0.84,1.0,0.06,0.06,5.511443221312203,22.045772885248812,0.0907203394687166,352068,101,50,29,6,200,200,1.0,352068,118910,233158,0.3377472533715078,0.6622527466284922,0,53325,0.1514622175261597,17459,True,200,200,1.0,118910,233158,0,53325,0.1514622175261597,17459,True,89434,0.5573016999996814,False,0,2.0609089052677154,50000,True,59651,17459,1000,0.532648,865
0.33772158794289214,0.6622784120571079,0.2553191489361702,0.8723404255319149,1.0,0.0851063829787234,0.0851063829787234,5.754931109058804,24.4890685491864,0.08166909231288202,352456,106,47,24,8,200,200,1.0,352456,119032,233424,0.33772158794289214,0.6622784120571079,0,53376,0.15144017976711988,17467,True,200,200,1.0,119032,233424,0,53376,0.15144017976711988,17467,True,89528,0.556836399999681,False,0,2.042227239608765,50000,True,59705,17467,1000,0.532792,866
0.3377234002754774,0.6622765997245226,0.1595744680851064,0.9361702127659575,1.0,0.11702127659574468,0.11702127659574468,5.953574428516456,25.334359270282793,0.07894417137859099,352842,107,47,15,11,200,200,1.0,352842,119163,233679,0.3377234002754774,0.6622765997245226,0,53429,0.15142471701214708,17478,True,200,200,1.0,119163,233679,0,53429,0.15142471701214708,17478,True,89621,0.5563760499996807,False,0,2.103653380870819,50000,True,59761,17478,1000,0.53293,867
0.3376978172861875,0.6623021827138125,0.3404255319148936,0.7446808510638298,1.0,0.09574468085106383,0.0851063829787234,5.669274255924888,24.124571301808036,0.08290302758043656,353230,106,47,32,8,200,200,1.0,353230,119285,233945,0.3376978172861875,0.6623021827138125,0,53481,0.15140559975087053,17486,True,200,200,1.0,119285,233945,0,53481,0.15140559975087053,17486,True,89715,0.5559107499996804,False,0,2.0653371107578278,50000,True,59817,17486,1000,0.533068,868
0.33768833989412245,0.6623116601058776,0.2553191489361702,0.851063829787234,1.0,0.10638297872340426,0.10638297872340426,5.847926413725821,24.88479324989711,0.08037036835772261,353616,107,47,24,10,200,200,1.0,353616,119412,234204,0.33768833989412245,0.6623116601058776,0,53530,0.151378896882494,17496,True,200,200,1.0,119412,234204,0,53530,0.151378896882494,17496,True,89808,0.55545039999968,False,0,2.0503444159030915,50000,True,59872,17496,1000,0.533212,869
0.3377402623817757,0.6622597376182243,0.19767441860465115,0.8837209302325582,1.0,0.16279069767441862,0.16279069767441862,6.097578153622423,28.36082862149964,0.07051980133203335,353988,114,43,17,14,200,200,1.0,353988,119556,234432,0.3377402623817757,0.6622597376182243,0,53579,0.15135823813236607,17511,True,200,200,1.0,119556,234432,0,53579,0.15135823813236607,17511,True,89894,0.5550246999996797,False,0,2.0325959372520446,50000,True,59928,17511,1000,0.5333380000000001,870
0.33774036426438797,0.6622596357356121,0.18604651162790697,0.8837209302325582,1.0,0.05813953488372093,0.05813953488372093,6.239149709121848,29.019300972659757,0.06891964771599011,354358,115,43,16,5,200,200,1.0,354358,119681,234677,0.33774036426438797,0.6622596357356121,0,53623,0.1513243668832085,17516,True,200,200,1.0,119681,234677,0,53623,0.1513243668832085,17516,True,89979,0.5546039499996794,False,0,2.003215034008026,50000,True,59974,17516,1000,0.533464,871
0.3377439760055025,0.6622560239944975,0.19791666666666666,0.875,1.0,0.14583333333333334,0.14583333333333334,5.786867092151052,24.11194621729605,0.08294643584454224,354748,105,48,19,14,200,200,1.0,354748,119814,234934,0.3377439760055025,0.6622560239944975,0,53675,0.15130458804559857,17530,True,200,200,1.0,119814,234934,0,53675,0.15130458804559857,17530,True,90074,0.5541336999996791,False,0,1.9974381494522095,50000,True,60035,17530,1000,0.533608,872
0.33769766184619543,0.6623023381538046,0.13725490196078433,0.9411764705882353,1.0,0.10784313725490197,0.10784313725490197,5.562940835243919,21.815454255858505,0.09167812764948055,355152,98,51,14,11,200,200,1.0,355152,119934,235218,0.33769766184619543,0.6623023381538046,0,53731,0.15129015182231834,17541,True,200,200,1.0,119934,235218,0,53731,0.15129015182231834,17541,True,90176,0.5536287999996787,False,0,1.9990722352266312,50000,True,60097,17541,1000,0.533764,873
0.33770982404032224,0.6622901759596778,0.20652173913043478,0.8695652173913043,1.0,0.14130434782608695,0.13043478260869565,5.829977688573449,25.347729080754128,0.0789025318058393,355536,108,46,19,12,200,200,1.0,355536,120068,235468,0.33770982404032224,0.6622901759596778,0,53785,0.15127863282480536,17554,True,200,200,1.0,120068,235468,0,53785,0.15127863282480536,17554,True,90268,0.5531733999996784,False,0,1.9723612010478973,50000,True,60154,17554,1000,0.533902,874
0.3376864203913283,0.6623135796086717,0.24444444444444444,0.8222222222222222,1.0,0.05555555555555555,0.05555555555555555,5.956430119370067,26.473022752755853,0.07554860730030533,355916,110,45,22,5,200,200,1.0,355916,120188,235728,0.3376864203913283,0.6623135796086717,0,53833,0.15125198080445948,17559,True,200,200,1.0,120188,235728,0,53833,0.15125198080445948,17559,True,90358,0.5527278999996781,False,0,1.9778107953071595,50000,True,60204,17559,1000,0.534034,875
0.33762636326386275,0.6623736367361373,0.16,0.92,1.0,0.06,0.06,5.65888448828036,22.63553795312144,0.08835663654833528,356314,101,50,16,6,200,200,1.0,356314,120301,236013,0.33762636326386275,0.6623736367361373,0,53884,0.1512261656853225,17565,True,200,200,1.0,120301,236013,0,53884,0.1512261656853225,17565,True,90457,0.5522378499996777,False,0,1.97537289083004,50000,True,60259,17565,1000,0.534184,876
0.3376685988496597,0.6623314011503403,0.16666666666666666,0.8888888888888888,1.0,0.35714285714285715,0.3333333333333333,4.321671897917186,13.719593326721226,0.14577691571255702,356764,75,63,21,42,200,200,1.0,356764,120468,236296,0.3376685988496597,0.6623314011503403,0,53971,0.15127927705710217,17610,True,200,200,1.0,120468,236296,0,53971,0.15127927705710217,17610,True,90582,0.5516190999996773,False,0,1.9755613899230957,50000,True,60361,17610,1000,0.53437,877
0.3376065983168245,0.6623934016831755,0.22727272727272727,0.8363636363636363,1.0,0.12727272727272726,0.12727272727272726,5.008233768075355,18.211759156637655,0.1098191549096485,357182,91,55,25,14,200,200,1.0,357182,120587,236595,0.3376065983168245,0.6623934016831755,0,54036,0.15128421924957025,17624,True,200,200,1.0,120587,236595,0,54036,0.15128421924957025,17624,True,90691,0.5510795499996769,False,0,2.0048969477415084,50000,True,60429,17624,1000,0.534532,878
0.33760110078195793,0.6623988992180421,0.17391304347826086,0.9347826086956522,1.0,0.09782608695652174,0.09782608695652174,5.937804114234318,25.81653962710573,0.07746971627057744,357564,109,46,16,9,200,200,1.0,357564,120714,236850,0.33760110078195793,0.6623988992180421,0,54085,0.15125963463883388,17633,True,200,200,1.0,120714,236850,0,54085,0.15125963463883388,17633,True,90782,0.5506290999996766,False,0,1.919186120033264,50000,True,60481,17633,1000,0.53467,879
0.3375750803184802,0.6624249196815197,0.18085106382978725,0.8936170212765957,1.0,0.07446808510638298,0.07446808510638298,5.956346642042307,25.346155923584284,0.07890742904090733,357950,107,47,17,7,200,200,1.0,357950,120835,237115,0.3375750803184802,0.6624249196815197,0,54136,0.1512389998603157,17640,True,200,200,1.0,120835,237115,0,54136,0.1512389998603157,17640,True,90875,0.5501687499996762,False,0,1.9197594153881072,50000,True,60533,17640,1000,0.534808,880
0.3375832259000675,0.6624167740999325,0.16037735849056603,0.9245283018867925,1.0,0.22641509433962265,0.22641509433962265,5.234994583141785,19.754696540157678,0.10124174754769664,358362,94,53,17,24,200,200,1.0,358362,120977,237385,0.3375832259000675,0.6624167740999325,0,54201,0.15124650493076833,17664,True,200,200,1.0,120977,237385,0,54201,0.15124650493076833,17664,True,90981,0.5496440499996759,False,0,1.9174848294258118,50000,True,60607,17664,1000,0.5349700000000001,881
0.3375982605786921,0.662401739421308,0.15555555555555556,0.9111111111111111,1.0,0.1111111111111111,0.1111111111111111,6.031875621896703,26.80833609731868,0.07460366032191144,358740,111,45,14,10,200,200,1.0,358740,121110,237630,0.3375982605786921,0.662401739421308,0,54248,0.15121815242236716,17675,True,200,200,1.0,121110,237630,0,54248,0.15121815242236716,17675,True,91070,0.5492034999996755,False,0,1.8843935269117356,50000,True,60661,17675,1000,0.535102,882
0.33761535848152874,0.6623846415184713,0.2,0.9,1.0,0.0375,0.0375,6.540507717379868,32.70253858689934,0.061157331706389345,359098,121,40,16,3,200,200,1.0,359098,121237,237861,0.33761535848152874,0.6623846415184713,0,54288,0.15117878684927236,17678,True,200,200,1.0,121237,237861,0,54288,0.15117878684927236,17678,True,91149,0.5488124499996753,False,0,1.9841243928670884,50000,True,60703,17678,1000,0.535222,883
0.33763141792290147,0.6623685820770986,0.12295081967213115,0.9344262295081968,1.0,0.3114754098360656,0.30327868852459017,4.6306996080553064,15.182621665755102,0.13172955527905073,359540,79,61,15,37,200,200,1.0,359540,121392,238148,0.33763141792290147,0.6623685820770986,0,54369,0.151218223285309,17716,True,200,200,1.0,121392,238148,0,54369,0.151218223285309,17716,True,91270,0.5482134999996748,False,0,2.011386687159538,50000,True,60793,17716,1000,0.535402,884
0.3376388479854192,0.6623611520145808,0.2553191489361702,0.7872340425531915,1.0,0.13829787234042554,0.11702127659574468,5.7582108892897175,24.50302506080731,0.08162257496928443,359926,107,47,24,11,200,200,1.0,359926,121525,238401,0.3376388479854192,0.6623611520145808,0,54421,0.15120052455226907,17729,True,200,200,1.0,121525,238401,0,54421,0.15120052455226907,17729,True,91363,0.5477531499996745,False,0,1.944051416516304,50000,True,60851,17729,1000,0.53554,885
0.3375598736755638,0.6624401263244362,0.2037037037037037,0.8518518518518519,1.0,0.08333333333333333,0.08333333333333333,5.0651794955018605,18.759924057414295,0.106610239672562,360342,92,54,22,9,200,200,1.0,360342,121637,238705,0.3375598736755638,0.6624401263244362,0,54480,0.15118970311537372,17739,True,200,200,1.0,121637,238705,0,54480,0.15118970311537372,17739,True,91471,0.5472185499996741,False,0,2.051170354485512,50000,True,60914,17739,1000,0.535702,886
0.3375592581297996,0.6624407418702004,0.2857142857142857,0.8095238095238095,1.0,0.047619047619047616,0.047619047619047616,6.14104069236983,29.243050916046812,0.06839231671626032,360710,116,42,24,4,200,200,1.0,360710,121761,238949,0.3375592581297996,0.6624407418702004,0,54523,0.15115466718416457,17743,True,200,200,1.0,121761,238949,0,54523,0.15115466718416457,17743,True,91555,0.5468027499996738,False,0,1.9778357529640198,50000,True,60960,17743,1000,0.535828,887
0.3375310118731171,0.6624689881268828,0.11475409836065574,0.9672131147540983,1.0,0.23770491803278687,0.23770491803278687,4.707986218325308,15.436020387951832,0.12956707426747416,361152,79,61,14,29,200,200,1.0,361152,121900,239252,0.3375310118731171,0.6624689881268828,0,54595,0.15116903685982633,17772,True,200,200,1.0,121900,239252,0,54595,0.15116903685982633,17772,True,91676,0.5462037999996734,False,0,1.9536729592084885,50000,True,61045,17772,1000,0.536014,888
0.33748782970437247,0.6625121702956276,0.2391304347826087,0.8695652173913043,1.0,0.03260869565217391,0.03260869565217391,5.872634025588586,25.53319141560255,0.07832941708876476,361536,108,46,22,3,200,200,1.0,361536,122014,239522,0.33748782970437247,0.6625121702956276,0,54642,0.15113847583643122,17775,True,200,200,1.0,122014,239522,0,54642,0.15113847583643122,17775,True,91768,0.5457483999996731,False,0,1.952688992023468,50000,True,61094,17775,1000,0.536152,889
0.3374776208474239,0.6625223791525761,0.09615384615384616,0.9615384615384616,1.0,0.18269230769230768,0.18269230769230768,5.380902266984319,20.69577794993969,0.09663806815272814,361944,96,52,10,19,200,200,1.0,361944,122148,239796,0.3374776208474239,0.6625223791525761,0,54705,0.15114216563888336,17794,True,200,200,1.0,122148,239796,0,54705,0.15114216563888336,17794,True,91872,0.5452335999996727,False,0,1.8861848878860474,50000,True,61164,17794,1000,0.536308,890
0.3374853029659029,0.6625146970340972,0.26136363636363635,0.7954545454545454,1.0,0.07954545454545454,0.07954545454545454,6.033324971638588,27.424204416539034,0.07292827786806594,362318,113,44,23,7,200,200,1.0,362318,122277,240041,0.3374853029659029,0.6625146970340972,0,54751,0.15111311058241655,17801,True,200,200,1.0,122277,240041,0,54751,0.15111311058241655,17801,True,91959,0.5448029499996724,False,0,1.979846768975258,50000,True,61213,17801,1000,0.5364340000000001,891
0.3374867678193366,0.6625132321806634,0.1694915254237288,0.9661016949152542,1.0,0.2711864406779661,0.2457627118644068,4.933652643423395,16.724246248892864,0.11958685433326473,362752,83,59,20,29,200,200,1.0,362752,122424,240328,0.3374867678193366,0.6625132321806634,0,54827,0.15114182692307693,17833,True,200,200,1.0,122424,240328,0,54827,0.15114182692307693,17833,True,92076,0.544223799999672,False,0,1.9843305921554566,50000,True,61300,17833,1000,0.536614,892
0.3374513356203986,0.6625486643796015,0.16666666666666666,0.8888888888888888,1.0,0.25396825396825395,0.24603174603174602,4.481222633913643,14.226103599725853,0.14058663259267573,363202,75,63,21,31,200,200,1.0,363202,122563,240639,0.3374513356203986,0.6625486643796015,0,54903,0.1511638151772292,17865,True,200,200,1.0,122563,240639,0,54903,0.1511638151772292,17865,True,92201,0.5436050499996715,False,0,2.016020849943161,50000,True,61390,17865,1000,0.5368,893
0.33747304967659614,0.6625269503234039,0.14655172413793102,0.896551724137931,1.0,0.29310344827586204,0.28448275862068967,4.876437279090366,16.815300962380572,0.11893929252140227,363632,85,58,17,33,200,200,1.0,363632,122716,240916,0.33747304967659614,0.6625269503234039,0,54975,0.15118306419677036,17899,True,200,200,1.0,122716,240916,0,54975,0.15118306419677036,17899,True,92316,0.5430357999996711,False,0,2.0289706707000734,50000,True,61475,17899,1000,0.5369740000000001,894
0.33742892459826945,0.6625710754017305,0.24545454545454545,0.8181818181818182,1.0,0.15454545454545454,0.15454545454545454,5.1379906976032474,18.68360253673908,0.10704573682014686,364050,91,55,27,17,200,200,1.0,364050,122841,241209,0.33742892459826945,0.6625710754017305,0,55036,0.1511770361214119,17916,True,200,200,1.0,122841,241209,0,55036,0.1511770361214119,17916,True,92425,0.5424962499996707,False,0,1.9401249569654464,50000,True,61544,17916,1000,0.5371360000000001,895
0.3373879782020536,0.6626120217979464,0.22340425531914893,0.8723404255319149,1.0,0.05319148936170213,0.05319148936170213,5.813018174155843,24.736247549599334,0.08085300715032645,364438,106,47,21,5,200,200,1.0,364438,122957,241481,0.3373879782020536,0.6626120217979464,0,55084,0.15114779468661335,17921,True,200,200,1.0,122957,241481,0,55084,0.15114779468661335,17921,True,92519,0.5420309499996704,False,0,1.8933778417110443,50000,True,61596,17921,1000,0.537274,896
0.33736891442229155,0.6626310855777084,0.15,0.9,1.0,0.13,0.12,5.522231260911066,22.088925043644263,0.0905431113577647,364838,100,50,15,12,200,200,1.0,364838,123085,241753,0.33736891442229155,0.6626310855777084,0,55141,0.15113831344322687,17935,True,200,200,1.0,123085,241753,0,55141,0.15113831344322687,17935,True,92619,0.54153594999967,False,0,1.8494987946748733,50000,True,61658,17935,1000,0.537424,897
0.33739129482377167,0.6626087051762284,0.22093023255813954,0.8837209302325582,1.0,0.10465116279069768,0.10465116279069768,6.098497089269332,28.36510274078759,0.07050917524526011,365208,115,43,19,9,200,200,1.0,365208,123218,241990,0.33739129482377167,0.6626087051762284,0,55187,0.15111114761998642,17944,True,200,200,1.0,123218,241990,0,55187,0.15111114761998642,17944,True,92704,0.5411151999996697,False,0,1.896861003637314,50000,True,61708,17944,1000,0.537556,898
0.3373688414280556,0.6626311585719444,0.2111111111111111,0.8888888888888888,1.0,0.05555555555555555,0.05555555555555555,5.982360711744865,26.588269829977175,0.0752211412321791,365588,110,45,19,5,200,200,1.0,365588,123338,242250,0.3373688414280556,0.6626311585719444,0,55235,0.15108537479348338,17949,True,200,200,1.0,123338,242250,0,55235,0.15108537479348338,17949,True,92794,0.5406696999996694,False,0,1.9565376824140548,50000,True,61758,17949,1000,0.5376879999999999,899
0.33732888876745265,0.6626711112325474,0.20588235294117646,0.8431372549019608,1.0,0.09803921568627451,0.09803921568627451,5.396957643819346,21.16453977968371,0.09449768437298327,365990,99,51,21,10,200,200,1.0,365990,123459,242531,0.33732888876745265,0.6626711112325474,0,55292,0.15107516598814175,17960,True,200,200,1.0,123459,242531,0,55292,0.15107516598814175,17960,True,92895,0.540169749999669,False,0,1.955818203687668,50000,True,61817,17960,1000,0.537838,900
0.33730513951355834,0.6626948604864417,0.20175438596491227,0.8771929824561403,1.0,0.21052631578947367,0.19298245614035087,4.8294316558264825,16.945374230970113,0.11802631046912565,366416,87,57,23,22,200,200,1.0,366416,123594,242822,0.33730513951355834,0.6626948604864417,0,55360,0.15108510545391032,17984,True,200,200,1.0,123594,242822,0,55360,0.15108510545391032,17984,True,93008,0.5396103999996686,False,0,2.0664820784330367,50000,True,61896,17984,1000,0.538012,901
0.3372602679982991,0.6627397320017009,0.1746031746031746,0.873015873015873,1.0,0.23809523809523808,0.23809523809523808,4.310133023608309,13.682961979708915,0.1461671824394375,366868,74,63,22,30,200,200,1.0,366868,123730,243138,0.3372602679982991,0.6627397320017009,0,55435,0.1511033941363106,18015,True,200,200,1.0,123730,243138,0,55435,0.1511033941363106,18015,True,93134,0.5389866999996682,False,0,1.9969814014434815,50000,True,61983,18015,1000,0.538198,902
0.33722487829846554,0.6627751217015345,0.16964285714285715,0.9107142857142857,1.0,0.19642857142857142,0.19642857142857142,5.000545061826493,17.859089506523187,0.11198779194591542,367292,88,56,19,22,200,200,1.0,367292,123860,243432,0.33722487829846554,0.6627751217015345,0,55501,0.15110865469435764,18036,True,200,200,1.0,123860,243432,0,55501,0.15110865469435764,18036,True,93246,0.5384322999996678,False,0,1.9472520846128463,50000,True,62057,18036,1000,0.538366,903
0.33715339345350115,0.6628466065464989,0.1574074074074074,0.9259259259259259,1.0,0.10185185185185185,0.10185185185185185,5.149602602022274,19.072602229712125,0.10486246060772524,367708,92,54,17,11,200,200,1.0,367708,123974,243734,0.33715339345350115,0.6628466065464989,0,55562,0.15110359306841298,18047,True,200,200,1.0,123974,243734,0,55562,0.15110359306841298,18047,True,93354,0.5378976999996674,False,0,1.9428190034627915,50000,True,62122,18047,1000,0.538528,904
0.33709849176337636,0.6629015082366236,0.10784313725490197,0.9607843137254902,1.0,0.0784313725490196,0.0784313725490196,5.568480097944891,21.83717685468585,0.09158693055008334,368112,98,51,11,8,200,200,1.0,368112,124090,244022,0.33709849176337636,0.6629015082366236,0,55618,0.15108988568696483,18056,True,200,200,1.0,124090,244022,0,55618,0.15108988568696483,18056,True,93456,0.537392799999667,False,0,1.8976599889993668,50000,True,62181,18056,1000,0.538684,905
0.33706240197967147,0.6629375980203285,0.23728813559322035,0.8135593220338984,1.0,0.19491525423728814,0.19491525423728814,4.681476976401797,15.869413479328124,0.12602860229240656,368546,83,59,28,23,200,200,1.0,368546,124223,244323,0.33706240197967147,0.6629375980203285,0,55687,0.15109918436233197,18080,True,200,200,1.0,124223,244323,0,55687,0.15109918436233197,18080,True,93573,0.5368136499996666,False,0,1.909252433180809,50000,True,62259,18080,1000,0.5388580000000001,906
0.3370648249541921,0.6629351750458079,0.1595744680851064,0.8723404255319149,1.0,0.1276595744680851,0.1276595744680851,5.866312306593817,24.96303109188858,0.08011847570265113,368932,107,47,15,12,200,200,1.0,368932,124354,244578,0.3370648249541921,0.6629351750458079,0,55741,0.15108746327236455,18092,True,200,200,1.0,124354,244578,0,55741,0.15108746327236455,18092,True,93666,0.5363532999996663,False,0,1.91539224088192,50000,True,62315,18092,1000,0.538996,907
0.3370582979069075,0.6629417020930926,0.2222222222222222,0.8666666666666667,1.0,0.07777777777777778,0.07777777777777778,6.027091169661313,26.78707186516139,0.07466288253032803,369310,111,45,20,7,200,200,1.0,369310,124479,244831,0.3370582979069075,0.6629417020930926,0,55788,0.15106008502342205,18099,True,200,200,1.0,124479,244831,0,55788,0.15106008502342205,18099,True,93755,0.535912749999666,False,0,1.8231469601392747,50000,True,62366,18099,1000,0.539128,908
0.3370081466174768,0.6629918533825232,0.19444444444444445,0.8703703703703703,1.0,0.1388888888888889,0.12962962962962962,5.186427468558554,19.20899062429094,0.10411791223797454,369724,93,54,21,14,200,200,1.0,369724,124600,245124,0.3370081466174768,0.6629918533825232,0,55849,0.15105592279646438,18113,True,200,200,1.0,124600,245124,0,55849,0.15105592279646438,18113,True,93862,0.5353830999996656,False,0,1.82893239736557,50000,True,62433,18113,1000,0.53929,909
0.3370234267340377,0.6629765732659623,0.23809523809523808,0.8095238095238095,1.0,0.07142857142857142,0.07142857142857142,6.1956916743383275,29.503293687325368,0.06778904149468577,370090,117,42,20,6,200,200,1.0,370090,124729,245361,0.3370234267340377,0.6629765732659623,0,55893,0.1510254262476695,18119,True,200,200,1.0,124729,245361,0,55893,0.1510254262476695,18119,True,93945,0.5349722499996653,False,0,1.8700912976264954,50000,True,62480,18119,1000,0.539416,910
0.33699888791716603,0.663001112082834,0.13829787234042554,0.9148936170212766,1.0,0.07446808510638298,0.07446808510638298,5.872063202108277,24.987502987694796,0.080040010439815,370476,107,47,13,7,200,200,1.0,370476,124850,245626,0.33699888791716603,0.663001112082834,0,55944,0.15100573316490137,18125,True,200,200,1.0,124850,245626,0,55944,0.15100573316490137,18125,True,94038,0.534511899999665,False,0,1.8820384490489959,50000,True,62532,18125,1000,0.539554,911
0.3369969691413286,0.6630030308586714,0.22727272727272727,0.8636363636363636,1.0,0.07954545454545454,0.07954545454545454,6.125522169943051,27.843282590650233,0.07183061097370752,370852,112,44,20,7,200,200,1.0,370852,124976,245876,0.3369969691413286,0.6630030308586714,0,55992,0.15098206292537183,18132,True,200,200,1.0,124976,245876,0,55992,0.15098206292537183,18132,True,94126,0.5340762999996647,False,0,1.9562981569766997,50000,True,62583,18132,1000,0.539686,912
0.3370235093843601,0.6629764906156399,0.21568627450980393,0.8627450980392157,1.0,0.23529411764705882,0.23529411764705882,5.418501956404178,21.249027280016385,0.0941219554968004,371256,98,51,22,24,200,200,1.0,371256,125122,246134,0.3370235093843601,0.6629764906156399,0,56055,0.15098745878854483,18156,True,200,200,1.0,125122,246134,0,56055,0.15098745878854483,18156,True,94228,0.5335713999996643,False,0,2.0181076204776764,50000,True,62655,18156,1000,0.539842,913
0.3370090520628155,0.6629909479371845,0.18604651162790697,0.8837209302325582,1.0,0.03488372093023256,0.03488372093023256,6.121035759063897,28.46993376308789,0.07024954875704906,371628,114,43,16,3,200,200,1.0,371628,125242,246386,0.3370090520628155,0.6629909479371845,0,56100,0.15095740902192514,18159,True,200,200,1.0,125242,246386,0,56100,0.15095740902192514,18159,True,94314,0.533145699999664,False,0,1.972541593313217,50000,True,62701,18159,1000,0.539968,914
0.33693677227914376,0.6630632277208562,0.26785714285714285,0.8214285714285714,1.0,0.125,0.125,4.866771563486292,17.38132701245104,0.11506601300161422,372052,88,56,30,14,200,200,1.0,372052,125358,246694,0.33693677227914376,0.6630632277208562,0,56161,0.15094932966359542,18173,True,200,200,1.0,125358,246694,0,56161,0.15094932966359542,18173,True,94426,0.5325912999996636,False,0,1.986617125272751,50000,True,62769,18173,1000,0.540136,915
0.3369440297305135,0.6630559702694865,0.1875,0.875,1.0,0.025,0.025,6.439564833787497,32.19782416893749,0.06211599856891818,372412,120,40,15,2,200,200,1.0,372412,125482,246930,0.3369440297305135,0.6630559702694865,0,56202,0.15091350439835452,18175,True,200,200,1.0,125482,246930,0,56202,0.15091350439835452,18175,True,94506,0.5321952999996633,False,0,1.9266146343946458,50000,True,62811,18175,1000,0.5402560000000001,916
0.3369357045143639,0.6630642954856361,0.26,0.86,1.0,0.15,0.15,5.48652861270682,21.94611445082728,0.09113230519603929,372810,101,50,26,15,200,200,1.0,372810,125613,247197,0.3369357045143639,0.6630642954856361,0,56259,0.15090528687535207,18190,True,200,200,1.0,125613,247197,0,56259,0.15090528687535207,18190,True,94605,0.531705249999663,False,0,1.9283586645126343,50000,True,62873,18190,1000,0.540406,917
0.3369578032389792,0.6630421967610207,0.24489795918367346,0.8979591836734694,1.0,0.19387755102040816,0.19387755102040816,5.7470579293536606,23.457379303484327,0.08526101633625043,373204,103,49,24,19,200,200,1.0,373204,125754,247450,0.3369578032389792,0.6630421967610207,0,56318,0.15090406319332053,18209,True,200,200,1.0,125754,247450,0,56318,0.15090406319332053,18209,True,94702,0.5312250999996626,False,0,1.8957069689035415,50000,True,62937,18209,1000,0.5405500000000001,918
0.3370031317754758,0.6629968682245242,0.2765957446808511,0.7872340425531915,1.0,0.19148936170212766,0.19148936170212766,5.823012122344121,24.778774988698387,0.08071424034933934,373590,107,47,26,18,200,200,1.0,373590,125901,247689,0.3370031317754758,0.6629968682245242,0,56371,0.15089001311598277,18229,True,200,200,1.0,125901,247689,0,56371,0.15089001311598277,18229,True,94795,0.5307647499996623,False,0,1.8698793774843216,50000,True,62998,18229,1000,0.5406880000000001,919
0.3370326790394181,0.662967320960582,0.15789473684210525,0.9473684210526315,1.0,0.02631578947368421,0.02631578947368421,6.741159012671195,35.479784277216815,0.0563701285321594,373940,125,38,12,2,200,200,1.0,373940,126030,247910,0.3370326790394181,0.662967320960582,0,56409,0.15085040380809756,18231,True,200,200,1.0,126030,247910,0,56409,0.15085040380809756,18231,True,94870,0.530393499999662,False,0,1.9158061391115189,50000,True,63037,18231,1000,0.540802,920
0.3370224337911985,0.6629775662088015,0.17307692307692307,0.9038461538461539,1.0,0.16346153846153846,0.16346153846153846,5.41749957738795,20.836536836107502,0.09598524052875297,374346,97,52,18,17,200,200,1.0,374346,126163,248183,0.3370224337911985,0.6629775662088015,0,56469,0.1508470773028161,18249,True,200,200,1.0,126163,248183,0,56469,0.1508470773028161,18249,True,94973,0.5298836499996616,False,0,1.886169576048851,50000,True,63103,18249,1000,0.540958,921
0.33702062928664833,0.6629793707133517,0.18292682926829268,0.926829268292683,1.0,0.024390243902439025,0.024390243902439025,6.381411885961986,31.12883846810725,0.06424910463810209,374710,118,41,15,2,200,200,1.0,374710,126285,248425,0.33702062928664833,0.6629793707133517,0,56510,0.15080995970216968,18251,True,200,200,1.0,126285,248425,0,56510,0.15080995970216968,18251,True,95055,0.5294777499996614,False,0,1.9046452397108078,50000,True,63146,18251,1000,0.5410780000000001,922
0.33701239149444406,0.6629876085055559,0.26595744680851063,0.8936170212765957,1.0,0.09574468085106383,0.0851063829787234,5.856107238469054,24.91960527008108,0.08025809310877148,375096,107,47,25,8,200,200,1.0,375096,126412,248684,0.33701239149444406,0.6629876085055559,0,56561,0.15079073090622133,18261,True,200,200,1.0,126412,248684,0,56561,0.15079073090622133,18261,True,95148,0.529017399999661,False,0,1.936140256524086,50000,True,63201,18261,1000,0.541222,923
0.3370270946849251,0.6629729053150749,0.17647058823529413,0.8627450980392157,1.0,0.19607843137254902,0.19607843137254902,5.538437839749889,21.719364077450546,0.09208372735352956,375498,99,51,18,20,200,200,1.0,375498,126553,248945,0.3370270946849251,0.6629729053150749,0,56619,0.15078375916782513,18281,True,200,200,1.0,126553,248945,0,56619,0.15078375916782513,18281,True,95249,0.5285174499996607,False,0,1.9452761095762252,50000,True,63270,18281,1000,0.541372,924
0.33698277421345507,0.663017225786545,0.19047619047619047,0.8888888888888888,1.0,0.23015873015873015,0.2222222222222222,4.469674841931623,14.189443942640072,0.14094985033133597,375948,75,63,24,28,200,200,1.0,375948,126688,249260,0.33698277421345507,0.663017225786545,0,56692,0.15079745071126857,18310,True,200,200,1.0,126688,249260,0,56692,0.15079745071126857,18310,True,95374,0.5278986999996602,False,0,1.9384660214185714,50000,True,63357,18310,1000,0.541558,925
0.3369691719853539,0.6630308280146461,0.17,0.9,1.0,0.14,0.13,5.563635301596869,22.254541206387476,0.0898692982008527,376346,101,50,17,13,200,200,1.0,376346,126817,249529,0.3369691719853539,0.6630308280146461,0,56750,0.15079209025736956,18324,True,200,200,1.0,126817,249529,0,56750,0.15079209025736956,18324,True,95473,0.5274086499996599,False,0,1.9257206869125367,50000,True,63418,18324,1000,0.5417080000000001,926
0.33699547165404076,0.6630045283459592,0.13541666666666666,0.9375,1.0,0.20833333333333334,0.19791666666666666,5.777038824921331,24.070995103838882,0.08308754961613683,376738,104,48,13,19,200,200,1.0,376738,126959,249779,0.33699547165404076,0.6630045283459592,0,56810,0.1507944513162994,18343,True,200,200,1.0,126959,249779,0,56810,0.1507944513162994,18343,True,95569,0.5269334499996595,False,0,1.8806916350126266,50000,True,63484,18343,1000,0.541852,927
0.33702910118855045,0.6629708988114495,0.2625,0.825,1.0,0.0875,0.0875,6.208468780898358,31.042343904491794,0.06442812456924692,377098,120,40,21,7,200,200,1.0,377098,127093,250005,0.33702910118855045,0.6629708988114495,0,56853,0.15076452275005436,18350,True,200,200,1.0,127093,250005,0,56853,0.15076452275005436,18350,True,95649,0.5265374499996592,False,0,1.8786555778980256,50000,True,63531,18350,1000,0.541972,928
0.3369906122189493,0.6630093877810507,0.2037037037037037,0.8518518518518519,1.0,0.14814814814814814,0.14814814814814814,5.1832627337026835,19.197269384084013,0.10418148331335866,377512,93,54,22,16,200,200,1.0,377512,127218,250294,0.3369906122189493,0.6630093877810507,0,56913,0.1507581215961347,18366,True,200,200,1.0,127218,250294,0,56913,0.1507581215961347,18366,True,95756,0.5260077999996589,False,0,1.9242384558916092,50000,True,63600,18366,1000,0.542134,929
0.336972797934315,0.663027202065685,0.17391304347826086,0.9130434782608695,1.0,0.32608695652173914,0.2971014492753623,3.8847131319408565,11.260038063596687,0.17761929299918897,377986,63,69,24,41,200,200,1.0,377986,127371,250615,0.336972797934315,0.663027202065685,0,57006,0.15081510955432212,18411,True,200,200,1.0,127371,250615,0,57006,0.15081510955432212,18411,True,95893,0.5253296499996584,False,0,1.9373906844854354,50000,True,63705,18411,1000,0.542338,930
0.3369080338266385,0.6630919661733615,0.21296296296296297,0.9074074074074074,1.0,0.10185185185185185,0.10185185185185185,5.317367515370302,19.693953760630748,0.10155401116042558,378400,93,54,23,11,200,200,1.0,378400,127486,250914,0.3369080338266385,0.6630919661733615,0,57063,0.1508007399577167,18422,True,200,200,1.0,127486,250914,0,57063,0.1508007399577167,18422,True,96000,0.524799999999658,False,0,1.972805370092392,50000,True,63769,18422,1000,0.5425,931
0.3368790582273135,0.6631209417726864,0.19230769230769232,0.8769230769230769,1.0,0.2692307692307692,0.2692307692307692,4.193343376505634,12.90259500463272,0.1550075778773102,378860,70,65,25,35,200,200,1.0,378860,127630,251230,0.3368790582273135,0.6631209417726864,0,57146,0.15083672068838094,18459,True,200,200,1.0,127630,251230,0,57146,0.15083672068838094,18459,True,96130,0.5241564999996575,False,0,1.9830232948064803,50000,True,63867,18459,1000,0.542692,932
0.3368612561303591,0.6631387438696409,0.21,0.92,1.0,0.14,0.14,5.496171434604715,21.98468573841886,0.09097241706325342,379260,100,50,21,14,200,200,1.0,379260,127758,251502,0.3368612561303591,0.6631387438696409,0,57201,0.15082265464325265,18473,True,200,200,1.0,127758,251502,0,57201,0.15082265464325265,18473,True,96230,0.5236614999996572,False,0,1.9924050223827363,50000,True,63929,18473,1000,0.542842,933
0.3368762940367625,0.6631237059632376,0.25,0.8095238095238095,1.0,0.07142857142857142,0.07142857142857142,6.283551709693951,29.921674808066435,0.06684117827057028,379626,117,42,21,6,200,200,1.0,379626,127887,251739,0.3368762940367625,0.6631237059632376,0,57246,0.15079578321822004,18479,True,200,200,1.0,127887,251739,0,57246,0.15079578321822004,18479,True,96313,0.5232506499996569,False,0,1.9660288465023041,50000,True,63976,18479,1000,0.542968,934
0.3368938783888336,0.6631061216111664,0.20930232558139536,0.8604651162790697,1.0,0.10465116279069768,0.10465116279069768,6.109447604542193,28.416035369963687,0.07038279527600953,379998,114,43,18,9,200,200,1.0,379998,128019,251979,0.3368938783888336,0.6631061216111664,0,57295,0.15077710935320712,18488,True,200,200,1.0,128019,251979,0,57295,0.15077710935320712,18488,True,96399,0.5228249499996566,False,0,1.8949391531944275,50000,True,64027,18488,1000,0.543094,935
0.3368553055676781,0.6631446944323218,0.29545454545454547,0.7954545454545454,1.0,0.0,0.0,5.9769481739576795,27.16794624526218,0.07361616450300436,380374,112,44,26,0,200,200,1.0,380374,128131,252243,0.3368553055676781,0.6631446944323218,0,57339,0.15074374168581448,18488,True,200,200,1.0,128131,252243,0,57339,0.15074374168581448,18488,True,96487,0.5223893499996562,False,0,1.8518893373012544,50000,True,64071,18488,1000,0.543226,936
0.3368527214850767,0.6631472785149233,0.23863636363636365,0.8409090909090909,1.0,0.045454545454545456,0.045454545454545456,6.016609718392744,27.348225992694292,0.0731308860960222,380748,113,44,21,4,200,200,1.0,380748,128256,252492,0.3368527214850767,0.6631472785149233,0,57383,0.15071123157574037,18494,True,200,200,1.0,128256,252492,0,57383,0.15071123157574037,18494,True,96574,0.5219586999996559,False,0,1.8458843219280243,50000,True,64118,18494,1000,0.543358,937
0.3368606378010191,0.663139362198981,0.09090909090909091,0.9318181818181818,1.0,0.09090909090909091,0.09090909090909091,6.108749928386079,27.767045129027633,0.07202782977830084,381122,113,44,8,8,200,200,1.0,381122,128385,252737,0.3368606378010191,0.663139362198981,0,57432,0.15069190442955274,18502,True,200,200,1.0,128385,252737,0,57432,0.15069190442955274,18502,True,96661,0.5215280499996556,False,0,1.8774579787254333,50000,True,64169,18502,1000,0.54349,938
0.3368695050408141,0.6631304949591859,0.15853658536585366,0.926829268292683,1.0,0.04878048780487805,0.04878048780487805,6.387551413724526,31.15878738402208,0.06418735027620429,381486,118,41,13,4,200,200,1.0,381486,128511,252975,0.3368695050408141,0.6631304949591859,0,57475,0.15066083683280646,18506,True,200,200,1.0,128511,252975,0,57475,0.15066083683280646,18506,True,96743,0.5211221499996553,False,0,1.8730728805065155,50000,True,64214,18506,1000,0.54361,939
0.3368940683514469,0.663105931648553,0.2073170731707317,0.926829268292683,1.0,0.08536585365853659,0.08536585365853659,6.451799575430117,31.47219305087862,0.06354816128532122,381850,118,41,17,7,200,200,1.0,381850,128643,253207,0.3368940683514469,0.663105931648553,0,57519,0.15063244729605865,18513,True,200,200,1.0,128643,253207,0,57519,0.15063244729605865,18513,True,96825,0.520716249999655,False,0,1.9066543716192246,50000,True,64261,18513,1000,0.543736,940
0.33680217652906397,0.663197823470936,0.3018867924528302,0.8113207547169812,1.0,0.02830188679245283,0.02830188679245283,5.323172255176334,20.087442472363524,0.09956469086353911,382260,95,53,32,3,200,200,1.0,382260,128746,253514,0.33680217652906397,0.663197823470936,0,57571,0.15060691675822738,18517,True,200,200,1.0,128746,253514,0,57571,0.15060691675822738,18517,True,96930,0.5201964999996547,False,0,1.9517339766025543,50000,True,64316,18517,1000,0.543892,941
0.33682323300960726,0.6631767669903927,0.16666666666666666,0.9047619047619048,1.0,0.09523809523809523,0.09523809523809523,6.29796883536901,29.99032778747148,0.06668816740427572,382628,116,42,14,8,200,200,1.0,382628,128878,253750,0.33682323300960726,0.6631767669903927,0,57616,0.15057967529820088,18525,True,200,200,1.0,128878,253750,0,57616,0.15057967529820088,18525,True,97014,0.5197806999996544,False,0,1.939708458185196,50000,True,64365,18525,1000,0.544018,942
0.33683210093161214,0.6631678990683878,0.2682926829268293,0.8292682926829268,1.0,0.024390243902439025,0.024390243902439025,6.281955481114578,30.64368527372965,0.06526630142995786,382992,118,41,22,2,200,200,1.0,382992,129004,253988,0.33683210093161214,0.6631678990683878,0,57659,0.15054883652922255,18529,True,200,200,1.0,129004,253988,0,57659,0.15054883652922255,18529,True,97096,0.5193747999996541,False,0,1.9257306671142578,50000,True,64408,18529,1000,0.544144,943
0.3367641842121737,0.6632358157878263,0.20833333333333334,0.8541666666666666,1.0,0.010416666666666666,0.010416666666666666,5.617479985609772,23.406166606707384,0.08544756745544443,383384,104,48,20,1,200,200,1.0,383384,129110,254274,0.3367641842121737,0.6632358157878263,0,57708,0.15052271351960436,18530,True,200,200,1.0,129110,254274,0,57708,0.15052271351960436,18530,True,97192,0.5188995999996537,False,0,1.9896170973777771,50000,True,64457,18530,1000,0.544288,944
0.33671523261630815,0.6632847673836919,0.16071428571428573,0.875,1.0,0.16964285714285715,0.16071428571428573,4.931274783589988,17.611695655678528,0.11356089947847477,383808,88,56,18,18,200,200,1.0,383808,129234,254574,0.33671523261630815,0.6632847673836919,0,57772,0.15052317825579456,18548,True,200,200,1.0,129234,254574,0,57772,0.15052317825579456,18548,True,97304,0.5183451999996533,False,0,1.9530299150943755,50000,True,64531,18548,1000,0.544456,945
0.33672439010425614,0.6632756098957439,0.14166666666666666,0.9,1.0,0.275,0.26666666666666666,4.764481828961104,15.881606096537013,0.12593184768863525,384246,81,60,17,32,200,200,1.0,384246,129385,254861,0.33672439010425614,0.6632756098957439,0,57848,0.15054938763188166,18583,True,200,200,1.0,129385,254861,0,57848,0.15054938763188166,18583,True,97423,0.5177561499996529,False,0,1.9238394278287887,50000,True,64620,18583,1000,0.54463,946
0.3366706010201588,0.6633293989798412,0.25,0.84,1.0,0.07,0.07,5.457286936587283,21.829147746349133,0.09162061768235981,384646,100,50,25,7,200,200,1.0,384646,129499,255147,0.3366706010201588,0.6633293989798412,0,57900,0.1505280179697696,18590,True,200,200,1.0,129499,255147,0,57900,0.1505280179697696,18590,True,97523,0.5172611499996526,False,0,1.8904493606090547,50000,True,64677,18590,1000,0.54478,947
0.33665053082085056,0.6633494691791495,0.2,0.8727272727272727,1.0,0.2,0.2,5.133595342118957,18.667619425887118,0.1071373887784814,385064,91,55,22,22,200,200,1.0,385064,129632,255432,0.33665053082085056,0.6633494691791495,0,57964,0.1505308208505599,18611,True,200,200,1.0,129632,255432,0,57964,0.1505308208505599,18611,True,97632,0.5167215999996522,False,0,1.8693420618772507,50000,True,64751,18611,1000,0.544948,948
0.3366870414379261,0.6633129585620738,0.15555555555555556,0.9111111111111111,1.0,0.16666666666666666,0.16666666666666666,6.108200799405357,27.147559108468254,0.07367144839832512,385444,110,45,14,15,200,200,1.0,385444,129774,255670,0.3366870414379261,0.6633129585620738,0,58017,0.15051991988460062,18627,True,200,200,1.0,129774,255670,0,58017,0.15051991988460062,18627,True,97722,0.5162760999996518,False,0,1.9443742001056672,50000,True,64809,18627,1000,0.54508,949
0.336649111530407,0.663350888469593,0.22340425531914893,0.8936170212765957,1.0,0.05319148936170213,0.05319148936170213,5.851430496327161,24.89970423969005,0.08032223920202258,385832,106,47,21,5,200,200,1.0,385832,129890,255942,0.336649111530407,0.663350888469593,0,58066,0.15049555246843185,18632,True,200,200,1.0,129890,255942,0,58066,0.15049555246843185,18632,True,97816,0.5158107999996515,False,0,1.948406795859337,50000,True,64861,18632,1000,0.545224,950
0.3366290238232081,0.6633709761767919,0.14655172413793102,0.896551724137931,1.0,0.22413793103448276,0.22413793103448276,4.88976274670152,16.861250850694898,0.11861516193014675,386262,85,58,17,26,200,200,1.0,386262,130027,256235,0.3366290238232081,0.6633709761767919,0,58137,0.15051182875871819,18658,True,200,200,1.0,130027,256235,0,58137,0.15051182875871819,18658,True,97931,0.5152415499996511,False,0,1.9748034018278122,50000,True,64941,18658,1000,0.545392,951
0.33659640501745763,0.6634035949825423,0.24468085106382978,0.8936170212765957,1.0,0.06382978723404255,0.06382978723404255,5.796124494634546,24.664359551636366,0.08108866544103349,386650,106,47,23,6,200,200,1.0,386650,130145,256505,0.33659640501745763,0.6634035949825423,0,58186,0.1504875210138368,18664,True,200,200,1.0,130145,256505,0,58186,0.1504875210138368,18664,True,98025,0.5147762499996508,False,0,1.9488722866773605,50000,True,64994,18664,1000,0.545536,952
0.33658631113867143,0.6634136888613286,0.12222222222222222,0.9555555555555556,1.0,0.08888888888888889,0.07777777777777778,6.156410395701004,27.361823980893348,0.07309454228623764,387030,110,45,11,7,200,200,1.0,387030,130269,256761,0.33658631113867143,0.6634136888613286,0,58234,0.15046378833682145,18671,True,200,200,1.0,130269,256761,0,58234,0.15046378833682145,18671,True,98115,0.5143307499996504,False,0,1.88477922976017,50000,True,65047,18671,1000,0.545668,953
0.3365278889089642,0.6634721110910358,0.29,0.78,1.0,0.06,0.05,5.427751187266097,21.711004749064386,0.0921191820975576,387430,100,50,29,5,200,200,1.0,387430,130381,257049,0.3365278889089642,0.6634721110910358,0,58286,0.15044266060965852,18677,True,200,200,1.0,130381,257049,0,58286,0.15044266060965852,18677,True,98215,0.5138357499996501,False,0,1.8370928210020065,50000,True,65103,18677,1000,0.545818,954
0.33655765352698164,0.6634423464730184,0.10526315789473684,1.0,1.0,0.039473684210526314,0.039473684210526314,6.652364448693339,35.01244446680705,0.057122546867473534,387782,124,38,8,3,200,200,1.0,387782,130511,257271,0.33655765352698164,0.6634423464730184,0,58325,0.15040667178982006,18680,True,200,200,1.0,130511,257271,0,58325,0.15040667178982006,18680,True,98291,0.5134595499996498,False,0,1.8207175928354262,50000,True,65144,18680,1000,0.545932,955
0.33655490757722506,0.6634450924227749,0.2033898305084746,0.8983050847457628,1.0,0.2627118644067797,0.23728813559322035,4.869561012340314,16.506986482509536,0.12116081891259552,388216,83,59,24,28,200,200,1.0,388216,130656,257560,0.33655490757722506,0.6634450924227749,0,58401,0.1504342943103839,18711,True,200,200,1.0,130656,257560,0,58401,0.1504342943103839,18711,True,98408,0.5128803999996494,False,0,1.861553537249565,50000,True,65230,18711,1000,0.546112,956
0.33659908692720636,0.6634009130727936,0.18292682926829268,0.9024390243902439,1.0,0.13414634146341464,0.12195121951219512,6.409830827981808,31.267467453569797,0.06396424663973418,388578,119,41,15,10,200,200,1.0,388578,130795,257783,0.33659908692720636,0.6634009130727936,0,58448,0.15041510327398874,18721,True,200,200,1.0,130795,257783,0,58448,0.15041510327398874,18721,True,98489,0.5124794499996491,False,0,1.8832279127836227,50000,True,65280,18721,1000,0.546232,957
0.33660708776404286,0.6633929122359572,0.22727272727272727,0.8409090909090909,1.0,0.07954545454545454,0.07954545454545454,6.131065969291034,27.868481678595607,0.07176566068671407,388952,113,44,20,7,200,200,1.0,388952,130924,258028,0.33660708776404286,0.6633929122359572,0,58494,0.1503887369135523,18728,True,200,200,1.0,130924,258028,0,58494,0.1503887369135523,18728,True,98576,0.5120487999996488,False,0,1.922928094267845,50000,True,65329,18728,1000,0.5463640000000001,958
0.33659956130662816,0.6634004386933718,0.22340425531914893,0.8723404255319149,1.0,0.10638297872340426,0.10638297872340426,5.7615802111376935,24.51736260058593,0.0815748427994536,389338,107,47,21,10,200,200,1.0,389338,131051,258287,0.33659956130662816,0.6634004386933718,0,58545,0.1503706291191715,18738,True,200,200,1.0,131051,258287,0,58545,0.1503706291191715,18738,True,98669,0.5115884499996485,False,0,1.9238304764032363,50000,True,65384,18738,1000,0.546502,959
0.33661435506881937,0.6633856449311806,0.23333333333333334,0.8444444444444444,1.0,0.13333333333333333,0.13333333333333333,5.9058683922175215,26.248303965411207,0.07619539923933778,389716,111,45,21,12,200,200,1.0,389716,131184,258532,0.33661435506881937,0.6633856449311806,0,58596,0.15035564359687567,18749,True,200,200,1.0,131184,258532,0,58596,0.15035564359687567,18749,True,98758,0.5111478999996482,False,0,1.9470240366458893,50000,True,65438,18749,1000,0.5466340000000001,960
0.3365829774362077,0.6634170225637923,0.12222222222222222,0.9555555555555556,1.0,0.022222222222222223,0.022222222222222223,6.079441886716121,27.019741718738317,0.07401995255243284,390094,111,45,11,2,200,200,1.0,390094,131299,258795,0.3365829774362077,0.6634170225637923,0,58640,0.15032274272354867,18751,True,200,200,1.0,131299,258795,0,58640,0.15032274272354867,18751,True,98847,0.5107073499996478,False,0,1.9783073848485946,50000,True,65484,18751,1000,0.546766,961
0.3366433251202508,0.6633566748797493,0.2714285714285714,0.8571428571428571,1.0,0.05714285714285714,0.05714285714285714,6.797591759334743,38.84338148191282,0.05148882315849066,390434,130,35,19,4,200,200,1.0,390434,131437,258997,0.3366433251202508,0.6633566748797493,0,58676,0.15028404288560934,18755,True,200,200,1.0,131437,258997,0,58676,0.15028404288560934,18755,True,98917,0.5103608499996476,False,0,1.9873809039592742,50000,True,65523,18755,1000,0.5468740000000001,962
0.33665104187988704,0.663348958120113,0.16,0.92,1.0,0.18,0.17,5.616076591719219,22.464306366876876,0.08903012482722172,390832,101,50,16,17,200,200,1.0,390832,131574,259258,0.33665104187988704,0.663348958120113,0,58736,0.15028452122651165,18773,True,200,200,1.0,131574,259258,0,58736,0.15028452122651165,18773,True,99016,0.5098707999996472,False,0,1.9918122339248656,50000,True,65589,18773,1000,0.547024,963
0.3366188830494264,0.6633811169505737,0.26136363636363635,0.7954545454545454,1.0,0.011363636363636364,0.011363636363636364,5.998676664891165,27.266712113141658,0.07334951099718641,391208,112,44,23,1,200,200,1.0,391208,131688,259520,0.3366188830494264,0.6633811169505737,0,58781,0.1502551072575203,18774,True,200,200,1.0,131688,259520,0,58781,0.1502551072575203,18774,True,99104,0.5094351999996469,False,0,2.0029253178834914,50000,True,65634,18774,1000,0.547156,964
0.33660701517844377,0.6633929848215563,0.15,0.92,1.0,0.15,0.15,5.6072192201192514,22.428876880477006,0.08917076011687773,391608,100,50,15,15,200,200,1.0,391608,131818,259790,0.33660701517844377,0.6633929848215563,0,58841,0.15025484668341813,18789,True,200,200,1.0,131818,259790,0,58841,0.15025484668341813,18789,True,99204,0.5089401999996466,False,0,1.9908842027187348,50000,True,65697,18789,1000,0.5473060000000001,965
0.33658746881488927,0.6634125311851107,0.19230769230769232,0.8653846153846154,1.0,0.15384615384615385,0.14423076923076922,5.370568158730973,20.65603137973451,0.09682402022114403,392014,97,52,20,15,200,200,1.0,392014,131947,260067,0.33658746881488927,0.6634125311851107,0,58900,0.15024973597881708,18805,True,200,200,1.0,131947,260067,0,58900,0.15024973597881708,18805,True,99307,0.5084303499996462,False,0,1.9408081477880479,50000,True,65764,18805,1000,0.547456,966
0.33656556286665207,0.6634344371333479,0.19148936170212766,0.851063829787234,1.0,0.0851063829787234,0.0851063829787234,5.728819098757533,24.377953611734185,0.0820413407890526,392402,106,47,18,8,200,200,1.0,392402,132069,260333,0.33656556286665207,0.6634344371333479,0,58951,0.15023114051406466,18813,True,200,200,1.0,132069,260333,0,58951,0.15023114051406466,18813,True,99401,0.5079650499996459,False,0,1.964662851691246,50000,True,65819,18813,1000,0.5476,967
0.3365720918629692,0.6634279081370308,0.18032786885245902,0.8688524590163934,1.0,0.30327868852459017,0.28688524590163933,4.522489503459847,14.82783443757327,0.1348814628609598,392846,78,61,22,35,200,200,1.0,392846,132221,260625,0.3365720918629692,0.6634279081370308,0,59033,0.15027008038773462,18850,True,200,200,1.0,132221,260625,0,59033,0.15027008038773462,18850,True,99523,0.5073611499996454,False,0,1.9181796777248383,50000,True,65909,18850,1000,0.54778,968
0.3366011077373777,0.6633988922626223,0.1595744680851064,0.8936170212765957,1.0,0.19148936170212766,0.19148936170212766,5.706505015933927,24.283000067803947,0.08236214612755927,393234,106,47,15,18,200,200,1.0,393234,132363,260871,0.3366011077373777,0.6633988922626223,0,59088,0.1502616762538336,18868,True,200,200,1.0,132363,260871,0,59088,0.1502616762538336,18868,True,99617,0.5068958499996451,False,0,1.916833614706993,50000,True,65971,18868,1000,0.5479240000000001,969
0.33659254065753175,0.6634074593424683,0.19090909090909092,0.8727272727272727,1.0,0.22727272727272727,0.20909090909090908,4.911863034583828,17.861320125759374,0.11197380629865229,393654,90,55,21,23,200,200,1.0,393654,132501,261153,0.33659254065753175,0.6634074593424683,0,59156,0.15027409857387453,18892,True,200,200,1.0,132501,261153,0,59156,0.15027409857387453,18892,True,99727,0.5063513499996447,False,0,1.9517287611961365,50000,True,66049,18892,1000,0.5480860000000001,970
0.3366165012816283,0.6633834987183718,0.25,0.8409090909090909,1.0,0.13636363636363635,0.13636363636363635,5.997270328326994,27.260319674213612,0.07336671117220472,394030,112,44,22,12,200,200,1.0,394030,132637,261393,0.3366165012816283,0.6633834987183718,0,59206,0.15025759459939597,18904,True,200,200,1.0,132637,261393,0,59206,0.15025759459939597,18904,True,99815,0.5059157499996444,False,0,1.943301819562912,50000,True,66102,18904,1000,0.548218,971
0.33661837561547003,0.66338162438453,0.17391304347826086,0.8913043478260869,1.0,0.11956521739130435,0.11956521739130435,5.85769249035986,25.468228218955915,0.07852921619853426,394414,108,46,16,11,200,200,1.0,394414,132767,261647,0.33661837561547003,0.66338162438453,0,59260,0.15024821634120492,18915,True,200,200,1.0,132767,261647,0,59260,0.15024821634120492,18915,True,99907,0.5054603499996441,False,0,1.971598628759384,50000,True,66159,18915,1000,0.5483560000000001,972
0.3366163368467971,0.6633836631532029,0.16129032258064516,0.9354838709677419,1.0,0.3064516129032258,0.2903225806451613,4.499090426172553,14.513194923137268,0.13780563208804936,394862,76,62,20,36,200,200,1.0,394862,132917,261945,0.3366163368467971,0.6633836631532029,0,59341,0.15028288364036044,18952,True,200,200,1.0,132917,261945,0,59341,0.15028288364036044,18952,True,100031,0.5048465499996436,False,0,1.9900083601474763,50000,True,66252,18952,1000,0.5485420000000001,973
0.3365963131448581,0.6634036868551418,0.23333333333333334,0.8,1.0,0.05555555555555555,0.05555555555555555,5.834623382355897,25.931659477137316,0.07712580067478145,395242,110,45,21,5,200,200,1.0,395242,133037,262205,0.3365963131448581,0.6634036868551418,0,59388,0.15025731071090623,18957,True,200,200,1.0,133037,262205,0,59388,0.15025731071090623,18957,True,100121,0.5044010499996433,False,0,1.986972957253456,50000,True,66301,18957,1000,0.5486800000000001,974
0.3365659230951984,0.6634340769048016,0.25,0.7962962962962963,1.0,0.16666666666666666,0.16666666666666666,5.015949273038342,18.57758990014201,0.10765659112674847,395658,92,54,27,18,200,200,1.0,395658,133165,262493,0.3365659230951984,0.6634340769048016,0,59450,0.1502560291969327,18975,True,200,200,1.0,133165,262493,0,59450,0.1502560291969327,18975,True,100229,0.5038664499996429,False,0,1.9342467981576918,50000,True,66372,18975,1000,0.548842,975
0.33654414252457976,0.6634558574754202,0.22,0.88,1.0,0.13,0.13,5.5120392457798975,22.04815698311959,0.0907105297522705,396058,100,50,22,13,200,200,1.0,396058,133291,262767,0.33654414252457976,0.6634558574754202,0,59507,0.15024819597129713,18988,True,200,200,1.0,133291,262767,0,59507,0.15024819597129713,18988,True,100329,0.5033714499996426,False,0,1.8655608439445495,50000,True,66433,18988,1000,0.548992,976
0.336524055268853,0.663475944731147,0.16666666666666666,0.9215686274509803,1.0,0.14705882352941177,0.14705882352941177,5.449592661901445,21.370951615299784,0.09358497628005344,396462,98,51,17,15,200,200,1.0,396462,133419,263043,0.336524055268853,0.663475944731147,0,59568,0.15024895198026544,19003,True,200,200,1.0,133419,263043,0,59568,0.15024895198026544,19003,True,100431,0.5028665499996422,False,0,1.8803028279542924,50000,True,66498,19003,1000,0.549142,977
0.33653022346312406,0.663469776536876,0.2826086956521739,0.8260869565217391,1.0,0.10869565217391304,0.10869565217391304,5.789519888441126,25.17182560191794,0.0794539113542727,396844,109,46,26,10,200,200,1.0,396844,133550,263294,0.33653022346312406,0.663469776536876,0,59617,0.1502277973208616,19013,True,200,200,1.0,133550,263294,0,59617,0.1502277973208616,19013,True,100522,0.5024160999996419,False,0,1.94039137840271,50000,True,66552,19013,1000,0.54928,978
0.336532264561347,0.663467735438653,0.2558139534883721,0.8372093023255814,1.0,0.06976744186046512,0.06976744186046512,6.091204225876329,28.331182445936413,0.0705935943131404,397216,114,43,22,6,200,200,1.0,397216,133676,263540,0.336532264561347,0.663467735438653,0,59664,0.1502054297913478,19019,True,200,200,1.0,133676,263540,0,59664,0.1502054297913478,19019,True,100608,0.5019903999996416,False,0,2.041961134672165,50000,True,66601,19019,1000,0.549412,979
0.336529804389049,0.663470195610951,0.20754716981132076,0.8867924528301887,1.0,0.18867924528301888,0.18867924528301888,5.2815537695149875,19.930391583075423,0.10034925764822246,397626,95,53,22,20,200,200,1.0,397626,133813,263813,0.336529804389049,0.663470195610951,0,59728,0.1502115052838597,19039,True,200,200,1.0,133813,263813,0,59728,0.1502115052838597,19039,True,100713,0.5014706499996412,False,0,2.12967361330986,50000,True,66670,19039,1000,0.5495680000000001,980
0.33655566051007896,0.663444339489921,0.11206896551724138,0.9310344827586207,1.0,0.29310344827586204,0.27586206896551724,4.950472650050245,17.070595345000847,0.11716053011506149,398056,85,58,13,32,200,200,1.0,398056,133968,264088,0.33655566051007896,0.663444339489921,0,59800,0.15023011837530398,19073,True,200,200,1.0,133968,264088,0,59800,0.15023011837530398,19073,True,100828,0.5009013999996408,False,0,2.108077746629715,50000,True,66756,19073,1000,0.549742,981
0.33653667571868146,0.6634633242813186,0.2391304347826087,0.8260869565217391,1.0,0.06521739130434782,0.06521739130434782,5.882895648667779,25.577807168120774,0.07819278591218427,398438,109,46,22,6,200,200,1.0,398438,134089,264349,0.33653667571868146,0.6634633242813186,0,59848,0.15020655660353682,19079,True,200,200,1.0,134089,264349,0,59848,0.15020655660353682,19079,True,100919,0.5004509499996405,False,0,2.070481190085411,50000,True,66807,19079,1000,0.549874,982
0.3365280960283994,0.6634719039716006,0.12295081967213115,0.9344262295081968,1.0,0.28688524590163933,0.28688524590163933,4.552945772248769,14.927691056553341,0.1339791929256192,398882,78,61,15,35,200,200,1.0,398882,134235,264647,0.3365280960283994,0.6634719039716006,0,59923,0.15022738554259155,19113,True,200,200,1.0,134235,264647,0,59923,0.15022738554259155,19113,True,101041,0.49984704999964,False,0,2.0166820150613787,50000,True,66898,19113,1000,0.55006,983
0.3364915022465325,0.6635084977534675,0.23,0.88,1.0,0.1,0.1,5.566504909449603,22.26601963779841,0.08982296937369239,399282,100,50,23,10,200,200,1.0,399282,134355,264927,0.3364915022465325,0.6635084977534675,0,59978,0.1502146352703102,19123,True,200,200,1.0,134355,264927,0,59978,0.1502146352703102,19123,True,101141,0.49935204999963967,False,0,1.9733337742090225,50000,True,66957,19123,1000,0.5502100000000001,984
0.3365267693169933,0.6634732306830067,0.15625,0.8958333333333334,1.0,0.21875,0.21875,5.891335214869068,24.54723006195445,0.08147558787497508,399674,104,48,15,21,200,200,1.0,399674,134501,265173,0.3365267693169933,0.6634732306830067,0,60036,0.15021242312484676,19144,True,200,200,1.0,134501,265173,0,60036,0.15021242312484676,19144,True,101237,0.4988768499996393,False,0,1.9828215998411178,50000,True,67024,19144,1000,0.550354,985
0.3365045243213518,0.6634954756786482,0.2127659574468085,0.8723404255319149,1.0,0.06382978723404255,0.06382978723404255,5.886335667221666,25.048236881794324,0.07984593923469517,400060,107,47,20,6,200,200,1.0,400060,134622,265438,0.3365045243213518,0.6634954756786482,0,60084,0.1501874718792181,19151,True,200,200,1.0,134622,265438,0,60084,0.1501874718792181,19151,True,101330,0.498416499999639,False,0,2.0036436343193054,50000,True,67076,19151,1000,0.550492,986
0.33654917160738634,0.6634508283926137,0.24358974358974358,0.8205128205128205,1.0,0.08974358974358974,0.08974358974358974,6.46119629568331,33.13433997786313,0.060360339193000045,400414,123,39,19,7,200,200,1.0,400414,134759,265655,0.33654917160738634,0.6634508283926137,0,60125,0.15015708741452596,19158,True,200,200,1.0,134759,265655,0,60125,0.15015708741452596,19158,True,101407,0.4980353499996387,False,0,1.9984421145915985,50000,True,67121,19158,1000,0.550606,987
0.33657368132142323,0.6634263186785767,0.16666666666666666,0.9285714285714286,1.0,0.07142857142857142,0.07142857142857142,6.3955779982305945,30.455133324907592,0.06567037414228981,400780,117,42,14,6,200,200,1.0,400780,134892,265888,0.33657368132142323,0.6634263186785767,0,60169,0.15012974699336296,19165,True,200,200,1.0,134892,265888,0,60169,0.15012974699336296,19165,True,101490,0.4976244999996384,False,0,1.9735190695524216,50000,True,67168,19165,1000,0.550732,988
0.33658960949612887,0.6634103905038711,0.1836734693877551,0.9183673469387755,1.0,0.17346938775510204,0.17346938775510204,5.703782036319764,23.280743005386796,0.08590791108072589,401174,103,49,18,17,200,200,1.0,401174,135031,266143,0.33658960949612887,0.6634103905038711,0,60226,0.15012438493022978,19182,True,200,200,1.0,135031,266143,0,60226,0.15012438493022978,19182,True,101587,0.4971443499996381,False,0,1.9201974695920945,50000,True,67231,19182,1000,0.550876,989
0.3365623101212236,0.6634376898787764,0.21,0.86,1.0,0.11,0.1,5.537255418842966,22.149021675371863,0.0902974419959983,401572,101,50,21,10,200,200,1.0,401572,135154,266418,0.3365623101212236,0.6634376898787764,0,60284,0.15012002828882492,19193,True,200,200,1.0,135154,266418,0,60284,0.15012002828882492,19193,True,101686,0.4966542999996377,False,0,1.9215359109640122,50000,True,67290,19193,1000,0.551026,990
0.3365841037327469,0.6634158962672532,0.09782608695652174,0.9347826086956522,1.0,0.16304347826086957,0.16304347826086957,5.911281019436879,25.7012218236386,0.0778173120999449,401956,108,46,9,15,200,200,1.0,401956,135292,266664,0.3365841037327469,0.6634158962672532,0,60338,0.1501109574182249,19208,True,200,200,1.0,135292,266664,0,60338,0.1501109574182249,19208,True,101778,0.4961988999996374,False,0,1.9139787638187409,50000,True,67349,19208,1000,0.551164,991
0.3366009822831123,0.6633990177168877,0.19767441860465115,0.9069767441860465,1.0,0.10465116279069768,0.10465116279069768,6.173461677852721,28.713775245826607,0.06965297954997016,402328,114,43,17,9,200,200,1.0,402328,135424,266904,0.3366009822831123,0.6633990177168877,0,60387,0.1500939531924201,19217,True,200,200,1.0,135424,266904,0,60387,0.1500939531924201,19217,True,101864,0.4957731999996371,False,0,1.93627277135849,50000,True,67401,19217,1000,0.551296,992
0.3366602925472471,0.663339707452753,0.2777777777777778,0.8611111111111112,1.0,0.05555555555555555,0.05555555555555555,6.771936173174924,37.621867628749584,0.053160571924176774,402670,129,36,20,4,200,200,1.0,402670,135563,267107,0.3366602925472471,0.663339707452753,0,60422,0.15005339359773512,19222,True,200,200,1.0,135563,267107,0,60422,0.15005339359773512,19222,True,101935,0.49542174999963684,False,0,1.9429163563251495,50000,True,67440,19222,1000,0.551398,993
0.3366493341536507,0.6633506658463493,0.21052631578947367,0.8421052631578947,1.0,0.22807017543859648,0.22807017543859648,4.872420318764494,17.096211644787697,0.11698498132536639,403096,87,57,24,26,200,200,1.0,403096,135702,267394,0.3366493341536507,0.6633506658463493,0,60488,0.1500585468474011,19248,True,200,200,1.0,135702,267394,0,60488,0.1500585468474011,19248,True,102048,0.49486239999963644,False,0,2.019783903360367,50000,True,67519,19248,1000,0.5515720000000001,994
0.33668846136686975,0.6633115386331303,0.11904761904761904,0.9047619047619048,1.0,0.11904761904761904,0.11904761904761904,6.371050818890041,30.33833723280972,0.06592319099931022,403462,117,42,10,10,200,200,1.0,403462,135841,267621,0.33668846136686975,0.6633115386331303,0,60536,0.15004139175436595,19259,True,200,200,1.0,135841,267621,0,60536,0.15004139175436595,19259,True,102131,0.49445154999963614,False,0,1.996141653060913,50000,True,67569,19259,1000,0.5516920000000001,995
0.33669618447640554,0.6633038155235944,0.18292682926829268,0.9512195121951219,1.0,0.036585365853658534,0.036585365853658534,6.484245444090096,31.6304655809273,0.06323017898307416,403824,119,41,15,3,200,200,1.0,403824,135966,267858,0.33669618447640554,0.6633038155235944,0,60577,0.1500084195094893,19262,True,200,200,1.0,135966,267858,0,60577,0.1500084195094893,19262,True,102212,0.49405059999963585,False,0,1.962265009880066,50000,True,67612,19262,1000,0.551818,996
0.33664502849905004,0.6633549715009499,0.21,0.88,1.0,0.06,0.06,5.474715184797504,21.898860739190017,0.09132895194044578,404224,100,50,21,6,200,200,1.0,404224,136080,268144,0.33664502849905004,0.6633549715009499,0,60630,0.14999109404686511,19269,True,200,200,1.0,136080,268144,0,60630,0.14999109404686511,19269,True,102312,0.4935555999996355,False,0,1.8884543347358704,50000,True,67667,19269,1000,0.551968,997
0.336681529229157,0.663318470770843,0.18604651162790697,0.8837209302325582,1.0,0.1511627906976744,0.1511627906976744,6.091970438591115,28.334746226005187,0.07058471546021582,404596,114,43,16,13,200,200,1.0,404596,136220,268376,0.336681529229157,0.663318470770843,0,60679,0.14997429534646908,19282,True,200,200,1.0,136220,268376,0,60679,0.14997429534646908,19282,True,102398,0.4931298999996352,False,0,1.8875169247388839,50000,True,67723,19282,1000,0.552094,998
0.33669438464121354,0.6633056153587864,0.1864406779661017,0.864406779661017,1.0,0.288135593220339,0.2711864406779661,4.817113092222514,16.329196922788185,0.1224799976053264,405032,82,59,22,32,200,200,1.0,405032,136372,268660,0.33669438464121354,0.6633056153587864,0,60753,0.14999555590669378,19317,True,200,200,1.0,136372,268660,0,60753,0.14999555590669378,19317,True,102516,0.49254579999963477,False,0,1.8979066175222397,50000,True,67813,19317,1000,0.552274,999
0.3366997637333097,0.6633002362666903,0.09016393442622951,0.9508196721311475,1.0,0.28688524590163933,0.28688524590163933,4.659924017911165,15.278439402987425,0.13090342195610213,405474,79,61,11,35,200,200,1.0,405474,136523,268951,0.3366997637333097,0.6633002362666903,0,60831,0.150024415868835,19352,True,200,200,1.0,136523,268951,0,60831,0.150024415868835,19352,True,102637,0.49194684999963434,False,0,1.8616102820634841,50000,True,67900,19352,1000,0.552454,1000
0.33674686326496417,0.6632531367350358,0.23170731707317074,0.8292682926829268,1.0,0.13414634146341464,0.13414634146341464,6.345953020482982,30.955868392599914,0.06460810514616691,405836,119,41,19,11,200,200,1.0,405836,136664,269172,0.33674686326496417,0.6632531367350358,0,60877,0.15000394247922808,19363,True,200,200,1.0,136664,269172,0,60877,0.15000394247922808,19363,True,102718,0.49154589999963405,False,0,1.9254267090559005,50000,True,67950,19363,1000,0.552574,1001
0.33674293338847777,0.6632570666115223,0.29069767441860467,0.7906976744186046,1.0,0.046511627906976744,0.046511627906976744,6.100916848290476,28.37635743390919,0.07048120974153078,406206,115,43,25,4,200,200,1.0,406206,136787,269419,0.33674293338847777,0.6632570666115223,0,60921,0.14997562812956972,19367,True,200,200,1.0,136787,269419,0,60921,0.14997562812956972,19367,True,102803,0.49112514999963375,False,0,1.8762842214107514,50000,True,67995,19367,1000,0.5527,1002
0.3366896212493851,0.6633103787506149,0.25510204081632654,0.8163265306122449,1.0,0.04081632653061224,0.04081632653061224,5.683065789915638,23.19618689761485,0.08622106766201518,406600,103,49,25,4,200,200,1.0,406600,136898,269702,0.3366896212493851,0.6633103787506149,0,60973,0.14995818986719134,19371,True,200,200,1.0,136898,269702,0,60973,0.14995818986719134,19371,True,102900,0.4906449999996334,False,0,1.866073282957077,50000,True,68047,19371,1000,0.5528500000000001,1003
0.3366908737138983,0.6633091262861017,0.1557377049180328,0.8852459016393442,1.0,0.29508196721311475,0.29508196721311475,4.501418742961588,14.75874997692324,0.13551283158310812,407044,78,61,19,36,200,200,1.0,407044,137048,269996,0.3366908737138983,0.6633091262861017,0,61051,0.14998624227356255,19407,True,200,200,1.0,137048,269996,0,61051,0.14998624227356255,19407,True,103022,0.49004109999963297,False,0,1.8611208307743072,50000,True,68138,19407,1000,0.55303,1004
0.3366570627819198,0.6633429372180801,0.14655172413793102,0.9310344827586207,1.0,0.1896551724137931,0.1896551724137931,4.878514029509032,16.822462170720797,0.11888866086921361,407474,85,58,17,22,200,200,1.0,407474,137179,270295,0.3366570627819198,0.6633429372180801,0,61120,0.14999730044125514,19430,True,200,200,1.0,137179,270295,0,61120,0.14999730044125514,19430,True,103137,0.48947184999963256,False,0,1.8844899708032607,50000,True,68213,19430,1000,0.553204,1005
0.3366444400862914,0.6633555599137086,0.1693548387096774,0.8870967741935484,1.0,0.27419354838709675,0.27419354838709675,4.49327449230445,14.494433846143387,0.13798400277166747,407920,77,62,21,34,200,200,1.0,407920,137324,270596,0.3366444400862914,0.6633555599137086,0,61200,0.15002941753284957,19464,True,200,200,1.0,137324,270596,0,61200,0.15002941753284957,19464,True,103260,0.4888629999996321,False,0,1.8474114978313445,50000,True,68302,19464,1000,0.55339,1006
0.3365971453482107,0.6634028546517893,0.336734693877551,0.7755102040816326,1.0,0.04081632653061224,0.04081632653061224,5.51453065592647,22.508288391536613,0.08885615668368742,408316,102,49,33,4,200,200,1.0,408316,137438,270878,0.3365971453482107,0.6634028546517893,0,61252,0.1500112657843435,19470,True,200,200,1.0,137438,270878,0,61252,0.1500112657843435,19470,True,103358,0.48837789999963177,False,0,1.8736907643079759,50000,True,68355,19470,1000,0.553534,1007
0.336580520789502,0.6634194792104979,0.1935483870967742,0.8870967741935484,1.0,0.27419354838709675,0.27419354838709675,4.556250075494183,14.697580888690913,0.13607681530359222,408764,76,62,24,34,200,200,1.0,408764,137582,271182,0.336580520789502,0.6634194792104979,0,61334,0.15004746014815395,19504,True,200,200,1.0,137582,271182,0,61334,0.15004746014815395,19504,True,103482,0.48776409999963133,False,0,1.8670721912384034,50000,True,68446,19504,1000,0.55372,1008
0.33657728290303346,0.6634227170969665,0.22115384615384615,0.8461538461538461,1.0,0.19230769230769232,0.19230769230769232,5.391423530371574,20.736244347582975,0.09644948074857734,409172,96,52,23,20,200,200,1.0,409172,137718,271454,0.33657728290303346,0.6634227170969665,0,61397,0.15005181195194198,19524,True,200,200,1.0,137718,271454,0,61397,0.15005181195194198,19524,True,103586,0.48724929999963096,False,0,1.899603672027588,50000,True,68517,19524,1000,0.553876,1009
0.33656517811363135,0.6634348218863686,0.18,0.9,1.0,0.14,0.14,5.72828308066883,22.91313232267532,0.08728618906550624,409570,101,50,18,14,200,200,1.0,409570,137847,271723,0.33656517811363135,0.6634348218863686,0,61454,0.1500451693239251,19538,True,200,200,1.0,137847,271723,0,61454,0.1500451693239251,19538,True,103685,0.4867592499996306,False,0,1.948097533583641,50000,True,68579,19538,1000,0.554026,1010
0.3364853197270284,0.6635146802729717,0.2033898305084746,0.8813559322033898,1.0,0.13559322033898305,0.13559322033898305,4.629239883001132,15.692338586444516,0.12745072947429623,410006,82,59,24,16,200,200,1.0,410006,137961,272045,0.3364853197270284,0.6635146802729717,0,61522,0.15005146266152203,19554,True,200,200,1.0,137961,272045,0,61522,0.15005146266152203,19554,True,103803,0.4861751499996302,False,0,1.9692026716470719,50000,True,68653,19554,1000,0.5542,1011
0.3364857422741207,0.6635142577258792,0.30952380952380953,0.7857142857142857,1.0,0.05952380952380952,0.05952380952380952,6.279187202848934,29.900891442137784,0.06688763791107255,410374,116,42,26,5,200,200,1.0,410374,138085,272289,0.3364857422741207,0.6635142577258792,0,61567,0.15002656113691412,19558,True,200,200,1.0,138085,272289,0,61567,0.15002656113691412,19558,True,103887,0.4857593499996299,False,0,1.9912785148620606,50000,True,68700,19558,1000,0.554326,1012
0.33651837750198405,0.663481622498016,0.27,0.78,1.0,0.24,0.24,5.431314598709125,21.7252583948365,0.09205874395838465,410774,100,50,27,24,200,200,1.0,410774,138233,272541,0.33651837750198405,0.663481622498016,0,61630,0.15003383855842872,19582,True,200,200,1.0,138233,272541,0,61630,0.15003383855842872,19582,True,103987,0.48526434999962953,False,0,1.9483971506357194,50000,True,68768,19582,1000,0.554476,1013
0.3365374325047429,0.6634625674952571,0.23809523809523808,0.8333333333333334,1.0,0.08333333333333333,0.08333333333333333,6.280089150666059,29.90518643174314,0.066878031493463,411140,117,42,20,7,200,200,1.0,411140,138364,272776,0.3365374325047429,0.6634625674952571,0,61673,0.15000486452303352,19589,True,200,200,1.0,138364,272776,0,61673,0.15000486452303352,19589,True,104070,0.48485349999962923,False,0,1.9562891227006913,50000,True,68816,19589,1000,0.554602,1014
0.33650042281859627,0.6634995771814037,0.1956521739130435,0.8913043478260869,1.0,0.03260869565217391,0.03260869565217391,5.897931076587689,25.643178593859517,0.07799345126734473,411524,108,46,18,3,200,200,1.0,411524,138478,273046,0.33650042281859627,0.6634995771814037,0,61722,0.149983962053246,19592,True,200,200,1.0,138478,273046,0,61722,0.149983962053246,19592,True,104162,0.4843980999996289,False,0,1.935640606880188,50000,True,68865,19592,1000,0.55474,1015
0.3365024180861188,0.6634975819138812,0.26744186046511625,0.8372093023255814,1.0,0.08139534883720931,0.08139534883720931,6.0460652374123836,28.12123366238318,0.07112063517595006,411896,114,43,23,7,200,200,1.0,411896,138604,273292,0.3365024180861188,0.6634975819138812,0,61769,0.1499626119214559,19598,True,200,200,1.0,138604,273292,0,61769,0.1499626119214559,19598,True,104248,0.4839723999996286,False,0,1.9144622385501862,50000,True,68915,19598,1000,0.554872,1016
0.3364775907986204,0.6635224092013796,0.2604166666666667,0.7916666666666666,1.0,0.08333333333333333,0.08333333333333333,5.673396281289937,23.639151172041405,0.08460540674427636,412286,105,48,25,8,200,200,1.0,412286,138725,273561,0.3364775907986204,0.6635224092013796,0,61818,0.14993960503145876,19606,True,200,200,1.0,138725,273561,0,61818,0.14993960503145876,19606,True,104343,0.48350214999962826,False,0,1.9286884891986846,50000,True,68970,19606,1000,0.55501,1017
0.336443117603156,0.6635568823968441,0.2708333333333333,0.7916666666666666,1.0,0.0625,0.0625,5.628413437726864,23.451722657195265,0.08528158162344532,412676,105,48,26,6,200,200,1.0,412676,138842,273834,0.336443117603156,0.6635568823968441,0,61866,0.14991421841832334,19612,True,200,200,1.0,138842,273834,0,61866,0.14991421841832334,19612,True,104438,0.4830318999996279,False,0,1.9360579365491868,50000,True,69023,19612,1000,0.555154,1018
0.3364866958441458,0.6635133041558542,0.14035087719298245,0.9122807017543859,1.0,0.32456140350877194,0.32456140350877194,4.931676139654033,17.304126805803623,0.11557936568802887,413104,86,57,16,37,200,200,1.0,413104,139004,274100,0.3364866958441458,0.6635133041558542,0,61943,0.14994529222665479,19650,True,200,200,1.0,139004,274100,0,61943,0.14994529222665479,19650,True,104552,0.4824675999996275,False,0,1.9058908069133758,50000,True,69114,19650,1000,0.555328,1019
0.33647981271071253,0.6635201872892875,0.22727272727272727,0.8181818181818182,1.0,0.045454545454545456,0.045454545454545456,5.965894442937784,27.11770201335356,0.07375256203549772,413478,113,44,20,4,200,200,1.0,413478,139127,274351,0.33647981271071253,0.6635201872892875,0,61990,0.14992333328496316,19654,True,200,200,1.0,139127,274351,0,61990,0.14992333328496316,19654,True,104639,0.4820369499996272,False,0,1.9140098929405212,50000,True,69161,19654,1000,0.555454,1020
0.33648971899388697,0.6635102810061131,0.11458333333333333,0.9583333333333334,1.0,0.16666666666666666,0.16666666666666666,5.72531887008824,23.855495292034334,0.08383812515801449,413870,104,48,11,16,200,200,1.0,413870,139263,274607,0.33648971899388697,0.6635102810061131,0,62045,0.14991422427332254,19670,True,200,200,1.0,139263,274607,0,62045,0.14991422427332254,19670,True,104735,0.48156174999962686,False,0,1.8743646103143692,50000,True,69223,19670,1000,0.555598,1021
0.336466691772158,0.6635333082278421,0.22826086956521738,0.8478260869565217,1.0,0.043478260869565216,0.043478260869565216,5.878180048833425,25.557304560145326,0.07825551381184571,414252,109,46,21,4,200,200,1.0,414252,139382,274870,0.336466691772158,0.6635333082278421,0,62093,0.14989185326805907,19675,True,200,200,1.0,139382,274870,0,62093,0.14989185326805907,19675,True,104826,0.48111129999962654,False,0,1.7963770550489426,50000,True,69272,19675,1000,0.555736,1022
0.33646852269877103,0.663531477301229,0.21428571428571427,0.8775510204081632,1.0,0.16326530612244897,0.16326530612244897,5.612927686216899,22.90990892333428,0.08729847013765091,414648,102,49,21,16,200,200,1.0,414648,139516,275132,0.33646852269877103,0.663531477301229,0,62146,0.1498765217726843,19691,True,200,200,1.0,139516,275132,0,62146,0.1498765217726843,19691,True,104924,0.4806261999996262,False,0,1.7719278931617737,50000,True,69336,19691,1000,0.555886,1023
0.33644073922367057,0.6635592607763294,0.10869565217391304,0.9565217391304348,1.0,0.043478260869565216,0.043478260869565216,5.95511740519867,25.891814805211606,0.07724448884894047,415030,109,46,10,4,200,200,1.0,415030,139633,275397,0.33644073922367057,0.6635592607763294,0,62192,0.14984940847649567,19695,True,200,200,1.0,139633,275397,0,62192,0.14984940847649567,19695,True,105015,0.48017574999962587,False,0,1.8389615750312804,50000,True,69385,19695,1000,0.556018,1024
0.33638306783553096,0.663616932164469,0.21296296296296297,0.8703703703703703,1.0,0.10185185185185185,0.10185185185185185,5.13179153238308,19.00663530512252,0.10522641003486692,415446,92,54,23,11,200,200,1.0,415446,139749,275697,0.33638306783553096,0.663616932164469,0,62252,0.1498437823447572,19707,True,200,200,1.0,139749,275697,0,62252,0.1498437823447572,19707,True,105123,0.4796411499996255,False,0,1.7950306624174117,50000,True,69448,19707,1000,0.55618,1025
0.33634090034628705,0.663659099653713,0.2755102040816326,0.7959183673469388,1.0,0.061224489795918366,0.061224489795918366,5.571255856222132,22.739819821314825,0.08795144445803087,415840,103,49,27,6,200,200,1.0,415840,139864,275976,0.33634090034628705,0.663659099653713,0,62301,0.1498196421700654,19713,True,200,200,1.0,139864,275976,0,62301,0.1498196421700654,19713,True,105220,0.47916099999962514,False,0,1.8046506905555726,50000,True,69502,19713,1000,0.55633,1026
0.3363597049708094,0.6636402950291906,0.1875,0.875,1.0,0.17708333333333334,0.17708333333333334,5.703076374984413,23.762818229101722,0.08416510115583221,416230,105,48,18,17,200,200,1.0,416230,140003,276227,0.3363597049708094,0.6636402950291906,0,62356,0.14981140234966245,19730,True,200,200,1.0,140003,276227,0,62356,0.14981140234966245,19730,True,105315,0.4786907499996248,False,0,1.7806301021575928,50000,True,69565,19730,1000,0.556468,1027
0.33639392586404726,0.6636060741359527,0.20512820512820512,0.9230769230769231,1.0,0.08974358974358974,0.08974358974358974,6.713278499568994,34.42706922855894,0.05809382107788896,416586,122,39,16,7,200,200,1.0,416586,140137,276449,0.33639392586404726,0.6636060741359527,0,62400,0.1497889991502355,19736,True,200,200,1.0,140137,276449,0,62400,0.1497889991502355,19736,True,105393,0.4783046499996245,False,0,1.7394845455884933,50000,True,69611,19736,1000,0.556588,1028
0.3363719212413363,0.6636280787586637,0.2826086956521739,0.782608695652174,1.0,0.05434782608695652,0.05434782608695652,5.774311150258126,25.1057006532962,0.07966318198482202,416970,108,46,26,5,200,200,1.0,416970,140257,276713,0.3363719212413363,0.6636280787586637,0,62448,0.14976617022807395,19742,True,200,200,1.0,140257,276713,0,62448,0.14976617022807395,19742,True,105485,0.4778492499996242,False,0,1.7477160555124283,50000,True,69662,19742,1000,0.556726,1029
0.3363420279576179,0.6636579720423821,0.2159090909090909,0.9090909090909091,1.0,0.011363636363636364,0.011363636363636364,6.095466010772808,27.706663685330945,0.07218480083760077,417346,112,44,19,1,200,200,1.0,417346,140371,276975,0.3363420279576179,0.6636579720423821,0,62493,0.14973906542772664,19743,True,200,200,1.0,140371,276975,0,62493,0.14973906542772664,19743,True,105573,0.4774136499996239,False,0,1.8123470121622085,50000,True,69707,19743,1000,0.5568580000000001,1030
0.33636093767954955,0.6636390623204504,0.19047619047619047,0.8571428571428571,1.0,0.07142857142857142,0.07142857142857142,6.233731454461771,29.684435497437004,0.06737537589935584,417712,117,42,16,6,200,200,1.0,417712,140502,277210,0.33636093767954955,0.6636390623204504,0,62535,0.14970841153713563,19749,True,200,200,1.0,140502,277210,0,62535,0.14970841153713563,19749,True,105656,0.4770027999996236,False,0,1.8753156977891923,50000,True,69754,19749,1000,0.556984,1031
0.3363478069525035,0.6636521930474966,0.17391304347826086,0.9130434782608695,1.0,0.07608695652173914,0.07608695652173914,5.954424018703062,25.88880008131766,0.07725348388947836,418094,109,46,16,7,200,200,1.0,418094,140625,277469,0.3363478069525035,0.6636521930474966,0,62582,0.14968404234454452,19756,True,200,200,1.0,140625,277469,0,62582,0.14968404234454452,19756,True,105747,0.47655234999962326,False,0,1.9124361634254456,50000,True,69806,19756,1000,0.557116,1032
0.33629786095234454,0.6637021390476554,0.330188679245283,0.7924528301886793,1.0,0.10377358490566038,0.09433962264150944,5.182311507842959,19.55589248242626,0.1022709652242813,418504,95,53,35,10,200,200,1.0,418504,140742,277762,0.33629786095234454,0.6637021390476554,0,62640,0.14967598875996407,19767,True,200,200,1.0,140742,277762,0,62640,0.14967598875996407,19767,True,105852,0.4760325999996229,False,0,1.9737906634807587,50000,True,69869,19767,1000,0.5572779999999999,1033
0.33627760854826544,0.6637223914517345,0.22340425531914893,0.8297872340425532,1.0,0.07446808510638298,0.07446808510638298,5.6509322361343015,24.046520153762984,0.0831721175126882,418892,106,47,21,7,200,200,1.0,418892,140864,278028,0.33627760854826544,0.6637223914517345,0,62690,0.14965671342494008,19775,True,200,200,1.0,140864,278028,0,62690,0.14965671342494008,19775,True,105946,0.47556729999962255,False,0,1.986491709947586,50000,True,69922,19775,1000,0.557416,1034
0.33627725492627875,0.6637227450737213,0.21875,0.8333333333333334,1.0,0.13541666666666666,0.13541666666666666,5.712058451359118,23.800243547329657,0.08403275353139805,419282,105,48,21,13,200,200,1.0,419282,140995,278287,0.33627725492627875,0.6637227450737213,0,62741,0.14963914501457254,19788,True,200,200,1.0,140995,278287,0,62741,0.14963914501457254,19788,True,106041,0.4750970499996222,False,0,1.9262702518701553,50000,True,69982,19788,1000,0.5575600000000001,1035
0.33623462585001596,0.663765374149984,0.16666666666666666,0.9259259259259259,1.0,0.1388888888888889,0.1388888888888889,5.28985133881235,19.592041995601296,0.10208226383186753,419698,92,54,18,15,200,200,1.0,419698,141117,278581,0.33623462585001596,0.663765374149984,0,62803,0.1496385496237771,19803,True,200,200,1.0,141117,278581,0,62803,0.1496385496237771,19803,True,106149,0.4745624499996218,False,0,1.8623707085847854,50000,True,70049,19803,1000,0.557722,1036
0.3362137096390246,0.6637862903609755,0.2765957446808511,0.8085106382978723,1.0,0.07446808510638298,0.07446808510638298,5.750353552711044,24.46958958600444,0.08173410481489704,420084,107,47,26,7,200,200,1.0,420084,141238,278846,0.3362137096390246,0.6637862903609755,0,62852,0.14961769550851733,19810,True,200,200,1.0,141238,278846,0,62852,0.14961769550851733,19810,True,106242,0.4741020999996215,False,0,1.8131300139427184,50000,True,70102,19810,1000,0.55786,1037
0.33621230857034146,0.6637876914296585,0.15254237288135594,0.8813559322033898,1.0,0.2711864406779661,0.2627118644067797,4.676574435183161,15.852794695536138,0.12616072045411425,420520,82,59,18,31,200,200,1.0,420520,141384,279136,0.33621230857034146,0.6637876914296585,0,62925,0.14963616474840674,19842,True,200,200,1.0,141384,279136,0,62925,0.14963616474840674,19842,True,106360,0.4735179999996211,False,0,1.8157925146818161,50000,True,70187,19842,1000,0.5580400000000001,1038
0.33614673058375816,0.6638532694162418,0.20491803278688525,0.8852459016393442,1.0,0.1721311475409836,0.16393442622950818,4.618589696108631,15.142917036421741,0.13207494931059852,420962,79,61,25,20,200,200,1.0,420962,141505,279457,0.33614673058375816,0.6638532694162418,0,62994,0.14964296064727933,19863,True,200,200,1.0,141505,279457,0,62994,0.14964296064727933,19863,True,106481,0.47291904999962064,False,0,1.902581295967102,50000,True,70265,19863,1000,0.55822,1039
0.3361752223983898,0.6638247776016102,0.16666666666666666,0.9230769230769231,1.0,0.05128205128205128,0.05128205128205128,6.542112269110765,33.549293687747515,0.059613773649440996,421316,123,39,13,4,200,200,1.0,421316,141636,279680,0.3361752223983898,0.6638247776016102,0,63034,0.14961216758917298,19867,True,200,200,1.0,141636,279680,0,63034,0.14961216758917298,19867,True,106558,0.47253789999962037,False,0,1.9466642063856125,50000,True,70307,19867,1000,0.558334,1040
0.3361283162757168,0.6638716837242832,0.25,0.875,1.0,0.052083333333333336,0.052083333333333336,5.690917275932525,23.71215531638552,0.08434492661314362,421708,104,48,24,5,200,200,1.0,421708,141748,279960,0.3361283162757168,0.6638716837242832,0,63084,0.14959166058030676,19871,True,200,200,1.0,141748,279960,0,63084,0.14959166058030676,19871,True,106654,0.47206269999962003,False,0,1.9952946203947066,50000,True,70360,19871,1000,0.558478,1041
0.3361785902119373,0.6638214097880627,0.19,0.88,1.0,0.26,0.25,5.572947960342724,22.291791841370895,0.08971912236719524,422106,101,50,19,25,200,200,1.0,422106,141903,280203,0.3361785902119373,0.6638214097880627,0,63145,0.14959512539504294,19898,True,200,200,1.0,141903,280203,0,63145,0.14959512539504294,19898,True,106753,0.4715726499996197,False,0,2.0128073567152023,50000,True,70431,19898,1000,0.558628,1042
0.33614038077385516,0.6638596192261448,0.16666666666666666,0.8823529411764706,1.0,0.08823529411764706,0.08823529411764706,5.5550638781215085,21.784564227927483,0.09180812519701588,422508,99,51,17,9,200,200,1.0,422508,142022,280486,0.33614038077385516,0.6638596192261448,0,63200,0.14958296647637442,19907,True,200,200,1.0,142022,280486,0,63200,0.14958296647637442,19907,True,106854,0.4710726999996193,False,0,2.0144166320562364,50000,True,70490,19907,1000,0.558778,1043
0.3361759574055598,0.6638240425944402,0.16153846153846155,0.9076923076923077,1.0,0.36923076923076925,0.34615384615384615,4.468673011949953,13.749763113692161,0.14545705140246223,422966,71,65,21,45,200,200,1.0,422966,142191,280775,0.3361759574055598,0.6638240425944402,0,63283,0.1496172269165843,19955,True,200,200,1.0,142191,280775,0,63283,0.1496172269165843,19955,True,106983,0.47043414999961886,False,0,2.0215254968404768,50000,True,70592,19955,1000,0.55897,1044
0.3361748463504391,0.663825153649561,0.16,0.94,1.0,0.17,0.15,5.5682909937585565,22.273163975034226,0.0897941577694925,423366,100,50,16,15,200,200,1.0,423366,142325,281041,0.3361748463504391,0.663825153649561,0,63345,0.1496223126089483,19972,True,200,200,1.0,142325,281041,0,63345,0.1496223126089483,19972,True,107083,0.4699391499996185,False,0,1.9998950070142747,50000,True,70658,19972,1000,0.5591200000000001,1045
0.3361920045310804,0.6638079954689196,0.19318181818181818,0.8636363636363636,1.0,0.125,0.11363636363636363,6.011158347396955,27.323447033622525,0.07319720668987793,423740,113,44,17,10,200,200,1.0,423740,142458,281282,0.3361920045310804,0.6638079954689196,0,63394,0.14960589040449332,19982,True,200,200,1.0,142458,281282,0,63394,0.14960589040449332,19982,True,107170,0.4695084999996182,False,0,1.9790026241540908,50000,True,70711,19982,1000,0.559252,1046
0.33614836190799524,0.6638516380920048,0.24528301886792453,0.8490566037735849,1.0,0.11320754716981132,0.11320754716981132,5.3232230741566715,20.08763424210065,0.09956374035367002,424152,94,53,26,12,200,200,1.0,424152,142578,281574,0.33614836190799524,0.6638516380920048,0,63451,0.14959495652501933,19995,True,200,200,1.0,142578,281574,0,63451,0.14959495652501933,19995,True,107276,0.4689837999996178,False,0,1.8683628517389297,50000,True,70776,19995,1000,0.559414,1047
0.3361544658378363,0.6638455341621636,0.15217391304347827,0.8913043478260869,1.0,0.10869565217391304,0.10869565217391304,5.9781786400473145,25.992081043683974,0.0769465129259435,424534,109,46,14,10,200,200,1.0,424534,142709,281825,0.3361544658378363,0.6638455341621636,0,63500,0.14957577013855192,20005,True,200,200,1.0,142709,281825,0,63500,0.14957577013855192,20005,True,107367,0.4685333499996175,False,0,1.838163138628006,50000,True,70829,20005,1000,0.559546,1048
0.3361303013760518,0.6638696986239482,0.21428571428571427,0.8412698412698413,1.0,0.2698412698412698,0.2619047619047619,4.311657265120282,13.687800841651686,0.14611550994474165,424984,75,63,27,33,200,200,1.0,424984,142850,282134,0.3361303013760518,0.6638696986239482,0,63579,0.1496032791822751,20038,True,200,200,1.0,142850,282134,0,63579,0.1496032791822751,20038,True,107492,0.46791459999961704,False,0,1.892131119966507,50000,True,70920,20038,1000,0.5597380000000001,1049
0.3360964050290099,0.6639035949709902,0.19148936170212766,0.8936170212765957,1.0,0.05319148936170213,0.05319148936170213,5.809804694195471,24.722573166789235,0.08089772801994072,425372,106,47,18,5,200,200,1.0,425372,142966,282406,0.3360964050290099,0.6639035949709902,0,63629,0.1495843638039175,20043,True,200,200,1.0,142966,282406,0,63629,0.1495843638039175,20043,True,107586,0.4674492999996167,False,0,1.918119660615921,50000,True,70972,20043,1000,0.559876,1050
0.3360773555924035,0.6639226444075965,0.23529411764705882,0.8627450980392157,1.0,0.13725490196078433,0.13725490196078433,5.393770797849201,21.15204234450667,0.09455351721718795,425774,99,51,24,14,200,200,1.0,425774,143093,282681,0.3360773555924035,0.6639226444075965,0,63687,0.1495793543053357,20057,True,200,200,1.0,143093,282681,0,63687,0.1495793543053357,20057,True,107687,0.46694934999961635,False,0,1.9544995617866516,50000,True,71034,20057,1000,0.560026,1051
0.3361141226551023,0.6638858773448977,0.24390243902439024,0.8536585365853658,1.0,0.10975609756097561,0.10975609756097561,6.261370817798137,30.54327228194213,0.06548086863575665,426138,118,41,20,9,200,200,1.0,426138,143231,282907,0.3361141226551023,0.6638858773448977,0,63732,0.1495571857004069,20067,True,200,200,1.0,143231,282907,0,63732,0.1495571857004069,20067,True,107769,0.46654344999961606,False,0,1.968972001671791,50000,True,71082,20067,1000,0.560152,1052
0.3361540589843512,0.6638459410156488,0.28378378378378377,0.8108108108108109,1.0,0.06756756756756757,0.06756756756756757,6.545741127498234,35.38238447296342,0.056525302909651284,426486,126,37,21,5,200,200,1.0,426486,143365,283121,0.3361540589843512,0.6638459410156488,0,63772,0.14952894116102286,20071,True,200,200,1.0,143365,283121,0,63772,0.14952894116102286,20071,True,107843,0.4661771499996158,False,0,1.9246828955411912,50000,True,71124,20071,1000,0.56026,1053
0.33613354822991437,0.6638664517700856,0.19148936170212766,0.9361702127659575,1.0,0.07446808510638298,0.07446808510638298,5.911535971930599,25.155472220981274,0.0795055637370175,426872,107,47,18,7,200,200,1.0,426872,143486,283386,0.33613354822991437,0.6638664517700856,0,63820,0.14950617515320752,20078,True,200,200,1.0,143486,283386,0,63820,0.14950617515320752,20078,True,107936,0.46571679999961546,False,0,1.8861861246824265,50000,True,71176,20078,1000,0.560404,1054
0.3361404724232523,0.6638595275767477,0.2441860465116279,0.8372093023255814,1.0,0.06976744186046512,0.06976744186046512,6.090531749496787,28.328054648822263,0.07060138879261692,427244,114,43,21,6,200,200,1.0,427244,143614,283630,0.3361404724232523,0.6638595275767477,0,63866,0.1494836674125324,20085,True,200,200,1.0,143614,283630,0,63866,0.1494836674125324,20085,True,108022,0.46529109999961515,False,0,1.8210956001281737,50000,True,71225,20085,1000,0.56053,1055
0.3361129558783638,0.6638870441216362,0.2708333333333333,0.7916666666666666,1.0,0.08333333333333333,0.08333333333333333,5.650161450604473,23.542339377518633,0.08495332464325388,427636,104,48,26,8,200,200,1.0,427636,143734,283902,0.3361129558783638,0.6638870441216362,0,63916,0.1494635624690157,20093,True,200,200,1.0,143734,283902,0,63916,0.1494635624690157,20093,True,108118,0.4648158999996148,False,0,1.8271386349201202,50000,True,71281,20093,1000,0.560674,1056
0.33613427710421195,0.663865722895788,0.211864406779661,0.847457627118644,1.0,0.2966101694915254,0.288135593220339,4.837615391655181,16.398696242898918,0.12196091508592058,428070,83,59,25,34,200,200,1.0,428070,143889,284181,0.33613427710421195,0.663865722895788,0,63990,0.14948489732987597,20129,True,200,200,1.0,143889,284181,0,63990,0.14948489732987597,20129,True,108235,0.4642367499996144,False,0,1.8169801992177963,50000,True,71367,20129,1000,0.560848,1057
0.3361300802382408,0.6638699197617592,0.19607843137254902,0.8235294117647058,1.0,0.1568627450980392,0.1568627450980392,5.385895440337021,21.121158589556945,0.09469177514669444,428474,98,51,20,16,200,200,1.0,428474,144023,284451,0.3361300802382408,0.6638699197617592,0,64046,0.14947464723647175,20147,True,200,200,1.0,144023,284451,0,64046,0.14947464723647175,20147,True,108337,0.46373184999961403,False,0,1.8318475049734115,50000,True,71434,20147,1000,0.5610040000000001,1058
0.3361273414876403,0.6638726585123598,0.16363636363636364,0.9272727272727272,1.0,0.22727272727272727,0.20909090909090908,5.079660464346657,18.471492597624206,0.10827495338721241,428894,90,55,18,23,200,200,1.0,428894,144163,284731,0.3361273414876403,0.6638726585123598,0,64117,0.14949381432241998,20172,True,200,200,1.0,144163,284731,0,64117,0.14949381432241998,20172,True,108447,0.46318734999961364,False,0,1.831053742170334,50000,True,71511,20172,1000,0.561166,1059
0.3361287376885733,0.6638712623114267,0.13043478260869565,0.9347826086956522,1.0,0.09782608695652174,0.09782608695652174,6.052293882900591,26.31432123000257,0.07600424052434526,429276,109,46,12,9,200,200,1.0,429276,144292,284984,0.3361287376885733,0.6638712623114267,0,64166,0.14947492988194075,20181,True,200,200,1.0,144292,284984,0,64166,0.14947492988194075,20181,True,108538,0.4627368999996133,False,0,1.8369069224596024,50000,True,71564,20181,1000,0.561304,1060
0.33611548165457916,0.6638845183454208,0.11904761904761904,0.9523809523809523,1.0,0.011904761904761904,0.011904761904761904,6.369113906842521,30.32911384210724,0.06594323890938456,429644,116,42,10,1,200,200,1.0,429644,144410,285234,0.33611548165457916,0.6638845183454208,0,64209,0.1494469840146726,20182,True,200,200,1.0,144410,285234,0,64209,0.1494469840146726,20182,True,108622,0.462321099999613,False,0,1.838129205107689,50000,True,71607,20182,1000,0.56143,1061
0.3361329687296538,0.6638670312703462,0.10377358490566038,0.9433962264150944,1.0,0.2358490566037736,0.2358490566037736,5.425824548760113,20.47480961796269,0.09768100594426951,430056,94,53,11,25,200,200,1.0,430056,144556,285500,0.3361329687296538,0.6638670312703462,0,64276,0.14945960526071023,20208,True,200,200,1.0,144556,285500,0,64276,0.14945960526071023,20208,True,108728,0.46179639999961264,False,0,1.8320890760421753,50000,True,71684,20208,1000,0.561592,1062
0.3361506579436473,0.6638493420563527,0.18181818181818182,0.8863636363636364,1.0,0.11363636363636363,0.11363636363636363,6.134092162595894,27.882237102708608,0.07173025581242586,430432,112,44,16,10,200,200,1.0,430432,144690,285742,0.3361506579436473,0.6638493420563527,0,64324,0.14944056203999703,20219,True,200,200,1.0,144690,285742,0,64324,0.14944056203999703,20219,True,108816,0.4613607999996123,False,0,1.8586007857322693,50000,True,71737,20219,1000,0.561724,1063
0.33617295871942954,0.6638270412805705,0.19318181818181818,0.8863636363636364,1.0,0.13636363636363635,0.13636363636363635,6.090070506061884,27.682138663917655,0.07224875304186322,430808,112,44,17,12,200,200,1.0,430808,144826,285982,0.33617295871942954,0.6638270412805705,0,64373,0.14942387327997622,20231,True,200,200,1.0,144826,285982,0,64373,0.14942387327997622,20231,True,108904,0.460925199999612,False,0,1.8392775124311447,50000,True,71792,20231,1000,0.561856,1064
0.3361448800782935,0.6638551199217064,0.2708333333333333,0.8333333333333334,1.0,0.07291666666666667,0.07291666666666667,5.633799908689973,23.47416628620822,0.08520004398090424,431198,105,48,26,7,200,200,1.0,431198,144945,286253,0.3361448800782935,0.6638551199217064,0,64424,0.14940700096011578,20238,True,200,200,1.0,144945,286253,0,64424,0.14940700096011578,20238,True,108999,0.4604549499996117,False,0,1.831184389591217,50000,True,71846,20238,1000,0.561994,1065
0.3360978547931242,0.6639021452068758,0.2803030303030303,0.7727272727272727,1.0,0.25,0.25,3.9793579883495904,12.058660570756334,0.16585589985427027,431660,69,66,37,33,200,200,1.0,431660,145080,286580,0.3360978547931242,0.6639021452068758,0,64502,0.14942779039058518,20271,True,200,200,1.0,145080,286580,0,64502,0.14942779039058518,20271,True,109130,0.4598064999996112,False,0,1.7640106827020645,50000,True,71938,20271,1000,0.562192,1066
0.3361069320680477,0.6638930679319524,0.16666666666666666,0.875,1.0,0.14583333333333334,0.14583333333333334,5.751440950781914,23.964337294924643,0.0834573464471966,432050,105,48,16,14,200,200,1.0,432050,145215,286835,0.3361069320680477,0.6638930679319524,0,64554,0.14941326235389424,20286,True,200,200,1.0,145215,286835,0,64554,0.14941326235389424,20286,True,109225,0.45933624999961087,False,0,1.7926329624652864,50000,True,71996,20286,1000,0.5623360000000001,1067
0.33610484258813955,0.6638951574118604,0.1693548387096774,0.8870967741935484,1.0,0.2903225806451613,0.2903225806451613,4.439244002810612,14.32014194455036,0.13966342007951363,432496,77,62,21,36,200,200,1.0,432496,145364,287132,0.33610484258813955,0.6638951574118604,0,64633,0.14944184454885132,20322,True,200,200,1.0,145364,287132,0,64633,0.14944184454885132,20322,True,109348,0.45872739999961043,False,0,1.7860253828763961,50000,True,72091,20322,1000,0.562522,1068
0.3360553489339093,0.6639446510660907,0.1326530612244898,0.9795918367346939,1.0,0.04081632653061224,0.04081632653061224,5.687106308017045,23.212678808232837,0.08615981018488311,432890,103,49,13,4,200,200,1.0,432890,145475,287415,0.3360553489339093,0.6639446510660907,0,64682,0.14941902099840607,20326,True,200,200,1.0,145475,287415,0,64682,0.14941902099840607,20326,True,109445,0.4582472499996101,False,0,1.8136278450489045,50000,True,72143,20326,1000,0.562666,1069
0.3360559635526055,0.6639440364473945,0.14583333333333334,0.9166666666666666,1.0,0.14583333333333334,0.13541666666666666,5.74467031656595,23.93612631902479,0.08355570877859089,433282,104,48,14,13,200,200,1.0,433282,145607,287675,0.3360559635526055,0.6639440364473945,0,64739,0.14941539228493222,20340,True,200,200,1.0,145607,287675,0,64739,0.14941539228493222,20340,True,109541,0.45777204999960974,False,0,1.810917111635208,50000,True,72204,20340,1000,0.56281,1070
0.33600872480436056,0.6639912751956394,0.13392857142857142,0.9464285714285714,1.0,0.15178571428571427,0.15178571428571427,5.053485745060411,18.048163375215754,0.11081459971414356,433706,88,56,15,17,200,200,1.0,433706,145729,287977,0.33600872480436056,0.6639912751956394,0,64803,0.14941688609334433,20357,True,200,200,1.0,145729,287977,0,64803,0.14941688609334433,20357,True,109653,0.45721764999960934,False,0,1.7777389323711394,50000,True,72275,20357,1000,0.562978,1071
0.3359849060776535,0.6640150939223465,0.2159090909090909,0.8636363636363636,1.0,0.03409090909090909,0.03409090909090909,6.09703565801007,27.71379844550032,0.0721662172701817,434082,112,44,19,3,200,200,1.0,434082,145845,288237,0.3359849060776535,0.6640150939223465,0,64849,0.149393432577255,20359,True,200,200,1.0,145845,288237,0,64849,0.149393432577255,20359,True,109741,0.45678204999960903,False,0,1.8068203151226043,50000,True,72322,20359,1000,0.56311,1072
0.3359533596947113,0.6640466403052887,0.22916666666666666,0.875,1.0,0.07291666666666667,0.07291666666666667,5.750498078361781,23.960408659840756,0.0834710304149417,434474,104,48,22,7,200,200,1.0,434474,145963,288511,0.3359533596947113,0.6640466403052887,0,64899,0.14937372547033884,20366,True,200,200,1.0,145963,288511,0,64899,0.14937372547033884,20366,True,109837,0.4563068499996087,False,0,1.840565366744995,50000,True,72376,20366,1000,0.563254,1073
0.33597087892125077,0.6640291210787492,0.15,0.9,1.0,0.2,0.2,5.524091708731966,22.096366834927863,0.09051261752400797,434874,100,50,15,20,200,200,1.0,434874,146105,288769,0.33597087892125077,0.6640291210787492,0,64955,0.1493651034552537,20387,True,200,200,1.0,146105,288769,0,64955,0.1493651034552537,20387,True,109937,0.45581184999960833,False,0,1.8740350604057312,50000,True,72445,20387,1000,0.563404,1074
0.33595401327035124,0.6640459867296488,0.18478260869565216,0.9130434782608695,1.0,0.06521739130434782,0.06521739130434782,5.92086010674371,25.74287002932048,0.07769141504898446,435256,109,46,17,6,200,200,1.0,435256,146226,289030,0.33595401327035124,0.6640459867296488,0,65004,0.14934659143124965,20393,True,200,200,1.0,146226,289030,0,65004,0.14934659143124965,20393,True,110028,0.455361399999608,False,0,1.9020639038085938,50000,True,72496,20393,1000,0.563542,1075
0.3359164111133555,0.6640835888866445,0.28,0.8,1.0,0.09,0.09,5.45957478796748,21.83829915186992,0.09158222378452713,435656,100,50,28,9,200,200,1.0,435656,146344,289312,0.3359164111133555,0.6640835888866445,0,65057,0.1493311236388343,20402,True,200,200,1.0,146344,289312,0,65057,0.1493311236388343,20402,True,110128,0.45486639999960765,False,0,1.8870878875255586,50000,True,72554,20402,1000,0.5636920000000001,1076
0.3359293301777753,0.6640706698222247,0.15,0.9,1.0,0.2,0.2,5.531447828549168,22.125791314196672,0.0903922472918169,436056,100,50,15,20,200,200,1.0,436056,146484,289572,0.3359293301777753,0.6640706698222247,0,65119,0.149336323774928,20422,True,200,200,1.0,146484,289572,0,65119,0.149336323774928,20422,True,110228,0.4543713999996073,False,0,1.8895815956592559,50000,True,72622,20422,1000,0.563842,1077
0.33592246356887545,0.6640775364311245,0.17391304347826086,0.9347826086956522,1.0,0.09782608695652174,0.09782608695652174,5.979739923565639,25.998869232894084,0.07692642253339141,436440,108,46,16,9,200,200,1.0,436440,146610,289830,0.33592246356887545,0.6640775364311245,0,65170,0.14932178535422969,20431,True,200,200,1.0,146610,289830,0,65170,0.14932178535422969,20431,True,110320,0.45391599999960697,False,0,1.867437757253647,50000,True,72676,20431,1000,0.56398,1078
0.33589551077213253,0.6641044892278675,0.19298245614035087,0.8947368421052632,1.0,0.21052631578947367,0.19298245614035087,5.027598586275568,17.640696793949363,0.11337420643644792,436868,86,57,22,22,200,200,1.0,436868,146742,290126,0.33589551077213253,0.6641044892278675,0,65237,0.1493288590604027,20454,True,200,200,1.0,146742,290126,0,65237,0.1493288590604027,20454,True,110434,0.45335169999960656,False,0,1.82855359852314,50000,True,72754,20454,1000,0.564148,1079
0.3359138083236899,0.6640861916763101,0.25,0.8125,1.0,0.17708333333333334,0.16666666666666666,5.619031128233677,23.412629700973653,0.08542397951635594,437258,105,48,24,16,200,200,1.0,437258,146881,290377,0.3359138083236899,0.6640861916763101,0,65293,0.149323740217446,20471,True,200,200,1.0,146881,290377,0,65293,0.149323740217446,20471,True,110529,0.4528814499996062,False,0,1.7985491734743118,50000,True,72816,20471,1000,0.564292,1080
0.3358856244544678,0.6641143755455322,0.3404255319148936,0.8085106382978723,1.0,0.05319148936170213,0.05319148936170213,5.8148817791873695,24.74417778377604,0.08082709465946916,437646,106,47,32,5,200,200,1.0,437646,146999,290647,0.3358856244544678,0.6641143755455322,0,65341,0.14930103325518798,20477,True,200,200,1.0,146999,290647,0,65341,0.14930103325518798,20477,True,110623,0.4524161499996059,False,0,1.7798458486795425,50000,True,72867,20477,1000,0.56443,1081
0.3358809993425378,0.6641190006574622,0.17647058823529413,0.9019607843137255,1.0,0.16666666666666666,0.16666666666666666,5.50828562699272,21.601120105853802,0.09258779129041597,438048,99,51,18,17,200,200,1.0,438048,147132,290916,0.3358809993425378,0.6641190006574622,0,65397,0.1492918584264738,20494,True,200,200,1.0,147132,290916,0,65397,0.1492918584264738,20494,True,110724,0.45191619999960553,False,0,1.7854354339838028,50000,True,72932,20494,1000,0.564586,1082
0.33580326313532843,0.6641967368646715,0.14912280701754385,0.9122807017543859,1.0,0.09649122807017543,0.09649122807017543,4.9658513257440475,17.424039739452798,0.11478394390202475,438474,87,57,17,11,200,200,1.0,438474,147241,291233,0.33580326313532843,0.6641967368646715,0,65460,0.14929049384912219,20505,True,200,200,1.0,147241,291233,0,65460,0.14929049384912219,20505,True,110837,0.4513568499996051,False,0,1.8217315989732743,50000,True,72998,20505,1000,0.564754,1083
0.3357813760385003,0.6642186239614998,0.34444444444444444,0.7555555555555555,1.0,0.044444444444444446,0.044444444444444446,5.89678776371263,26.207945616500577,0.0763127346670315,438854,110,45,31,4,200,200,1.0,438854,147359,291495,0.3357813760385003,0.6642186239614998,0,65507,0.14926832158303216,20509,True,200,200,1.0,147359,291495,0,65507,0.14926832158303216,20509,True,110927,0.4509113499996048,False,0,1.8566704738140105,50000,True,73047,20509,1000,0.564886,1084
0.33575028798564854,0.6642497120143515,0.17647058823529413,0.9019607843137255,1.0,0.11764705882352941,0.11764705882352941,5.465292136139104,21.432518180937663,0.09331614619969499,439258,98,51,18,12,200,200,1.0,439258,147481,291777,0.33575028798564854,0.6642497120143515,0,65562,0.1492562457598951,20521,True,200,200,1.0,147481,291777,0,65562,0.1492562457598951,20521,True,111029,0.45040644999960444,False,0,1.8478653204441071,50000,True,73110,20521,1000,0.565042,1085
0.3357162677924004,0.6642837322075996,0.21428571428571427,0.8775510204081632,1.0,0.09183673469387756,0.08163265306122448,5.780417455666118,23.59354063537191,0.08476896413764876,439654,102,49,21,8,200,200,1.0,439654,147599,292055,0.3357162677924004,0.6642837322075996,0,65617,0.1492469077956757,20529,True,200,200,1.0,147599,292055,0,65617,0.1492469077956757,20529,True,111127,0.4499213499996041,False,0,1.807566783428192,50000,True,73167,20529,1000,0.565186,1086
0.33571256516186504,0.6642874348381349,0.12745098039215685,0.9411764705882353,1.0,0.1568627450980392,0.1568627450980392,5.479269768039319,21.487332423683604,0.09307809646001358,440058,98,51,13,16,200,200,1.0,440058,147733,292325,0.33571256516186504,0.6642874348381349,0,65673,0.14923714601257107,20547,True,200,200,1.0,147733,292325,0,65673,0.14923714601257107,20547,True,111229,0.44941644999960373,False,0,1.8415898555517196,50000,True,73234,20547,1000,0.565342,1087
0.3357317687874921,0.6642682312125079,0.25,0.8809523809523809,1.0,0.09523809523809523,0.09523809523809523,6.306083397353848,30.02896855882785,0.0666023541928164,440426,116,42,21,8,200,200,1.0,440426,147865,292561,0.3357317687874921,0.6642682312125079,0,65718,0.1492146240231049,20555,True,200,200,1.0,147865,292561,0,65718,0.1492146240231049,20555,True,111313,0.44900064999960343,False,0,1.804865955710411,50000,True,73284,20555,1000,0.5654680000000001,1088
0.3357630617754486,0.6642369382245514,0.15853658536585366,0.9024390243902439,1.0,0.10975609756097561,0.10975609756097561,6.301284352982334,30.73797245357236,0.0650661003428533,440790,118,41,13,9,200,200,1.0,440790,148001,292789,0.3357630617754486,0.6642369382245514,0,65762,0.14919122484629868,20564,True,200,200,1.0,148001,292789,0,65762,0.14919122484629868,20564,True,111395,0.44859474999960314,False,0,1.83978397667408,50000,True,73334,20564,1000,0.565588,1089
0.33576825968115537,0.6642317403188447,0.12280701754385964,0.9298245614035088,1.0,0.2631578947368421,0.2631578947368421,4.968977632962067,17.435009238463394,0.11471172585259076,441218,86,57,14,30,200,200,1.0,441218,148147,293071,0.33576825968115537,0.6642317403188447,0,65834,0.14920968772806187,20594,True,200,200,1.0,148147,293071,0,65834,0.14920968772806187,20594,True,111509,0.44803044999960273,False,0,1.861248031258583,50000,True,73416,20594,1000,0.565762,1090
0.33579933243660637,0.6642006675633936,0.1702127659574468,0.9148936170212766,1.0,0.20212765957446807,0.20212765957446807,5.882025327542145,25.02989501081764,0.07990445022384722,441606,106,47,16,19,200,200,1.0,441606,148291,293315,0.33579933243660637,0.6642006675633936,0,65890,0.14920540028894536,20613,True,200,200,1.0,148291,293315,0,65890,0.14920540028894536,20613,True,111603,0.4475651499996024,False,0,1.88731429874897,50000,True,73479,20613,1000,0.5659000000000001,1091
0.3358154247159284,0.6641845752840716,0.2625,0.85,1.0,0.05,0.05,6.347247514083518,31.736237570417593,0.06301944253985126,441966,120,40,21,4,200,200,1.0,441966,148419,293547,0.3358154247159284,0.6641845752840716,0,65931,0.14917663349669433,20617,True,200,200,1.0,148419,293547,0,65931,0.14917663349669433,20617,True,111683,0.4471691499996021,False,0,1.9201269912719727,50000,True,73523,20617,1000,0.56602,1092
0.3357521339699074,0.6642478660300926,0.18627450980392157,0.9019607843137255,1.0,0.049019607843137254,0.049019607843137254,5.511276417457202,21.612848695910596,0.09253754690738308,442368,99,51,19,5,200,200,1.0,442368,148526,293842,0.3357521339699074,0.6642478660300926,0,65983,0.14915861906828703,20621,True,200,200,1.0,148526,293842,0,65983,0.14915861906828703,20621,True,111784,0.44666919999960175,False,0,1.9545471107959747,50000,True,73578,20621,1000,0.566176,1093
0.3356986061301367,0.6643013938698633,0.21052631578947367,0.8596491228070176,1.0,0.14912280701754385,0.14912280701754385,4.869768349862078,17.08690649074413,0.11704868877718663,442796,86,57,24,17,200,200,1.0,442796,148646,294150,0.3356986061301367,0.6643013938698633,0,66047,0.14915898065926522,20638,True,200,200,1.0,148646,294150,0,66047,0.14915898065926522,20638,True,111898,0.44610489999960135,False,0,1.9705411314964294,50000,True,73650,20638,1000,0.566344,1094
0.33569284924521064,0.6643071507547893,0.23863636363636365,0.8863636363636364,1.0,0.056818181818181816,0.056818181818181816,6.137795754163724,27.899071609835108,0.07168697324304336,443170,113,44,21,5,200,200,1.0,443170,148769,294401,0.33569284924521064,0.6643071507547893,0,66094,0.14913915653135365,20643,True,200,200,1.0,148769,294401,0,66094,0.14913915653135365,20643,True,111985,0.44567424999960104,False,0,1.9188146024942399,50000,True,73698,20643,1000,0.566476,1095
0.3356597325542601,0.6643402674457399,0.1694915254237288,0.9152542372881356,1.0,0.2033898305084746,0.19491525423728814,4.903213397886362,16.62106236571648,0.12032925188496436,443604,83,59,20,23,200,200,1.0,443604,148900,294704,0.3356597325542601,0.6643402674457399,0,66162,0.14914653609976466,20667,True,200,200,1.0,148900,294704,0,66162,0.14914653609976466,20667,True,112102,0.4450950999996006,False,0,1.9129639291763305,50000,True,73774,20667,1000,0.56665,1096
0.3356463651392098,0.6643536348607901,0.1568627450980392,0.9411764705882353,1.0,0.14705882352941177,0.13725490196078433,5.457475882018746,21.40186620399508,0.09344979456168455,444006,99,51,16,14,200,200,1.0,444006,149029,294977,0.3356463651392098,0.6643536348607901,0,66221,0.14914438093178922,20682,True,200,200,1.0,149029,294977,0,66221,0.14914438093178922,20682,True,112203,0.44459514999960026,False,0,1.8636483198404312,50000,True,73839,20682,1000,0.5668,1097
0.33560225917508607,0.664397740824914,0.22549019607843138,0.8431372549019608,1.0,0.08823529411764706,0.08823529411764706,5.419306136855446,21.252180928844886,0.09410798857285588,444410,98,51,23,9,200,200,1.0,444410,149145,295265,0.33560225917508607,0.664397740824914,0,66276,0.14913255777322743,20691,True,200,200,1.0,149145,295265,0,66276,0.14913255777322743,20691,True,112305,0.4440902499995999,False,0,1.8698509156703949,50000,True,73897,20691,1000,0.566956,1098
0.3355492408062696,0.6644507591937304,0.30392156862745096,0.803921568627451,1.0,0.06862745098039216,0.058823529411764705,5.331989654164191,20.909763349663496,0.0956490978188037,444814,98,51,31,6,200,200,1.0,444814,149257,295557,0.3355492408062696,0.6644507591937304,0,66333,0.14912525235266877,20698,True,200,200,1.0,149257,295557,0,66333,0.14912525235266877,20698,True,112407,0.44358534999959953,False,0,1.8660949355363845,50000,True,73955,20698,1000,0.567106,1099
0.33552628623538344,0.6644737137646166,0.21,0.9,1.0,0.13,0.12,5.5448292762668565,22.179317105067426,0.09017410186822432,445214,100,50,21,12,200,200,1.0,445214,149381,295833,0.33552628623538344,0.6644737137646166,0,66389,0.1491170538213084,20710,True,200,200,1.0,149381,295833,0,66389,0.1491170538213084,20710,True,112507,0.4430903499995992,False,0,1.8380922287702561,50000,True,74018,20710,1000,0.567256,1100
0.33548382753560096,0.6645161724643991,0.24545454545454545,0.8181818181818182,1.0,0.15454545454545454,0.15454545454545454,4.942191449920743,17.971605272439064,0.11128666413941132,445634,90,55,27,17,200,200,1.0,445634,149503,296131,0.33548382753560096,0.6645161724643991,0,66451,0.14911564198422922,20726,True,200,200,1.0,149503,296131,0,66451,0.14911564198422922,20726,True,112617,0.4425458499995988,False,0,1.8673465085029601,50000,True,74089,20726,1000,0.567424,1101
0.33547153228374,0.66452846771626,0.2111111111111111,0.8888888888888888,1.0,0.06666666666666667,0.06666666666666667,5.925416799412083,26.335185775164817,0.07594402473841988,446014,110,45,19,6,200,200,1.0,446014,149625,296389,0.33547153228374,0.66452846771626,0,66499,0.1490962167106862,20732,True,200,200,1.0,149625,296389,0,66499,0.1490962167106862,20732,True,112707,0.44210034999959846,False,0,1.846150550842285,50000,True,74140,20732,1000,0.5675560000000001,1102
0.33545006966190455,0.6645499303380955,0.2719298245614035,0.8421052631578947,1.0,0.20175438596491227,0.20175438596491227,4.8401816998692935,16.983093683751907,0.1177641740216886,446442,86,57,31,23,200,200,1.0,446442,149759,296683,0.33545006966190455,0.6645499303380955,0,66567,0.14910559490370529,20756,True,200,200,1.0,149759,296683,0,66567,0.14910559490370529,20756,True,112821,0.44153604999959806,False,0,1.8629250150918961,50000,True,74217,20756,1000,0.5677300000000001,1103
0.33540400469033915,0.6645959953096608,0.13559322033898305,0.9491525423728814,1.0,0.1694915254237288,0.1694915254237288,4.924244017243012,16.69235260082377,0.1198153458549216,446876,83,59,16,20,200,200,1.0,446876,149884,296992,0.33540400469033915,0.6645959953096608,0,66634,0.14911071527672107,20777,True,200,200,1.0,149884,296992,0,66634,0.14911071527672107,20777,True,112938,0.44095689999959764,False,0,1.9615592747926711,50000,True,74294,20777,1000,0.567904,1104
0.3354066985645933,0.6645933014354066,0.21739130434782608,0.8695652173913043,1.0,0.11956521739130435,0.11956521739130435,5.825289494889465,25.3273456299542,0.07896603257289765,447260,108,46,20,11,200,200,1.0,447260,150014,297246,0.3354066985645933,0.6645933014354066,0,66690,0.14910790144435004,20788,True,200,200,1.0,150014,297246,0,66690,0.14910790144435004,20788,True,113030,0.4405014999995973,False,0,1.9346613669395447,50000,True,74351,20788,1000,0.568042,1105
0.33540113211424794,0.6645988678857521,0.29,0.82,1.0,0.14,0.14,5.4521869576262,21.8087478305048,0.09170631966327371,447658,101,50,29,14,200,200,1.0,447658,150145,297513,0.33540113211424794,0.6645988678857521,0,66747,0.14910266319377738,20803,True,200,200,1.0,150145,297513,0,66747,0.14910266319377738,20803,True,113129,0.44001144999959696,False,0,1.9119191420078279,50000,True,74413,20803,1000,0.568192,1106
0.3353979456549397,0.6646020543450604,0.2619047619047619,0.8809523809523809,1.0,0.023809523809523808,0.023809523809523808,6.210010714856021,29.571479594552482,0.0676327335466985,448026,116,42,22,2,200,200,1.0,448026,150267,297759,0.3353979456549397,0.6646020543450604,0,66790,0.1490761696865807,20806,True,200,200,1.0,150267,297759,0,66790,0.1490761696865807,20806,True,113213,0.43959564999959666,False,0,1.8977270263433457,50000,True,74457,20806,1000,0.568318,1107
0.33541401842064184,0.6645859815793582,0.14130434782608695,0.9130434782608695,1.0,0.15217391304347827,0.15217391304347827,5.938144097407817,25.818017814816596,0.07746528081068363,448410,108,46,13,14,200,200,1.0,448410,150403,298007,0.33541401842064184,0.6645859815793582,0,66846,0.1490733926540443,20820,True,200,200,1.0,150403,298007,0,66846,0.1490733926540443,20820,True,113305,0.43914024999959633,False,0,1.880632714033127,50000,True,74517,20820,1000,0.5684560000000001,1108
0.33542944238448374,0.6645705576155163,0.075,1.0,1.0,0.0375,0.0375,6.565658038209295,32.82829019104648,0.06092306325918479,448768,121,40,6,3,200,200,1.0,448768,150530,298238,0.33542944238448374,0.6645705576155163,0,66886,0.1490436038220194,20823,True,200,200,1.0,150530,298238,0,66886,0.1490436038220194,20823,True,113384,0.43874919999959605,False,0,1.833700670003891,50000,True,74559,20823,1000,0.568576,1109
0.33539495947991804,0.664605040520082,0.21875,0.875,1.0,0.0625,0.0625,5.674114688485076,23.642144535354486,0.08459469474138431,449160,104,48,21,6,200,200,1.0,449160,150646,298514,0.33539495947991804,0.664605040520082,0,66938,0.14902929913616528,20829,True,200,200,1.0,150646,298514,0,66938,0.14902929913616528,20829,True,113480,0.4382739999995957,False,0,1.862338100671768,50000,True,74613,20829,1000,0.56872,1110
0.3353802561285358,0.6646197438714643,0.14615384615384616,0.8769230769230769,1.0,0.2846153846153846,0.2846153846153846,4.2413908802694325,13.050433477752101,0.1532516144700884,449618,71,65,19,37,200,200,1.0,449618,150793,298825,0.3353802561285358,0.6646197438714643,0,67026,0.14907321326103493,20866,True,200,200,1.0,150793,298825,0,67026,0.14907321326103493,20866,True,113609,0.43763544999959525,False,0,1.8818895727396012,50000,True,74710,20866,1000,0.568912,1111
0.3353992133508144,0.6646007866491856,0.20833333333333334,0.9375,1.0,0.1875,0.1875,5.697692961652026,23.740387340216774,0.08424462378555858,450010,104,48,20,18,200,200,1.0,450010,150933,299077,0.3353992133508144,0.6646007866491856,0,67083,0.14907002066620742,20884,True,200,200,1.0,150933,299077,0,67083,0.14907002066620742,20884,True,113705,0.4371602499995949,False,0,1.826460457444191,50000,True,74773,20884,1000,0.569056,1112
0.33538182819285456,0.6646181718071454,0.09803921568627451,0.9607843137254902,1.0,0.11764705882352941,0.11764705882352941,5.615765355997375,22.022609239205394,0.09081576021607522,450412,99,51,10,12,200,200,1.0,450412,151060,299352,0.33538182819285456,0.6646181718071454,0,67140,0.14906352406241397,20897,True,200,200,1.0,151060,299352,0,67140,0.14906352406241397,20897,True,113806,0.43666029999959455,False,0,1.810555386543274,50000,True,74834,20897,1000,0.569206,1113
0.3353475124444326,0.6646524875555674,0.1875,0.8958333333333334,1.0,0.0625,0.0625,5.725660287003786,23.856917862515772,0.08383312595221783,450804,104,48,18,6,200,200,1.0,450804,151176,299628,0.3353475124444326,0.6646524875555674,0,67192,0.14904925422134674,20903,True,200,200,1.0,151176,299628,0,67192,0.14904925422134674,20903,True,113902,0.4361850999995942,False,0,1.7656418299674987,50000,True,74888,20903,1000,0.56935,1114
0.335353987596803,0.664646012403197,0.18604651162790697,0.8837209302325582,1.0,0.06976744186046512,0.06976744186046512,6.260695793892146,29.119515320428587,0.0686824618470526,451174,115,43,16,6,200,200,1.0,451174,151303,299871,0.335353987596803,0.664646012403197,0,67237,0.14902676129386888,20909,True,200,200,1.0,151303,299871,0,67237,0.14902676129386888,20909,True,113987,0.4357643499995939,False,0,1.7327936506271362,50000,True,74936,20909,1000,0.569476,1115
0.33528567695762124,0.6647143230423788,0.20909090909090908,0.8727272727272727,1.0,0.09090909090909091,0.09090909090909091,5.047814947869252,18.355690719524553,0.1089580354430707,451594,90,55,23,10,200,200,1.0,451594,151413,300181,0.33528567695762124,0.6647143230423788,0,67296,0.1490188089301452,20919,True,200,200,1.0,151413,300181,0,67296,0.1490188089301452,20919,True,114097,0.4352198499995935,False,0,1.7502989196777343,50000,True,75001,20919,1000,0.569644,1116
0.33529052583140123,0.6647094741685988,0.19444444444444445,0.8703703703703703,1.0,0.21296296296296297,0.2037037037037037,5.177369303642044,19.1754418653409,0.10430007371120592,452008,93,54,21,22,200,200,1.0,452008,151554,300454,0.33529052583140123,0.6647094741685988,0,67359,0.1490216987309959,20942,True,200,200,1.0,151554,300454,0,67359,0.1490216987309959,20942,True,114204,0.43469019999959313,False,0,1.8182805889844895,50000,True,75074,20942,1000,0.569806,1117
0.3353204337581617,0.6646795662418383,0.1320754716981132,0.9245283018867925,1.0,0.25471698113207547,0.24528301886792453,5.3840289297539865,20.31709030095844,0.09843929275176042,452418,95,53,14,26,200,200,1.0,452418,151705,300713,0.3353204337581617,0.6646795662418383,0,67420,0.1490214801356268,20969,True,200,200,1.0,151705,300713,0,67420,0.1490214801356268,20969,True,114309,0.43417044999959276,False,0,1.9319866520166398,50000,True,75150,20969,1000,0.5699620000000001,1118
0.33527151469646443,0.6647284853035356,0.29245283018867924,0.7924528301886793,1.0,0.10377358490566038,0.09433962264150944,5.187741580682266,19.576383323329306,0.10216391694867288,452830,94,53,31,10,200,200,1.0,452830,151821,301009,0.33527151469646443,0.6647284853035356,0,67478,0.14901397875582448,20980,True,200,200,1.0,151821,301009,0,67478,0.14901397875582448,20980,True,114415,0.4336457499995924,False,0,1.9184474539756775,50000,True,75213,20980,1000,0.570118,1119
0.33525813868307125,0.6647418613169287,0.1590909090909091,0.9318181818181818,1.0,0.045454545454545456,0.045454545454545456,6.066960116544385,27.577091438838114,0.07252396448101507,453206,112,44,14,4,200,200,1.0,453206,151941,301265,0.33525813868307125,0.6647418613169287,0,67524,0.14899184918116706,20984,True,200,200,1.0,151941,301265,0,67524,0.14899184918116706,20984,True,114503,0.43321014999959206,False,0,1.9445036441087722,50000,True,75261,20984,1000,0.57025,1120
0.33528602484335107,0.6647139751566489,0.21794871794871795,0.8974358974358975,1.0,0.0641025641025641,0.0641025641025641,6.602800293995158,33.860514328180294,0.05906584822119807,453562,122,39,17,5,200,200,1.0,453562,152073,301489,0.33528602484335107,0.6647139751566489,0,67563,0.14896089178546704,20989,True,200,200,1.0,152073,301489,0,67563,0.14896089178546704,20989,True,114581,0.4328240499995918,False,0,1.888365654349327,50000,True,75305,20989,1000,0.57037,1121
0.3352372099580163,0.6647627900419837,0.25892857142857145,0.8214285714285714,1.0,0.14285714285714285,0.14285714285714285,4.844412419180501,17.30147292564465,0.11559709445520984,453986,88,56,29,16,200,200,1.0,453986,152193,301793,0.3352372099580163,0.6647627900419837,0,67627,0.14896274334450843,21005,True,200,200,1.0,152193,301793,0,67627,0.14896274334450843,21005,True,114693,0.4322696499995914,False,0,1.798238406777382,50000,True,75377,21005,1000,0.570538,1122
0.33527418361059763,0.6647258163894023,0.0546875,0.96875,1.0,0.375,0.3671875,4.490648020961237,14.033275065503867,0.1425184064777818,454440,73,64,7,47,200,200,1.0,454440,152362,302078,0.33527418361059763,0.6647258163894023,0,67721,0.14902077281929407,21053,True,200,200,1.0,152362,302078,0,67721,0.14902077281929407,21053,True,114820,0.43164099999959094,False,0,1.7788279396295548,50000,True,75478,21053,1000,0.5707300000000001,1123
0.33528506409269804,0.6647149359073019,0.29069767441860467,0.8372093023255814,1.0,0.09302325581395349,0.09302325581395349,6.223346588284807,28.945798085045613,0.06909465733588697,454810,115,43,25,8,200,200,1.0,454810,152491,302319,0.33528506409269804,0.6647149359073019,0,67768,0.14900288032365164,21060,True,200,200,1.0,152491,302319,0,67768,0.14900288032365164,21060,True,114905,0.43122024999959063,False,0,1.771401531100273,50000,True,75528,21060,1000,0.570856,1124
0.33525261090583164,0.6647473890941684,0.23469387755102042,0.8571428571428571,1.0,0.08163265306122448,0.08163265306122448,5.718399360811226,23.340405554331532,0.0856883139988473,455206,102,49,23,8,200,200,1.0,455206,152609,302597,0.33525261090583164,0.6647473890941684,0,67818,0.1489830977623318,21068,True,200,200,1.0,152609,302597,0,67818,0.1489830977623318,21068,True,115003,0.4307351499995903,False,0,1.795109835267067,50000,True,75585,21068,1000,0.571,1125
0.3352532134578914,0.6647467865421086,0.26666666666666666,0.8222222222222222,1.0,0.08888888888888889,0.08888888888888889,5.995201366678571,26.645339407460312,0.0750600309275861,455584,111,45,24,8,200,200,1.0,455584,152736,302848,0.3352532134578914,0.6647467865421086,0,67866,0.14896484512186556,21076,True,200,200,1.0,152736,302848,0,67866,0.14896484512186556,21076,True,115092,0.43029459999958997,False,0,1.8327408301830292,50000,True,75637,21076,1000,0.571138,1126
0.3352293159551981,0.6647706840448019,0.15671641791044777,0.9104477611940298,1.0,0.29850746268656714,0.2835820895522388,4.189170253908717,12.504985832563333,0.15993620678817116,456052,66,67,21,38,200,200,1.0,456052,152882,303170,0.3352293159551981,0.6647706840448019,0,67952,0.14900055256856673,21116,True,200,200,1.0,152882,303170,0,67952,0.14900055256856673,21116,True,115226,0.4296312999995895,False,0,1.8382691645622253,50000,True,75735,21116,1000,0.5713360000000001,1127
0.3351531349953994,0.6648468650046007,0.19230769230769232,0.9038461538461539,1.0,0.028846153846153848,0.028846153846153848,5.389051314688476,20.727120441109527,0.09649193700989271,456460,96,52,20,3,200,200,1.0,456460,152984,303476,0.3351531349953994,0.6648468650046007,0,68007,0.1489878631205363,21119,True,200,200,1.0,152984,303476,0,68007,0.1489878631205363,21119,True,115330,0.4291164999995891,False,0,1.8668677085638046,50000,True,75790,21119,1000,0.571492,1128
0.3350872431514345,0.6649127568485655,0.25,0.8392857142857143,1.0,0.10714285714285714,0.08928571428571429,5.046804712733291,18.02430254547604,0.11096129766763067,456884,88,56,28,10,200,200,1.0,456884,153096,303788,0.3350872431514345,0.6649127568485655,0,68071,0.14898967790511378,21131,True,200,200,1.0,153096,303788,0,68071,0.14898967790511378,21131,True,115442,0.4285620999995887,False,0,1.8567470711469651,50000,True,75858,21131,1000,0.5716600000000001,1129
0.33506976337313565,0.6649302366268643,0.13636363636363635,0.9318181818181818,1.0,0.03409090909090909,0.03409090909090909,6.102394560420958,27.738157092822533,0.07210284350568898,457260,112,44,12,3,200,200,1.0,457260,153214,304046,0.33506976337313565,0.6649302366268643,0,68116,0.1489655775707475,21134,True,200,200,1.0,153214,304046,0,68116,0.1489655775707475,21134,True,115530,0.4281264999995884,False,0,1.8625110971927643,50000,True,75905,21134,1000,0.5717920000000001,1130
0.3350499696293027,0.6649500303706972,0.11818181818181818,0.9454545454545454,1.0,0.18181818181818182,0.18181818181818182,5.255399896056508,19.11054507656912,0.10465426244969545,457678,91,55,13,20,200,200,1.0,457678,153345,304333,0.3350499696293027,0.6649500303706972,0,68177,0.14896280791298686,21154,True,200,200,1.0,153345,304333,0,68177,0.14896280791298686,21154,True,115639,0.427586949999588,False,0,1.904581332206726,50000,True,75979,21154,1000,0.5719540000000001,1131
0.33502003964269184,0.6649799603573081,0.2222222222222222,0.8888888888888888,1.0,0.14814814814814814,0.14814814814814814,5.242439949638598,19.416444257920734,0.1030054717245214,458092,93,54,24,16,200,200,1.0,458092,153470,304622,0.33502003964269184,0.6649799603573081,0,68237,0.14895916104188678,21170,True,200,200,1.0,153470,304622,0,68237,0.14895916104188678,21170,True,115746,0.42705729999958764,False,0,1.9548517096042632,50000,True,76046,21170,1000,0.5721160000000001,1132
0.3350184946086471,0.6649815053913529,0.16363636363636364,0.9090909090909091,1.0,0.22727272727272727,0.22727272727272727,5.1424478953294726,18.69981052847081,0.10695295532299447,458512,90,55,18,25,200,200,1.0,458512,153610,304902,0.3350184946086471,0.6649815053913529,0,68304,0.14896883832920405,21195,True,200,200,1.0,153610,304902,0,68304,0.14896883832920405,21195,True,115856,0.42651279999958724,False,0,1.869070879817009,50000,True,76125,21195,1000,0.572284,1133
0.33502719475629317,0.6649728052437068,0.16,0.9,1.0,0.18,0.18,5.540543643091345,22.16217457236538,0.09024385190494143,458912,100,50,16,18,200,200,1.0,458912,153748,305164,0.33502719475629317,0.6649728052437068,0,68360,0.14896102084931315,21214,True,200,200,1.0,153748,305164,0,68360,0.14896102084931315,21214,True,115956,0.4260177999995869,False,0,1.8232636260986328,50000,True,76192,21214,1000,0.572434,1134
0.33500984131960776,0.6649901586803922,0.19318181818181818,0.8636363636363636,1.0,0.045454545454545456,0.045454545454545456,6.033295787453701,27.424071761153186,0.07292863063584325,459288,112,44,17,4,200,200,1.0,459288,153866,305422,0.33500984131960776,0.6649901586803922,0,68407,0.14894140495723815,21217,True,200,200,1.0,153866,305422,0,68407,0.14894140495723815,21217,True,116044,0.4255821999995866,False,0,1.7262279987335205,50000,True,76240,21217,1000,0.572566,1135
0.3349953880158026,0.6650046119841975,0.17391304347826086,0.8913043478260869,1.0,0.07608695652173914,0.07608695652173914,5.901549601895534,25.658911312589275,0.07794562971261844,459672,108,46,16,7,200,200,1.0,459672,153988,305684,0.3349953880158026,0.6650046119841975,0,68457,0.1489257557562784,21224,True,200,200,1.0,153988,305684,0,68457,0.1489257557562784,21224,True,116136,0.42512679999958625,False,0,1.6761555552482605,50000,True,76293,21224,1000,0.572704,1136
0.3349670290500802,0.6650329709499199,0.22413793103448276,0.8620689655172413,1.0,0.1896551724137931,0.1896551724137931,4.846408302839879,16.711752768413376,0.11967625584912726,460102,85,58,26,22,200,200,1.0,460102,154119,305983,0.3349670290500802,0.6650329709499199,0,68523,0.14893001986516033,21246,True,200,200,1.0,154119,305983,0,68523,0.14893001986516033,21246,True,116251,0.42455754999958584,False,0,1.709374539256096,50000,True,76369,21246,1000,0.572872,1137
0.3349453422569283,0.6650546577430717,0.2,0.88,1.0,0.12,0.12,5.587264651388275,22.3490586055531,0.08948922794909389,460502,100,50,20,12,200,200,1.0,460502,154243,306259,0.3349453422569283,0.6650546577430717,0,68582,0.14892877772517818,21258,True,200,200,1.0,154243,306259,0,68582,0.14892877772517818,21258,True,116351,0.4240625499995855,False,0,1.752053924202919,50000,True,76431,21258,1000,0.573022,1138
0.3349418503731991,0.6650581496268009,0.14444444444444443,0.9333333333333333,1.0,0.07777777777777778,0.07777777777777778,6.144109876975595,27.30715500878042,0.07324087768780432,460880,111,45,13,7,200,200,1.0,460880,154368,306512,0.3349418503731991,0.6650581496268009,0,68631,0.14891294914077416,21264,True,200,200,1.0,154368,306512,0,68631,0.14891294914077416,21264,True,116440,0.42362199999958516,False,0,1.8325164252519608,50000,True,76482,21264,1000,0.57316,1139
0.33493895459748185,0.6650610454025181,0.1574074074074074,0.9074074074074074,1.0,0.21296296296296297,0.21296296296296297,5.190746854221482,19.22498834896845,0.10403127240944796,461296,92,54,17,23,200,200,1.0,461296,154506,306790,0.33493895459748185,0.6650610454025181,0,68696,0.14891956574520482,21287,True,200,200,1.0,154506,306790,0,68696,0.14891956574520482,21287,True,116548,0.4230873999995848,False,0,1.8014104688167571,50000,True,76556,21287,1000,0.573322,1140
0.3349296702058993,0.6650703297941007,0.24468085106382978,0.851063829787234,1.0,0.0851063829787234,0.0851063829787234,5.808509631722895,24.717062262650618,0.08091576493789691,461682,107,47,23,8,200,200,1.0,461682,154631,307051,0.3349296702058993,0.6650703297941007,0,68749,0.1489098557015435,21295,True,200,200,1.0,154631,307051,0,68749,0.1489098557015435,21295,True,116641,0.42262704999958445,False,0,1.785678881406784,50000,True,76610,21295,1000,0.5734600000000001,1141
0.33491233613067134,0.6650876638693286,0.10714285714285714,0.9642857142857143,1.0,0.20535714285714285,0.20535714285714285,5.188588769161428,18.53067417557653,0.10792915471127353,462106,88,56,12,23,200,200,1.0,462106,154765,307341,0.33491233613067134,0.6650876638693286,0,68817,0.14892037757570775,21318,True,200,200,1.0,154765,307341,0,68817,0.14892037757570775,21318,True,116753,0.42207264999958405,False,0,1.7631291151046753,50000,True,76687,21318,1000,0.573628,1142
0.3349283227745465,0.6650716772254535,0.11956521739130435,0.9782608695652174,1.0,0.15217391304347827,0.15217391304347827,6.068489256199191,26.384735896518222,0.07580140304773426,462490,108,46,11,14,200,200,1.0,462490,154901,307589,0.3349283227745465,0.6650716772254535,0,68869,0.1489091656035806,21332,True,200,200,1.0,154901,307589,0,68869,0.1489091656035806,21332,True,116845,0.4216172499995837,False,0,1.8339242088794707,50000,True,76745,21332,1000,0.573766,1143
0.3349356827736993,0.6650643172263007,0.2441860465116279,0.8372093023255814,1.0,0.08139534883720931,0.08139534883720931,6.044627916542444,28.114548449034622,0.07113754658466423,462862,114,43,21,7,200,200,1.0,462862,155029,307833,0.3349356827736993,0.6650643172263007,0,68915,0.14888886968470083,21339,True,200,200,1.0,155029,307833,0,68915,0.14888886968470083,21339,True,116931,0.4211915499995834,False,0,1.904529933333397,50000,True,76795,21339,1000,0.5738920000000001,1144
0.33489617061693217,0.6651038293830678,0.17,0.88,1.0,0.07,0.07,5.598428760958983,22.393715043835932,0.08931077295951025,463260,101,50,17,7,200,200,1.0,463260,155144,308116,0.33489617061693217,0.6651038293830678,0,68966,0.14887104433795276,21346,True,200,200,1.0,155144,308116,0,68966,0.14887104433795276,21346,True,117030,0.42070149999958306,False,0,1.9619240635633468,50000,True,76850,21346,1000,0.574042,1145
0.3348652740455743,0.6651347259544257,0.16071428571428573,0.9285714285714286,1.0,0.16964285714285715,0.16964285714285715,5.06395818684344,18.085564953012288,0.11058543126499816,463682,89,56,18,19,200,200,1.0,463682,155271,308411,0.3348652740455743,0.6651347259544257,0,69029,0.1488714248126949,21365,True,200,200,1.0,155271,308411,0,69029,0.1488714248126949,21365,True,117141,0.42015204999958267,False,0,1.9638141673803329,50000,True,76922,21365,1000,0.57421,1146
0.33485103797206506,0.6651489620279349,0.17346938775510204,0.8775510204081632,1.0,0.12244897959183673,0.12244897959183673,5.680819374591979,23.187017855477464,0.08625516280126297,464078,102,49,17,12,200,200,1.0,464078,155397,308681,0.33485103797206506,0.6651489620279349,0,69085,0.1488650614767345,21377,True,200,200,1.0,155397,308681,0,69085,0.1488650614767345,21377,True,117239,0.4196669499995823,False,0,1.9264955389499665,50000,True,76981,21377,1000,0.574354,1147
0.33484401575989836,0.6651559842401016,0.21875,0.9166666666666666,1.0,0.125,0.125,5.731588754043282,23.881619808513676,0.08374641318454497,464470,104,48,21,12,200,200,1.0,464470,155525,308945,0.33484401575989836,0.6651559842401016,0,69139,0.14885568497427176,21389,True,200,200,1.0,155525,308945,0,69139,0.14885568497427176,21389,True,117335,0.419191749999582,False,0,1.8542182910442353,50000,True,77041,21389,1000,0.574498,1148
0.33483325876725056,0.6651667412327494,0.1885245901639344,0.9016393442622951,1.0,0.2540983606557377,0.2540983606557377,4.607114987375569,15.105295040575635,0.1324039017197365,464912,79,61,23,31,200,200,1.0,464912,155668,309244,0.33483325876725056,0.6651667412327494,0,69217,0.14888193894758578,21421,True,200,200,1.0,155668,309244,0,69217,0.14888193894758578,21421,True,117456,0.41859279999958154,False,0,1.903212697505951,50000,True,77130,21421,1000,0.574684,1149
0.33481411752569346,0.6651858824743065,0.2608695652173913,0.8478260869565217,1.0,0.05434782608695652,0.05434782608695652,5.9475215011371745,25.85878913537902,0.07734314199823361,465294,109,46,24,5,200,200,1.0,465294,155787,309507,0.33481411752569346,0.6651858824743065,0,69265,0.14886286949756497,21426,True,200,200,1.0,155787,309507,0,69265,0.14886286949756497,21426,True,117547,0.4181423499995812,False,0,1.908324065208435,50000,True,77180,21426,1000,0.574816,1150
0.3347999742317851,0.6652000257682149,0.16326530612244897,0.9183673469387755,1.0,0.11224489795918367,0.11224489795918367,5.606763475756846,22.88474888064019,0.08739444817294631,465690,102,49,16,11,200,200,1.0,465690,155913,309777,0.3347999742317851,0.6652000257682149,0,69321,0.14885653546350577,21438,True,200,200,1.0,155913,309777,0,69321,0.14885653546350577,21438,True,117645,0.41765724999958087,False,0,1.8779549896717072,50000,True,77238,21438,1000,0.574966,1151
0.33478294450570906,0.6652170554942909,0.2169811320754717,0.8490566037735849,1.0,0.16981132075471697,0.16981132075471697,5.262266496355507,19.857609420209464,0.10071705801427247,466102,94,53,23,18,200,200,1.0,466102,156043,310059,0.33478294450570906,0.6652170554942909,0,69386,0.1488644116523851,21456,True,200,200,1.0,156043,310059,0,69386,0.1488644116523851,21456,True,117751,0.4171325499995805,False,0,1.8215231269598007,50000,True,77307,21456,1000,0.575122,1152
0.334718042372954,0.665281957627046,0.15178571428571427,0.9285714285714286,1.0,0.09821428571428571,0.09821428571428571,5.192089431653361,18.543176541619147,0.10785638563657685,466524,89,56,17,11,200,200,1.0,466524,156154,310370,0.334718042372954,0.665281957627046,0,69449,0.14886479580900447,21467,True,200,200,1.0,156154,310370,0,69449,0.14886479580900447,21467,True,117862,0.4165830999995801,False,0,1.7470347690582275,50000,True,77372,21467,1000,0.5752900000000001,1153
0.3347175403804392,0.6652824596195608,0.12264150943396226,0.9433962264150944,1.0,0.19811320754716982,0.19811320754716982,5.40886836119552,20.410824004511394,0.09798722479591912,466934,95,53,13,21,200,200,1.0,466934,156291,310643,0.3347175403804392,0.6652824596195608,0,69512,0.14886900504139772,21488,True,200,200,1.0,156291,310643,0,69512,0.14886900504139772,21488,True,117967,0.4160633499995797,False,0,1.7324145942926408,50000,True,77444,21488,1000,0.575446,1154
0.3346335722691773,0.6653664277308227,0.23148148148148148,0.8703703703703703,1.0,0.037037037037037035,0.037037037037037035,5.231614697893718,19.3763507329397,0.1032186105405292,467350,92,54,25,4,200,200,1.0,467350,156391,310959,0.3346335722691773,0.6653664277308227,0,69569,0.1488584572590136,21492,True,200,200,1.0,156391,310959,0,69569,0.1488584572590136,21492,True,118075,0.41552874999957934,False,0,1.7927411311864854,50000,True,77502,21492,1000,0.575608,1155
0.33460684919206213,0.6653931508079378,0.20652173913043478,0.9130434782608695,1.0,0.043478260869565216,0.043478260869565216,5.9189596215722755,25.734607050314242,0.07771636054476216,467734,108,46,19,4,200,200,1.0,467734,156507,311227,0.33460684919206213,0.6653931508079378,0,69616,0.14883673198869443,21496,True,200,200,1.0,156507,311227,0,69616,0.14883673198869443,21496,True,118167,0.415073349999579,False,0,1.8265943592786789,50000,True,77551,21496,1000,0.575746,1156
0.33451233681908277,0.6654876631809172,0.2076923076923077,0.8307692307692308,1.0,0.13846153846153847,0.13076923076923078,4.178083849060508,12.855642612493872,0.1555737087818762,468192,71,65,27,17,200,200,1.0,468192,156616,311576,0.33451233681908277,0.6654876631809172,0,69690,0.1488491900758663,21514,True,200,200,1.0,156616,311576,0,69690,0.1488491900758663,21514,True,118296,0.41443479999957855,False,0,1.8194469428062439,50000,True,77631,21514,1000,0.575944,1157
0.33446795252098865,0.6655320474790114,0.23469387755102042,0.8775510204081632,1.0,0.04081632653061224,0.04081632653061224,5.641615450704316,23.027001839609454,0.08685455509712682,468586,103,49,23,4,200,200,1.0,468586,156727,311859,0.33446795252098865,0.6655320474790114,0,69739,0.14882860350074478,21518,True,200,200,1.0,156727,311859,0,69739,0.14882860350074478,21518,True,118393,0.4139546499995782,False,0,1.779917030930519,50000,True,77683,21518,1000,0.576088,1158
0.33445120521228194,0.6655487947877181,0.09230769230769231,0.9538461538461539,1.0,0.2923076923076923,0.2923076923076923,4.267922677577584,13.132069777161798,0.15229891661695505,469046,70,65,12,38,200,200,1.0,469046,156873,312173,0.33445120521228194,0.6655487947877181,0,69821,0.14885746813745346,21556,True,200,200,1.0,156873,312173,0,69821,0.14885746813745346,21556,True,118523,0.41331114999957774,False,0,1.8167717069387437,50000,True,77779,21556,1000,0.57628,1159
0.33442537745816436,0.6655746225418356,0.25471698113207547,0.8113207547169812,1.0,0.1320754716981132,0.1320754716981132,5.257749660465762,19.840564756474574,0.10080358218368456,469456,95,53,27,14,200,200,1.0,469456,156998,312458,0.33442537745816436,0.6655746225418356,0,69879,0.1488510105313384,21571,True,200,200,1.0,156998,312458,0,69879,0.1488510105313384,21571,True,118628,0.41279139999957737,False,0,1.8422095274925232,50000,True,77845,21571,1000,0.576442,1160
0.334406615903877,0.665593384096123,0.21311475409836064,0.8688524590163934,1.0,0.2459016393442623,0.22131147540983606,4.538647029127576,14.880809931565823,0.1344012865695914,469898,79,61,26,27,200,200,1.0,469898,157137,312761,0.334406615903877,0.665593384096123,0,69958,0.14887911844698212,21601,True,200,200,1.0,157137,312761,0,69958,0.14887911844698212,21601,True,118749,0.41219244999957694,False,0,1.830622251033783,50000,True,77932,21601,1000,0.576622,1161
0.33437737887158026,0.6656226211284197,0.3829787234042553,0.7021276595744681,1.0,0.05319148936170213,0.05319148936170213,5.608948357027885,23.86786534905483,0.08379467416759162,470286,106,47,36,5,200,200,1.0,470286,157253,313033,0.33437737887158026,0.6656226211284197,0,70005,0.14885622791237674,21606,True,200,200,1.0,157253,313033,0,70005,0.14885622791237674,21606,True,118843,0.4117271499995766,False,0,1.7868255919218063,50000,True,77984,21606,1000,0.5767599999999999,1162
0.3343261386811693,0.6656738613188307,0.19491525423728814,0.864406779661017,1.0,0.15254237288135594,0.1440677966101695,4.711635586590404,15.971646056238658,0.1252219084343397,470720,83,59,23,17,200,200,1.0,470720,157374,313346,0.3343261386811693,0.6656738613188307,0,70073,0.14886344323589396,21625,True,200,200,1.0,157374,313346,0,70073,0.14886344323589396,21625,True,118960,0.4111479999995762,False,0,1.7025503462553024,50000,True,78059,21625,1000,0.57694,1163
0.3342353585391012,0.6657646414608989,0.1557377049180328,0.9180327868852459,1.0,0.10655737704918032,0.09836065573770492,4.589204867942254,15.046573337515584,0.13292062951060124,471162,79,61,19,12,200,200,1.0,471162,157479,313683,0.3342353585391012,0.6657646414608989,0,70139,0.14886387272318227,21638,True,200,200,1.0,157479,313683,0,70139,0.14886387272318227,21638,True,119081,0.41054904999957575,False,0,1.726241005063057,50000,True,78131,21638,1000,0.5771200000000001,1164
0.3342133947467756,0.6657866052532244,0.22448979591836735,0.8571428571428571,1.0,0.10204081632653061,0.10204081632653061,5.581310394941763,22.78085875486434,0.0877930029557356,471558,102,49,22,10,200,200,1.0,471558,157601,313957,0.3342133947467756,0.6657866052532244,0,70196,0.1488597372963665,21648,True,200,200,1.0,157601,313957,0,70196,0.1488597372963665,21648,True,119179,0.4100639499995754,False,0,1.7272328373789787,50000,True,78190,21648,1000,0.577264,1165
0.33417947892122796,0.665820521078772,0.20212765957446807,0.9148936170212766,1.0,0.031914893617021274,0.031914893617021274,5.957650707711593,25.35170513919827,0.078890157053288,471944,107,47,19,3,200,200,1.0,471944,157714,314230,0.33417947892122796,0.665820521078772,0,70243,0.14883757394945163,21651,True,200,200,1.0,157714,314230,0,70243,0.14883757394945163,21651,True,119272,0.4096035999995751,False,0,1.8403765693306924,50000,True,78239,21651,1000,0.577408,1166
0.3341660456608631,0.665833954339137,0.1346153846153846,0.9038461538461539,1.0,0.16346153846153846,0.16346153846153846,5.292441907837415,20.355545799374674,0.09825332220084418,472352,96,52,14,17,200,200,1.0,472352,157844,314508,0.3341660456608631,0.665833954339137,0,70305,0.14884027166181152,21668,True,200,200,1.0,157844,314508,0,70305,0.14884027166181152,21668,True,119376,0.4090887999995747,False,0,1.870689643919468,50000,True,78304,21668,1000,0.577564,1167
0.3341448968799577,0.6658551031200424,0.25,0.8,1.0,0.11,0.11,5.527678722501006,22.110714890004022,0.09045388219917642,472750,101,50,25,11,200,200,1.0,472750,157967,314783,0.3341448968799577,0.6658551031200424,0,70362,0.14883553675304073,21679,True,200,200,1.0,157967,314783,0,70362,0.14883553675304073,21679,True,119475,0.40859874999957435,False,0,1.9106055882573127,50000,True,78364,21679,1000,0.577708,1168
0.3341026096218711,0.6658973903781289,0.19642857142857142,0.8571428571428571,1.0,0.13392857142857142,0.13392857142857142,5.056904653486783,18.060373762452794,0.11073967938348903,473172,89,56,22,15,200,200,1.0,473172,158088,315084,0.3341026096218711,0.6658973903781289,0,70423,0.14883171447169316,21695,True,200,200,1.0,158088,315084,0,70423,0.14883171447169316,21695,True,119586,0.40804929999957396,False,0,1.9177578389644623,50000,True,78433,21695,1000,0.5778760000000001,1169
0.3340948825581297,0.6659051174418703,0.24107142857142858,0.875,1.0,0.22321428571428573,0.21428571428571427,5.00246646917779,17.865951675634964,0.11194477833092645,473596,88,56,27,24,200,200,1.0,473596,158226,315370,0.3340948825581297,0.6659051174418703,0,70490,0.14883993952651628,21720,True,200,200,1.0,158226,315370,0,70490,0.14883993952651628,21720,True,119698,0.40749489999957356,False,0,1.8703998053073883,50000,True,78511,21720,1000,0.578044,1170
0.33409498491465706,0.6659050150853429,0.22727272727272727,0.8863636363636364,1.0,0.06818181818181818,0.06818181818181818,6.083116951336515,27.65053159698416,0.07233133992324907,473970,113,44,20,6,200,200,1.0,473970,158351,315619,0.33409498491465706,0.6659050150853429,0,70535,0.1488174357026816,21726,True,200,200,1.0,158351,315619,0,70535,0.1488174357026816,21726,True,119785,0.40706424999957325,False,0,1.8760789507627487,50000,True,78560,21726,1000,0.578176,1171
0.3340675415337012,0.6659324584662988,0.15151515151515152,0.9242424242424242,1.0,0.2727272727272727,0.25,4.238420578849,12.84369872378485,0.1557183832330372,474434,68,66,20,33,200,200,1.0,474434,158493,315941,0.3340675415337012,0.6659324584662988,0,70618,0.14884683644089589,21763,True,200,200,1.0,158493,315941,0,70618,0.14884683644089589,21763,True,119917,0.4064108499995728,False,0,1.8225909900665282,50000,True,78657,21763,1000,0.578374,1172
0.33406764668716565,0.6659323533128343,0.2553191489361702,0.8085106382978723,1.0,0.10638297872340426,0.10638297872340426,5.668342532453673,24.120606521079463,0.08291665461447503,474820,107,47,24,10,200,200,1.0,474820,158622,316198,0.33406764668716565,0.6659323533128343,0,70668,0.14883113600943515,21774,True,200,200,1.0,158622,316198,0,70668,0.14883113600943515,21774,True,120010,0.40595049999957245,False,0,1.8639550840854644,50000,True,78712,21774,1000,0.578512,1173
0.3340424994633906,0.6659575005366094,0.1595744680851064,0.9361702127659575,1.0,0.0425531914893617,0.0425531914893617,5.883019731441063,25.03412651677048,0.07989094401437136,475206,107,47,15,4,200,200,1.0,475206,158739,316467,0.3340424994633906,0.6659575005366094,0,70716,0.14881125238317697,21779,True,200,200,1.0,158739,316467,0,70716,0.14881125238317697,21779,True,120103,0.4054901499995721,False,0,1.8211262512207032,50000,True,78761,21779,1000,0.57865,1174
0.33402791503534585,0.6659720849646542,0.1111111111111111,0.9555555555555556,1.0,0.05555555555555555,0.05555555555555555,5.994627145347578,26.6427873126559,0.07506722087782297,475586,110,45,10,5,200,200,1.0,475586,158859,316727,0.33402791503534585,0.6659720849646542,0,70764,0.14879327818733099,21784,True,200,200,1.0,158859,316727,0,70764,0.14879327818733099,21784,True,120193,0.4050446499995718,False,0,1.8239487993717194,50000,True,78811,21784,1000,0.5787880000000001,1175
0.33403575855621154,0.6659642414437885,0.22826086956521738,0.8260869565217391,1.0,0.13043478260869565,0.13043478260869565,5.9511156484380505,25.874415862774132,0.07729643098445468,475970,108,46,21,12,200,200,1.0,475970,158991,316979,0.33403575855621154,0.6659642414437885,0,70818,0.14878668823665356,21796,True,200,200,1.0,158991,316979,0,70818,0.14878668823665356,21796,True,120285,0.40458924999957147,False,0,1.8182875841856003,50000,True,78869,21796,1000,0.578926,1176
0.33400158701502625,0.6659984129849738,0.23469387755102042,0.8775510204081632,1.0,0.07142857142857142,0.07142857142857142,5.620989704563905,22.942815120669,0.0871732605384688,476366,102,49,23,7,200,200,1.0,476366,159107,317259,0.33400158701502625,0.6659984129849738,0,70870,0.1487721625808727,21803,True,200,200,1.0,159107,317259,0,70870,0.1487721625808727,21803,True,120383,0.4041041499995711,False,0,1.8578511291742326,50000,True,78925,21803,1000,0.57907,1177
0.33397025819577575,0.6660297418042243,0.2647058823529412,0.803921568627451,1.0,0.10784313725490197,0.10784313725490197,5.400645328881645,21.179001289731943,0.09443315917685151,476770,98,51,27,11,200,200,1.0,476770,159227,317543,0.33397025819577575,0.6660297418042243,0,70924,0.14875935985905153,21814,True,200,200,1.0,159227,317543,0,70924,0.14875935985905153,21814,True,120485,0.40359924999957075,False,0,1.8936645126342773,50000,True,78986,21814,1000,0.579226,1178
0.3339354568315172,0.6660645431684828,0.20689655172413793,0.8620689655172413,1.0,0.1724137931034483,0.1724137931034483,4.781117415504063,16.48661177760022,0.12131055349512929,477200,85,58,24,20,200,200,1.0,477200,159354,317846,0.3339354568315172,0.6660645431684828,0,70992,0.14876781223805532,21835,True,200,200,1.0,159354,317846,0,70992,0.14876781223805532,21835,True,120600,0.40302999999957034,False,0,1.8759148290753365,50000,True,79061,21835,1000,0.5794,1179
0.33392659720593654,0.6660734027940635,0.2391304347826087,0.8478260869565217,1.0,0.08695652173913043,0.08695652173913043,5.820270778936117,25.305525125809204,0.07903412357802415,477584,108,46,22,8,200,200,1.0,477584,159478,318106,0.33392659720593654,0.6660734027940635,0,71039,0.14874660792656372,21843,True,200,200,1.0,159478,318106,0,71039,0.14874660792656372,21843,True,120692,0.40257459999957,False,0,1.841353016793728,50000,True,79115,21843,1000,0.579538,1180
0.3339100780383706,0.6660899219616294,0.11702127659574468,0.9574468085106383,1.0,0.07446808510638298,0.07446808510638298,5.830927086017011,24.812455685178772,0.0806046779640058,477970,107,47,11,7,200,200,1.0,477970,159599,318371,0.3339100780383706,0.6660899219616294,0,71086,0.14872481536498106,21850,True,200,200,1.0,159599,318371,0,71086,0.14872481536498106,21850,True,120785,0.4021142499995697,False,0,1.7910464414954186,50000,True,79168,21850,1000,0.5796760000000001,1181
0.33393400675653073,0.6660659932434693,0.22826086956521738,0.8478260869565217,1.0,0.15217391304347827,0.15217391304347827,5.878691871454334,25.559529875888412,0.07824870057123784,478352,109,46,21,14,200,200,1.0,478352,159738,318614,0.33393400675653073,0.6660659932434693,0,71138,0.14871475398869452,21864,True,200,200,1.0,159738,318614,0,71138,0.14871475398869452,21864,True,120876,0.40166379999956936,False,0,1.770071032345295,50000,True,79226,21864,1000,0.579814,1182
0.3339001036061629,0.6660998963938372,0.20652173913043478,0.8913043478260869,1.0,0.021739130434782608,0.021739130434782608,5.93587391069001,25.80814743778265,0.07749490756054954,478736,108,46,19,2,200,200,1.0,478736,159850,318886,0.3339001036061629,0.6660998963938372,0,71184,0.14869155442665685,21866,True,200,200,1.0,159850,318886,0,71184,0.14869155442665685,21866,True,120968,0.40120839999956903,False,0,1.7133382123708725,50000,True,79274,21866,1000,0.579952,1183
0.33388295207881113,0.6661170479211889,0.17391304347826086,0.9130434782608695,1.0,0.06521739130434782,0.06521739130434782,5.956698050743415,25.898687177145284,0.07722399156065843,479120,108,46,16,6,200,200,1.0,479120,159970,319150,0.33388295207881113,0.6661170479211889,0,71232,0.1486725663716814,21872,True,200,200,1.0,159970,319150,0,71232,0.1486725663716814,21872,True,121060,0.4007529999995687,False,0,1.7331373107433319,50000,True,79326,21872,1000,0.58009,1184
0.3338477065903726,0.6661522934096273,0.12280701754385964,0.9298245614035088,1.0,0.17543859649122806,0.16666666666666666,5.100949523513587,17.898068503556445,0.11174390128200642,479548,86,57,14,19,200,200,1.0,479548,160096,319452,0.3338477065903726,0.6661522934096273,0,71299,0.1486795899472003,21892,True,200,200,1.0,160096,319452,0,71299,0.1486795899472003,21892,True,121174,0.4001886999995683,False,0,1.7540278339385986,50000,True,79401,21892,1000,0.5802579999999999,1185
0.3338153299940827,0.6661846700059173,0.18,0.88,1.0,0.09,0.09,5.511861804017876,22.047447216071504,0.09071344996994021,479948,100,50,18,9,200,200,1.0,479948,160214,319734,0.3338153299940827,0.6661846700059173,0,71354,0.1486702726128664,21901,True,200,200,1.0,160214,319734,0,71354,0.1486702726128664,21901,True,121274,0.39969369999956794,False,0,1.793117293715477,50000,True,79459,21901,1000,0.580408,1186
0.3338086930453139,0.6661913069546861,0.20833333333333334,0.9166666666666666,1.0,0.125,0.10416666666666667,5.760435976971685,24.001816570715352,0.08332702627351142,480338,105,48,20,10,200,200,1.0,480338,160341,319997,0.3338086930453139,0.6661913069546861,0,71406,0.14865782011833334,21912,True,200,200,1.0,160341,319997,0,71406,0.14865782011833334,21912,True,121369,0.3992234499995676,False,0,1.8330822771787643,50000,True,79518,21912,1000,0.5805520000000001,1187
0.33377641317507273,0.6662235868249273,0.2765957446808511,0.851063829787234,1.0,0.0425531914893617,0.0425531914893617,5.799047746369367,24.676798920720714,0.08104778931924725,480726,106,47,26,4,200,200,1.0,480726,160455,320271,0.33377641317507273,0.6662235868249273,0,71453,0.1486356053136298,21916,True,200,200,1.0,160455,320271,0,71453,0.1486356053136298,21916,True,121463,0.39875814999956727,False,0,1.7943924403190612,50000,True,79569,21916,1000,0.58069,1188
0.33378088523826943,0.6662191147617306,0.20754716981132076,0.8301886792452831,1.0,0.19811320754716982,0.19811320754716982,5.185872548674317,19.569330372355914,0.10220073768212559,481136,95,53,22,21,200,200,1.0,481136,160594,320542,0.33378088523826943,0.6662191147617306,0,71513,0.14863365036081275,21937,True,200,200,1.0,160594,320542,0,71513,0.14863365036081275,21937,True,121568,0.3982383999995669,False,0,1.7475013846158982,50000,True,79641,21937,1000,0.580852,1189
0.3337923099608312,0.6662076900391688,0.20930232558139536,0.8372093023255814,1.0,0.08139534883720931,0.08139534883720931,6.121027202628942,28.469893965716008,0.07024964695718355,481506,115,43,18,7,200,200,1.0,481506,160723,320783,0.3337923099608312,0.6662076900391688,0,71558,0.14861289371264325,21944,True,200,200,1.0,160723,320783,0,71558,0.14861289371264325,21944,True,121653,0.3978176499995666,False,0,1.7438653284311294,50000,True,79690,21944,1000,0.580978,1190
0.3337967266449771,0.6662032733550229,0.10483870967741936,0.967741935483871,1.0,0.3064516129032258,0.28225806451612906,4.720109285132875,15.226158984299598,0.1313528909071745,481952,77,62,13,35,200,200,1.0,481952,160874,321078,0.3337967266449771,0.6662032733550229,0,71640,0.14864550826638337,21981,True,200,200,1.0,160874,321078,0,71640,0.14864550826638337,21981,True,121776,0.39720879999956615,False,0,1.739369784593582,50000,True,79783,21981,1000,0.581164,1191
0.3337611072641404,0.6662388927358596,0.14583333333333334,0.9375,1.0,0.041666666666666664,0.041666666666666664,5.800674742259958,24.169478092749827,0.08274899409598524,482342,105,48,14,4,200,200,1.0,482342,160987,321355,0.3337611072641404,0.6662388927358596,0,71689,0.14862690787864213,21985,True,200,200,1.0,160987,321355,0,71689,0.14862690787864213,21985,True,121871,0.3967385499995658,False,0,1.7584618186950685,50000,True,79834,21985,1000,0.581302,1192
0.33375248070333896,0.666247519296661,0.15217391304347827,0.9347826086956522,1.0,0.08695652173913043,0.08695652173913043,5.988266505895663,26.035941329981142,0.07681688841789415,482726,108,46,14,8,200,200,1.0,482726,161111,321615,0.33375248070333896,0.666247519296661,0,71739,0.14861225622817084,21993,True,200,200,1.0,161111,321615,0,71739,0.14861225622817084,21993,True,121963,0.3962831499995655,False,0,1.7679786598682403,50000,True,79888,21993,1000,0.58144,1193
0.33372868515505655,0.6662713148449435,0.23404255319148937,0.8936170212765957,1.0,0.06382978723404255,0.06382978723404255,5.904023247999365,25.12350318297602,0.07960673260547611,483114,106,47,22,6,200,200,1.0,483114,161229,321885,0.33372868515505655,0.6662713148449435,0,71790,0.148598467442467,21999,True,200,200,1.0,161229,321885,0,71790,0.148598467442467,21999,True,122057,0.39581784999956515,False,0,1.781914598941803,50000,True,79941,21999,1000,0.581584,1194
0.3337242152373625,0.6662757847626375,0.1346153846153846,0.9230769230769231,1.0,0.18269230769230768,0.16346153846153846,5.371337390044682,20.658989961710315,0.09681015401560435,483522,96,52,14,17,200,200,1.0,483522,161363,322159,0.3337242152373625,0.6662757847626375,0,71855,0.1486075090688738,22018,True,200,200,1.0,161363,322159,0,71855,0.1486075090688738,22018,True,122161,0.3953030499995648,False,0,1.7480377125740052,50000,True,80011,22018,1000,0.58174,1195
0.33365844788110727,0.6663415521188927,0.16981132075471697,0.9245283018867925,1.0,0.04716981132075472,0.04716981132075472,5.380178110163944,20.30255890627903,0.0985097498907615,483932,95,53,18,5,200,200,1.0,483932,161468,322464,0.33365844788110727,0.6663415521188927,0,71909,0.14859319077886976,22023,True,200,200,1.0,161468,322464,0,71909,0.14859319077886976,22023,True,122266,0.3947832999995644,False,0,1.791726058125496,50000,True,80067,22023,1000,0.581896,1196
0.3336836194117671,0.6663163805882328,0.15254237288135594,0.8983050847457628,1.0,0.3220338983050847,0.3135593220338983,4.875021404387552,16.525496286059496,0.12102510964751786,484366,83,59,18,37,200,200,1.0,484366,161625,322741,0.3336836194117671,0.6663163805882328,0,71985,0.14861695494729193,22060,True,200,200,1.0,161625,322741,0,71985,0.14861695494729193,22060,True,122383,0.394204149999564,False,0,1.7541820150613785,50000,True,80155,22060,1000,0.58207,1197
0.3336771574274256,0.6663228425725745,0.25555555555555554,0.8222222222222222,1.0,0.07777777777777778,0.06666666666666667,6.039580442177188,26.842579743009725,0.074508486857372,484744,111,45,23,6,200,200,1.0,484744,161748,322996,0.3336771574274256,0.6663228425725745,0,72033,0.14860008581849388,22066,True,200,200,1.0,161748,322996,0,72033,0.14860008581849388,22066,True,122472,0.3937635999995637,False,0,1.7181389743089677,50000,True,80206,22066,1000,0.5822080000000001,1198
0.3336899476003776,0.6663100523996224,0.20454545454545456,0.8863636363636364,1.0,0.10227272727272728,0.10227272727272728,6.092250323709741,27.692046925953367,0.0722229023137171,485118,113,44,18,9,200,200,1.0,485118,161879,323239,0.3336899476003776,0.6663100523996224,0,72083,0.14858859081707956,22075,True,200,200,1.0,161879,323239,0,72083,0.14858859081707956,22075,True,122559,0.39333294999956336,False,0,1.7770739348232747,50000,True,80258,22075,1000,0.582334,1199
0.33368212040569156,0.6663178795943084,0.1590909090909091,0.9318181818181818,1.0,0.045454545454545456,0.045454545454545456,6.137675507910096,27.898525035954982,0.07168837769819177,485492,113,44,14,4,200,200,1.0,485492,162000,323492,0.33368212040569156,0.6663178795943084,0,72129,0.14856887446137115,22079,True,200,200,1.0,162000,323492,0,72129,0.14856887446137115,22079,True,122646,0.39290229999956305,False,0,1.7385037542879582,50000,True,80305,22079,1000,0.582466,1200
0.3336427133796237,0.6663572866203763,0.22807017543859648,0.8245614035087719,1.0,0.15789473684210525,0.15789473684210525,4.844775330087556,16.99921168451774,0.11765251454698496,485918,87,57,26,18,200,200,1.0,485918,162123,323795,0.3336427133796237,0.6663572866203763,0,72192,0.14856827695207833,22097,True,200,200,1.0,162123,323795,0,72192,0.14856827695207833,22097,True,122759,0.39234294999956265,False,0,1.7950185461342334,50000,True,80376,22097,1000,0.582634,1201
0.333644536937263,0.6663554630627371,0.19047619047619047,0.9047619047619048,1.0,0.023809523809523808,0.023809523809523808,6.319049008476454,30.09070956417359,0.06646569751818772,486284,117,42,16,2,200,200,1.0,486284,162246,324038,0.333644536937263,0.6663554630627371,0,72233,0.14854077041399677,22100,True,200,200,1.0,162246,324038,0,72233,0.14854077041399677,22100,True,122842,0.39193209999956236,False,0,1.797051912099123,50000,True,80419,22100,1000,0.58276,1202
0.33360797544247517,0.6663920245575248,0.24528301886792453,0.8490566037735849,1.0,0.11320754716981132,0.11320754716981132,5.21851608880661,19.692513542666454,0.10156143834390331,486694,95,53,26,12,200,200,1.0,486694,162365,324329,0.33360797544247517,0.6663920245575248,0,72291,0.14853480831898483,22112,True,200,200,1.0,162365,324329,0,72291,0.14853480831898483,22112,True,122947,0.391412349999562,False,0,1.8069072037935257,50000,True,80483,22112,1000,0.582916,1203
0.3335906131196269,0.6664093868803731,0.109375,0.9375,1.0,0.2890625,0.28125,4.339046877865292,13.559521493329038,0.14749783028729682,487148,73,64,14,36,200,200,1.0,487148,162508,324640,0.3335906131196269,0.6664093868803731,0,72371,0.14856060170625765,22147,True,200,200,1.0,162508,324640,0,72371,0.14856060170625765,22147,True,123074,0.39078369999956153,False,0,1.809330371618271,50000,True,80578,22147,1000,0.583108,1204
0.333597256295178,0.666402743704822,0.35714285714285715,0.7619047619047619,1.0,0.05952380952380952,0.05952380952380952,6.076350946036879,28.935004504937517,0.06912043160935802,487516,116,42,30,5,200,200,1.0,487516,162634,324882,0.333597256295178,0.666402743704822,0,72416,0.14854076584153136,22152,True,200,200,1.0,162634,324882,0,72416,0.14854076584153136,22152,True,123158,0.39036789999956123,False,0,1.7738131821155547,50000,True,80625,22152,1000,0.583234,1205
0.3336038694868011,0.6663961305131989,0.19607843137254902,0.9215686274509803,1.0,0.19607843137254902,0.19607843137254902,5.435008138140166,21.31375740447124,0.09383610604390366,487920,98,51,20,20,200,200,1.0,487920,162772,325148,0.3336038694868011,0.6663961305131989,0,72477,0.14854279390063946,22172,True,200,200,1.0,162772,325148,0,72477,0.14854279390063946,22172,True,123260,0.38986299999956087,False,0,1.7773391234874725,50000,True,80695,22172,1000,0.58339,1206
0.33356881053299753,0.6664311894670025,0.16666666666666666,0.9047619047619048,1.0,0.2222222222222222,0.2222222222222222,4.53861971876572,14.408316567510223,0.13880872138177922,488370,75,63,21,28,200,200,1.0,488370,162905,325465,0.33356881053299753,0.6664311894670025,0,72549,0.14855335094293262,22200,True,200,200,1.0,162905,325465,0,72549,0.14855335094293262,22200,True,123385,0.3892442499995604,False,0,1.8118765139579773,50000,True,80782,22200,1000,0.583576,1207
0.33354134356880094,0.6664586564311991,0.1276595744680851,0.9787234042553191,1.0,0.0425531914893617,0.0425531914893617,5.943624839099223,25.292020591911587,0.07907632340927329,488758,106,47,12,4,200,200,1.0,488758,163021,325737,0.33354134356880094,0.6664586564311991,0,72597,0.14853363014006932,22205,True,200,200,1.0,163021,325737,0,72597,0.14853363014006932,22205,True,123479,0.3887789499995601,False,0,1.8360879147052764,50000,True,80833,22205,1000,0.5837140000000001,1208
0.3335364008798685,0.6664635991201315,0.2692307692307692,0.8269230769230769,1.0,0.17307692307692307,0.17307692307692307,5.259324196025153,20.228169984712128,0.09887201865079949,489164,97,52,28,18,200,200,1.0,489164,163154,326010,0.3335364008798685,0.6664635991201315,0,72658,0.1485350516391231,22223,True,200,200,1.0,163154,326010,0,72658,0.1485350516391231,22223,True,123582,0.3882690999995597,False,0,1.8335704362392427,50000,True,80900,22223,1000,0.58387,1209
0.33351512997438504,0.666484870025615,0.20408163265306123,0.8367346938775511,1.0,0.09183673469387756,0.09183673469387756,5.751365863026397,23.47496270623019,0.08519715345359018,489558,103,49,20,9,200,200,1.0,489558,163275,326283,0.33351512997438504,0.666484870025615,0,72709,0.14851968510370578,22232,True,200,200,1.0,163275,326283,0,72709,0.14851968510370578,22232,True,123679,0.3877889499995594,False,0,1.8134825563430785,50000,True,80957,22232,1000,0.584014,1210
0.3334891124670925,0.6665108875329075,0.2222222222222222,0.8412698412698413,1.0,0.2619047619047619,0.24603174603174602,4.322320532621964,13.72165248451417,0.14575503950833457,490010,74,63,28,31,200,200,1.0,490010,163413,326597,0.3334891124670925,0.6665108875329075,0,72788,0.14854390726719863,22264,True,200,200,1.0,163413,326597,0,72788,0.14854390726719863,22264,True,123805,0.3871652499995589,False,0,1.7224207532405853,50000,True,81047,22264,1000,0.584206,1211
0.33348423671438476,0.6665157632856152,0.16279069767441862,0.8837209302325582,1.0,0.03488372093023256,0.03488372093023256,6.163001435618282,28.665122956364105,0.06977119906460993,490380,115,43,14,3,200,200,1.0,490380,163534,326846,0.33348423671438476,0.6665157632856152,0,72833,0.14852359394755088,22267,True,200,200,1.0,163534,326846,0,72833,0.14852359394755088,22267,True,123890,0.3867444999995586,False,0,1.6675858598947526,50000,True,81092,22267,1000,0.5843320000000001,1212
0.3334426817390879,0.6665573182609121,0.17307692307692307,0.9423076923076923,1.0,0.08653846153846154,0.08653846153846154,5.436405607837499,20.909252337836538,0.09565143543563635,490786,97,52,18,9,200,200,1.0,490786,163649,327137,0.3334426817390879,0.6665573182609121,0,72890,0.14851686885933993,22276,True,200,200,1.0,163649,327137,0,72890,0.14851686885933993,22276,True,123993,0.38623464999955825,False,0,1.6752359366416931,50000,True,81152,22276,1000,0.584488,1213
0.33340798410345784,0.6665920158965422,0.2708333333333333,0.8333333333333334,1.0,0.052083333333333336,0.052083333333333336,5.633730169901859,23.47387570792441,0.08520109865474117,491176,105,48,26,5,200,200,1.0,491176,163762,327414,0.33340798410345784,0.6665920158965422,0,72940,0.14850074107855432,22280,True,200,200,1.0,163762,327414,0,72940,0.14850074107855432,22280,True,124088,0.3857643999995579,False,0,1.6739858901500702,50000,True,81204,22280,1000,0.584632,1214
0.33341470360877173,0.6665852963912282,0.24509803921568626,0.7843137254901961,1.0,0.19607843137254902,0.19607843137254902,5.30156659242625,20.79045722520098,0.09619798056079866,491580,98,51,25,20,200,200,1.0,491580,163900,327680,0.33341470360877173,0.6665852963912282,0,73003,0.1485068554457057,22300,True,200,200,1.0,163900,327680,0,73003,0.1485068554457057,22300,True,124190,0.38525949999955755,False,0,1.6554337233304977,50000,True,81274,22300,1000,0.584782,1215
0.3334098975124095,0.6665901024875904,0.16304347826086957,0.9130434782608695,1.0,0.08695652173913043,0.08695652173913043,5.8231853716889415,25.318197268212792,0.0789945657983721,491962,109,46,15,8,200,200,1.0,491962,164025,327937,0.3334098975124095,0.6665901024875904,0,73050,0.1484870782702729,22308,True,200,200,1.0,164025,327937,0,73050,0.1484870782702729,22308,True,124281,0.38480904999955723,False,0,1.6641493088006973,50000,True,81327,22308,1000,0.58492,1216
0.3333915572598466,0.6666084427401534,0.28125,0.8333333333333334,1.0,0.07291666666666667,0.0625,5.628148729374381,23.450619705726584,0.08528559266651724,492352,105,48,27,6,200,200,1.0,492352,164146,328206,0.3333915572598466,0.6666084427401534,0,73100,0.1484710126088652,22316,True,200,200,1.0,164146,328206,0,73100,0.1484710126088652,22316,True,124376,0.3843387999995569,False,0,1.666557750105858,50000,True,81381,22316,1000,0.585064,1217
0.33342330093146905,0.6665766990685309,0.15454545454545454,0.9272727272727272,1.0,0.2818181818181818,0.2727272727272727,5.140694780449667,18.69343556527152,0.10698942915103204,492770,91,55,17,30,200,200,1.0,492770,164301,328469,0.33342330093146905,0.6665766990685309,0,73167,0.14848103577734034,22348,True,200,200,1.0,164301,328469,0,73167,0.14848103577734034,22348,True,124485,0.3837992499995565,False,0,1.68392165184021,50000,True,81461,22348,1000,0.585226,1218
0.33334549907945854,0.6666545009205415,0.2545454545454545,0.8363636363636363,1.0,0.045454545454545456,0.045454545454545456,5.143383838518949,18.703213958250725,0.10693349305977014,493188,91,55,28,5,200,200,1.0,493188,164402,328786,0.33334549907945854,0.6666545009205415,0,73222,0.14846671046335272,22353,True,200,200,1.0,164402,328786,0,73222,0.14846671046335272,22353,True,124594,0.3832596999995561,False,0,1.782031072974205,50000,True,81520,22353,1000,0.585388,1219
0.3332961898934726,0.6667038101065275,0.20408163265306123,0.9183673469387755,1.0,0.02040816326530612,0.02040816326530612,5.738571699879226,23.422741632160104,0.08538710076765488,493582,103,49,20,2,200,200,1.0,493582,164509,329073,0.3332961898934726,0.6667038101065275,0,73272,0.14844949775315955,22355,True,200,200,1.0,164509,329073,0,73272,0.14844949775315955,22355,True,124691,0.38277954999955577,False,0,1.777689202427864,50000,True,81570,22355,1000,0.585532,1220
0.33323212941147895,0.666767870588521,0.15441176470588236,0.8970588235294118,1.0,0.22794117647058823,0.22058823529411764,3.868501794457978,11.37794645428817,0.17577864406685015,494052,65,68,21,30,200,200,1.0,494052,164634,329418,0.33323212941147895,0.666767870588521,0,73356,0.14847829783099756,22385,True,200,200,1.0,164634,329418,0,73356,0.14847829783099756,22385,True,124826,0.3821112999995553,False,0,1.7871991658210755,50000,True,81662,22385,1000,0.585736,1221
0.3332632277165252,0.6667367722834747,0.19166666666666668,0.9333333333333333,1.0,0.3416666666666667,0.325,4.607992025471373,15.35997341823791,0.13020855867011252,494492,80,60,23,39,200,200,1.0,494492,164796,329696,0.3332632277165252,0.6667367722834747,0,73431,0.1484978523413928,22426,True,200,200,1.0,164796,329696,0,73431,0.1484978523413928,22426,True,124946,0.38151729999955486,False,0,1.7812594270706177,50000,True,81756,22426,1000,0.585916,1222
0.33326934346394005,0.66673065653606,0.2777777777777778,0.8444444444444444,1.0,0.1111111111111111,0.08888888888888889,5.939563910889533,26.398061826175702,0.0757631379595015,494870,111,45,25,8,200,200,1.0,494870,164925,329945,0.33326934346394005,0.66673065653606,0,73480,0.1484834400953786,22435,True,200,200,1.0,164925,329945,0,73480,0.1484834400953786,22435,True,125035,0.38107674999955454,False,0,1.757119943499565,50000,True,81810,22435,1000,0.586048,1223
0.33321959157961045,0.6667804084203895,0.2647058823529412,0.7843137254901961,1.0,0.058823529411764705,0.058823529411764705,5.270731070270546,20.669533608904104,0.09676077060289508,495274,98,51,27,6,200,200,1.0,495274,165035,330239,0.33321959157961045,0.6667804084203895,0,73533,0.14846933212726693,22441,True,200,200,1.0,165035,330239,0,73533,0.14846933212726693,22441,True,125137,0.3805718499995542,False,0,1.7504520314931868,50000,True,81866,22441,1000,0.5862040000000001,1224
0.3331779867894913,0.6668220132105087,0.3020833333333333,0.8125,1.0,0.020833333333333332,0.020833333333333332,5.667361021255768,23.61400425523237,0.08469550434492032,495666,104,48,29,2,200,200,1.0,495666,165145,330521,0.3331779867894913,0.6668220132105087,0,73583,0.1484527887730851,22444,True,200,200,1.0,165145,330521,0,73583,0.1484527887730851,22444,True,125233,0.38009664999955384,False,0,1.7389009577035903,50000,True,81916,22444,1000,0.5863480000000001,1225
0.3331317529430737,0.6668682470569263,0.2777777777777778,0.8518518518518519,1.0,0.08333333333333333,0.08333333333333333,5.2340637670000305,19.38542135925937,0.10317031355342232,496080,93,54,30,9,200,200,1.0,496080,165260,330820,0.3331317529430737,0.6668682470569263,0,73639,0.14844178358329302,22454,True,200,200,1.0,165260,330820,0,73639,0.14844178358329302,22454,True,125340,0.37956699999955346,False,0,1.7654200220108032,50000,True,81978,22454,1000,0.5865100000000001,1226
0.3331178117509618,0.6668821882490382,0.23958333333333334,0.8333333333333334,1.0,0.08333333333333333,0.08333333333333333,5.686043083346614,23.69184618061089,0.08441722881169028,496470,105,48,23,8,200,200,1.0,496470,165383,331087,0.3331178117509618,0.6668821882490382,0,73691,0.14842991520132132,22463,True,200,200,1.0,165383,331087,0,73691,0.14842991520132132,22463,True,125435,0.3790967499995531,False,0,1.7667063069343567,50000,True,82033,22463,1000,0.5866480000000001,1227
0.3330348122537201,0.6669651877462799,0.17857142857142858,0.9285714285714286,1.0,0.05357142857142857,0.05357142857142857,5.001050354887403,17.86089412459787,0.11197647699202344,496894,88,56,20,6,200,200,1.0,496894,165483,331411,0.3330348122537201,0.6669651877462799,0,73749,0.1484199849464876,22469,True,200,200,1.0,165483,331411,0,73749,0.1484199849464876,22469,True,125547,0.3785423499995527,False,0,1.8293782883882523,50000,True,82095,22469,1000,0.586816,1228
0.3329807769645299,0.6670192230354701,0.21052631578947367,0.8771929824561403,1.0,0.12280701754385964,0.10526315789473684,4.879771955868401,17.122006862696143,0.11680873720226198,497320,87,57,24,12,200,200,1.0,497320,165598,331722,0.3329807769645299,0.6670192230354701,0,73812,0.148419528673691,22483,True,200,200,1.0,165598,331722,0,73812,0.148419528673691,22483,True,125660,0.3779829999995523,False,0,1.821902309656143,50000,True,82165,22483,1000,0.58699,1229
0.3329308425785661,0.6670691574214339,0.18518518518518517,0.9074074074074074,1.0,0.10185185185185185,0.09259259259259259,5.262656979938148,19.491322147919067,0.10260976576253059,497734,93,54,20,10,200,200,1.0,497734,165711,332023,0.3329308425785661,0.6670691574214339,0,73870,0.1484126059300751,22493,True,200,200,1.0,165711,332023,0,73870,0.1484126059300751,22493,True,125767,0.37745334999955193,False,0,1.8195392364263534,50000,True,82228,22493,1000,0.5871460000000001,1230
0.33289168332891683,0.6671083166710832,0.11,0.94,1.0,0.06,0.06,5.778553092125452,23.114212368501807,0.08652685058502964,498132,101,50,11,6,200,200,1.0,498132,165824,332308,0.33289168332891683,0.6671083166710832,0,73922,0.14839841648398416,22499,True,200,200,1.0,165824,332308,0,73922,0.14839841648398416,22499,True,125866,0.3769632999995516,False,0,1.8269923490285873,50000,True,82282,22499,1000,0.587296,1231
0.3328171884276568,0.6671828115723433,0.2542372881355932,0.8135593220338984,1.0,0.11016949152542373,0.11016949152542373,4.546437461211371,15.411652410886004,0.12977193792583214,498568,82,59,30,13,200,200,1.0,498568,165932,332636,0.3328171884276568,0.6671828115723433,0,73988,0.14840102052277723,22512,True,200,200,1.0,165932,332636,0,73988,0.14840102052277723,22512,True,125984,0.37637919999955116,False,0,1.7902670991420746,50000,True,82352,22512,1000,0.587476,1232
0.33277951250405846,0.6672204874959415,0.2604166666666667,0.8333333333333334,1.0,0.041666666666666664,0.03125,5.709332687170718,23.788886196544663,0.08407287266313881,498958,105,48,25,3,200,200,1.0,498958,166043,332915,0.33277951250405846,0.6672204874959415,0,74038,0.14838523482938443,22515,True,200,200,1.0,166043,332915,0,74038,0.14838523482938443,22515,True,126079,0.3759089499995508,False,0,1.762560065984726,50000,True,82403,22515,1000,0.5876140000000001,1233
0.3327112236070616,0.6672887763929384,0.18181818181818182,0.9090909090909091,1.0,0.07272727272727272,0.07272727272727272,5.115927558793628,18.60337294106774,0.10750738623235975,499376,91,55,20,8,200,200,1.0,499376,166148,333228,0.3327112236070616,0.6672887763929384,0,74097,0.14837917721316202,22522,True,200,200,1.0,166148,333228,0,74097,0.14837917721316202,22522,True,126188,0.37536939999955043,False,0,1.766456087231636,50000,True,82465,22522,1000,0.587782,1234
0.3326603786420588,0.6673396213579412,0.22641509433962265,0.8679245283018868,1.0,0.08490566037735849,0.08490566037735849,5.289800732237406,19.96151219712229,0.10019281005616028,499786,95,53,24,9,200,200,1.0,499786,166259,333527,0.3326603786420588,0.6673396213579412,0,74154,0.14837150300328542,22530,True,200,200,1.0,166259,333527,0,74154,0.14837150300328542,22530,True,126293,0.37484964999955006,False,0,1.8029994529485702,50000,True,82525,22530,1000,0.5879380000000001,1235
0.3326235860033828,0.6673764139966172,0.25,0.8541666666666666,1.0,0.041666666666666664,0.03125,5.700986811254934,23.754111713562224,0.08419594991035238,500178,104,48,24,3,200,200,1.0,500178,166371,333807,0.3326235860033828,0.6673764139966172,0,74205,0.14835718484219618,22534,True,200,200,1.0,166371,333807,0,74205,0.14835718484219618,22534,True,126389,0.3743744499995497,False,0,1.8072006112337113,50000,True,82577,22534,1000,0.588082,1236
0.33259552842280216,0.6674044715771978,0.27884615384615385,0.7884615384615384,1.0,0.10576923076923077,0.10576923076923077,5.275540856782799,20.290541756856918,0.09856809265943461,500584,97,52,29,11,200,200,1.0,500584,166492,334092,0.33259552842280216,0.6674044715771978,0,74261,0.14834872868489604,22545,True,200,200,1.0,166492,334092,0,74261,0.14834872868489604,22545,True,126492,0.37386459999954935,False,0,1.8076775920391084,50000,True,82639,22545,1000,0.588238,1237
0.3325422267288906,0.6674577732711093,0.22549019607843138,0.8823529411764706,1.0,0.0392156862745098,0.0392156862745098,5.512528055429068,21.617757080113993,0.09251653594719059,500986,99,51,23,4,200,200,1.0,500986,166599,334387,0.3325422267288906,0.6674577732711093,0,74313,0.14833348636488844,22549,True,200,200,1.0,166599,334387,0,74313,0.14833348636488844,22549,True,126593,0.373364649999549,False,0,1.8036665558815002,50000,True,82693,22549,1000,0.588388,1238
0.33253222068426325,0.6674677793157368,0.22,0.86,1.0,0.13,0.13,5.559593846033036,22.238375384132144,0.08993462721323922,501386,100,50,22,13,200,200,1.0,501386,166727,334659,0.33253222068426325,0.6674677793157368,0,74369,0.14832683800505,22563,True,200,200,1.0,166727,334659,0,74369,0.14832683800505,22563,True,126693,0.37286964999954864,False,0,1.7577237766981124,50000,True,82756,22563,1000,0.588538,1239
0.33251090153936913,0.6674890984606309,0.14444444444444443,0.9333333333333333,1.0,0.022222222222222223,0.022222222222222223,5.989619518842651,26.620531194856227,0.07512998089183327,501764,111,45,13,2,200,200,1.0,501764,166842,334922,0.33251090153936913,0.6674890984606309,0,74413,0.1483027877647659,22565,True,200,200,1.0,166842,334922,0,74413,0.1483027877647659,22565,True,126782,0.3724290999995483,False,0,1.7516019415855408,50000,True,82802,22565,1000,0.58867,1240
0.33249628605908055,0.6675037139409195,0.17,0.92,1.0,0.12,0.12,5.599841036252563,22.399364145010253,0.08928824885618575,502162,101,50,17,12,200,200,1.0,502162,166967,335195,0.33249628605908055,0.6675037139409195,0,74467,0.14829278201058624,22577,True,200,200,1.0,166967,335195,0,74467,0.14829278201058624,22577,True,126881,0.37193904999954797,False,0,1.816845541000366,50000,True,82862,22577,1000,0.58882,1241
0.3324955724036376,0.6675044275963624,0.25,0.8571428571428571,1.0,0.023809523809523808,0.023809523809523808,6.311283429526858,30.05373061679456,0.06654747876399625,502530,116,42,21,2,200,200,1.0,502530,167089,335441,0.3324955724036376,0.6675044275963624,0,74509,0.14826776510855072,22580,True,200,200,1.0,167089,335441,0,74509,0.14826776510855072,22580,True,126965,0.37152324999954767,False,0,1.8207849889993668,50000,True,82906,22580,1000,0.588946,1242
0.3324915490157089,0.6675084509842911,0.20930232558139536,0.9302325581395349,1.0,0.03488372093023256,0.03488372093023256,6.1980408182685185,28.8280968291559,0.0693767615619099,502900,115,43,18,3,200,200,1.0,502900,167210,335690,0.3324915490157089,0.6675084509842911,0,74553,0.14824617220123285,22583,True,200,200,1.0,167210,335690,0,74553,0.14824617220123285,22583,True,127050,0.37110249999954736,False,0,1.809069548845291,50000,True,82951,22583,1000,0.589072,1243
0.33248704745557994,0.6675129525444201,0.14492753623188406,0.9130434782608695,1.0,0.34057971014492755,0.3188405797101449,4.014337092115838,11.635759687292284,0.17188392109749845,503376,62,69,20,44,200,200,1.0,503376,167366,336010,0.33248704745557994,0.6675129525444201,0,74647,0.14829272750389372,22630,True,200,200,1.0,167366,336010,0,74647,0.14829272750389372,22630,True,127188,0.37041939999954687,False,0,1.7629202425479888,50000,True,83057,22630,1000,0.589282,1244
0.33248239226927323,0.6675176077307268,0.15555555555555556,0.9333333333333333,1.0,0.07777777777777778,0.07777777777777778,6.0229339259856705,26.76859522660298,0.07471441751311529,503756,110,45,14,7,200,200,1.0,503756,167490,336266,0.33248239226927323,0.6675176077307268,0,74695,0.1482761495644717,22637,True,200,200,1.0,167490,336266,0,74695,0.1482761495644717,22637,True,127278,0.36997389999954655,False,0,1.7774206167459488,50000,True,83109,22637,1000,0.589414,1245
0.3324837656541936,0.6675162343458064,0.23214285714285715,0.8214285714285714,1.0,0.23214285714285715,0.22321428571428573,5.036906917901325,17.988953278219018,0.11117934262587671,504178,89,56,26,25,200,200,1.0,504178,167631,336547,0.3324837656541936,0.6675162343458064,0,74763,0.14828691454208634,22663,True,200,200,1.0,167631,336547,0,74763,0.14828691454208634,22663,True,127389,0.36942444999954616,False,0,1.8217432248592376,50000,True,83186,22663,1000,0.589582,1246
0.3324640530128886,0.6675359469871114,0.1484375,0.953125,1.0,0.2265625,0.2265625,4.30801471152018,13.462545973500562,0.14856030976137535,504632,73,64,19,29,200,200,1.0,504632,167772,336860,0.3324640530128886,0.6675359469871114,0,74839,0.14830411071830563,22696,True,200,200,1.0,167772,336860,0,74839,0.14830411071830563,22696,True,127516,0.3687957999995457,False,0,1.7786438220739365,50000,True,83273,22696,1000,0.589774,1247
0.3324706646443125,0.6675293353556875,0.1875,0.8958333333333334,1.0,0.14583333333333334,0.14583333333333334,5.776112903922368,24.067137099676533,0.08310086869563228,505022,105,48,18,14,200,200,1.0,505022,167905,337117,0.3324706646443125,0.6675293353556875,0,74891,0.1482925496315012,22710,True,200,200,1.0,167905,337117,0,74891,0.1482925496315012,22710,True,127611,0.36832554999954537,False,0,1.8161627089977264,50000,True,83333,22710,1000,0.589912,1248
0.3324706571376562,0.6675293428623438,0.25,0.8478260869565217,1.0,0.07608695652173914,0.07608695652173914,5.881027079334886,25.569682953629936,0.07821762998105829,505404,109,46,23,7,200,200,1.0,505404,168032,337372,0.3324706571376562,0.6675293428623438,0,74941,0.14827939628495224,22718,True,200,200,1.0,168032,337372,0,74941,0.14827939628495224,22718,True,127702,0.36787509999954504,False,0,1.833683027625084,50000,True,83385,22718,1000,0.59005,1249
0.3324982698961938,0.6675017301038062,0.20270270270270271,0.8378378378378378,1.0,0.0,0.0,6.731022445943648,36.383905113208904,0.05496936059438862,505750,127,37,15,0,200,200,1.0,505750,168161,337589,0.3324982698961938,0.6675017301038062,0,74977,0.14824913494809688,22718,True,200,200,1.0,168161,337589,0,74977,0.14824913494809688,22718,True,127775,0.3675137499995448,False,0,1.7875075310468673,50000,True,83421,22718,1000,0.590158,1250
0.33248837273628934,0.6675116272637107,0.1595744680851064,0.9148936170212766,1.0,0.09574468085106383,0.09574468085106383,5.903172904334193,25.11988469929444,0.07961819984214241,506138,106,47,15,9,200,200,1.0,506138,168285,337853,0.33248837273628934,0.6675116272637107,0,75030,0.14824020326472226,22727,True,200,200,1.0,168285,337853,0,75030,0.14824020326472226,22727,True,127869,0.36704844999954445,False,0,1.7931389504671096,50000,True,83477,22727,1000,0.590302,1251
0.3324850648145589,0.667514935185441,0.21739130434782608,0.8695652173913043,1.0,0.09782608695652174,0.08695652173913043,5.880751176233437,25.568483374927986,0.0782212996630518,506522,108,46,20,8,200,200,1.0,506522,168411,338111,0.3324850648145589,0.667514935185441,0,75084,0.14823443009385576,22736,True,200,200,1.0,168411,338111,0,75084,0.14823443009385576,22736,True,127961,0.3665930499995441,False,0,1.8726703357696532,50000,True,83532,22736,1000,0.5904400000000001,1252
0.3324824027019349,0.6675175972980651,0.18181818181818182,0.9090909090909091,1.0,0.056818181818181816,0.056818181818181816,6.117965987105629,27.808936305025586,0.07191932758818119,506896,113,44,16,5,200,200,1.0,506896,168534,338362,0.3324824027019349,0.6675175972980651,0,75130,0.1482158075818314,22741,True,200,200,1.0,168534,338362,0,75130,0.1482158075818314,22741,True,128048,0.3661623999995438,False,0,1.8665205144882202,50000,True,83580,22741,1000,0.590572,1253
0.33248444805373994,0.6675155519462601,0.1271186440677966,0.9491525423728814,1.0,0.2627118644067797,0.23728813559322035,4.843936577340834,16.42012399098588,0.12180175990741215,507332,82,59,15,28,200,200,1.0,507332,168680,338652,0.33248444805373994,0.6675155519462601,0,75203,0.14823232124131733,22773,True,200,200,1.0,168680,338652,0,75203,0.14823232124131733,22773,True,128166,0.3655782999995434,False,0,1.8099729818105699,50000,True,83663,22773,1000,0.590746,1254
0.3324765517594551,0.6675234482405449,0.1956521739130435,0.8913043478260869,1.0,0.07608695652173914,0.07608695652173914,5.948309668016812,25.86221594789918,0.07733289382584645,507714,109,46,18,7,200,200,1.0,507714,168803,338911,0.3324765517594551,0.6675234482405449,0,75251,0.14821533382967575,22780,True,200,200,1.0,168803,338911,0,75251,0.14821533382967575,22780,True,128257,0.36512784999954306,False,0,1.7605752098560332,50000,True,83715,22780,1000,0.590884,1255
0.3324254327615659,0.6675745672384341,0.2,0.8727272727272727,1.0,0.08181818181818182,0.08181818181818182,5.165185734638535,18.782493580503765,0.10648213409086432,508132,91,55,22,9,200,200,1.0,508132,168916,339216,0.3324254327615659,0.6675745672384341,0,75310,0.1482095203608511,22790,True,200,200,1.0,168916,339216,0,75310,0.1482095203608511,22790,True,128366,0.3645882999995427,False,0,1.6584803181886674,50000,True,83778,22790,1000,0.5910460000000001,1256
0.33246345118368215,0.6675365488163179,0.17857142857142858,0.9285714285714286,1.0,0.14285714285714285,0.14285714285714285,6.259517660631486,29.80722695538803,0.06709782171261239,508498,117,42,15,12,200,200,1.0,508498,169057,339441,0.33246345118368215,0.6675365488163179,0,75358,0.14819723971382384,22802,True,200,200,1.0,169057,339441,0,75358,0.14819723971382384,22802,True,128449,0.3641774499995424,False,0,1.625251431763172,50000,True,83830,22802,1000,0.591172,1257
0.33242680290823345,0.6675731970917665,0.24509803921568626,0.8627450980392157,1.0,0.08823529411764706,0.08823529411764706,5.520646767750495,21.649595167649,0.09238048030517453,508900,99,51,25,9,200,200,1.0,508900,169172,339728,0.33242680290823345,0.6675731970917665,0,75411,0.14818431911966987,22810,True,200,200,1.0,169172,339728,0,75411,0.14818431911966987,22810,True,128550,0.363677499999542,False,0,1.6282794114947319,50000,True,83889,22810,1000,0.591322,1258
0.3324248969173375,0.6675751030826624,0.22,0.8,1.0,0.16,0.16,5.391977563406402,21.56791025362561,0.092730356185704,509300,100,50,22,16,200,200,1.0,509300,169304,339996,0.3324248969173375,0.6675751030826624,0,75472,0.14818770861967406,22826,True,200,200,1.0,169304,339996,0,75472,0.14818770861967406,22826,True,128650,0.36318249999954166,False,0,1.7128568544983864,50000,True,83953,22826,1000,0.591472,1259
0.3323811242868242,0.6676188757131758,0.16666666666666666,0.9375,1.0,0.020833333333333332,0.020833333333333332,5.7258820424665915,23.8578418436108,0.08382987921162727,509692,104,48,16,2,200,200,1.0,509692,169412,340280,0.3323811242868242,0.6676188757131758,0,75522,0.14817183710947004,22828,True,200,200,1.0,169412,340280,0,75522,0.14817183710947004,22828,True,128746,0.3627072999995413,False,0,1.7106921860575677,50000,True,84003,22828,1000,0.591616,1260
0.3323733193219648,0.6676266806780352,0.29069767441860467,0.8837209302325582,1.0,0.023255813953488372,0.011627906976744186,6.207788650538471,28.873435583899866,0.06926782211934701,510062,115,43,25,1,200,200,1.0,510062,169531,340531,0.3323733193219648,0.6676266806780352,0,75565,0.1481486564378448,22830,True,200,200,1.0,169531,340531,0,75565,0.1481486564378448,22830,True,128831,0.362286549999541,False,0,1.7035713323950767,50000,True,84047,22830,1000,0.591742,1261
0.3323231294249478,0.6676768705750522,0.25510204081632654,0.8367346938775511,1.0,0.02040816326530612,0.02040816326530612,5.595453889122878,22.83858730254236,0.0875710906942726,510458,102,49,25,2,200,200,1.0,510458,169637,340821,0.3323231294249478,0.6676768705750522,0,75615,0.14813167782657927,22832,True,200,200,1.0,169637,340821,0,75615,0.14813167782657927,22832,True,128929,0.36180144999954067,False,0,1.7802005767822267,50000,True,84098,22832,1000,0.591892,1262
0.33235450729812693,0.6676454927018731,0.275,0.875,1.0,0.0875,0.0875,6.484846532578675,32.424232662893374,0.061682261560157776,510816,121,40,22,7,200,200,1.0,510816,169772,341044,0.33235450729812693,0.6676454927018731,0,75655,0.14810616738708263,22839,True,200,200,1.0,169772,341044,0,75655,0.14810616738708263,22839,True,129008,0.3614103999995404,False,0,1.7029018825292588,50000,True,84144,22839,1000,0.592012,1263
0.33237150268595284,0.6676284973140472,0.24390243902439024,0.8536585365853658,1.0,0.06097560975609756,0.06097560975609756,6.4210976271550075,31.322427449536622,0.06385201157292768,511178,119,41,20,5,200,200,1.0,511178,169901,341277,0.33237150268595284,0.6676284973140472,0,75695,0.14807953393925405,22844,True,200,200,1.0,169901,341277,0,75695,0.14807953393925405,22844,True,129089,0.3610094499995401,False,0,1.7304297655820846,50000,True,84189,22844,1000,0.592132,1264
0.33238781869577627,0.6676121813042237,0.25,0.85,1.0,0.05,0.05,6.370496734210334,31.85248367105167,0.06278945217128075,511538,120,40,20,4,200,200,1.0,511538,170029,341509,0.33238781869577627,0.6676121813042237,0,75738,0.14805938170771282,22848,True,200,200,1.0,170029,341509,0,75738,0.14805938170771282,22848,True,129169,0.3606134499995398,False,0,1.7566944390535355,50000,True,84233,22848,1000,0.592252,1265
0.33240411175663903,0.667595888243361,0.175,0.875,1.0,0.0375,0.0375,6.481974210621766,32.40987105310883,0.06170959448504672,511898,120,40,14,3,200,200,1.0,511898,170157,341741,0.33240411175663903,0.667595888243361,0,75780,0.14803730430671735,22852,True,200,200,1.0,170157,341741,0,75780,0.14803730430671735,22852,True,129249,0.36021744999953953,False,0,1.7409814029932023,50000,True,84276,22852,1000,0.592372,1266
0.3324008823471997,0.6675991176528002,0.3023255813953488,0.813953488372093,1.0,0.046511627906976744,0.046511627906976744,6.161978220879681,28.660363818045028,0.06978278477891364,512270,114,43,26,4,200,200,1.0,512270,170279,341991,0.3324008823471997,0.6675991176528002,0,75824,0.14801569484841978,22856,True,200,200,1.0,170279,341991,0,75824,0.14801569484841978,22856,True,129335,0.3597917499995392,False,0,1.7010335975885391,50000,True,84323,22856,1000,0.592498,1267
0.3323989653679147,0.6676010346320853,0.32954545454545453,0.8181818181818182,1.0,0.06818181818181818,0.06818181818181818,6.095679796424998,27.70763543829544,0.07218226919630061,512646,112,44,29,6,200,200,1.0,512646,170403,342243,0.3323989653679147,0.6676010346320853,0,75871,0.14799881399640297,22862,True,200,200,1.0,170403,342243,0,75871,0.14799881399640297,22862,True,129423,0.3593561499995389,False,0,1.7311734533309937,50000,True,84373,22862,1000,0.59263,1268
0.3323886450284966,0.6676113549715035,0.25,0.84,1.0,0.1,0.1,5.526851623031267,22.10740649212507,0.09046741872288025,513044,101,50,25,10,200,200,1.0,513044,170530,342514,0.3323886450284966,0.6676113549715035,0,75924,0.14798730713155206,22875,True,200,200,1.0,170530,342514,0,75924,0.14798730713155206,22875,True,129522,0.35886609999953856,False,0,1.7346413391828537,50000,True,84431,22875,1000,0.59278,1269
0.3323958146673627,0.6676041853326373,0.2261904761904762,0.8809523809523809,1.0,0.07142857142857142,0.07142857142857142,6.265738308222471,29.836849086773675,0.06703120675321499,513412,116,42,19,6,200,200,1.0,513412,170656,342756,0.3323958146673627,0.6676041853326373,0,75969,0.14796888269070455,22880,True,200,200,1.0,170656,342756,0,75969,0.14796888269070455,22880,True,129606,0.35845029999953826,False,0,1.7513930559158326,50000,True,84479,22880,1000,0.592906,1270
0.3323868170193883,0.6676131829806117,0.11764705882352941,0.9607843137254902,1.0,0.14705882352941177,0.14705882352941177,5.52666210841127,21.67318473886773,0.09227993135744784,513814,99,51,12,15,200,200,1.0,513814,170785,343029,0.3323868170193883,0.6676131829806117,0,76026,0.14796404924739304,22895,True,200,200,1.0,170785,343029,0,76026,0.14796404924739304,22895,True,129707,0.3579503499995379,False,0,1.763981990814209,50000,True,84542,22895,1000,0.593056,1271
0.33237846310622593,0.6676215368937741,0.21875,0.8541666666666666,1.0,0.11458333333333333,0.11458333333333333,5.688955608314238,23.703981701309328,0.08437401045958143,514206,104,48,21,11,200,200,1.0,514206,170911,343295,0.33237846310622593,0.6676215368937741,0,76080,0.1479562665546493,22906,True,200,200,1.0,170911,343295,0,76080,0.1479562665546493,22906,True,129803,0.35747514999953756,False,0,1.7706272506713867,50000,True,84601,22906,1000,0.5932000000000001,1272
0.3323571819994326,0.6676428180005674,0.25,0.84,1.0,0.12,0.12,5.464345848240826,21.857383392963303,0.09150226100000029,514606,100,50,25,12,200,200,1.0,514606,171033,343573,0.3323571819994326,0.6676428180005674,0,76137,0.14795202543304975,22917,True,200,200,1.0,171033,343573,0,76137,0.14795202543304975,22917,True,129903,0.3569801499995372,False,0,1.7479680848121644,50000,True,84661,22917,1000,0.59335,1273
0.33234307283657205,0.667656927163428,0.16037735849056603,0.9056603773584906,1.0,0.16037735849056603,0.14150943396226415,5.4453526876502,20.54850070811396,0.0973307020502115,515016,95,53,17,15,200,200,1.0,515016,171162,343854,0.33234307283657205,0.667656927163428,0,76200,0.1479565683396244,22934,True,200,200,1.0,171162,343854,0,76200,0.1479565683396244,22934,True,130008,0.3564603999995368,False,0,1.7381604969501496,50000,True,84728,22934,1000,0.593512,1274
0.3323166709350966,0.6676833290649034,0.19387755102040816,0.8775510204081632,1.0,0.08163265306122448,0.08163265306122448,5.7500292703133065,23.469507225768595,0.08521695750833995,515412,102,49,19,8,200,200,1.0,515412,171280,344132,0.3323166709350966,0.6676833290649034,0,76252,0.147943780897612,22942,True,200,200,1.0,171280,344132,0,76252,0.147943780897612,22942,True,130106,0.3559752999995365,False,0,1.7483322036266327,50000,True,84785,22942,1000,0.593656,1275
0.3323278302069682,0.6676721697930318,0.18518518518518517,0.8518518518518519,1.0,0.24074074074074073,0.24074074074074073,5.168801035572586,19.143707539157727,0.10447297086570488,515828,92,54,20,26,200,200,1.0,515828,171424,344404,0.3323278302069682,0.6676721697930318,0,76315,0.14794660235582405,22968,True,200,200,1.0,171424,344404,0,76315,0.14794660235582405,22968,True,130214,0.3554406999995361,False,0,1.7280369734764098,50000,True,84863,22968,1000,0.593818,1276
0.33228985866600547,0.6677101413339945,0.32653061224489793,0.7959183673469388,1.0,0.05102040816326531,0.05102040816326531,5.5073120419306,22.478824660941225,0.08897262335406539,516224,102,49,32,5,200,200,1.0,516224,171536,344688,0.33228985866600547,0.6677101413339945,0,76368,0.14793577981651376,22973,True,200,200,1.0,171536,344688,0,76368,0.14793577981651376,22973,True,130312,0.35495559999953574,False,0,1.7412881621718406,50000,True,84917,22973,1000,0.593968,1277
0.3322352121399814,0.6677647878600186,0.26851851851851855,0.8333333333333334,1.0,0.08333333333333333,0.08333333333333333,5.16818488070429,19.141425484089964,0.10448542621145782,516640,92,54,29,9,200,200,1.0,516640,171646,344994,0.3322352121399814,0.6677647878600186,0,76426,0.14792892536388974,22982,True,200,200,1.0,171646,344994,0,76426,0.14792892536388974,22982,True,130420,0.35442099999953536,False,0,1.7866437187790871,50000,True,84980,22982,1000,0.59413,1278
0.3323048889473501,0.6676951110526499,0.1935483870967742,0.967741935483871,1.0,0.04838709677419355,0.04838709677419355,7.320691614650409,47.23026848161554,0.042345725830004614,516962,139,31,12,3,200,200,1.0,516962,171789,345173,0.3323048889473501,0.6676951110526499,0,76457,0.14789675063157448,22984,True,200,200,1.0,171789,345173,0,76457,0.14789675063157448,22984,True,130481,0.35411904999953514,False,0,1.7811970493197442,50000,True,85013,22984,1000,0.59422,1279
0.3323236384583564,0.6676763615416437,0.2948717948717949,0.8717948717948718,1.0,0.038461538461538464,0.038461538461538464,6.5824806475750925,33.756311013205604,0.05924818026524261,517318,122,39,23,3,200,200,1.0,517318,171917,345401,0.3323236384583564,0.6676763615416437,0,76497,0.14787229518400674,22987,True,200,200,1.0,171917,345401,0,76497,0.14787229518400674,22987,True,130559,0.35373294999953486,False,0,1.7600596567988396,50000,True,85054,22987,1000,0.594334,1280
0.3323449759896773,0.6676550240103227,0.26136363636363635,0.8636363636363636,1.0,0.14772727272727273,0.13636363636363635,6.068667349915977,27.58485159052717,0.07250356208865065,517694,112,44,23,12,200,200,1.0,517694,172053,345641,0.3323449759896773,0.6676550240103227,0,76548,0.14786340965898775,22999,True,200,200,1.0,172053,345641,0,76548,0.14786340965898775,22999,True,130647,0.35329734999953455,False,0,1.778958376646042,50000,True,85111,22999,1000,0.594466,1281
0.3323077754530083,0.6676922245469916,0.27,0.86,1.0,0.07,0.07,5.553623154370696,22.214492617482783,0.09003131579183592,518092,101,50,27,7,200,200,1.0,518092,172166,345926,0.3323077754530083,0.6676922245469916,0,76600,0.14785018876956216,23005,True,200,200,1.0,172166,345926,0,76600,0.14785018876956216,23005,True,130746,0.3528072999995342,False,0,1.75513260781765,50000,True,85167,23005,1000,0.594616,1282
0.33233422057632217,0.6676657794236778,0.20238095238095238,0.9285714285714286,1.0,0.11904761904761904,0.11904761904761904,6.273595801992644,29.874265723774496,0.0669472521431167,518460,116,42,17,10,200,200,1.0,518460,172302,346158,0.33233422057632217,0.6676657794236778,0,76646,0.14783396983373837,23015,True,200,200,1.0,172302,346158,0,76646,0.14783396983373837,23015,True,130830,0.3523914999995339,False,0,1.780412762761116,50000,True,85218,23015,1000,0.594742,1283
0.3323336442905934,0.6676663557094066,0.27380952380952384,0.8095238095238095,1.0,0.03571428571428571,0.03571428571428571,6.094811265728245,29.022910789182117,0.06891107561635314,518828,116,42,23,3,200,200,1.0,518828,172424,346404,0.3323336442905934,0.6676663557094066,0,76691,0.14781584648476953,23018,True,200,200,1.0,172424,346404,0,76691,0.14781584648476953,23018,True,130914,0.3519756999995336,False,0,1.7275950807332991,50000,True,85263,23018,1000,0.5948680000000001,1284
0.3323548899058537,0.6676451100941463,0.2073170731707317,0.8780487804878049,1.0,0.08536585365853659,0.08536585365853659,6.38051978806899,31.124486771068245,0.06425808768223928,519192,118,41,17,7,200,200,1.0,519192,172556,346636,0.3323548899058537,0.6676451100941463,0,76734,0.1477950353626404,23025,True,200,200,1.0,172556,346636,0,76734,0.1477950353626404,23025,True,130996,0.3515697999995333,False,0,1.727754328250885,50000,True,85311,23025,1000,0.594994,1285
0.3323415066014858,0.6676584933985141,0.10638297872340426,0.9361702127659575,1.0,0.0851063829787234,0.0851063829787234,5.894180565740442,25.081619428682732,0.07973966775497951,519580,106,47,10,8,200,200,1.0,519580,172678,346902,0.3323415066014858,0.6676584933985141,0,76784,0.1477808999576581,23033,True,200,200,1.0,172678,346902,0,76784,0.1477808999576581,23033,True,131090,0.35110449999953297,False,0,1.7208789849281312,50000,True,85366,23033,1000,0.595132,1286
0.3323294099546119,0.6676705900453881,0.2222222222222222,0.8666666666666667,1.0,0.05555555555555555,0.05555555555555555,6.017361701812069,26.74382978583142,0.07478360489190586,519960,110,45,20,5,200,200,1.0,519960,172798,347162,0.3323294099546119,0.6676705900453881,0,76832,0.1477652127086699,23038,True,200,200,1.0,172798,347162,0,76832,0.1477652127086699,23038,True,131180,0.35065899999953265,False,0,1.67022216796875,50000,True,85416,23038,1000,0.59527,1287
0.33232630721215195,0.667673692787848,0.18478260869565216,0.8695652173913043,1.0,0.09782608695652174,0.09782608695652174,5.982139768064392,26.009303339410398,0.07689556209564119,520344,108,46,17,9,200,200,1.0,520344,172924,347420,0.33232630721215195,0.667673692787848,0,76882,0.14775225619974477,23047,True,200,200,1.0,172924,347420,0,76882,0.14775225619974477,23047,True,131272,0.3502035999995323,False,0,1.6954471349716187,50000,True,85471,23047,1000,0.595408,1288
0.332304005162004,0.667695994837996,0.2826086956521739,0.782608695652174,1.0,0.03260869565217391,0.03260869565217391,5.75654540837912,25.02845829730052,0.07990903699472822,520728,108,46,26,3,200,200,1.0,520728,173040,347688,0.332304005162004,0.667695994837996,0,76929,0.14773355763469603,23051,True,200,200,1.0,173040,347688,0,76929,0.14773355763469603,23051,True,131364,0.349748199999532,False,0,1.6880704975128173,50000,True,85520,23051,1000,0.595546,1289
0.33233093961457416,0.6676690603854258,0.2625,0.8,1.0,0.075,0.075,6.378982150328402,31.89491075164201,0.06270592871613652,521086,121,40,21,6,200,200,1.0,521086,173173,347913,0.33233093961457416,0.6676690603854258,0,76973,0.1477164997716308,23057,True,200,200,1.0,173173,347913,0,76973,0.1477164997716308,23057,True,131443,0.3493571499995317,False,0,1.70013134598732,50000,True,85565,23057,1000,0.5956600000000001,1290
0.33234313811976696,0.667656861880233,0.2,0.875,1.0,0.0375,0.0375,6.366235474826706,31.831177374133528,0.06283148048508029,521446,120,40,16,3,200,200,1.0,521446,173299,348147,0.33234313811976696,0.667656861880233,0,77015,0.14769506334308827,23060,True,200,200,1.0,173299,348147,0,77015,0.14769506334308827,23060,True,131523,0.34896114999953143,False,0,1.6792147409915925,50000,True,85608,23060,1000,0.59578,1291
0.3323125862333282,0.6676874137666717,0.2653061224489796,0.8571428571428571,1.0,0.061224489795918366,0.061224489795918366,5.684544991767689,23.20222445619465,0.08619863167757735,521840,103,49,26,6,200,200,1.0,521840,173414,348426,0.3323125862333282,0.6676874137666717,0,77067,0.14768319791506976,23066,True,200,200,1.0,173414,348426,0,77067,0.14768319791506976,23066,True,131620,0.3484809999995311,False,0,1.6840612596273423,50000,True,85662,23066,1000,0.5959300000000001,1292
0.33229230892957673,0.6677076910704233,0.20588235294117646,0.8235294117647058,1.0,0.11764705882352941,0.11764705882352941,5.490605722589927,21.531787147411478,0.09288592657486108,522242,99,51,21,12,200,200,1.0,522242,173537,348705,0.33229230892957673,0.6677076910704233,0,77124,0.1476786623825736,23078,True,200,200,1.0,173537,348705,0,77124,0.1476786623825736,23078,True,131721,0.3479810499995307,False,0,1.726656163930893,50000,True,85723,23078,1000,0.5960799999999999,1293
0.3322949753166737,0.6677050246833263,0.16666666666666666,0.9111111111111111,1.0,0.08888888888888889,0.08888888888888889,6.03326171817491,26.814496525221823,0.07458652069483356,522620,111,45,15,8,200,200,1.0,522620,173664,348956,0.3322949753166737,0.6677050246833263,0,77172,0.1476636944625158,23086,True,200,200,1.0,173664,348956,0,77172,0.1476636944625158,23086,True,131810,0.3475404999995304,False,0,1.6861919850111007,50000,True,85775,23086,1000,0.596212,1294
0.3323008206563721,0.6676991793436279,0.2727272727272727,0.8409090909090909,1.0,0.09090909090909091,0.09090909090909091,6.060462955295134,27.547558887705154,0.07260171429899827,522996,112,44,24,8,200,200,1.0,522996,173792,349204,0.3323008206563721,0.6676991793436279,0,77218,0.1476454886844259,23094,True,200,200,1.0,173792,349204,0,77218,0.1476454886844259,23094,True,131898,0.3471048999995301,False,0,1.6926013785600662,50000,True,85827,23094,1000,0.596344,1295
0.33229011425732735,0.6677098857426726,0.21739130434782608,0.9130434782608695,1.0,0.07608695652173914,0.07608695652173914,6.002380740781547,26.09730756861542,0.07663625815581056,523380,108,46,20,7,200,200,1.0,523380,173914,349466,0.33229011425732735,0.6677098857426726,0,77267,0.14763078451603043,23101,True,200,200,1.0,173914,349466,0,77267,0.14763078451603043,23101,True,131990,0.34664949999952976,False,0,1.6715495443344117,50000,True,85880,23101,1000,0.596482,1296
0.33226873045629657,0.6677312695437034,0.23387096774193547,0.8548387096774194,1.0,0.25,0.23387096774193547,4.389253387148685,14.158881894028015,0.14125409159910907,523826,77,62,29,29,200,200,1.0,523826,174051,349775,0.33226873045629657,0.6677312695437034,0,77348,0.14765971906701844,23131,True,200,200,1.0,174051,349775,0,77348,0.14765971906701844,23131,True,132113,0.3460406499995293,False,0,1.6225389921665192,50000,True,85966,23131,1000,0.596668,1297
0.3322726613709376,0.6677273386290624,0.1744186046511628,0.8837209302325582,1.0,0.05813953488372093,0.05813953488372093,6.153531875995811,28.621078493003775,0.06987856870903332,524196,115,43,15,5,200,200,1.0,524196,174176,350020,0.3322726613709376,0.6677273386290624,0,77393,0.1476413402620394,23136,True,200,200,1.0,174176,350020,0,77393,0.1476413402620394,23136,True,132198,0.345619899999529,False,0,1.685938733816147,50000,True,86013,23136,1000,0.596794,1298
0.3322429621496325,0.6677570378503674,0.17346938775510204,0.9183673469387755,1.0,0.08163265306122448,0.08163265306122448,5.622898950981992,22.950607963191803,0.08714366099615317,524592,102,49,17,8,200,200,1.0,524592,174292,350300,0.3322429621496325,0.6677570378503674,0,77443,0.14762520206179278,23143,True,200,200,1.0,174292,350300,0,77443,0.14762520206179278,23143,True,132296,0.3451347999995287,False,0,1.7020536184310913,50000,True,86070,23143,1000,0.596944,1299
0.3322354760916028,0.6677645239083971,0.22093023255813954,0.8604651162790697,1.0,0.023255813953488372,0.023255813953488372,6.279110484518936,29.20516504427412,0.06848103741129564,524962,115,43,19,2,200,200,1.0,524962,174411,350551,0.3322354760916028,0.6677645239083971,0,77487,0.14760496950255447,23145,True,200,200,1.0,174411,350551,0,77487,0.14760496950255447,23145,True,132381,0.34471404999952837,False,0,1.7420755112171173,50000,True,86114,23145,1000,0.59707,1300
0.3322330851112431,0.6677669148887568,0.22727272727272727,0.8636363636363636,1.0,0.056818181818181816,0.056818181818181816,6.096395811254148,27.710890051155218,0.07217379146999371,525336,113,44,20,5,200,200,1.0,525336,174534,350802,0.3322330851112431,0.6677669148887568,0,77532,0.14758554525103934,23150,True,200,200,1.0,174534,350802,0,77532,0.14758554525103934,23150,True,132468,0.34428339999952806,False,0,1.7511590671539308,50000,True,86162,23150,1000,0.597202,1301
0.3321990116374178,0.6678009883625822,0.391304347826087,0.717391304347826,1.0,0.0,0.0,5.814908366464174,25.28221028897467,0.07910700754166976,525718,109,46,36,0,200,200,1.0,525718,174643,351075,0.3321990116374178,0.6678009883625822,0,77577,0.14756390308111952,23150,True,200,200,1.0,174643,351075,0,77577,0.14756390308111952,23150,True,132559,0.34383294999952774,False,0,1.7403759837150574,50000,True,86207,23150,1000,0.597334,1302
0.33220550330365495,0.667794496696345,0.2619047619047619,0.8571428571428571,1.0,0.047619047619047616,0.047619047619047616,6.198909215845976,29.51861531355227,0.06775385561807777,526084,117,42,22,4,200,200,1.0,526084,174768,351316,0.33220550330365495,0.667794496696345,0,77621,0.14754487876460792,23154,True,200,200,1.0,174768,351316,0,77621,0.14754487876460792,23154,True,132642,0.34342209999952744,False,0,1.7177610278129578,50000,True,86252,23154,1000,0.59746,1303
0.3321670883383098,0.6678329116616901,0.15625,0.9375,1.0,0.020833333333333332,0.020833333333333332,5.792583303601137,24.135763765004736,0.08286458300937914,526476,104,48,15,2,200,200,1.0,526476,174878,351598,0.3321670883383098,0.6678329116616901,0,77671,0.14752999187047464,23157,True,200,200,1.0,174878,351598,0,77671,0.14752999187047464,23157,True,132738,0.3429468999995271,False,0,1.7166167348623276,50000,True,86302,23157,1000,0.597604,1304
0.33215219759572134,0.6678478024042787,0.18181818181818182,0.9272727272727272,1.0,0.17272727272727273,0.17272727272727273,5.222086597904971,18.989405810563532,0.10532188421016465,526894,91,55,20,19,200,200,1.0,526894,175009,351885,0.33215219759572134,0.6678478024042787,0,77739,0.1475420103474323,23176,True,200,200,1.0,175009,351885,0,77739,0.1475420103474323,23176,True,132847,0.3424073499995267,False,0,1.7441406154632568,50000,True,86374,23176,1000,0.597766,1305
0.3321568508452846,0.6678431491547154,0.1956521739130435,0.8695652173913043,1.0,0.11956521739130435,0.10869565217391304,5.96357071457497,25.928568324239,0.07713499546098443,527278,108,46,18,10,200,200,1.0,527278,175139,352139,0.3321568508452846,0.6678431491547154,0,77791,0.1475331798406154,23187,True,200,200,1.0,175139,352139,0,77791,0.1475331798406154,23187,True,132939,0.3419519499995264,False,0,1.787976420521736,50000,True,86430,23187,1000,0.597904,1306
0.33214758155912777,0.6678524184408723,0.2159090909090909,0.8636363636363636,1.0,0.045454545454545456,0.03409090909090909,6.051124230017535,27.505110136443342,0.07271376082766771,527654,112,44,19,3,200,200,1.0,527654,175259,352395,0.33214758155912777,0.6678524184408723,0,77839,0.14751901814446589,23191,True,200,200,1.0,175259,352395,0,77839,0.14751901814446589,23191,True,133027,0.34151634999952607,False,0,1.8240777462720872,50000,True,86478,23191,1000,0.598036,1307
0.33215358337215334,0.6678464166278466,0.15178571428571427,0.8928571428571429,1.0,0.25,0.25,5.0369136832631,17.98897744022536,0.11117919329465482,528078,88,56,17,28,200,200,1.0,528078,175403,352675,0.33215358337215334,0.6678464166278466,0,77906,0.14752744859660882,23219,True,200,200,1.0,175403,352675,0,77906,0.14752744859660882,23219,True,133139,0.34096194999952567,False,0,1.811738572716713,50000,True,86559,23219,1000,0.5982040000000001,1308
0.3321241640836995,0.6678758359163005,0.18478260869565216,0.8913043478260869,1.0,0.021739130434782608,0.021739130434782608,5.954574078229655,25.889452514041977,0.07725153704641825,528462,108,46,17,2,200,200,1.0,528462,175515,352947,0.3321241640836995,0.6678758359163005,0,77953,0.14750918703710011,23221,True,200,200,1.0,175515,352947,0,77953,0.14750918703710011,23221,True,133231,0.34050654999952534,False,0,1.834860202074051,50000,True,86607,23221,1000,0.598342,1309
0.33213699521212625,0.6678630047878737,0.23863636363636365,0.8636363636363636,1.0,0.10227272727272728,0.10227272727272728,6.121626354068723,27.825574336676013,0.07187632412545976,528836,113,44,21,9,200,200,1.0,528836,175646,353190,0.33213699521212625,0.6678630047878737,0,77999,0.14749185002533866,23230,True,200,200,1.0,175646,353190,0,77999,0.14749185002533866,23230,True,133318,0.34007589999952503,False,0,1.797958835363388,50000,True,86659,23230,1000,0.598474,1310
0.3321562047712441,0.6678437952287559,0.22727272727272727,0.8909090909090909,1.0,0.2636363636363636,0.24545454545454545,5.051195539103332,18.36798377855757,0.10888511358196873,529254,91,55,25,27,200,200,1.0,529254,175795,353459,0.3321562047712441,0.6678437952287559,0,78069,0.14750762393860037,23259,True,200,200,1.0,175795,353459,0,78069,0.14750762393860037,23259,True,133427,0.33953634999952464,False,0,1.7838497847318648,50000,True,86735,23259,1000,0.5986360000000001,1311
0.33212999116374264,0.6678700088362574,0.20652173913043478,0.9347826086956522,1.0,0.021739130434782608,0.0,6.0416183982434895,26.26790607931952,0.07613853932478393,529636,109,46,19,0,200,200,1.0,529636,175908,353728,0.33212999116374264,0.6678700088362574,0,78116,0.1474899742464636,23261,True,200,200,1.0,175908,353728,0,78116,0.1474899742464636,23261,True,133518,0.3390858999995243,False,0,1.8153283816576005,50000,True,86782,23261,1000,0.598774,1312
0.3320843709908686,0.6679156290091314,0.22549019607843138,0.8627450980392157,1.0,0.058823529411764705,0.058823529411764705,5.454871314311372,21.391652212985772,0.09349441455419244,530040,98,51,23,6,200,200,1.0,530040,176018,354022,0.3320843709908686,0.6679156290091314,0,78168,0.14747566221417252,23267,True,200,200,1.0,176018,354022,0,78168,0.14747566221417252,23267,True,133620,0.33858099999952396,False,0,1.8742768740653992,50000,True,86839,23267,1000,0.59893,1313
0.33208475502855955,0.6679152449714405,0.1896551724137931,0.8793103448275862,1.0,0.23275862068965517,0.22413793103448276,4.805338414946153,16.57013246533156,0.12069909544684988,530470,85,58,22,26,200,200,1.0,530470,176161,354309,0.33208475502855955,0.6679152449714405,0,78242,0.1474956170942749,23296,True,200,200,1.0,176161,354309,0,78242,0.1474956170942749,23296,True,133735,0.33801174999952355,False,0,1.8798678869009018,50000,True,86920,23296,1000,0.599098,1314
0.3320630531181831,0.6679369468818168,0.20652173913043478,0.8913043478260869,1.0,0.043478260869565216,0.043478260869565216,5.904060508368761,25.66982829725548,0.07791248063057096,530854,108,46,19,4,200,200,1.0,530854,176277,354577,0.3320630531181831,0.6679369468818168,0,78288,0.14747557708899245,23300,True,200,200,1.0,176277,354577,0,78288,0.14747557708899245,23300,True,133827,0.3375563499995232,False,0,1.8388331639766693,50000,True,86970,23300,1000,0.599236,1315
0.3320382793853011,0.6679617206146988,0.21,0.82,1.0,0.1,0.1,5.471213303917544,21.884853215670176,0.09138740755034826,531252,101,50,21,10,200,200,1.0,531252,176396,354856,0.3320382793853011,0.6679617206146988,0,78340,0.14746297425703808,23309,True,200,200,1.0,176396,354856,0,78340,0.14746297425703808,23309,True,133926,0.33706629999952287,False,0,1.7719090294837951,50000,True,87027,23309,1000,0.599386,1316
0.33200848704183705,0.667991512958163,0.2391304347826087,0.8695652173913043,1.0,0.010869565217391304,0.010869565217391304,5.885230562281224,25.587958966440105,0.07816176361010664,531634,109,46,22,1,200,200,1.0,531634,176507,355127,0.33200848704183705,0.667991512958163,0,78386,0.1474435419856518,23310,True,200,200,1.0,176507,355127,0,78386,0.1474435419856518,23310,True,134017,0.33661584999952254,False,0,1.7208409786224366,50000,True,87073,23310,1000,0.5995240000000001,1317
0.33200147344048353,0.6679985265595165,0.1875,0.875,1.0,0.2890625,0.2890625,4.372380995841778,13.663690612005555,0.14637333768686966,532088,73,64,24,37,200,200,1.0,532088,176654,355434,0.33200147344048353,0.6679985265595165,0,78470,0.1474756055389334,23347,True,200,200,1.0,176654,355434,0,78470,0.1474756055389334,23347,True,134144,0.3359871999995221,False,0,1.69740061044693,50000,True,87166,23347,1000,0.599716,1318
0.33193308871303934,0.6680669112869606,0.175,0.8833333333333333,1.0,0.11666666666666667,0.11666666666666667,4.646038333039266,15.486794443464222,0.12914228359530175,532526,81,60,21,14,200,200,1.0,532526,176763,355763,0.33193308871303934,0.6680669112869606,0,78536,0.1474782451936619,23361,True,200,200,1.0,176763,355763,0,78536,0.1474782451936619,23361,True,134263,0.33539814999952167,False,0,1.6880021464824677,50000,True,87238,23361,1000,0.59989,1319
0.3319615680534444,0.6680384319465555,0.2682926829268293,0.8292682926829268,1.0,0.10975609756097561,0.10975609756097561,6.387359640940221,31.157851907025467,0.0641892774241295,532890,118,41,22,9,200,200,1.0,532890,176899,355991,0.3319615680534444,0.6680384319465555,0,78581,0.14746195274822196,23370,True,200,200,1.0,176899,355991,0,78581,0.14746195274822196,23370,True,134345,0.3349922499995214,False,0,1.660125457048416,50000,True,87287,23370,1000,0.600016,1320
0.3319718859234589,0.6680281140765412,0.2261904761904762,0.8333333333333334,1.0,0.05952380952380952,0.05952380952380952,6.168675121401379,29.374643435244664,0.06808593283553986,533256,117,42,19,5,200,200,1.0,533256,177026,356230,0.3319718859234589,0.6680281140765412,0,78623,0.14743950372804057,23375,True,200,200,1.0,177026,356230,0,78623,0.14743950372804057,23375,True,134428,0.3345813999995211,False,0,1.6808953756093978,50000,True,87333,23375,1000,0.600142,1321
0.3319491188750384,0.6680508811249616,0.14444444444444443,0.9111111111111111,1.0,0.022222222222222223,0.022222222222222223,5.927725961975208,26.345448719889813,0.0759144405268784,533636,110,45,13,2,200,200,1.0,533636,177140,356496,0.3319491188750384,0.6680508811249616,0,78668,0.14741883980840872,23377,True,200,200,1.0,177140,356496,0,78668,0.14741883980840872,23377,True,134518,0.33413589999952076,False,0,1.7715695029497147,50000,True,87380,23377,1000,0.600274,1322
0.3319171325960851,0.668082867403915,0.1875,0.8928571428571429,1.0,0.15178571428571427,0.15178571428571427,5.120273070648912,18.286689538031826,0.10936916689270033,534058,89,56,21,17,200,200,1.0,534058,177263,356795,0.3319171325960851,0.668082867403915,0,78731,0.14742031764340202,23394,True,200,200,1.0,177263,356795,0,78731,0.14742031764340202,23394,True,134629,0.33358644999952036,False,0,1.735641474723816,50000,True,87449,23394,1000,0.600442,1323
0.33190900246950533,0.6680909975304947,0.22727272727272727,0.8636363636363636,1.0,0.29545454545454547,0.2803030303030303,4.141211459200078,12.549125633939632,0.15937365345924315,534520,69,66,30,37,200,200,1.0,534520,177412,357108,0.33190900246950533,0.6680909975304947,0,78816,0.14745191947915887,23433,True,200,200,1.0,177412,357108,0,78816,0.14745191947915887,23433,True,134760,0.3329379999995199,False,0,1.7392405772209167,50000,True,87548,23433,1000,0.6006400000000001,1324
0.3318901376644159,0.6681098623355841,0.10784313725490197,0.9803921568627451,1.0,0.12745098039215685,0.12745098039215685,5.68486155508616,22.293574725828076,0.08971194725818973,534924,98,51,11,13,200,200,1.0,534924,177536,357388,0.3318901376644159,0.6681098623355841,0,78873,0.14744711398254706,23446,True,200,200,1.0,177536,357388,0,78873,0.14744711398254706,23446,True,134862,0.33243309999951953,False,0,1.7432507932186128,50000,True,87611,23446,1000,0.60079,1325
0.33184885189308744,0.6681511481069126,0.20833333333333334,0.875,1.0,0.03125,0.03125,5.624014435221435,23.43339348008931,0.08534828733616166,535316,104,48,20,3,200,200,1.0,535316,177644,357672,0.33184885189308744,0.6681511481069126,0,78923,0.14743254451576265,23448,True,200,200,1.0,177644,357672,0,78923,0.14743254451576265,23448,True,134958,0.3319578999995192,False,0,1.7998534923791885,50000,True,87662,23448,1000,0.6009340000000001,1326
0.3318455547715317,0.6681544452284682,0.1956521739130435,0.8478260869565217,1.0,0.09782608695652174,0.09782608695652174,5.824255980192488,25.322852087793425,0.07898004510179467,535698,109,46,18,9,200,200,1.0,535698,177769,357929,0.3318455547715317,0.6681544452284682,0,78971,0.14741701481058359,23456,True,200,200,1.0,177769,357929,0,78971,0.14741701481058359,23456,True,135049,0.33150744999951887,False,0,1.7807221859693527,50000,True,87716,23456,1000,0.601072,1327
0.3317964442653894,0.6682035557346107,0.20634920634920634,0.8412698412698413,1.0,0.16666666666666666,0.16666666666666666,4.3286083747302,13.741613888032381,0.14554331218269834,536148,75,63,26,21,200,200,1.0,536148,177892,358256,0.3317964442653894,0.6682035557346107,0,79041,0.14742384565455807,23479,True,200,200,1.0,177892,358256,0,79041,0.14742384565455807,23479,True,135174,0.3308886999995184,False,0,1.7765093144774438,50000,True,87797,23479,1000,0.6012580000000001,1328
0.33179193552595776,0.6682080644740422,0.23333333333333334,0.8444444444444444,1.0,0.044444444444444446,0.03333333333333333,5.920821046127932,26.31476020501303,0.07600297264418905,536526,111,45,21,3,200,200,1.0,536526,178015,358511,0.33179193552595776,0.6682080644740422,0,79089,0.1474094452086199,23485,True,200,200,1.0,178015,358511,0,79089,0.1474094452086199,23485,True,135263,0.3304481499995181,False,0,1.7523403695225717,50000,True,87845,23485,1000,0.60139,1329
0.33175895644141157,0.6682410435585884,0.11538461538461539,0.9423076923076923,1.0,0.09615384615384616,0.09615384615384616,5.482261226903253,21.08562010347405,0.09485137217617241,536932,97,52,12,10,200,200,1.0,536932,178132,358800,0.33175895644141157,0.6682410435585884,0,79144,0.14740041569509732,23495,True,200,200,1.0,178132,358800,0,79144,0.14740041569509732,23495,True,135366,0.32993829999951774,False,0,1.7269884005188942,50000,True,87903,23495,1000,0.601546,1330
0.33169131248767086,0.6683086875123292,0.16666666666666666,0.9259259259259259,1.0,0.037037037037037035,0.037037037037037035,5.25944434417106,19.47942349692985,0.10267244306871914,537346,93,54,18,4,200,200,1.0,537346,178233,359113,0.33169131248767086,0.6683086875123292,0,79200,0.1473910664636938,23499,True,200,200,1.0,178233,359113,0,79200,0.1473910664636938,23499,True,135473,0.32940864999951736,False,0,1.7390675911307334,50000,True,87960,23499,1000,0.601708,1331
0.33167639259267523,0.6683236074073248,0.21875,0.8541666666666666,1.0,0.10416666666666667,0.10416666666666667,5.698664011593252,23.744433381638547,0.08423026853723913,537738,104,48,21,10,200,200,1.0,537738,178355,359383,0.33167639259267523,0.6683236074073248,0,79254,0.1473840420427792,23508,True,200,200,1.0,178355,359383,0,79254,0.1473840420427792,23508,True,135569,0.328933449999517,False,0,1.7529868054389954,50000,True,88017,23508,1000,0.601852,1332
0.3316632968601332,0.6683367031398668,0.2727272727272727,0.8181818181818182,1.0,0.022727272727272728,0.022727272727272728,6.058504017994211,27.538654627246412,0.07262518910496173,538112,113,44,24,2,200,200,1.0,538112,178472,359640,0.3316632968601332,0.6683367031398668,0,79298,0.14736337416745957,23510,True,200,200,1.0,178472,359640,0,79298,0.14736337416745957,23510,True,135656,0.3285027999995167,False,0,1.7733105194568635,50000,True,88062,23510,1000,0.6019840000000001,1333
0.3315798074030609,0.6684201925969391,0.23214285714285715,0.875,1.0,0.044642857142857144,0.03571428571428571,4.963950283250357,17.728393868751276,0.11281337806496246,538534,89,56,26,4,200,200,1.0,538534,178567,359967,0.3315798074030609,0.6684201925969391,0,79356,0.14735559871800108,23513,True,200,200,1.0,178567,359967,0,79356,0.14735559871800108,23513,True,135767,0.3279533499995163,False,0,1.7110512685775756,50000,True,88122,23513,1000,0.6021460000000001,1334
0.3315886345335327,0.6684113654664673,0.0603448275862069,0.9827586206896551,1.0,0.25862068965517243,0.25862068965517243,5.1347730339288145,17.70611391009936,0.11295533340374724,538966,84,58,7,30,200,200,1.0,538966,178715,360251,0.3315886345335327,0.6684113654664673,0,79428,0.14737107721080736,23545,True,200,200,1.0,178715,360251,0,79428,0.14737107721080736,23545,True,135883,0.3273791499995159,False,0,1.6968440097570419,50000,True,88204,23545,1000,0.60232,1335
0.331577542189047,0.668422457810953,0.2916666666666667,0.7708333333333334,1.0,0.10416666666666667,0.09375,5.649109375134295,23.53795572972623,0.0849691461299754,539358,104,48,28,9,200,200,1.0,539358,178839,360519,0.331577542189047,0.668422457810953,0,79482,0.1473640884162282,23555,True,200,200,1.0,178839,360519,0,79482,0.1473640884162282,23555,True,135979,0.32690394999951555,False,0,1.7043391966819763,50000,True,88262,23555,1000,0.602464,1336
0.3315918960176663,0.6684081039823337,0.20175438596491227,0.8421052631578947,1.0,0.2719298245614035,0.2543859649122807,4.937395828622141,17.32419588990225,0.11544547364335331,539784,87,57,23,29,200,200,1.0,539784,178988,360796,0.3315918960176663,0.6684081039823337,0,79553,0.14737932209921006,23586,True,200,200,1.0,178988,360796,0,79553,0.14737932209921006,23586,True,136092,0.32634459999951515,False,0,1.702367542386055,50000,True,88341,23586,1000,0.602638,1337
0.3315801555829547,0.6684198444170453,0.28888888888888886,0.8222222222222222,1.0,0.044444444444444446,0.044444444444444446,5.949485469726253,26.44215764322779,0.07563679284365163,540162,111,45,26,4,200,200,1.0,540162,179107,361055,0.3315801555829547,0.6684198444170453,0,79598,0.14735949585494723,23590,True,200,200,1.0,179107,361055,0,79598,0.14735949585494723,23590,True,136181,0.32590404999951483,False,0,1.759839222431183,50000,True,88389,23590,1000,0.60277,1338
0.3315813621344818,0.6684186378655181,0.20930232558139536,0.9069767441860465,1.0,0.05813953488372093,0.05813953488372093,6.149825555074761,28.603839791045402,0.069920682489143,540534,114,43,18,5,200,200,1.0,540534,179231,361303,0.3315813621344818,0.6684186378655181,0,79642,0.14733948280774198,23595,True,200,200,1.0,179231,361303,0,79642,0.14733948280774198,23595,True,136267,0.3254783499995145,False,0,1.6855737817287446,50000,True,88437,23595,1000,0.602896,1339
0.3315720972882634,0.6684279027117366,0.2727272727272727,0.8181818181818182,1.0,0.03409090909090909,0.03409090909090909,6.067993055806547,27.581786617302487,0.07251161890815908,540908,113,44,24,3,200,200,1.0,540908,179350,361558,0.3315720972882634,0.6684279027117366,0,79686,0.1473189525760388,23598,True,200,200,1.0,179350,361558,0,79686,0.1473189525760388,23598,True,136354,0.3250476999995142,False,0,1.6923305985331536,50000,True,88483,23598,1000,0.603028,1340
0.3315757969879251,0.6684242030120748,0.1,0.9333333333333333,1.0,0.08888888888888889,0.08888888888888889,5.9668144236876195,26.51917521638942,0.07541712680279578,541288,110,45,9,8,200,200,1.0,541288,179478,361810,0.3315757969879251,0.6684242030120748,0,79737,0.1473097500775927,23607,True,200,200,1.0,179478,361810,0,79737,0.1473097500775927,23607,True,136444,0.3246021999995139,False,0,1.7030376902222633,50000,True,88536,23607,1000,0.6031660000000001,1341
0.33156227384838055,0.6684377261516194,0.11956521739130435,0.9347826086956522,1.0,0.05434782608695652,0.05434782608695652,6.02034451700145,26.175410943484568,0.07640758742310513,541672,108,46,11,5,200,200,1.0,541672,179598,362074,0.33156227384838055,0.6684377261516194,0,79786,0.14729578047231534,23613,True,200,200,1.0,179598,362074,0,79786,0.14729578047231534,23613,True,136536,0.32414679999951357,False,0,1.6233716151118278,50000,True,88587,23613,1000,0.6033040000000001,1342
0.3315659360932772,0.6684340639067228,0.13095238095238096,0.9047619047619048,1.0,0.047619047619047616,0.047619047619047616,6.347207454072876,30.22479740034703,0.06617083229735848,542040,116,42,11,4,200,200,1.0,542040,179722,362318,0.3315659360932772,0.6684340639067228,0,79829,0.1472751088480555,23617,True,200,200,1.0,179722,362318,0,79829,0.1472751088480555,23617,True,136620,0.32373099999951327,False,0,1.6166926237940789,50000,True,88633,23617,1000,0.60343,1343
0.33154750931012866,0.6684524906898713,0.25555555555555554,0.8888888888888888,1.0,0.044444444444444446,0.03333333333333333,5.881997289009437,26.142210173375275,0.0765046255360962,542420,110,45,23,3,200,200,1.0,542420,179838,362582,0.33154750931012866,0.6684524906898713,0,79877,0.14726042550053464,23620,True,200,200,1.0,179838,362582,0,79877,0.14726042550053464,23620,True,136710,0.32328549999951295,False,0,1.6790946397185325,50000,True,88682,23620,1000,0.603562,1344
0.33155059524906133,0.6684494047509386,0.28888888888888886,0.8,1.0,0.08888888888888889,0.07777777777777778,5.89914603576941,26.21842682564182,0.07628222750741036,542798,111,45,26,7,200,200,1.0,542798,179965,362833,0.33155059524906133,0.6684494047509386,0,79926,0.14724814756133958,23628,True,200,200,1.0,179965,362833,0,79926,0.14724814756133958,23628,True,136799,0.32284494999951263,False,0,1.6743095403909682,50000,True,88732,23628,1000,0.6036940000000001,1345
0.33153774779816786,0.6684622522018322,0.23404255319148937,0.8297872340425532,1.0,0.07446808510638298,0.07446808510638298,5.785763848659391,24.62027169642294,0.08123387201655367,543184,107,47,22,7,200,200,1.0,543184,180086,363098,0.33153774779816786,0.6684622522018322,0,79974,0.1472318772276061,23635,True,200,200,1.0,180086,363098,0,79974,0.1472318772276061,23635,True,136892,0.3223845999995123,False,0,1.7033082830905915,50000,True,88785,23635,1000,0.603838,1346
0.33152027959164904,0.668479720408351,0.21641791044776118,0.9104477611940298,1.0,0.291044776119403,0.26865671641791045,3.9786424919090826,11.87654475196741,0.168399146533649,543650,67,67,29,36,200,200,1.0,543650,180231,363419,0.33152027959164904,0.668479720408351,0,80054,0.1472528281063184,23674,True,200,200,1.0,180231,363419,0,80054,0.1472528281063184,23674,True,137025,0.3217262499995118,False,0,1.7488321596384049,50000,True,88885,23674,1000,0.604036,1347
0.33150499606637895,0.668495003933621,0.2777777777777778,0.8222222222222222,1.0,0.03333333333333333,0.03333333333333333,5.971295119930212,26.539089421912053,0.07536053585729645,544028,111,45,25,3,200,200,1.0,544028,180348,363680,0.33150499606637895,0.668495003933621,0,80099,0.14723323064254046,23677,True,200,200,1.0,180348,363680,0,80099,0.14723323064254046,23677,True,137114,0.3212856999995115,False,0,1.7698197251558303,50000,True,88932,23677,1000,0.604168,1348
0.3315038096707592,0.6684961903292408,0.2159090909090909,0.9090909090909091,1.0,0.06818181818181818,0.06818181818181818,6.0984610102462735,27.720277319301246,0.07214935034605255,544404,112,44,19,6,200,200,1.0,544404,180472,363932,0.3315038096707592,0.6684961903292408,0,80145,0.1472160380893601,23683,True,200,200,1.0,180472,363932,0,80145,0.1472160380893601,23683,True,137202,0.3208500999995112,False,0,1.7705602848529816,50000,True,88982,23683,1000,0.6043000000000001,1349
0.3314794011615528,0.6685205988384473,0.20652173913043478,0.9130434782608695,1.0,0.021739130434782608,0.021739130434782608,5.916969623720976,25.725954885743374,0.07774249814565079,544788,108,46,19,2,200,200,1.0,544788,180586,364202,0.3314794011615528,0.6685205988384473,0,80192,0.14719854328656284,23686,True,200,200,1.0,180586,364202,0,80192,0.14719854328656284,23686,True,137294,0.32039469999951087,False,0,1.7689698672294616,50000,True,89030,23686,1000,0.604438,1350
0.33150997527277,0.6684900247272301,0.15,0.925,1.0,0.1125,0.1,6.463682618242782,32.31841309121391,0.06188422662818554,545148,120,40,12,8,200,200,1.0,545148,180722,364426,0.33150997527277,0.6684900247272301,0,80237,0.14718388400948,23694,True,200,200,1.0,180722,364426,0,80237,0.14718388400948,23694,True,137374,0.3199986999995106,False,0,1.8062396228313446,50000,True,89079,23694,1000,0.604558,1351
0.3315154625946362,0.6684845374053638,0.17073170731707318,0.8780487804878049,1.0,0.024390243902439025,0.024390243902439025,6.362218178643141,31.035210627527515,0.06444293302865636,545510,119,41,14,2,200,200,1.0,545510,180845,364665,0.3315154625946362,0.6684845374053638,0,80277,0.147159538780224,23696,True,200,200,1.0,180845,364665,0,80277,0.147159538780224,23696,True,137455,0.3195977499995103,False,0,1.8237979799509048,50000,True,89121,23696,1000,0.604678,1352
0.3315416913979204,0.6684583086020797,0.175,0.875,1.0,0.075,0.075,6.447122081753651,32.23561040876826,0.062043186855738564,545868,121,40,14,6,200,200,1.0,545868,180978,364890,0.3315416913979204,0.6684583086020797,0,80319,0.1471399679043285,23702,True,200,200,1.0,180978,364890,0,80319,0.1471399679043285,23702,True,137534,0.31920669999951,False,0,1.765871343612671,50000,True,89166,23702,1000,0.6047980000000001,1353
0.3315210228021616,0.6684789771978383,0.17346938775510204,0.8775510204081632,1.0,0.09183673469387756,0.09183673469387756,5.518158968620888,22.523097831105666,0.08879773177728187,546264,102,49,17,9,200,200,1.0,546264,181098,365166,0.3315210228021616,0.6684789771978383,0,80372,0.14713032526397493,23711,True,200,200,1.0,181098,365166,0,80372,0.14713032526397493,23711,True,137632,0.31872159999950966,False,0,1.8173470544815062,50000,True,89224,23711,1000,0.604948,1354
0.3315149386428995,0.6684850613571005,0.18604651162790697,0.8837209302325582,1.0,0.03488372093023256,0.03488372093023256,6.150783884531729,28.60829713735688,0.06990978842247791,546636,114,43,16,3,200,200,1.0,546636,181218,365418,0.3315149386428995,0.6684850613571005,0,80417,0.14711252094629698,23714,True,200,200,1.0,181218,365418,0,80417,0.14711252094629698,23714,True,137718,0.31829589999950936,False,0,1.7571566703915595,50000,True,89270,23714,1000,0.605074,1355
0.3315100948425263,0.6684899051574738,0.23863636363636365,0.8409090909090909,1.0,0.056818181818181816,0.056818181818181816,6.035508209727367,27.434128226033486,0.0729018973565236,547012,112,44,21,5,200,200,1.0,547012,181340,365672,0.3315100948425263,0.6684899051574738,0,80463,0.14709549333469832,23719,True,200,200,1.0,181340,365672,0,80463,0.14709549333469832,23719,True,137806,0.31786029999950904,False,0,1.6742419365048409,50000,True,89319,23719,1000,0.605206,1356
0.3315340296729834,0.6684659703270166,0.15178571428571427,0.9285714285714286,1.0,0.2767857142857143,0.25892857142857145,5.130827453960785,18.32438376414566,0.10914418873464617,547434,89,56,17,29,200,200,1.0,547434,181493,365941,0.3315340296729834,0.6684659703270166,0,80535,0.14711362465612293,23750,True,200,200,1.0,181493,365941,0,80535,0.14711362465612293,23750,True,137917,0.31731084999950865,False,0,1.7384587779641152,50000,True,89403,23750,1000,0.605374,1357
0.3315176120100473,0.6684823879899526,0.125,0.9545454545454546,1.0,0.011363636363636364,0.011363636363636364,6.208443002878381,28.220195467629004,0.07087123128874753,547808,113,44,11,1,200,200,1.0,547808,181608,366200,0.3315176120100473,0.6684823879899526,0,80578,0.14709168175711199,23751,True,200,200,1.0,181608,366200,0,80578,0.14709168175711199,23751,True,138004,0.31688019999950834,False,0,1.6796986350417138,50000,True,89447,23751,1000,0.605506,1358
0.33149154137738557,0.6685084586226144,0.22916666666666666,0.8541666666666666,1.0,0.041666666666666664,0.041666666666666664,5.796689704063177,24.152873766929904,0.08280588137459644,548198,105,48,22,4,200,200,1.0,548198,181723,366475,0.33149154137738557,0.6685084586226144,0,80626,0.14707459713461193,23756,True,200,200,1.0,181723,366475,0,80626,0.14707459713461193,23756,True,138099,0.316409949999508,False,0,1.717300756573677,50000,True,89498,23756,1000,0.6056440000000001,1359
0.3314351959869342,0.6685648040130658,0.22641509433962265,0.8490566037735849,1.0,0.04716981132075472,0.04716981132075472,5.337659622587766,20.142111783350057,0.09929445440041927,548608,95,53,24,5,200,200,1.0,548608,181828,366780,0.3314351959869342,0.6685648040130658,0,80680,0.1470631124591694,23761,True,200,200,1.0,181828,366780,0,80680,0.1470631124591694,23761,True,138204,0.3158901999995076,False,0,1.802931271791458,50000,True,89555,23761,1000,0.6058060000000001,1360
0.33143828305165635,0.6685617169483437,0.25,0.8809523809523809,1.0,0.03571428571428571,0.03571428571428571,6.266516443619597,29.84055449342665,0.06702288325240621,548974,117,42,21,3,200,200,1.0,548974,181951,367023,0.33143828305165635,0.6685617169483437,0,80724,0.14704521525609593,23764,True,200,200,1.0,181951,367023,0,80724,0.14704521525609593,23764,True,138287,0.31547934999950733,False,0,1.74332446038723,50000,True,89599,23764,1000,0.605926,1361
0.33141350963673827,0.6685864903632617,0.22826086956521738,0.8043478260869565,1.0,0.021739130434782608,0.021739130434782608,5.821323287363947,25.310101249408465,0.07901983402957517,549356,109,46,21,2,200,200,1.0,549356,182064,367292,0.33141350963673827,0.6685864903632617,0,80771,0.14702852066783653,23766,True,200,200,1.0,182064,367292,0,80771,0.14702852066783653,23766,True,138378,0.315028899999507,False,0,1.7656817847490311,50000,True,89646,23766,1000,0.606064,1362
0.33138885554112507,0.6686111444588749,0.25961538461538464,0.8076923076923077,1.0,0.10576923076923077,0.10576923076923077,5.3255986211338335,20.483071619745512,0.09764160557208697,549762,97,52,27,11,200,200,1.0,549762,182185,367577,0.33138885554112507,0.6686111444588749,0,80830,0.14702725906846964,23778,True,200,200,1.0,182185,367577,0,80830,0.14702725906846964,23778,True,138481,0.31451904999950664,False,0,1.734918030500412,50000,True,89708,23778,1000,0.60622,1363
0.33139139634055453,0.6686086036594454,0.23863636363636365,0.8636363636363636,1.0,0.09090909090909091,0.09090909090909091,6.0331075131543095,27.423215968883223,0.07293090650890015,550138,112,44,21,8,200,200,1.0,550138,182311,367827,0.33139139634055453,0.6686086036594454,0,80879,0.14701583966204843,23785,True,200,200,1.0,182311,367827,0,80879,0.14701583966204843,23785,True,138569,0.3140834499995063,False,0,1.7338600796461106,50000,True,89759,23785,1000,0.606352,1364
0.3314072405587546,0.6685927594412454,0.32558139534883723,0.7906976744186046,1.0,0.09302325581395349,0.09302325581395349,6.027927322558562,28.036871267714243,0.0713346357695444,550510,114,43,28,8,200,200,1.0,550510,182443,368067,0.3314072405587546,0.6685927594412454,0,80928,0.14700550398721185,23794,True,200,200,1.0,182443,368067,0,80928,0.14700550398721185,23794,True,138655,0.313657749999506,False,0,1.7680766278505324,50000,True,89810,23794,1000,0.6064780000000001,1365
0.33140315846796153,0.6685968415320385,0.21875,0.875,1.0,0.11458333333333333,0.11458333333333333,5.79221035978222,24.134209832425913,0.08286991842230804,550900,105,48,21,11,200,200,1.0,550900,182570,368330,0.33140315846796153,0.6685968415320385,0,80977,0.14699037937919768,23805,True,200,200,1.0,182570,368330,0,80977,0.14699037937919768,23805,True,138750,0.3131874999995057,False,0,1.800368059873581,50000,True,89868,23805,1000,0.606622,1366
0.33139480042664654,0.6686051995733535,0.1590909090909091,0.8863636363636364,1.0,0.045454545454545456,0.045454545454545456,6.078062173048408,27.627555332038217,0.07239149378087412,551276,112,44,14,4,200,200,1.0,551276,182690,368586,0.33139480042664654,0.6686051995733535,0,81022,0.14697175280621685,23809,True,200,200,1.0,182690,368586,0,81022,0.14697175280621685,23809,True,138838,0.31275189999950537,False,0,1.8342028439044953,50000,True,89916,23809,1000,0.606754,1367
0.3314112208828061,0.6685887791171938,0.13636363636363635,0.9545454545454546,1.0,0.10227272727272728,0.10227272727272728,6.183031092170488,28.104686782593127,0.07116250807102809,551650,113,44,12,9,200,200,1.0,551650,182823,368827,0.3314112208828061,0.6685887791171938,0,81068,0.14695549714492884,23819,True,200,200,1.0,182823,368827,0,81068,0.14695549714492884,23819,True,138925,0.31232124999950506,False,0,1.8137351328134537,50000,True,89966,23819,1000,0.606886,1368
0.33139623352438646,0.6686037664756135,0.28888888888888886,0.8,1.0,0.03333333333333333,0.03333333333333333,5.902552451832505,26.23356645258891,0.07623820434840746,552028,111,45,26,3,200,200,1.0,552028,182940,369088,0.33139623352438646,0.6686037664756135,0,81114,0.14693819878701805,23822,True,200,200,1.0,182940,369088,0,81114,0.14693819878701805,23822,True,139014,0.31188069999950474,False,0,1.8258666098117828,50000,True,90013,23822,1000,0.6070180000000001,1369
0.33138972864357996,0.66861027135642,0.21739130434782608,0.8478260869565217,1.0,0.06521739130434782,0.06521739130434782,5.8507605544931405,25.438089367361478,0.07862225700669619,552410,109,46,20,6,200,200,1.0,552410,183063,369347,0.33138972864357996,0.66861027135642,0,81161,0.14692167049836172,23829,True,200,200,1.0,183063,369347,0,81161,0.14692167049836172,23829,True,139105,0.3114302499995044,False,0,1.7835952991247177,50000,True,90064,23829,1000,0.607156,1370
0.3314042470050618,0.6685957529949382,0.2692307692307692,0.8717948717948718,1.0,0.01282051282051282,0.01282051282051282,6.4327585937495915,32.98850560897227,0.060627177954251946,552766,122,39,21,1,200,200,1.0,552766,183189,369577,0.3314042470050618,0.6685957529949382,0,81200,0.14689760224036935,23831,True,200,200,1.0,183189,369577,0,81200,0.14689760224036935,23831,True,139183,0.31104414999950414,False,0,1.6953054177761078,50000,True,90104,23831,1000,0.60727,1371
0.33139351997483485,0.6686064800251652,0.24444444444444444,0.8444444444444444,1.0,0.044444444444444446,0.044444444444444446,5.936082717263388,26.382589854503944,0.0758075689699041,553146,110,45,22,4,200,200,1.0,553146,183309,369837,0.33139351997483485,0.6686064800251652,0,81248,0.14688346295553073,23836,True,200,200,1.0,183309,369837,0,81248,0.14688346295553073,23836,True,139273,0.3105986499995038,False,0,1.7351244640350343,50000,True,90152,23836,1000,0.607408,1372
0.331367788183605,0.668632211816395,0.2604166666666667,0.8541666666666666,1.0,0.052083333333333336,0.052083333333333336,5.69670580216782,23.73627417569925,0.08425922220124851,553536,105,48,25,5,200,200,1.0,553536,183424,370112,0.331367788183605,0.668632211816395,0,81297,0.14686849635796045,23841,True,200,200,1.0,183424,370112,0,81297,0.14686849635796045,23841,True,139368,0.3101283999995035,False,0,1.6686376059055328,50000,True,90204,23841,1000,0.607552,1373
0.3313439194702599,0.6686560805297401,0.14285714285714285,0.9183673469387755,1.0,0.08163265306122448,0.08163265306122448,5.6687701458955795,23.137837330186038,0.08643850207170245,553932,102,49,14,8,200,200,1.0,553932,183542,370390,0.3313439194702599,0.6686560805297401,0,81349,0.14685737599560958,23849,True,200,200,1.0,183542,370390,0,81349,0.14685737599560958,23849,True,139466,0.30964329999950313,False,0,1.6429846006631852,50000,True,90260,23849,1000,0.607696,1374
0.33134282044250724,0.6686571795574927,0.10975609756097561,0.926829268292683,1.0,0.012195121951219513,0.012195121951219513,6.405549356642784,31.246582227525778,0.06400700036364801,554296,118,41,9,1,200,200,1.0,554296,183662,370634,0.33134282044250724,0.6686571795574927,0,81390,0.1468349040945632,23850,True,200,200,1.0,183662,370634,0,81390,0.1468349040945632,23850,True,139548,0.30923739999950284,False,0,1.6842738711833953,50000,True,90302,23850,1000,0.6078220000000001,1375
0.33130518808568327,0.6686948119143168,0.19,0.92,1.0,0.06,0.05,5.73948931761128,22.95795727044512,0.08711576454472697,554694,101,50,19,5,200,200,1.0,554694,183773,370921,0.33130518808568327,0.6686948119143168,0,81442,0.14682329356365853,23855,True,200,200,1.0,183773,370921,0,81442,0.14682329356365853,23855,True,139647,0.3087473499995025,False,0,1.7326802617311479,50000,True,90357,23855,1000,0.607966,1376
0.3312658305380311,0.6687341694619688,0.22549019607843138,0.8235294117647058,1.0,0.06862745098039216,0.058823529411764705,5.326536172682553,20.88837714777472,0.09574702648516016,555098,98,51,23,6,200,200,1.0,555098,183885,371213,0.3312658305380311,0.6687341694619688,0,81496,0.14681371577631336,23862,True,200,200,1.0,183885,371213,0,81496,0.14681371577631336,23862,True,139749,0.3082424499995021,False,0,1.8543257164955138,50000,True,90415,23862,1000,0.608122,1377
0.33123069279125533,0.6687693072087446,0.23469387755102042,0.8571428571428571,1.0,0.04081632653061224,0.04081632653061224,5.694811176683881,23.244127251770944,0.08604323915184306,555492,103,49,23,4,200,200,1.0,555492,183996,371496,0.33123069279125533,0.6687693072087446,0,81546,0.14679959387353914,23866,True,200,200,1.0,183996,371496,0,81546,0.14679959387353914,23866,True,139846,0.3077622999995018,False,0,1.9343310457468033,50000,True,90467,23866,1000,0.608266,1378
0.3312179362646693,0.6687820637353308,0.22413793103448276,0.8793103448275862,1.0,0.22413793103448276,0.19827586206896552,4.796209025541825,16.53865181221319,0.12092884128094851,555924,84,58,26,23,200,200,1.0,555924,184132,371792,0.3312179362646693,0.6687820637353308,0,81623,0.14682402630575403,23892,True,200,200,1.0,184132,371792,0,81623,0.14682402630575403,23892,True,139962,0.30718809999950136,False,0,1.8038503408432007,50000,True,90548,23892,1000,0.60844,1379
0.33119002850948936,0.6688099714905107,0.17391304347826086,0.9347826086956522,1.0,0.010869565217391304,0.010869565217391304,6.013107020999386,26.143943569562545,0.07649955312512423,556306,109,46,16,1,200,200,1.0,556306,184243,372063,0.33119002850948936,0.6688099714905107,0,81669,0.1468058945975776,23893,True,200,200,1.0,184243,372063,0,81669,0.1468058945975776,23893,True,140053,0.30673764999950104,False,0,1.732600109577179,50000,True,90594,23893,1000,0.6085780000000001,1380
0.3311610395395791,0.6688389604604209,0.30392156862745096,0.803921568627451,1.0,0.08823529411764706,0.08823529411764706,5.297421236543804,20.77420092762276,0.09627325772808266,556708,99,51,31,9,200,200,1.0,556708,184360,372348,0.3311610395395791,0.6688389604604209,0,81722,0.146795088268895,23902,True,200,200,1.0,184360,372348,0,81722,0.146795088268895,23902,True,140154,0.3062376999995007,False,0,1.6745423793792724,50000,True,90653,23902,1000,0.608728,1381
0.33113922505555576,0.6688607749444442,0.19791666666666666,0.8958333333333334,1.0,0.0625,0.0625,5.753702736398163,23.973761401659015,0.08342453929075967,557098,105,48,19,6,200,200,1.0,557098,184477,372621,0.33113922505555576,0.6688607749444442,0,81772,0.14678207424905493,23908,True,200,200,1.0,184477,372621,0,81772,0.14678207424905493,23908,True,140249,0.30576744999950034,False,0,1.6133953160047532,50000,True,90706,23908,1000,0.608872,1382
0.33115913950718273,0.6688408604928173,0.17105263157894737,0.8947368421052632,1.0,0.013157894736842105,0.013157894736842105,6.766555148235622,35.61344814860854,0.05615856099230713,557448,125,38,13,1,200,200,1.0,557448,184604,372844,0.33115913950718273,0.6688408604928173,0,81809,0.14675628937587004,23909,True,200,200,1.0,184604,372844,0,81809,0.14675628937587004,23909,True,140324,0.3053961999995001,False,0,1.6660494315624237,50000,True,90744,23909,1000,0.608986,1383
0.3311528132831856,0.6688471867168144,0.19767441860465115,0.9069767441860465,1.0,0.023255813953488372,0.023255813953488372,6.232681515901155,28.989216353028628,0.06899117160133414,557818,115,43,17,2,200,200,1.0,557818,184723,373095,0.3311528132831856,0.6688471867168144,0,81852,0.14673603218253983,23911,True,200,200,1.0,184723,373095,0,81852,0.14673603218253983,23911,True,140409,0.30497544999949977,False,0,1.7055660378932953,50000,True,90787,23911,1000,0.609112,1384
0.33114593746305077,0.6688540625369492,0.23333333333333334,0.8666666666666667,1.0,0.05555555555555555,0.05555555555555555,5.9681741782982165,26.525218570214296,0.07539994419672154,558198,110,45,21,5,200,200,1.0,558198,184845,373353,0.33114593746305077,0.6688540625369492,0,81899,0.1467203393777835,23917,True,200,200,1.0,184845,373353,0,81899,0.1467203393777835,23917,True,140499,0.30452994999949945,False,0,1.7023785120248796,50000,True,90836,23917,1000,0.609244,1385
0.3311009906803722,0.6688990093196279,0.3173076923076923,0.8269230769230769,1.0,0.0673076923076923,0.0673076923076923,5.1902303645379675,19.962424478992183,0.1001882312494024,558606,96,52,33,7,200,200,1.0,558606,184955,373651,0.3311009906803722,0.6688990093196279,0,81955,0.14671342592095324,23924,True,200,200,1.0,184955,373651,0,81955,0.14671342592095324,23924,True,140603,0.3040151499994991,False,0,1.689935067296028,50000,True,90895,23924,1000,0.6093999999999999,1386
0.33111386209462745,0.6688861379053725,0.2765957446808511,0.7872340425531915,1.0,0.13829787234042554,0.13829787234042554,5.748410417175994,24.461320924153167,0.08176173339949092,558992,107,47,26,13,200,200,1.0,558992,185090,373902,0.33111386209462745,0.6688861379053725,0,82007,0.14670514068179866,23937,True,200,200,1.0,185090,373902,0,82007,0.14670514068179866,23937,True,140696,0.30355479999949875,False,0,1.69414148747921,50000,True,90953,23937,1000,0.609544,1387
0.3310999721127788,0.6689000278872212,0.18627450980392157,0.8431372549019608,1.0,0.13725490196078433,0.13725490196078433,5.3705603190859055,21.06102085916041,0.09496215845254755,559396,98,51,19,14,200,200,1.0,559396,185216,374180,0.3310999721127788,0.6689000278872212,0,82066,0.14670466002617108,23951,True,200,200,1.0,185216,374180,0,82066,0.14670466002617108,23951,True,140798,0.3030498999994984,False,0,1.619395292699337,50000,True,91018,23951,1000,0.6096940000000001,1388
0.33114600045021064,0.6688539995497893,0.1527777777777778,0.9444444444444444,1.0,0.05555555555555555,0.05555555555555555,6.855982622035109,38.088792344639494,0.052508884553318584,559738,129,36,11,4,200,200,1.0,559738,185355,374383,0.33114600045021064,0.6688539995497893,0,82103,0.14668112581243367,23955,True,200,200,1.0,185355,374383,0,82103,0.14668112581243367,23955,True,140869,0.30269844999949813,False,0,1.6075353035330773,50000,True,91057,23955,1000,0.609802,1389
0.33111541166935055,0.6688845883306495,0.16326530612244897,0.8979591836734694,1.0,0.05102040816326531,0.05102040816326531,5.558417746134097,22.687419371975906,0.08815458326082042,560134,102,49,16,5,200,200,1.0,560134,185469,374665,0.33111541166935055,0.6688845883306495,0,82154,0.14666847575758657,23961,True,200,200,1.0,185469,374665,0,82154,0.14666847575758657,23961,True,140967,0.3022133499994978,False,0,1.6511906686425208,50000,True,91111,23961,1000,0.609946,1390
0.33111271284415456,0.6688872871558454,0.18604651162790697,0.9302325581395349,1.0,0.023255813953488372,0.023255813953488372,6.302496942982983,29.313939269688294,0.06822692718300316,560504,115,43,16,2,200,200,1.0,560504,185590,374914,0.33111271284415456,0.6688872871558454,0,82197,0.1466483736066112,23964,True,200,200,1.0,185590,374914,0,82197,0.1466483736066112,23964,True,141052,0.3017925999994975,False,0,1.6650815105438233,50000,True,91155,23964,1000,0.610078,1391
0.3311189085488921,0.6688810914511079,0.2804878048780488,0.8048780487804879,1.0,0.036585365853658534,0.036585365853658534,6.243421254426639,30.45571343622751,0.06566912327264582,560868,118,41,23,3,200,200,1.0,560868,185714,375154,0.3311189085488921,0.6688810914511079,0,82241,0.14663164951468083,23967,True,200,200,1.0,185714,375154,0,82241,0.14663164951468083,23967,True,141134,0.3013866999994972,False,0,1.7229785063862801,50000,True,91199,23967,1000,0.610198,1392
0.33109150575986374,0.6689084942401362,0.23275862068965517,0.8620689655172413,1.0,0.19827586206896552,0.1810344827586207,4.886069294412906,16.848514808320363,0.11870482489129146,561298,85,58,27,21,200,200,1.0,561298,185841,375457,0.33109150575986374,0.6689084942401362,0,82313,0.14664759183178988,23988,True,200,200,1.0,185841,375457,0,82313,0.14664759183178988,23988,True,141249,0.3008174499994968,False,0,1.7477875444293023,50000,True,91278,23988,1000,0.610372,1393
0.33106279642791014,0.6689372035720899,0.22916666666666666,0.8333333333333334,1.0,0.041666666666666664,0.041666666666666664,5.683051203448157,23.67938001436732,0.08446167082020357,561688,105,48,22,4,200,200,1.0,561688,185954,375734,0.33106279642791014,0.6689372035720899,0,82362,0.14663300622409595,23992,True,200,200,1.0,185954,375734,0,82362,0.14663300622409595,23992,True,141344,0.30034719999949644,False,0,1.7120801195502282,50000,True,91329,23992,1000,0.6105160000000001,1394
0.33105658134925575,0.6689434186507442,0.2558139534883721,0.8372093023255814,1.0,0.023255813953488372,0.023255813953488372,6.224027863466814,28.94896680682239,0.06908709431138181,562058,115,43,22,2,200,200,1.0,562058,186073,375985,0.33105658134925575,0.6689434186507442,0,82405,0.14661298300175427,23994,True,200,200,1.0,186073,375985,0,82405,0.14661298300175427,23994,True,141429,0.29992644999949614,False,0,1.700729912519455,50000,True,91373,23994,1000,0.610642,1395
0.3310221236106074,0.6689778763893925,0.23636363636363636,0.8363636363636363,1.0,0.11818181818181818,0.11818181818181818,5.125010735862804,18.636402675864744,0.10731684836312963,562476,91,55,26,13,200,200,1.0,562476,186192,376284,0.3310221236106074,0.6689778763893925,0,82465,0.14661069983430405,24008,True,200,200,1.0,186192,376284,0,82465,0.14661069983430405,24008,True,141538,0.29938689999949575,False,0,1.6777657067775726,50000,True,91438,24008,1000,0.610804,1396
0.3309917707755937,0.6690082292244063,0.23469387755102042,0.8571428571428571,1.0,0.061224489795918366,0.061224489795918366,5.585970375968718,22.799879085586603,0.08771976344665527,562872,102,49,23,6,200,200,1.0,562872,186306,376566,0.3309917707755937,0.6690082292244063,0,82516,0.14659816086072855,24014,True,200,200,1.0,186306,376566,0,82516,0.14659816086072855,24014,True,141636,0.2989017999994954,False,0,1.6579677945375442,50000,True,91492,24014,1000,0.610954,1397
0.33098286501494784,0.6690171349850522,0.2909090909090909,0.8363636363636363,1.0,0.20909090909090908,0.18181818181818182,5.0856423218221245,18.49324480662591,0.1081475977262478,563292,90,55,32,20,200,200,1.0,563292,186440,376852,0.33098286501494784,0.6690171349850522,0,82583,0.14660779844201585,24036,True,200,200,1.0,186440,376852,0,82583,0.14660779844201585,24036,True,141746,0.298357299999495,False,0,1.6572305375337602,50000,True,91565,24036,1000,0.611116,1398
0.33099441142553004,0.6690055885744699,0.225,0.9,1.0,0.0125,0.0125,6.541805698551067,32.70902849275534,0.06114519727918475,563650,121,40,18,1,200,200,1.0,563650,186565,377085,0.33099441142553004,0.6690055885744699,0,82622,0.1465838729708152,24038,True,200,200,1.0,186565,377085,0,82622,0.1465838729708152,24038,True,141825,0.2979662499994947,False,0,1.6766792541742326,50000,True,91605,24038,1000,0.611236,1399
0.33101008847360863,0.6689899115263913,0.1875,0.875,1.0,0.05,0.05,6.461103935254007,32.30551967627004,0.06190892516330875,564010,120,40,15,4,200,200,1.0,564010,186693,377317,0.33101008847360863,0.6689899115263913,0,82664,0.14656477722026207,24042,True,200,200,1.0,186693,377317,0,82664,0.14656477722026207,24042,True,141905,0.29757024999949444,False,0,1.6945578473806382,50000,True,91649,24042,1000,0.611356,1400
0.33097273948186234,0.6690272605181377,0.17346938775510204,0.9591836734693877,1.0,0.04081632653061224,0.04081632653061224,5.629425199865625,22.977245713737243,0.08704263447921759,564406,102,49,17,4,200,200,1.0,564406,186803,377603,0.33097273948186234,0.6690272605181377,0,82716,0.14655407632094627,24046,True,200,200,1.0,186803,377603,0,82716,0.14655407632094627,24046,True,142003,0.2970851499994941,False,0,1.7188672941923142,50000,True,91702,24046,1000,0.6115,1401
0.3309479126093269,0.6690520873906731,0.16666666666666666,0.8888888888888888,1.0,0.1388888888888889,0.1388888888888889,5.167166457659601,19.13765354688741,0.10450601977405347,564820,93,54,18,15,200,200,1.0,564820,186926,377894,0.3309479126093269,0.6690520873906731,0,82777,0.14655465458022024,24061,True,200,200,1.0,186926,377894,0,82777,0.14655465458022024,24061,True,142110,0.2965554999994937,False,0,1.7400766324996948,50000,True,91768,24061,1000,0.611662,1402
0.3309447983014862,0.6690552016985138,0.2,0.9111111111111111,1.0,0.07777777777777778,0.07777777777777778,6.040912912057471,26.848501831366537,0.07449205220320496,565200,110,45,18,7,200,200,1.0,565200,187050,378150,0.3309447983014862,0.6690552016985138,0,82826,0.14654281670205238,24068,True,200,200,1.0,187050,378150,0,82826,0.14654281670205238,24068,True,142200,0.2961099999994934,False,0,1.6708598268032073,50000,True,91820,24068,1000,0.6118,1403
0.3309328731616412,0.6690671268383588,0.22340425531914893,0.8297872340425532,1.0,0.09574468085106383,0.09574468085106383,5.81813240069731,24.758010215733236,0.08078193613188829,565586,107,47,21,9,200,200,1.0,565586,187171,378415,0.3309328731616412,0.6690671268383588,0,82877,0.1465329764173795,24075,True,200,200,1.0,187171,378415,0,82877,0.1465329764173795,24075,True,142293,0.29564964999949306,False,0,1.6028471887111664,50000,True,91875,24075,1000,0.611938,1404
0.33090763256551864,0.6690923674344813,0.16101694915254236,0.9152542372881356,1.0,0.19491525423728814,0.19491525423728814,4.67450160431272,15.845768150212608,0.12621666435105358,566022,82,59,19,23,200,200,1.0,566022,187301,378721,0.33090763256551864,0.6690923674344813,0,82949,0.14654730734847762,24099,True,200,200,1.0,187301,378721,0,82949,0.14654730734847762,24099,True,142411,0.29506554999949264,False,0,1.5250185364484787,50000,True,91955,24099,1000,0.612112,1405
0.3308406067282434,0.6691593932717566,0.21052631578947367,0.8596491228070176,1.0,0.07017543859649122,0.07017543859649122,4.939626132999909,17.33202151929793,0.11539334853543469,566448,87,57,24,8,200,200,1.0,566448,187404,379044,0.3308406067282434,0.6691593932717566,0,83009,0.14654301895319605,24107,True,200,200,1.0,187404,379044,0,83009,0.14654301895319605,24107,True,142524,0.29450619999949224,False,0,1.5782616794109345,50000,True,92019,24107,1000,0.612286,1406
0.3308441913552152,0.6691558086447849,0.1111111111111111,0.9444444444444444,1.0,0.21296296296296297,0.21296296296296297,5.24447796529439,19.423992464053295,0.10296544357197772,566862,93,54,12,23,200,200,1.0,566862,187543,379319,0.3308441913552152,0.6691558086447849,0,83070,0.14654360320501286,24130,True,200,200,1.0,187543,379319,0,83070,0.14654360320501286,24130,True,142631,0.29397654999949185,False,0,1.630187851190567,50000,True,92094,24130,1000,0.612442,1407
0.330824125067872,0.6691758749321279,0.17391304347826086,0.9130434782608695,1.0,0.03260869565217391,0.03260869565217391,5.997356924202754,26.075464887838063,0.07670045418568265,567244,109,46,16,3,200,200,1.0,567244,187658,379586,0.330824125067872,0.6691758749321279,0,83116,0.14652600997101775,24133,True,200,200,1.0,187658,379586,0,83116,0.14652600997101775,24133,True,142722,0.29352609999949153,False,0,1.7302619057893753,50000,True,92142,24133,1000,0.61258,1408
0.33078299902402586,0.6692170009759741,0.21428571428571427,0.9183673469387755,1.0,0.02040816326530612,0.02040816326530612,5.681847490222744,23.191214245807117,0.0862395551522962,567638,103,49,21,2,200,200,1.0,567638,187765,379873,0.33078299902402586,0.6692170009759741,0,83164,0.146508866566368,24135,True,200,200,1.0,187765,379873,0,83164,0.146508866566368,24135,True,142819,0.2930459499994912,False,0,1.7220780569314957,50000,True,92192,24135,1000,0.612724,1409
0.3307483759660581,0.6692516240339419,0.21875,0.875,1.0,0.03125,0.03125,5.7311282385121345,23.879700993800558,0.08375314249199446,568030,104,48,21,3,200,200,1.0,568030,187875,380155,0.3307483759660581,0.6692516240339419,0,83212,0.14649226273260216,24138,True,200,200,1.0,187875,380155,0,83212,0.14649226273260216,24138,True,142915,0.29257074999949084,False,0,1.7723536783456801,50000,True,92243,24138,1000,0.612868,1410
0.33074595355383535,0.6692540464461647,0.26744186046511625,0.8837209302325582,1.0,0.03488372093023256,0.03488372093023256,6.18045278463697,28.746292021567307,0.0695741905947199,568400,115,43,23,3,200,200,1.0,568400,187996,380404,0.33074595355383535,0.6692540464461647,0,83255,0.146472554539057,24141,True,200,200,1.0,187996,380404,0,83255,0.146472554539057,24141,True,143000,0.29214999999949054,False,0,1.690238090157509,50000,True,92288,24141,1000,0.613,1411
0.33077453248844846,0.6692254675115515,0.23076923076923078,0.8461538461538461,1.0,0.0641025641025641,0.0641025641025641,6.531205047628544,33.493359218607914,0.059713329646817255,568756,122,39,18,5,200,200,1.0,568756,188130,380626,0.33077453248844846,0.6692254675115515,0,83296,0.14645296049624093,24147,True,200,200,1.0,188130,380626,0,83296,0.14645296049624093,24147,True,143078,0.29176389999949026,False,0,1.6619726359844207,50000,True,92332,24147,1000,0.613114,1412
0.33077328554108903,0.669226714458911,0.19318181818181818,0.8863636363636364,1.0,0.056818181818181816,0.056818181818181816,6.066889229024119,27.576769222836905,0.07252481187476296,569130,113,44,17,5,200,200,1.0,569130,188253,380877,0.33077328554108903,0.669226714458911,0,83342,0.1464375450248625,24152,True,200,200,1.0,188253,380877,0,83342,0.1464375450248625,24152,True,143165,0.29133324999948995,False,0,1.6457448130846024,50000,True,92380,24152,1000,0.613246,1413
0.33075799292015506,0.6692420070798449,0.2727272727272727,0.8636363636363636,1.0,0.0,0.0,6.145391370559498,27.93359713890681,0.07159836916292946,569504,113,44,24,0,200,200,1.0,569504,188368,381136,0.33075799292015506,0.6692420070798449,0,83385,0.14641688205877396,24152,True,200,200,1.0,188368,381136,0,83385,0.14641688205877396,24152,True,143252,0.29090259999948964,False,0,1.7019730031490325,50000,True,92423,24152,1000,0.613378,1414
0.3307398594821475,0.6692601405178524,0.20212765957446807,0.8936170212765957,1.0,0.06382978723404255,0.06382978723404255,5.861995993138362,24.944663800588774,0.08017746865575288,569892,106,47,19,6,200,200,1.0,569892,188486,381406,0.3307398594821475,0.6692601405178524,0,83436,0.14640668758291045,24158,True,200,200,1.0,188486,381406,0,83436,0.14640668758291045,24158,True,143346,0.2904372999994893,False,0,1.6356532436609268,50000,True,92476,24158,1000,0.6135160000000001,1415
0.330716462612709,0.669283537387291,0.1956521739130435,0.9130434782608695,1.0,0.010869565217391304,0.010869565217391304,5.8872406756699585,25.596698589869384,0.07813507640362483,570274,109,46,18,1,200,200,1.0,570274,188599,381675,0.330716462612709,0.669283537387291,0,83482,0.14638927953930916,24159,True,200,200,1.0,188599,381675,0,83482,0.14638927953930916,24159,True,143437,0.289986849999489,False,0,1.6246365320682525,50000,True,92522,24159,1000,0.613654,1416
0.3307333195475941,0.6692666804524059,0.2682926829268293,0.8780487804878049,1.0,0.07317073170731707,0.07317073170731707,6.317252054653298,30.815863681235598,0.06490163704929161,570638,118,41,22,6,200,200,1.0,570638,188729,381909,0.3307333195475941,0.6692666804524059,0,83524,0.14636950220630243,24165,True,200,200,1.0,188729,381909,0,83524,0.14636950220630243,24165,True,143519,0.2895809499994887,False,0,1.5942485624551772,50000,True,92569,24165,1000,0.613774,1417
0.3306937420321934,0.6693062579678066,0.2169811320754717,0.8301886792452831,1.0,0.08490566037735849,0.08490566037735849,5.2887068153340655,19.957384208807795,0.10021353395187631,571048,95,53,23,9,200,200,1.0,571048,188842,382206,0.3306937420321934,0.6693062579678066,0,83580,0.14636247740995503,24174,True,200,200,1.0,188842,382206,0,83580,0.14636247740995503,24174,True,143624,0.2890611999994883,False,0,1.5829196178913116,50000,True,92629,24174,1000,0.613936,1418
0.3307125332922685,0.6692874667077315,0.21153846153846154,0.8653846153846154,1.0,0.23076923076923078,0.22115384615384615,5.4610240100323715,21.003938500124505,0.0952202369088133,571454,97,52,22,23,200,200,1.0,571454,188987,382467,0.3307125332922685,0.6692874667077315,0,83641,0.14636523674696475,24198,True,200,200,1.0,188987,382467,0,83641,0.14636523674696475,24198,True,143727,0.28855134999948795,False,0,1.579045551419258,50000,True,92701,24198,1000,0.614086,1419
0.330736353175311,0.669263646824689,0.23170731707317074,0.8292682926829268,1.0,0.0975609756097561,0.07317073170731707,6.2778547188282365,30.623681555259694,0.06530893408067376,571818,118,41,19,6,200,200,1.0,571818,189121,382697,0.330736353175311,0.669263646824689,0,83686,0.14635076195572716,24206,True,200,200,1.0,189121,382697,0,83686,0.14635076195572716,24206,True,143809,0.28814544999948766,False,0,1.666758279800415,50000,True,92749,24206,1000,0.614212,1420
0.3307211565348694,0.6692788434651307,0.23863636363636365,0.9545454545454546,1.0,0.011363636363636364,0.011363636363636364,6.248523328182907,28.40237876446776,0.0704166371621683,572192,113,44,21,1,200,200,1.0,572192,189236,382956,0.3307211565348694,0.6692788434651307,0,83730,0.14633200044740227,24207,True,200,200,1.0,189236,382956,0,83730,0.14633200044740227,24207,True,143896,0.28771479999948735,False,0,1.6830126333236695,50000,True,92793,24207,1000,0.614344,1421
0.33068180627495086,0.6693181937250492,0.1271186440677966,0.9491525423728814,1.0,0.15254237288135594,0.15254237288135594,4.831594261857662,16.378285633415803,0.12211290270329023,572626,83,59,15,18,200,200,1.0,572626,189357,383269,0.33068180627495086,0.6693181937250492,0,83796,0.14633635217401933,24225,True,200,200,1.0,189357,383269,0,83796,0.14633635217401933,24225,True,144013,0.28713564999948693,False,0,1.692781955599785,50000,True,92867,24225,1000,0.614518,1422
0.33064471094109926,0.6693552890589007,0.19230769230769232,0.8846153846153846,1.0,0.0673076923076923,0.0673076923076923,5.349097763439521,20.57345293630585,0.09721265585275732,573032,97,52,20,7,200,200,1.0,573032,189470,383562,0.33064471094109926,0.6693552890589007,0,83849,0.14632516159656006,24233,True,200,200,1.0,189470,383562,0,83849,0.14632516159656006,24233,True,144116,0.28662579999948656,False,0,1.7140776240825653,50000,True,92925,24233,1000,0.614674,1423
0.3306163021868787,0.6693836978131213,0.1702127659574468,0.9148936170212766,1.0,0.031914893617021274,0.031914893617021274,5.826305100278109,24.792787660757913,0.08066862134932914,573420,106,47,16,3,200,200,1.0,573420,189582,383838,0.3306163021868787,0.6693836978131213,0,83897,0.1463098601374211,24236,True,200,200,1.0,189582,383838,0,83897,0.1463098601374211,24236,True,144210,0.28616049999948623,False,0,1.7141545230150224,50000,True,92975,24236,1000,0.614812,1424
0.33057115272680376,0.6694288472731962,0.16666666666666666,0.8823529411764706,1.0,0.0392156862745098,0.0392156862745098,5.63701078589382,22.105924650564003,0.09047348308721267,573822,99,51,17,4,200,200,1.0,573822,189689,384133,0.33057115272680376,0.6694288472731962,0,83948,0.14629623820627302,24240,True,200,200,1.0,189689,384133,0,83948,0.14629623820627302,24240,True,144311,0.28566054999948587,False,0,1.725248464345932,50000,True,93029,24240,1000,0.614962,1425
0.3306304988401496,0.6693695011598504,0.15625,0.9583333333333334,1.0,0.2916666666666667,0.2708333333333333,5.793745253223854,24.140605221766055,0.08284796431684846,574212,105,48,15,26,200,200,1.0,574212,189852,384360,0.3306304988401496,0.6693695011598504,0,84012,0.14630833211427138,24268,True,200,200,1.0,189852,384360,0,84012,0.14630833211427138,24268,True,144406,0.28519029999948553,False,0,1.7241507875919342,50000,True,93100,24268,1000,0.615106,1426
0.3306160240032858,0.6693839759967142,0.23863636363636365,0.8409090909090909,1.0,0.022727272727272728,0.022727272727272728,6.025643030684761,27.389286503112547,0.07302125229778139,574588,112,44,21,2,200,200,1.0,574588,189968,384620,0.3306160240032858,0.6693839759967142,0,84057,0.14629090757203422,24270,True,200,200,1.0,189968,384620,0,84057,0.14629090757203422,24270,True,144494,0.2847546999994852,False,0,1.7158479970693588,50000,True,93146,24270,1000,0.615238,1427
0.33062527176276196,0.669374728237238,0.10975609756097561,0.926829268292683,1.0,0.036585365853658534,0.036585365853658534,6.41151180064602,31.275667320224485,0.06394747646860584,574950,119,41,9,3,200,200,1.0,574950,190093,384857,0.33062527176276196,0.669374728237238,0,84098,0.14627011044438648,24273,True,200,200,1.0,190093,384857,0,84098,0.14627011044438648,24273,True,144575,0.28435374999948493,False,0,1.7164048218727113,50000,True,93189,24273,1000,0.6153580000000001,1428
0.3306282003594484,0.6693717996405516,0.1590909090909091,0.9545454545454546,1.0,0.07954545454545454,0.07954545454545454,6.1140531386356125,27.791150630161873,0.07196535424587243,575326,112,44,14,7,200,200,1.0,575326,190219,385107,0.3306282003594484,0.6693717996405516,0,84149,0.14626316210287732,24280,True,200,200,1.0,190219,385107,0,84149,0.14626316210287732,24280,True,144663,0.2839181499994846,False,0,1.6719859659671783,50000,True,93240,24280,1000,0.6154900000000001,1429
0.33063854919399666,0.6693614508060033,0.20512820512820512,0.8717948717948718,1.0,0.0,0.0,6.633482056215806,34.017856698542595,0.05879265168653863,575680,123,39,16,0,200,200,1.0,575680,190342,385338,0.33063854919399666,0.6693614508060033,0,84187,0.1462392301278488,24280,True,200,200,1.0,190342,385338,0,84187,0.1462392301278488,24280,True,144740,0.28353699999948434,False,0,1.6967098915576935,50000,True,93278,24280,1000,0.61561,1430
0.33065412124158045,0.6693458787584196,0.175,0.9,1.0,0.0375,0.025,6.4247376085391465,32.12368804269573,0.062259351956780035,576040,120,40,14,2,200,200,1.0,576040,190470,385570,0.33065412124158045,0.6693458787584196,0,84229,0.14622074855912784,24284,True,200,200,1.0,190470,385570,0,84229,0.14622074855912784,24284,True,144820,0.28314099999948406,False,0,1.7490110415220261,50000,True,93321,24284,1000,0.61573,1431
0.3306892627137464,0.6693107372862537,0.1111111111111111,0.9166666666666666,1.0,0.041666666666666664,0.041666666666666664,6.884648754056807,38.24804863364893,0.052290249344655176,576384,128,36,8,3,200,200,1.0,576384,190604,385780,0.3306892627137464,0.6693107372862537,0,84267,0.146199408727515,24287,True,200,200,1.0,190604,385780,0,84267,0.146199408727515,24287,True,144892,0.2827845999994838,False,0,1.7549693006277085,50000,True,93360,24287,1000,0.615838,1432
0.33071571989860143,0.6692842801013985,0.18421052631578946,0.8947368421052632,1.0,0.039473684210526314,0.039473684210526314,6.641477160557971,34.95514295030511,0.057216187124262435,576734,125,38,14,3,200,200,1.0,576734,190735,385999,0.33071571989860143,0.6692842801013985,0,84305,0.14617657360238862,24290,True,200,200,1.0,190735,385999,0,84305,0.14617657360238862,24290,True,144967,0.28241334999948353,False,0,1.704112896323204,50000,True,93400,24290,1000,0.615946,1433
0.33068280663573135,0.6693171933642686,0.31521739130434784,0.8043478260869565,1.0,0.0,0.0,5.897766089497695,25.642461258685632,0.0779956330955773,577118,108,46,29,0,200,200,1.0,577118,190843,386275,0.33068280663573135,0.6693171933642686,0,84351,0.14615901773987294,24290,True,200,200,1.0,190843,386275,0,84351,0.14615901773987294,24290,True,145059,0.2819579499994832,False,0,1.7581937325000763,50000,True,93446,24290,1000,0.6160840000000001,1434
0.330704066330259,0.669295933669741,0.3076923076923077,0.7948717948717948,1.0,0.05128205128205128,0.05128205128205128,6.341843160947665,32.522272620244436,0.06149631741156496,577474,122,39,24,4,200,200,1.0,577474,190973,386501,0.330704066330259,0.669295933669741,0,84392,0.14613991279261057,24294,True,200,200,1.0,190973,386501,0,84392,0.14613991279261057,24294,True,145137,0.2815718499994829,False,0,1.7510307055711747,50000,True,93489,24294,1000,0.616204,1435
0.33071720552553885,0.6692827944744612,0.17105263157894737,0.9473684210526315,1.0,0.0,0.0,6.610786229597761,34.79361173472506,0.057481816353199704,577826,124,38,13,0,200,200,1.0,577826,191097,386729,0.33071720552553885,0.6692827944744612,0,84430,0.14611665103335605,24294,True,200,200,1.0,191097,386729,0,84430,0.14611665103335605,24294,True,145213,0.28119564999948266,False,0,1.7205735659599304,50000,True,93527,24294,1000,0.616318,1436
0.3306998913878147,0.6693001086121853,0.2,0.8666666666666667,1.0,0.022222222222222223,0.022222222222222223,6.06522548941017,26.956557730711868,0.0741934493261126,578204,111,45,18,2,200,200,1.0,578204,191212,386992,0.3306998913878147,0.6693001086121853,0,84476,0.14610068418758776,24296,True,200,200,1.0,191212,386992,0,84476,0.14610068418758776,24296,True,145302,0.28075509999948234,False,0,1.6947440218925476,50000,True,93573,24296,1000,0.61645,1437
0.3306935553005268,0.6693064446994732,0.16666666666666666,0.9111111111111111,1.0,0.06666666666666667,0.06666666666666667,5.917240579666014,26.298847020737842,0.0760489613260577,578584,110,45,15,6,200,200,1.0,578584,191334,387250,0.3306935553005268,0.6693064446994732,0,84525,0.14608941830399735,24302,True,200,200,1.0,191334,387250,0,84525,0.14608941830399735,24302,True,145392,0.280309599999482,False,0,1.652341924905777,50000,True,93624,24302,1000,0.616588,1438
0.330625800947147,0.669374199052853,0.22727272727272727,0.8727272727272727,1.0,0.03636363636363636,0.03636363636363636,5.236292406901594,19.041063297823975,0.10503615101308765,579002,91,55,25,4,200,200,1.0,579002,191433,387569,0.330625800947147,0.669374199052853,0,84582,0.1460823969519967,24306,True,200,200,1.0,191433,387569,0,84582,0.1460823969519967,24306,True,145501,0.27977004999948163,False,0,1.6673135626316071,50000,True,93682,24306,1000,0.61675,1439
0.3305753458702676,0.6694246541297324,0.19230769230769232,0.9038461538461539,1.0,0.019230769230769232,0.019230769230769232,5.498437516106992,21.14783660041151,0.0945723214052582,579408,97,52,20,2,200,200,1.0,579408,191538,387870,0.3305753458702676,0.6694246541297324,0,84635,0.1460715074696932,24309,True,200,200,1.0,191538,387870,0,84635,0.1460715074696932,24309,True,145604,0.27926019999948126,False,0,1.6580196666717528,50000,True,93735,24309,1000,0.616906,1440
0.3305525565095013,0.6694474434904987,0.2403846153846154,0.8653846153846154,1.0,0.11538461538461539,0.09615384615384616,5.352775007035364,20.587596180905244,0.09714587280738374,579814,97,52,25,10,200,200,1.0,579814,191659,388155,0.3305525565095013,0.6694474434904987,0,84691,0.1460658073106203,24321,True,200,200,1.0,191659,388155,0,84691,0.1460658073106203,24321,True,145707,0.2787503499994809,False,0,1.7000518268346787,50000,True,93797,24321,1000,0.617056,1441
0.3305274043433299,0.66947259565667,0.1595744680851064,0.9361702127659575,1.0,0.031914893617021274,0.031914893617021274,5.960886080344555,25.365472682317257,0.07884733807441473,580200,107,47,15,3,200,200,1.0,580200,191772,388428,0.3305274043433299,0.66947259565667,0,84739,0.14605136159944845,24324,True,200,200,1.0,191772,388428,0,84739,0.14605136159944845,24324,True,145800,0.27828999999948056,False,0,1.7135562777519227,50000,True,93846,24324,1000,0.6172,1442
0.33051051795820374,0.6694894820417963,0.16666666666666666,0.9298245614035088,1.0,0.18421052631578946,0.17543859649122806,5.0737667666829225,17.802690409413763,0.11234257036466992,580626,87,57,19,20,200,200,1.0,580626,191903,388723,0.33051051795820374,0.6694894820417963,0,84805,0.1460578754654459,24346,True,200,200,1.0,191903,388723,0,84805,0.1460578754654459,24346,True,145913,0.27773064999948016,False,0,1.7281940114498138,50000,True,93921,24346,1000,0.617368,1443
0.3305031652214622,0.6694968347785377,0.125,0.9545454545454546,1.0,0.045454545454545456,0.045454545454545456,6.204978692811704,28.20444860368956,0.07091079950197539,581002,112,44,11,4,200,200,1.0,581002,192023,388979,0.3305031652214622,0.6694968347785377,0,84850,0.14604080536727929,24350,True,200,200,1.0,192023,388979,0,84850,0.14604080536727929,24350,True,146001,0.27729504999947985,False,0,1.6787696039676667,50000,True,93969,24350,1000,0.6175,1444
0.3304786804038597,0.6695213195961403,0.14893617021276595,0.9361702127659575,1.0,0.0425531914893617,0.0425531914893617,5.855852201929119,24.91852000820902,0.08026158854302468,581390,106,47,14,4,200,200,1.0,581390,192137,389253,0.3304786804038597,0.6695213195961403,0,84900,0.1460293434699599,24354,True,200,200,1.0,192137,389253,0,84900,0.1460293434699599,24354,True,146095,0.2768297499994795,False,0,1.6856197386980056,50000,True,94019,24354,1000,0.617638,1445
0.33048685739430567,0.6695131426056944,0.21739130434782608,0.8260869565217391,1.0,0.11956521739130435,0.11956521739130435,5.848993164323803,25.4304050622774,0.07864601429281722,581772,109,46,20,11,200,200,1.0,581772,192268,389504,0.33048685739430567,0.6695131426056944,0,84951,0.14602112167653308,24365,True,200,200,1.0,192268,389504,0,84951,0.14602112167653308,24365,True,146186,0.2763792999994792,False,0,1.6889318388700485,50000,True,94075,24365,1000,0.617776,1446
0.33050463128384133,0.6694953687161587,0.1794871794871795,0.9487179487179487,1.0,0.038461538461538464,0.02564102564102564,6.4862986939258835,33.26307022526094,0.0601267407505018,582128,122,39,14,2,200,200,1.0,582128,192396,389732,0.33050463128384133,0.6694953687161587,0,84992,0.14600225379985157,24368,True,200,200,1.0,192396,389732,0,84992,0.14600225379985157,24368,True,146264,0.2759931999994789,False,0,1.6760608732700348,50000,True,94117,24368,1000,0.617896,1447
0.3304722208870364,0.6695277791129636,0.2755102040816326,0.7959183673469388,1.0,0.05102040816326531,0.04081632653061224,5.521038855685465,22.534852472185573,0.08875141305977352,582524,102,49,27,4,200,200,1.0,582524,192508,390016,0.3304722208870364,0.6695277791129636,0,85045,0.14599398479719292,24373,True,200,200,1.0,192508,390016,0,85045,0.14599398479719292,24373,True,146362,0.27550809999947856,False,0,1.6736001485586167,50000,True,94170,24373,1000,0.61804,1448
0.3304798045647311,0.669520195435269,0.2111111111111111,0.8666666666666667,1.0,0.1,0.1,5.892432227254448,26.188587676686435,0.07636914310504943,582904,110,45,19,9,200,200,1.0,582904,192638,390266,0.3304798045647311,0.669520195435269,0,85095,0.14598458751355284,24383,True,200,200,1.0,192638,390266,0,85095,0.14598458751355284,24383,True,146452,0.27506259999947824,False,0,1.6540914762020111,50000,True,94223,24383,1000,0.618178,1449
0.33045181993026773,0.6695481800697323,0.19117647058823528,0.8970588235294118,1.0,0.25735294117647056,0.23529411764705882,3.949263437124878,11.615480697426111,0.1721840061637038,583374,65,68,26,32,200,200,1.0,583374,192777,390597,0.33045181993026773,0.6695481800697323,0,85178,0.1460092496408822,24419,True,200,200,1.0,192777,390597,0,85178,0.1460092496408822,24419,True,146587,0.27439434999947776,False,0,1.6391824442148208,50000,True,94318,24419,1000,0.618376,1450
0.33045934676620836,0.6695406532337916,0.21428571428571427,0.8333333333333334,1.0,0.05952380952380952,0.05952380952380952,6.254355642144855,29.782645914975497,0.0671532007501841,583742,116,42,18,5,200,200,1.0,583742,192903,390839,0.33045934676620836,0.6695406532337916,0,85225,0.14599771817001347,24424,True,200,200,1.0,192903,390839,0,85225,0.14599771817001347,24424,True,146671,0.27397854999947746,False,0,1.6318140423297882,50000,True,94365,24424,1000,0.618502,1451
0.3304514856638065,0.6695485143361934,0.3068181818181818,0.7954545454545454,1.0,0.03409090909090909,0.03409090909090909,6.017563645703671,27.352562025925774,0.07311929310696108,584116,113,44,27,3,200,200,1.0,584116,193022,391094,0.3304514856638065,0.6695485143361934,0,85269,0.1459795657027029,24427,True,200,200,1.0,193022,391094,0,85269,0.1459795657027029,24427,True,146758,0.27354789999947715,False,0,1.6233265095949172,50000,True,94411,24427,1000,0.618634,1452
0.3304192813297658,0.6695807186702343,0.15384615384615385,0.8846153846153846,1.0,0.09615384615384616,0.09615384615384616,5.254479384131031,20.209536092811657,0.09896318207479197,584524,96,52,16,10,200,200,1.0,584524,193138,391386,0.3304192813297658,0.6695807186702343,0,85327,0.14597689744133688,24437,True,200,200,1.0,193138,391386,0,85327,0.14597689744133688,24437,True,146862,0.2730330999994768,False,0,1.632323067188263,50000,True,94473,24437,1000,0.61879,1453
0.3304239742585836,0.6695760257414164,0.2441860465116279,0.9069767441860465,1.0,0.05813953488372093,0.05813953488372093,6.285806209960276,29.23630795330361,0.06840809048784172,584894,115,43,21,5,200,200,1.0,584894,193263,391631,0.3304239742585836,0.6695760257414164,0,85371,0.14595978074659682,24442,True,200,200,1.0,193263,391631,0,85371,0.14595978074659682,24442,True,146947,0.2726123499994765,False,0,1.6893339896202086,50000,True,94519,24442,1000,0.618916,1454
0.330429760651749,0.669570239348251,0.25609756097560976,0.8780487804878049,1.0,0.012195121951219513,0.012195121951219513,6.398165365804087,31.21056276001994,0.06408086952414575,585256,119,41,21,1,200,200,1.0,585256,193386,391870,0.330429760651749,0.669570239348251,0,85412,0.14593955465642386,24444,True,200,200,1.0,193386,391870,0,85412,0.14593955465642386,24444,True,147028,0.2722113999994762,False,0,1.6300048941373826,50000,True,94560,24444,1000,0.619042,1455
0.3303986722309116,0.6696013277690884,0.19148936170212766,0.851063829787234,1.0,0.02127659574468085,0.02127659574468085,5.74756093877522,24.457706122447746,0.08177381762569966,585644,106,47,18,2,200,200,1.0,585644,193496,392148,0.3303986722309116,0.6696013277690884,0,85460,0.14592482805253704,24446,True,200,200,1.0,193496,392148,0,85460,0.14592482805253704,24446,True,147122,0.27174609999947585,False,0,1.6104020726680757,50000,True,94609,24446,1000,0.6191800000000001,1456
0.33040626322471434,0.6695937367752857,0.25555555555555554,0.8222222222222222,1.0,0.1111111111111111,0.1,5.963839277840249,26.50595234595666,0.07545474970662916,586024,110,45,23,9,200,200,1.0,586024,193626,392398,0.33040626322471434,0.6695937367752857,0,85510,0.14591552564400093,24456,True,200,200,1.0,193626,392398,0,85510,0.14591552564400093,24456,True,147212,0.27130059999947553,False,0,1.6361203348636628,50000,True,94663,24456,1000,0.619318,1457
0.33039240428623073,0.6696075957137693,0.1792452830188679,0.8679245283018868,1.0,0.16037735849056603,0.1509433962264151,5.251781830644758,19.818044643942482,0.10091812971121313,586436,94,53,19,16,200,200,1.0,586436,193754,392682,0.33039240428623073,0.6696075957137693,0,85572,0.14591873623038148,24473,True,200,200,1.0,193754,392682,0,85572,0.14591873623038148,24473,True,147318,0.27077589999947516,False,0,1.6247381365299225,50000,True,94733,24473,1000,0.6194740000000001,1458
0.3303835863878806,0.6696164136121194,0.20408163265306123,0.8775510204081632,1.0,0.11224489795918367,0.11224489795918367,5.814970241944188,23.73457241609873,0.08426526355467169,586830,103,49,20,11,200,200,1.0,586830,193879,392951,0.3303835863878806,0.6696164136121194,0,85625,0.14591108157388,24484,True,200,200,1.0,193879,392951,0,85625,0.14591108157388,24484,True,147415,0.2702957499994748,False,0,1.6591072458028793,50000,True,94792,24484,1000,0.619618,1459
0.33034868909520665,0.6696513109047934,0.15,0.94,1.0,0.05,0.05,5.6422742778982045,22.569097111592818,0.08861674838435084,587228,101,50,15,5,200,200,1.0,587228,193990,393238,0.33034868909520665,0.6696513109047934,0,85677,0.14590074042790874,24489,True,200,200,1.0,193990,393238,0,85677,0.14590074042790874,24489,True,147514,0.26980569999947446,False,0,1.7206821143627167,50000,True,94846,24489,1000,0.619768,1460
0.3303648313348559,0.669635168665144,0.14893617021276595,0.8936170212765957,1.0,0.1595744680851064,0.1595744680851064,5.889707979305968,25.062587145982846,0.07980022127606128,587614,107,47,14,15,200,200,1.0,587614,194127,393487,0.3303648313348559,0.669635168665144,0,85732,0.14589849799358082,24504,True,200,200,1.0,194127,393487,0,85732,0.14589849799358082,24504,True,147607,0.2693453499994741,False,0,1.7233527687191963,50000,True,94905,24504,1000,0.6199060000000001,1461
0.3303474548886886,0.6696525451113113,0.2840909090909091,0.8181818181818182,1.0,0.011363636363636364,0.011363636363636364,6.012018191125633,27.32735541420742,0.07318673796587741,587990,112,44,25,1,200,200,1.0,587990,194241,393749,0.3303474548886886,0.6696525451113113,0,85776,0.14588003197333288,24505,True,200,200,1.0,194241,393749,0,85776,0.14588003197333288,24505,True,147695,0.2689097499994738,False,0,1.6645289078354835,50000,True,94950,24505,1000,0.620038,1462
0.3303080981127971,0.669691901887203,0.2653061224489796,0.8775510204081632,1.0,0.02040816326530612,0.02040816326530612,5.616790152217081,22.92567409068196,0.08723843809735092,588384,103,49,26,2,200,200,1.0,588384,194348,394036,0.3303080981127971,0.669691901887203,0,85825,0.14586562516995705,24507,True,200,200,1.0,194348,394036,0,85825,0.14586562516995705,24507,True,147792,0.26842959999947347,False,0,1.69646776586771,50000,True,95000,24507,1000,0.620188,1463
0.330296421607593,0.669703578392407,0.10465116279069768,1.0,1.0,0.011627906976744186,0.011627906976744186,6.200580295655958,28.839908351888177,0.06934834797660021,588756,114,43,9,1,200,200,1.0,588756,194464,394292,0.330296421607593,0.669703578392407,0,85868,0.14584649668113786,24508,True,200,200,1.0,194464,394292,0,85868,0.14584649668113786,24508,True,147878,0.26800389999947316,False,0,1.728425849378109,50000,True,95044,24508,1000,0.620314,1464
0.33025830258302585,0.6697416974169741,0.26,0.78,1.0,0.04,0.04,5.428648127007258,21.714592508029032,0.09210396185240383,589154,101,50,26,4,200,200,1.0,589154,194573,394581,0.33025830258302585,0.6697416974169741,0,85918,0.14583283827318494,24512,True,200,200,1.0,194573,394581,0,85918,0.14583283827318494,24512,True,147977,0.2675138499994728,False,0,1.6836004310846329,50000,True,95097,24512,1000,0.620464,1465
0.33021876070652006,0.6697812392934799,0.15833333333333333,0.9,1.0,0.16666666666666666,0.15,4.670683513156735,15.568945043855786,0.1284608555278632,589594,80,60,19,18,200,200,1.0,589594,194695,394899,0.33021876070652006,0.6697812392934799,0,85989,0.1458444285389607,24533,True,200,200,1.0,194695,394899,0,85989,0.1458444285389607,24533,True,148097,0.2669198499994724,False,0,1.7370355470478536,50000,True,95175,24533,1000,0.620644,1466
0.33022405136671673,0.6697759486332833,0.1375,0.925,1.0,0.0125,0.0125,6.441853712649574,32.209268563247875,0.06209392790378618,589954,120,40,11,1,200,200,1.0,589954,194817,395137,0.33022405136671673,0.6697759486332833,0,86029,0.1458232336758459,24534,True,200,200,1.0,194817,395137,0,86029,0.1458232336758459,24534,True,148177,0.2665238499994721,False,0,1.7660770060122013,50000,True,95216,24534,1000,0.620764,1467
0.3301835020884076,0.6698164979115924,0.14516129032258066,0.9032258064516129,1.0,0.1935483870967742,0.18548387096774194,4.424209310833529,14.271642938172672,0.14013803516976708,590402,76,62,18,23,200,200,1.0,590402,194941,395461,0.3301835020884076,0.6698164979115924,0,86100,0.14583283931965,24558,True,200,200,1.0,194941,395461,0,86100,0.14583283931965,24558,True,148301,0.26591004999947165,False,0,1.7277055980265141,50000,True,95301,24558,1000,0.62095,1468
0.3301691334786789,0.6698308665213211,0.19318181818181818,0.8863636363636364,1.0,0.011363636363636364,0.011363636363636364,6.157660371095712,27.98936532316233,0.07145571101410146,590776,113,44,17,1,200,200,1.0,590776,195056,395720,0.3301691334786789,0.6698308665213211,0,86143,0.14581330318090105,24559,True,200,200,1.0,195056,395720,0,86143,0.14581330318090105,24559,True,148388,0.26547939999947134,False,0,1.747076258212328,50000,True,95345,24559,1000,0.621082,1469
0.33016550734836386,0.6698344926516362,0.18181818181818182,0.8409090909090909,1.0,0.056818181818181816,0.056818181818181816,6.059802625453207,27.544557388423666,0.07260962562573445,591152,112,44,16,5,200,200,1.0,591152,195178,395974,0.33016550734836386,0.6698344926516362,0,86188,0.14579668173329363,24564,True,200,200,1.0,195178,395974,0,86188,0.14579668173329363,24564,True,148476,0.26504379999947103,False,0,1.7062651713192463,50000,True,95394,24564,1000,0.621214,1470
0.3301244451356185,0.6698755548643816,0.2457627118644068,0.847457627118644,1.0,0.16101694915254236,0.15254237288135594,4.752785081056145,16.111135867986935,0.12413774028025111,591586,83,59,29,18,200,200,1.0,591586,195297,396289,0.3301244451356185,0.6698755548643816,0,86254,0.14580128671063886,24582,True,200,200,1.0,195297,396289,0,86254,0.14580128671063886,24582,True,148593,0.2644646499994706,False,0,1.7050048714876176,50000,True,95470,24582,1000,0.621388,1471
0.3301079773504331,0.6698920226495668,0.10416666666666667,0.9166666666666666,1.0,0.08333333333333333,0.08333333333333333,5.7232744368932265,23.846976820388445,0.08386807330185604,591976,105,48,10,8,200,200,1.0,591976,195416,396560,0.3301079773504331,0.6698920226495668,0,86305,0.14579138343446357,24589,True,200,200,1.0,195416,396560,0,86305,0.14579138343446357,24589,True,148688,0.2639943999994703,False,0,1.6684742867946625,50000,True,95525,24589,1000,0.621532,1472
0.33009203924666924,0.6699079607533307,0.2111111111111111,0.8666666666666667,1.0,0.03333333333333333,0.03333333333333333,5.941063287139619,26.40472572062053,0.0757440172324198,592356,110,45,19,3,200,200,1.0,592356,195532,396824,0.33009203924666924,0.6699079607533307,0,86352,0.14577720154771792,24592,True,200,200,1.0,195532,396824,0,86352,0.14577720154771792,24592,True,148778,0.26354889999946995,False,0,1.6548877298831939,50000,True,95573,24592,1000,0.621664,1473
0.33007166668916094,0.669928333310839,0.19148936170212766,0.9148936170212766,1.0,0.05319148936170213,0.05319148936170213,5.87483866298807,24.9993134595237,0.08000219698985706,592744,106,47,18,5,200,200,1.0,592744,195648,397096,0.33007166668916094,0.669928333310839,0,86400,0.14576275761542926,24597,True,200,200,1.0,195648,397096,0,86400,0.14576275761542926,24597,True,148872,0.2630835999994696,False,0,1.6328041487932206,50000,True,95624,24597,1000,0.621808,1474
0.3300496016023577,0.6699503983976423,0.2826086956521739,0.8695652173913043,1.0,0.021739130434782608,0.021739130434782608,6.01675119838051,26.159787819045697,0.07645321949224279,593126,109,46,26,2,200,200,1.0,593126,195761,397365,0.3300496016023577,0.6699503983976423,0,86446,0.14574643499020445,24599,True,200,200,1.0,195761,397365,0,86446,0.14574643499020445,24599,True,148963,0.2626331499994693,False,0,1.6249509000778197,50000,True,95671,24599,1000,0.62194,1475
0.33003150747249416,0.6699684925275058,0.20652173913043478,0.8695652173913043,1.0,0.043478260869565216,0.043478260869565216,5.876272123550374,25.54900923282771,0.0782809220417916,593510,108,46,19,4,200,200,1.0,593510,195877,397633,0.33003150747249416,0.6699684925275058,0,86495,0.14573469697224983,24603,True,200,200,1.0,195877,397633,0,86495,0.14573469697224983,24603,True,149055,0.26217774999946897,False,0,1.6921370673179625,50000,True,95721,24603,1000,0.622078,1476
0.33002569551321986,0.6699743044867801,0.2261904761904762,0.8333333333333334,1.0,0.011904761904761904,0.011904761904761904,6.208565961182364,29.564599815154118,0.06764847190574341,593878,116,42,19,1,200,200,1.0,593878,195995,397883,0.33002569551321986,0.6699743044867801,0,86538,0.1457167970525933,24604,True,200,200,1.0,195995,397883,0,86538,0.1457167970525933,24604,True,149139,0.26176194999946867,False,0,1.6904168212413788,50000,True,95764,24604,1000,0.622204,1477
0.3300216738688529,0.6699783261311472,0.24468085106382978,0.8085106382978723,1.0,0.10638297872340426,0.10638297872340426,5.813145395727853,24.736788917990864,0.08085123766995547,594264,107,47,23,10,200,200,1.0,594264,196120,398144,0.3300216738688529,0.6699783261311472,0,86588,0.14570628542196734,24613,True,200,200,1.0,196120,398144,0,86588,0.14570628542196734,24613,True,149232,0.26130159999946834,False,0,1.7099187797307969,50000,True,95819,24613,1000,0.622348,1478
0.33000699573529213,0.6699930042647079,0.18478260869565216,0.9130434782608695,1.0,0.05434782608695652,0.05434782608695652,5.887622563115857,25.598358970068944,0.07813000834696136,594648,108,46,17,5,200,200,1.0,594648,196238,398410,0.33000699573529213,0.6699930042647079,0,86636,0.14569291412734928,24618,True,200,200,1.0,196238,398410,0,86636,0.14569291412734928,24618,True,149324,0.260846199999468,False,0,1.7334073168039321,50000,True,95869,24618,1000,0.622486,1479
0.330021882132281,0.669978117867719,0.25,0.825,1.0,0.025,0.025,6.42213921074324,32.110696053716204,0.06228454209321128,595006,121,40,20,2,200,200,1.0,595006,196365,398641,0.330021882132281,0.669978117867719,0,86677,0.145674161268962,24620,True,200,200,1.0,196365,398641,0,86677,0.145674161268962,24620,True,149403,0.2604551499994677,False,0,1.7458520674705504,50000,True,95910,24620,1000,0.6226,1480
0.3300579160955683,0.6699420839044317,0.2571428571428571,0.8571428571428571,1.0,0.014285714285714285,0.014285714285714285,6.905475524951735,39.45986014258134,0.05068441684216183,595344,131,35,18,1,200,200,1.0,595344,196498,398846,0.3300579160955683,0.6699420839044317,0,86712,0.14565024590824802,24621,True,200,200,1.0,196498,398846,0,86712,0.14565024590824802,24621,True,149472,0.2601135999994675,False,0,1.7253133583068847,50000,True,95945,24621,1000,0.622708,1481
0.33004730140292804,0.669952698597072,0.24528301886792453,0.8490566037735849,1.0,0.16037735849056603,0.16037735849056603,5.276903072398218,19.912841782634786,0.10043769853804203,595754,95,53,26,17,200,200,1.0,595754,196627,399127,0.33004730140292804,0.669952698597072,0,86775,0.14565575724208313,24637,True,200,200,1.0,196627,399127,0,86775,0.14565575724208313,24637,True,149577,0.2595938499994671,False,0,1.6894843119382859,50000,True,96012,24637,1000,0.622864,1482
0.33003036250482276,0.6699696374951772,0.23863636363636365,0.8181818181818182,1.0,0.011363636363636364,0.011363636363636364,6.0365930297354655,27.4390592260703,0.07288879635128916,596130,112,44,21,1,200,200,1.0,596130,196741,399389,0.33003036250482276,0.6699696374951772,0,86820,0.14563937396205526,24638,True,200,200,1.0,196741,399389,0,86820,0.14563937396205526,24638,True,149665,0.2591582499994668,False,0,1.67327219247818,50000,True,96057,24638,1000,0.622996,1483
0.3300532414237052,0.6699467585762948,0.18,0.88,1.0,0.19,0.19,5.529545733835732,22.11818293534293,0.0904233410966221,596528,101,50,18,19,200,200,1.0,596528,196886,399642,0.3300532414237052,0.6699467585762948,0,86878,0.14563943352198053,24659,True,200,200,1.0,196886,399642,0,86878,0.14563943352198053,24659,True,149764,0.25866819999946644,False,0,1.5994923424720764,50000,True,96121,24659,1000,0.623146,1484
0.3300229848085828,0.6699770151914173,0.2872340425531915,0.8085106382978723,1.0,0.031914893617021274,0.031914893617021274,5.642789425687733,24.01186989654354,0.08329213878873698,596916,106,47,27,3,200,200,1.0,596916,196996,399920,0.3300229848085828,0.6699770151914173,0,86926,0.1456251800923413,24661,True,200,200,1.0,196996,399920,0,86926,0.1456251800923413,24661,True,149858,0.2582028999994661,False,0,1.5267105734348296,50000,True,96171,24661,1000,0.6232840000000001,1485
0.33004279485925914,0.6699572051407409,0.23684210526315788,0.9210526315789473,1.0,0.02631578947368421,0.02631578947368421,6.577897031295234,34.62051069102755,0.05776922292825482,597268,124,38,18,2,200,200,1.0,597268,197124,400144,0.33004279485925914,0.6699572051407409,0,86966,0.14560632747778215,24663,True,200,200,1.0,197124,400144,0,86966,0.14560632747778215,24663,True,149934,0.25782669999946584,False,0,1.5466471767425538,50000,True,96211,24663,1000,0.623398,1486
0.3300203464246513,0.6699796535753487,0.15555555555555556,0.9111111111111111,1.0,0.011111111111111112,0.011111111111111112,6.035938990801765,26.82639551467451,0.07455343744954349,597648,110,45,14,1,200,200,1.0,597648,197236,400412,0.3300203464246513,0.6699796535753487,0,87011,0.14558904237946083,24664,True,200,200,1.0,197236,400412,0,87011,0.14558904237946083,24664,True,150024,0.2573811999994655,False,0,1.5895604366064071,50000,True,96257,24664,1000,0.623536,1487
0.3299696010005919,0.6700303989994081,0.15,0.92,1.0,0.0,0.0,5.540293833370749,22.161175333482998,0.09024792096555588,598046,101,50,15,0,200,200,1.0,598046,197337,400709,0.3299696010005919,0.6700303989994081,0,87060,0.14557408627429996,24664,True,200,200,1.0,197337,400709,0,87060,0.14557408627429996,24664,True,150123,0.25689114999946516,False,0,1.5809318310022353,50000,True,96306,24664,1000,0.62368,1488
0.3299545484927478,0.6700454515072523,0.12244897959183673,0.9387755102040817,1.0,0.08163265306122448,0.08163265306122448,5.818256293932524,23.747984873193978,0.08421767197003484,598440,103,49,12,8,200,200,1.0,598440,197458,400982,0.3299545484927478,0.6700454515072523,0,87111,0.14556346500902345,24673,True,200,200,1.0,197458,400982,0,87111,0.14556346500902345,24673,True,150220,0.2564109999994648,False,0,1.7013430881500244,50000,True,96361,24673,1000,0.62383,1489
0.3299366758847341,0.6700633241152659,0.16304347826086957,0.9347826086956522,1.0,0.03260869565217391,0.03260869565217391,5.972989620785897,25.96952009037346,0.07701336000973588,598824,108,46,15,3,200,200,1.0,598824,197574,401250,0.3299366758847341,0.6700633241152659,0,87158,0.1455486086062015,24677,True,200,200,1.0,197574,401250,0,87158,0.1455486086062015,24677,True,150312,0.2559555999994645,False,0,1.7087138253450393,50000,True,96410,24677,1000,0.6239680000000001,1490
0.3298905588208789,0.6701094411791211,0.21568627450980393,0.8431372549019608,1.0,0.0196078431372549,0.0196078431372549,5.395378096177865,21.158345475207312,0.09452534945813874,599226,99,51,22,2,200,200,1.0,599226,197679,401547,0.3298905588208789,0.6701094411791211,0,87208,0.14553440605047177,24680,True,200,200,1.0,197679,401547,0,87208,0.14553440605047177,24680,True,150413,0.25545564999946413,False,0,1.7229024755954743,50000,True,96462,24680,1000,0.624118,1491
0.32991164197823236,0.6700883580217676,0.28888888888888886,0.8222222222222222,1.0,0.15555555555555556,0.15555555555555556,5.93413217600462,26.373920782242752,0.0758324868157857,599606,110,45,26,14,200,200,1.0,599606,197817,401789,0.32991164197823236,0.6700883580217676,0,87260,0.14552889730923307,24694,True,200,200,1.0,197817,401789,0,87260,0.14552889730923307,24694,True,150503,0.2550101499994638,False,0,1.6995200845599174,50000,True,96519,24694,1000,0.62425,1492
0.32989326453195733,0.6701067354680427,0.22826086956521738,0.8913043478260869,1.0,0.03260869565217391,0.03260869565217391,5.889204141495805,25.605235397807846,0.07810902610062422,599988,109,46,21,3,200,200,1.0,599988,197932,402056,0.32989326453195733,0.6701067354680427,0,87305,0.1455112435582045,24697,True,200,200,1.0,197932,402056,0,87305,0.1455112435582045,24697,True,150594,0.2545596999994635,False,0,1.68435776501894,50000,True,96567,24697,1000,0.6243879999999999,1493
0.3298986587779088,0.6701013412220912,0.2,0.9,1.0,0.0125,0.0125,6.382204185212647,31.911020926063237,0.06267427183335603,600348,120,40,16,1,200,200,1.0,600348,198054,402294,0.3298986587779088,0.6701013412220912,0,87345,0.14549061544304304,24698,True,200,200,1.0,198054,402294,0,87345,0.14549061544304304,24698,True,150674,0.2541636999994632,False,0,1.626603088080883,50000,True,96608,24698,1000,0.6245080000000001,1494
0.3298775493897445,0.6701224506102554,0.29347826086956524,0.8043478260869565,1.0,0.021739130434782608,0.021739130434782608,5.761095570642372,25.04824161148857,0.07984592415791313,600732,108,46,27,2,200,200,1.0,600732,198168,402564,0.3298775493897445,0.6701224506102554,0,87393,0.14547751742873694,24701,True,200,200,1.0,198168,402564,0,87393,0.14547751742873694,24701,True,150766,0.25370829999946287,False,0,1.629351061284542,50000,True,96656,24701,1000,0.624646,1495
0.32985257372145715,0.6701474262785428,0.15217391304347827,0.9130434782608695,1.0,0.010869565217391304,0.010869565217391304,5.979348488822885,25.997167342708195,0.07693145847910884,601114,109,46,14,1,200,200,1.0,601114,198279,402835,0.32985257372145715,0.6701474262785428,0,87438,0.14545992939775151,24702,True,200,200,1.0,198279,402835,0,87438,0.14545992939775151,24702,True,150857,0.25325784999946255,False,0,1.6470220017433166,50000,True,96702,24702,1000,0.624784,1496
0.3298342798622102,0.6701657201377897,0.20652173913043478,0.9130434782608695,1.0,0.03260869565217391,0.03260869565217391,5.911473449260578,25.70205847504599,0.07781477899685703,601496,109,46,19,3,200,200,1.0,601496,198394,403102,0.3298342798622102,0.6701657201377897,0,87485,0.14544568874938488,24705,True,200,200,1.0,198394,403102,0,87485,0.14544568874938488,24705,True,150948,0.2528073999994622,False,0,1.6191561579704286,50000,True,96750,24705,1000,0.624922,1497
0.32980724180669685,0.6701927581933032,0.2,0.86,1.0,0.06,0.06,5.629338344414993,22.517353377659973,0.08882038516943336,601894,101,50,20,6,200,200,1.0,601894,198509,403385,0.32980724180669685,0.6701927581933032,0,87536,0.1454342458971181,24712,True,200,200,1.0,198509,403385,0,87536,0.1454342458971181,24712,True,151047,0.25231734999946187,False,0,1.6322323912382126,50000,True,96805,24712,1000,0.625066,1498
0.3297940167562703,0.6702059832437297,0.18085106382978725,0.8936170212765957,1.0,0.06382978723404255,0.06382978723404255,5.954048839207104,25.336378039179166,0.07893788121203747,602282,106,47,17,6,200,200,1.0,602282,198629,403653,0.3297940167562703,0.6702059832437297,0,87584,0.1454202516429181,24719,True,200,200,1.0,198629,403653,0,87584,0.1454202516429181,24719,True,151141,0.25185204999946154,False,0,1.6303651303052902,50000,True,96858,24719,1000,0.62521,1499
0.32974825945271485,0.6702517405472852,0.28431372549019607,0.8431372549019608,1.0,0.0392156862745098,0.029411764705882353,5.466614525646207,21.43770402214199,0.09329357276013768,602684,99,51,29,3,200,200,1.0,602684,198734,403950,0.32974825945271485,0.6702517405472852,0,87637,0.14541119392583843,24722,True,200,200,1.0,198734,403950,0,87637,0.14541119392583843,24722,True,151242,0.2513520999994612,False,0,1.5482265466451646,50000,True,96912,24722,1000,0.62536,1500
0.3297564680403687,0.6702435319596314,0.325,0.8,1.0,0.0125,0.0125,6.383941809292633,31.91970904646316,0.06265721272987632,603042,121,40,26,1,200,200,1.0,603042,198857,404185,0.3297564680403687,0.6702435319596314,0,87676,0.14538954169029686,24723,True,200,200,1.0,198857,404185,0,87676,0.14538954169029686,24723,True,151321,0.2509610499994609,False,0,1.5871634310483933,50000,True,96952,24723,1000,0.62548,1501
0.32974816543257346,0.6702518345674265,0.29069767441860467,0.8372093023255814,1.0,0.011627906976744186,0.011627906976744186,6.140802794195191,28.561873461372983,0.0700234178512413,603412,115,43,25,1,200,200,1.0,603412,198974,404438,0.32974816543257346,0.6702518345674265,0,87719,0.14537165319880943,24724,True,200,200,1.0,198974,404438,0,87719,0.14537165319880943,24724,True,151406,0.2505402999994606,False,0,1.590823678970337,50000,True,96995,24724,1000,0.625606,1502
0.3297619323658696,0.6702380676341304,0.3333333333333333,0.7619047619047619,1.0,0.07142857142857142,0.05952380952380952,6.113953572548322,29.114064631182487,0.06869532046919719,603778,117,42,28,5,200,200,1.0,603778,199103,404675,0.3297619323658696,0.6702380676341304,0,87763,0.14535640583128237,24730,True,200,200,1.0,199103,404675,0,87763,0.14535640583128237,24730,True,151489,0.2501294499994603,False,0,1.5525249415636062,50000,True,97041,24730,1000,0.625732,1503
0.3297344089830211,0.6702655910169789,0.2826086956521739,0.7608695652173914,1.0,0.010869565217391304,0.0,5.745227165162791,24.979248544186046,0.08006645982412881,604162,108,46,26,0,200,200,1.0,604162,199213,404949,0.3297344089830211,0.6702655910169789,0,87810,0.14534181229537774,24731,True,200,200,1.0,199213,404949,0,87810,0.14534181229537774,24731,True,151581,0.24967404999945997,False,0,1.549055244922638,50000,True,97088,24731,1000,0.62587,1504
0.32973669497441055,0.6702633050255895,0.13043478260869565,0.9565217391304348,1.0,0.11956521739130435,0.11956521739130435,5.985385320182892,26.02341443557779,0.07685386577349779,604546,108,46,12,11,200,200,1.0,604546,199341,405205,0.32973669497441055,0.6702633050255895,0,87863,0.14533716210180864,24741,True,200,200,1.0,199341,405205,0,87863,0.14533716210180864,24741,True,151673,0.24921864999945964,False,0,1.548789874315262,50000,True,97145,24741,1000,0.626008,1505
0.32968369829683697,0.670316301703163,0.25806451612903225,0.8064516129032258,1.0,0.14516129032258066,0.14516129032258066,4.3418422235565775,14.00594265663412,0.14279652923273042,604992,77,62,32,18,200,200,1.0,604992,199456,405536,0.32968369829683697,0.670316301703163,0,87935,0.14534902940865332,24760,True,200,200,1.0,199456,405536,0,87935,0.14534902940865332,24760,True,151796,0.2486097999994592,False,0,1.521611987054348,50000,True,97220,24760,1000,0.626194,1506
0.3296611989361878,0.6703388010638123,0.2222222222222222,0.9111111111111111,1.0,0.0,0.0,6.062868936612134,26.946084162720595,0.07422228728755188,605370,111,45,20,0,200,200,1.0,605370,199567,405803,0.3296611989361878,0.6703388010638123,0,87979,0.14533095462279266,24760,True,200,200,1.0,199567,405803,0,87979,0.14533095462279266,24760,True,151885,0.24816924999945889,False,0,1.5305629447102547,50000,True,97264,24760,1000,0.6263259999999999,1507
0.32965095548130635,0.6703490445186937,0.21,0.88,1.0,0.12,0.12,5.532583734775562,22.130334939102248,0.09037368867229323,605768,101,50,21,12,200,200,1.0,605768,199692,406076,0.32965095548130635,0.6703490445186937,0,88034,0.14532626352002748,24772,True,200,200,1.0,199692,406076,0,88034,0.14532626352002748,24772,True,151984,0.24767919999945853,False,0,1.5584040775895118,50000,True,97325,24772,1000,0.626476,1508
0.3296110306417714,0.6703889693582286,0.21,0.86,1.0,0.04,0.04,5.495106924480642,21.98042769792257,0.0909900402069531,606166,101,50,21,4,200,200,1.0,606166,199799,406367,0.3296110306417714,0.6703889693582286,0,88086,0.14531662943814072,24775,True,200,200,1.0,199799,406367,0,88086,0.14531662943814072,24775,True,152083,0.24718914999945818,False,0,1.6004116329550744,50000,True,97378,24775,1000,0.62662,1509
0.3295738935178926,0.6704261064821073,0.25510204081632654,0.8775510204081632,1.0,0.02040816326530612,0.02040816326530612,5.552731701709608,22.664211027386155,0.08824485430281745,606562,102,49,25,2,200,200,1.0,606562,199907,406655,0.3295738935178926,0.6704261064821073,0,88136,0.14530418984374227,24778,True,200,200,1.0,199907,406655,0,88136,0.14530418984374227,24778,True,152181,0.24670404999945783,False,0,1.6695500230789184,50000,True,97429,24778,1000,0.62677,1510
0.3295357565333149,0.6704642434666851,0.19607843137254902,0.9215686274509803,1.0,0.058823529411764705,0.058823529411764705,5.416125349174269,21.239707251663802,0.09416325640944656,606966,98,51,20,6,200,200,1.0,606966,200017,406949,0.3295357565333149,0.6704642434666851,0,88189,0.14529479410708343,24784,True,200,200,1.0,200017,406949,0,88189,0.14529479410708343,24784,True,152283,0.24619914999945747,False,0,1.6730019944906234,50000,True,97486,24784,1000,0.62692,1511
0.3295183996048407,0.6704816003951592,0.2717391304347826,0.8043478260869565,1.0,0.043478260869565216,0.043478260869565216,5.843248817301702,25.405429640442183,0.0787233291585928,607350,108,46,25,4,200,200,1.0,607350,200133,407217,0.3295183996048407,0.6704816003951592,0,88236,0.14528031612743889,24788,True,200,200,1.0,200133,407217,0,88236,0.14528031612743889,24788,True,152375,0.24574374999945714,False,0,1.7165433943271637,50000,True,97536,24788,1000,0.627058,1512
0.3294972125871272,0.6705027874128728,0.31521739130434784,0.8043478260869565,1.0,0.021739130434782608,0.021739130434782608,5.939118307264255,25.822253509844586,0.07745257396832199,607732,109,46,29,2,200,200,1.0,607732,200246,407486,0.3294972125871272,0.6705027874128728,0,88282,0.14526468904056394,24790,True,200,200,1.0,200246,407486,0,88282,0.14526468904056394,24790,True,152466,0.24529329999945682,False,0,1.7121022146940232,50000,True,97583,24790,1000,0.627196,1513
0.32948150827975203,0.670518491720248,0.23333333333333334,0.8444444444444444,1.0,0.03333333333333333,0.03333333333333333,6.003859076517793,26.68381811785686,0.07495179254956758,608110,111,45,21,3,200,200,1.0,608110,200361,407749,0.32948150827975203,0.670518491720248,0,88328,0.1452500369998849,24791,True,200,200,1.0,200361,407749,0,88328,0.1452500369998849,24791,True,152555,0.2448527499994565,False,0,1.7249869030714036,50000,True,97630,24791,1000,0.627328,1514
0.3294543578079652,0.6705456421920348,0.18478260869565216,0.8913043478260869,1.0,0.010869565217391304,0.010869565217391304,5.890683524639451,25.611667498432393,0.07808940984113641,608494,108,46,17,1,200,200,1.0,608494,200471,408023,0.3294543578079652,0.6705456421920348,0,88375,0.14523561448428415,24792,True,200,200,1.0,200471,408023,0,88375,0.14523561448428415,24792,True,152647,0.24439734999945617,False,0,1.715352413058281,50000,True,97677,24792,1000,0.6274660000000001,1515
0.32940023056685946,0.6705997694331405,0.15833333333333333,0.95,1.0,0.16666666666666666,0.16666666666666666,4.722231329865468,15.740771099551559,0.12705857847440385,608934,80,60,19,20,200,200,1.0,608934,200583,408351,0.32940023056685946,0.6705997694331405,0,88446,0.14524726817684674,24808,True,200,200,1.0,200583,408351,0,88446,0.14524726817684674,24808,True,152767,0.24380334999945574,False,0,1.7162618416547775,50000,True,97756,24808,1000,0.627646,1516
0.3294188695098496,0.6705811304901503,0.1810344827586207,0.9310344827586207,1.0,0.29310344827586204,0.2672413793103448,4.934179042340824,17.014410490830425,0.11754741670761146,609364,85,58,21,31,200,200,1.0,609364,200736,408628,0.3294188695098496,0.6705811304901503,0,88518,0.14526292987442646,24842,True,200,200,1.0,200736,408628,0,88518,0.14526292987442646,24842,True,152882,0.24323409999945533,False,0,1.681011484861374,50000,True,97840,24842,1000,0.62782,1517
0.329426139438768,0.670573860561232,0.21428571428571427,0.8571428571428571,1.0,0.047619047619047616,0.047619047619047616,6.268656655656015,29.850745979314357,0.06700000064942893,609730,117,42,18,4,200,200,1.0,609730,200861,408869,0.329426139438768,0.670573860561232,0,88561,0.1452462565397799,24846,True,200,200,1.0,200861,408869,0,88561,0.1452462565397799,24846,True,152965,0.24282324999945504,False,0,1.7093826121091842,50000,True,97885,24846,1000,0.627946,1518
0.3294328414965563,0.6705671585034437,0.17073170731707318,0.9024390243902439,1.0,0.04878048780487805,0.04878048780487805,6.347832636249507,30.965037249997593,0.06458897445699521,610094,118,41,14,4,200,200,1.0,610094,200985,409109,0.3294328414965563,0.6705671585034437,0,88604,0.14523007929925552,24849,True,200,200,1.0,200985,409109,0,88604,0.14523007929925552,24849,True,153047,0.24241734999945475,False,0,1.7384844040870666,50000,True,97930,24849,1000,0.628066,1519
0.32944720555906837,0.6705527944409316,0.19047619047619047,0.8809523809523809,1.0,0.08333333333333333,0.08333333333333333,6.327650127713762,30.131667274827436,0.06637535127937769,610462,116,42,16,7,200,200,1.0,610462,201115,409347,0.32944720555906837,0.6705527944409316,0,88647,0.14521296984906512,24856,True,200,200,1.0,201115,409347,0,88647,0.14521296984906512,24856,True,153131,0.24200154999945445,False,0,1.7482104641199112,50000,True,97979,24856,1000,0.628192,1520
0.3294560444777693,0.6705439555222307,0.3125,0.775,1.0,0.025,0.025,6.442789060173279,32.2139453008664,0.06208491326724299,610822,120,40,25,2,200,200,1.0,610822,201239,409583,0.3294560444777693,0.6705439555222307,0,88688,0.14519450838378448,24858,True,200,200,1.0,201239,409583,0,88688,0.14519450838378448,24858,True,153211,0.24160554999945416,False,0,1.7735131186246873,50000,True,98021,24858,1000,0.628312,1521
0.32944044502617803,0.6705595549738219,0.24444444444444444,0.8444444444444444,1.0,0.022222222222222223,0.022222222222222223,6.013622788045398,26.72721239131288,0.07483010089933877,611200,111,45,22,2,200,200,1.0,611200,201354,409846,0.32944044502617803,0.6705595549738219,0,88734,0.14517997382198952,24860,True,200,200,1.0,201354,409846,0,88734,0.14517997382198952,24860,True,153300,0.24116499999945384,False,0,1.7263585209846497,50000,True,98067,24860,1000,0.62845,1522
0.329415996337715,0.670584003662285,0.15,0.9166666666666666,1.0,0.175,0.175,4.647028235657487,15.49009411885829,0.12911477390993487,611640,80,60,18,21,200,200,1.0,611640,201484,410156,0.329415996337715,0.670584003662285,0,88803,0.1451883460859329,24885,True,200,200,1.0,201484,410156,0,88803,0.1451883460859329,24885,True,153420,0.24057099999945342,False,0,1.7085082638263702,50000,True,98146,24885,1000,0.62863,1523
0.329416705064983,0.670583294935017,0.25,0.8333333333333334,1.0,0.023809523809523808,0.023809523809523808,6.218909265170436,29.61385364366874,0.06753595881391099,612006,117,42,21,2,200,200,1.0,612006,201605,410401,0.329416705064983,0.670583294935017,0,88845,0.14517014539073148,24887,True,200,200,1.0,201605,410401,0,88845,0.14517014539073148,24887,True,153503,0.24016014999945312,False,0,1.6942723274230957,50000,True,98189,24887,1000,0.62875,1524
0.3294268069249535,0.6705731930750465,0.1702127659574468,0.8723404255319149,1.0,0.14893617021276595,0.14893617021276595,5.800964341959159,24.68495464663472,0.08102101173083008,612394,106,47,16,14,200,200,1.0,612394,201739,410655,0.3294268069249535,0.6705731930750465,0,88898,0.1451647142199303,24901,True,200,200,1.0,201739,410655,0,88898,0.1451647142199303,24901,True,153597,0.23969484999945279,False,0,1.6176518964767457,50000,True,98247,24901,1000,0.6288940000000001,1525
0.3293999575711092,0.6706000424288908,0.16326530612244897,0.9183673469387755,1.0,0.061224489795918366,0.061224489795918366,5.6118700469324505,22.905592028295718,0.08731492281576314,612790,102,49,16,6,200,200,1.0,612790,201853,410937,0.3293999575711092,0.6706000424288908,0,88949,0.14515413110527262,24907,True,200,200,1.0,201853,410937,0,88949,0.14515413110527262,24907,True,153695,0.23920974999945244,False,0,1.6511330062150955,50000,True,98302,24907,1000,0.629038,1526
0.32937744015603954,0.6706225598439605,0.2978723404255319,0.7872340425531915,1.0,0.0425531914893617,0.0425531914893617,5.666162494903853,24.11132976554831,0.08294855652705302,613178,106,47,28,4,200,200,1.0,613178,201967,411211,0.32937744015603954,0.6706225598439605,0,88998,0.14514219362077568,24911,True,200,200,1.0,201967,411211,0,88998,0.14514219362077568,24911,True,153789,0.2387444499994521,False,0,1.6442594516277313,50000,True,98353,24911,1000,0.629182,1527
0.329350579077583,0.670649420922417,0.30434782608695654,0.8043478260869565,1.0,0.010869565217391304,0.010869565217391304,5.893038695167989,25.621907370295602,0.07805820117508784,613562,108,46,28,1,200,200,1.0,613562,202077,411485,0.329350579077583,0.670649420922417,0,89045,0.14512795772880327,24912,True,200,200,1.0,202077,411485,0,89045,0.14512795772880327,24912,True,153881,0.23828904999945177,False,0,1.644413359761238,50000,True,98400,24912,1000,0.62932,1528
0.32932541957677475,0.6706745804232253,0.2916666666666667,0.8125,1.0,0.041666666666666664,0.041666666666666664,5.698839936984561,23.745166404102335,0.08422766831629656,613952,105,48,28,4,200,200,1.0,613952,202190,411762,0.32932541957677475,0.6706745804232253,0,89093,0.1451139502762431,24916,True,200,200,1.0,202190,411762,0,89093,0.1451139502762431,24916,True,153976,0.23781879999945144,False,0,1.6632933753728867,50000,True,98451,24916,1000,0.629464,1529
0.3292916369602797,0.6707083630397204,0.1326530612244898,0.9387755102040817,1.0,0.030612244897959183,0.030612244897959183,5.664195625910617,23.11916582004333,0.08650831157005176,614346,103,49,13,3,200,200,1.0,614346,202299,412047,0.3292916369602797,0.6707083630397204,0,89142,0.1451006436112549,24919,True,200,200,1.0,202299,412047,0,89142,0.1451006436112549,24919,True,154073,0.2373386499994511,False,0,1.6963207060098648,50000,True,98502,24919,1000,0.6296080000000001,1530
0.32925742171614475,0.6707425782838552,0.23529411764705882,0.8627450980392157,1.0,0.06862745098039216,0.06862745098039216,5.397935346782996,21.168373908952926,0.0944805684462198,614750,98,51,24,7,200,200,1.0,614750,202411,412339,0.32925742171614475,0.6707425782838552,0,89196,0.14509312728751525,24926,True,200,200,1.0,202411,412339,0,89196,0.14509312728751525,24926,True,154175,0.23683374999945073,False,0,1.6599494010210036,50000,True,98560,24926,1000,0.629758,1531
0.329214133374948,0.670785866625052,0.2545454545454545,0.8363636363636363,1.0,0.08181818181818182,0.08181818181818182,5.10021675752387,18.546242754632257,0.10783855395726794,615168,91,55,28,9,200,200,1.0,615168,202522,412646,0.329214133374948,0.670785866625052,0,89257,0.14509369798168956,24936,True,200,200,1.0,202522,412646,0,89257,0.14509369798168956,24936,True,154284,0.23629419999945034,False,0,1.6868791437149049,50000,True,98622,24936,1000,0.629926,1532
0.3291563243187046,0.6708436756812954,0.19642857142857142,0.8928571428571429,1.0,0.07142857142857142,0.07142857142857142,4.978612088850333,17.780757460179764,0.11248114735713739,615592,88,56,22,8,200,200,1.0,615592,202626,412966,0.3291563243187046,0.6708436756812954,0,89315,0.14508798035062184,24944,True,200,200,1.0,202626,412966,0,89315,0.14508798035062184,24944,True,154396,0.23573979999944994,False,0,1.6501471996307373,50000,True,98686,24944,1000,0.630094,1533
0.3291484857929458,0.6708515142070541,0.18333333333333332,0.9,1.0,0.24166666666666667,0.21666666666666667,4.617854897042642,15.392849656808806,0.12993045762097266,616032,80,60,22,26,200,200,1.0,616032,202766,413266,0.3291484857929458,0.6708515142070541,0,89389,0.145104475092203,24974,True,200,200,1.0,202766,413266,0,89389,0.145104475092203,24974,True,154516,0.2351457999994495,False,0,1.6071824604272842,50000,True,98769,24974,1000,0.630274,1534
0.32913914160750674,0.6708608583924933,0.22727272727272727,0.9090909090909091,1.0,0.03409090909090909,0.03409090909090909,6.130659640804764,27.866634730930745,0.07177041717850802,616408,112,44,20,3,200,200,1.0,616408,202884,413524,0.32913914160750674,0.6708608583924933,0,89433,0.1450873447456879,24977,True,200,200,1.0,202884,413524,0,89433,0.1450873447456879,24977,True,154604,0.2347101999994492,False,0,1.6183403730392456,50000,True,98816,24977,1000,0.630406,1535
0.32918034062755375,0.6708196593724463,0.22058823529411764,0.9117647058823529,1.0,0.014705882352941176,0.014705882352941176,6.962856649282158,40.95798028989505,0.048830532800794135,616744,132,34,15,1,200,200,1.0,616744,203020,413724,0.32918034062755375,0.6708196593724463,0,89468,0.1450650513016746,24979,True,200,200,1.0,203020,413724,0,89468,0.1450650513016746,24979,True,154672,0.23437359999944896,False,0,1.5956796246767044,50000,True,98851,24979,1000,0.6305080000000001,1536
0.32917455214787544,0.6708254478521245,0.19642857142857142,0.8571428571428571,1.0,0.20535714285714285,0.20535714285714285,4.885752777983186,17.449117064225664,0.11461898001133924,617168,88,56,22,23,200,200,1.0,617168,203156,414012,0.32917455214787544,0.6708254478521245,0,89535,0.1450739506908978,25003,True,200,200,1.0,203156,414012,0,89535,0.1450739506908978,25003,True,154784,0.23381919999944856,False,0,1.6067285495996475,50000,True,98927,25003,1000,0.630676,1537
0.32918882504971464,0.6708111749502854,0.3333333333333333,0.7435897435897436,1.0,0.02564102564102564,0.02564102564102564,6.434539872626271,32.99764037244241,0.06061039448354848,617524,122,39,26,2,200,200,1.0,617524,203282,414242,0.32918882504971464,0.6708111749502854,0,89575,0.14505509097622116,25005,True,200,200,1.0,203282,414242,0,89575,0.14505509097622116,25005,True,154862,0.23343309999944828,False,0,1.564981951713562,50000,True,98968,25005,1000,0.63079,1538
0.3292078967556492,0.6707921032443508,0.21052631578947367,0.8947368421052632,1.0,0.013157894736842105,0.013157894736842105,6.6655496614754135,35.08184032355481,0.057009551994829384,617874,125,38,16,1,200,200,1.0,617874,203409,414465,0.3292078967556492,0.6707921032443508,0,89612,0.14503280604136118,25006,True,200,200,1.0,203409,414465,0,89612,0.14503280604136118,25006,True,154937,0.233061849999448,False,0,1.6400207734107972,50000,True,99006,25006,1000,0.630904,1539
0.32921148402749695,0.6707885159725031,0.14772727272727273,0.9318181818181818,1.0,0.07954545454545454,0.07954545454545454,6.258836685295682,28.44925766043492,0.07030060410966185,618250,112,44,13,7,200,200,1.0,618250,203535,414715,0.32921148402749695,0.6707885159725031,0,89659,0.1450206227254347,25013,True,200,200,1.0,203535,414715,0,89659,0.1450206227254347,25013,True,155025,0.2326262499994477,False,0,1.6058267432451248,50000,True,99056,25013,1000,0.631036,1540
0.329201582867784,0.670798417132216,0.23863636363636365,0.8863636363636364,1.0,0.022727272727272728,0.022727272727272728,6.181516437398992,28.09780198817724,0.07117994499504067,618624,113,44,21,2,200,200,1.0,618624,203652,414972,0.329201582867784,0.670798417132216,0,89703,0.145004073556797,25015,True,200,200,1.0,203652,414972,0,89703,0.145004073556797,25015,True,155112,0.2321955999994474,False,0,1.6054079115390778,50000,True,99101,25015,1000,0.631168,1541
0.3291407931041167,0.6708592068958833,0.16981132075471697,0.9811320754716981,1.0,0.018867924528301886,0.018867924528301886,5.34819328759083,20.181861462606904,0.09909888657721758,619036,94,53,18,2,200,200,1.0,619036,203750,415286,0.3291407931041167,0.6708592068958833,0,89757,0.14499479836390775,25017,True,200,200,1.0,203750,415286,0,89757,0.14499479836390775,25017,True,155218,0.231670899999447,False,0,1.6113303896784783,50000,True,99156,25017,1000,0.631324,1542
0.32912299734593853,0.6708770026540615,0.2604166666666667,0.8333333333333334,1.0,0.0625,0.0625,5.716949766035981,23.82062402514992,0.08396085668823752,619428,104,48,25,6,200,200,1.0,619428,203868,415560,0.32912299734593853,0.6708770026540615,0,89806,0.14498214481747676,25024,True,200,200,1.0,203868,415560,0,89806,0.14498214481747676,25024,True,155314,0.23119569999944667,False,0,1.539228921830654,50000,True,99209,25024,1000,0.631468,1543
0.329135204904808,0.670864795095192,0.23255813953488372,0.8372093023255814,1.0,0.09302325581395349,0.09302325581395349,6.001301980437809,27.913032467152597,0.07165111860753764,619800,114,43,20,8,200,200,1.0,619800,203998,415802,0.329135204904808,0.670864795095192,0,89854,0.14497257179735398,25032,True,200,200,1.0,203998,415802,0,89854,0.14497257179735398,25032,True,155400,0.23076999999944636,False,0,1.6032821133732795,50000,True,99259,25032,1000,0.6316,1544
0.3291315171684338,0.6708684828315662,0.23076923076923078,0.8461538461538461,1.0,0.18269230769230768,0.18269230769230768,5.295498886851646,20.367303410967867,0.09819660264514903,620208,96,52,24,19,200,200,1.0,620208,204130,416078,0.3291315171684338,0.6708684828315662,0,89914,0.14497394422516316,25050,True,200,200,1.0,204130,416078,0,89914,0.14497394422516316,25050,True,155504,0.230255199999446,False,0,1.6159685704112052,50000,True,99329,25050,1000,0.631756,1545
0.3290783935856864,0.6709216064143135,0.3431372549019608,0.7647058823529411,1.0,0.0196078431372549,0.0196078431372549,5.243301144992648,20.561965274480972,0.09726696710660038,620612,98,51,35,2,200,200,1.0,620612,204230,416382,0.3290783935856864,0.6709216064143135,0,89967,0.14496497006180994,25051,True,200,200,1.0,204230,416382,0,89967,0.14496497006180994,25051,True,155606,0.22975029999944563,False,0,1.693503401875496,50000,True,99382,25051,1000,0.6319060000000001,1546
0.3290803920242455,0.6709196079757545,0.23255813953488372,0.8372093023255814,1.0,0.046511627906976744,0.046511627906976744,6.118280975825062,28.457120817790987,0.07028117892902322,620982,115,43,20,4,200,200,1.0,620982,204353,416629,0.3290803920242455,0.6709196079757545,0,90011,0.1449494510307867,25055,True,200,200,1.0,204353,416629,0,90011,0.1449494510307867,25055,True,155691,0.22932954999944533,False,0,1.7103916090726852,50000,True,99428,25055,1000,0.632032,1547
0.3290263504314493,0.6709736495685508,0.2830188679245283,0.8113207547169812,1.0,0.03773584905660377,0.03773584905660377,5.173249566332112,19.52169647672495,0.10245011248815038,621394,94,53,30,4,200,200,1.0,621394,204455,416939,0.3290263504314493,0.6709736495685508,0,90066,0.14494185653546704,25059,True,200,200,1.0,204455,416939,0,90066,0.14494185653546704,25059,True,155797,0.22880484999944495,False,0,1.687224970459938,50000,True,99485,25059,1000,0.632194,1548
0.3290141107826708,0.6709858892173293,0.14,0.94,1.0,0.12,0.11,5.56215828874055,22.2486331549622,0.08989316269767936,621794,100,50,14,11,200,200,1.0,621794,204579,417215,0.3290141107826708,0.6709858892173293,0,90121,0.14493706919011762,25071,True,200,200,1.0,204579,417215,0,90121,0.14493706919011762,25071,True,155897,0.2283098499994446,False,0,1.6809155362844468,50000,True,99546,25071,1000,0.632344,1549
0.3289911441842524,0.6710088558157477,0.15306122448979592,0.9183673469387755,1.0,0.07142857142857142,0.07142857142857142,5.7164477453854365,23.33243977708341,0.0857175682915232,622190,102,49,15,7,200,200,1.0,622190,204695,417495,0.3289911441842524,0.6710088558157477,0,90173,0.1449283980777576,25078,True,200,200,1.0,204695,417495,0,90173,0.1449283980777576,25078,True,155995,0.22782474999944424,False,0,1.5971904030442239,50000,True,99602,25078,1000,0.6324879999999999,1550
0.32899115931227674,0.6710088406877233,0.2765957446808511,0.7872340425531915,1.0,0.0851063829787234,0.0851063829787234,5.765972922740571,24.536054990385406,0.08151269634762848,622576,107,47,26,8,200,200,1.0,622576,204822,417754,0.32899115931227674,0.6710088406877233,0,90223,0.14491885328056334,25088,True,200,200,1.0,204822,417754,0,90223,0.14491885328056334,25088,True,156088,0.2273643999994439,False,0,1.6232883158326148,50000,True,99656,25088,1000,0.6326320000000001,1551
0.32900228591976166,0.6709977140802383,0.27380952380952384,0.8333333333333334,1.0,0.07142857142857142,0.07142857142857142,6.180807103128305,29.432414776801448,0.06795229053296689,622944,116,42,23,6,200,200,1.0,622944,204950,417994,0.32900228591976166,0.6709977140802383,0,90267,0.14490387578979813,25094,True,200,200,1.0,204950,417994,0,90267,0.14490387578979813,25094,True,156172,0.2269485999994436,False,0,1.5755337610840798,50000,True,99704,25094,1000,0.632758,1552
0.32900111340351734,0.6709988865964827,0.29069767441860467,0.8604651162790697,1.0,0.03488372093023256,0.03488372093023256,6.242675173254604,29.035698480253973,0.06888072630180124,623314,115,43,25,3,200,200,1.0,623314,205071,418243,0.32900111340351734,0.6709988865964827,0,90310,0.14488684675781388,25097,True,200,200,1.0,205071,418243,0,90310,0.14488684675781388,25097,True,156257,0.2265278499994433,False,0,1.5987058398127556,50000,True,99748,25097,1000,0.632884,1553
0.3290280891129433,0.6709719108870567,0.2916666666666667,0.8333333333333334,1.0,0.013888888888888888,0.0,6.714872776297342,37.30484875720745,0.053612333694653874,623658,128,36,21,0,200,200,1.0,623658,205201,418457,0.3290280891129433,0.6709719108870567,0,90347,0.1448662568266582,25098,True,200,200,1.0,205201,418457,0,90347,0.1448662568266582,25098,True,156329,0.22617144999944305,False,0,1.5951483222842215,50000,True,99785,25098,1000,0.632992,1554
0.32898940857889086,0.6710105914211091,0.22413793103448276,0.8448275862068966,1.0,0.12931034482758622,0.12931034482758622,4.701089871437573,16.210654729095083,0.12337564604410305,624090,84,58,26,15,200,200,1.0,624090,205319,418771,0.32898940857889086,0.6710105914211091,0,90413,0.1448717332436027,25115,True,200,200,1.0,205319,418771,0,90413,0.1448717332436027,25115,True,156445,0.22559724999944264,False,0,1.6718425130844117,50000,True,99857,25115,1000,0.633166,1555
0.3289866862247104,0.6710133137752896,0.1590909090909091,0.9090909090909091,1.0,0.045454545454545456,0.045454545454545456,6.06145746066734,27.552079366669727,0.07258980251121946,624466,112,44,14,4,200,200,1.0,624466,205441,419025,0.3289866862247104,0.6710133137752896,0,90460,0.14485976818593807,25120,True,200,200,1.0,205441,419025,0,90460,0.14485976818593807,25120,True,156533,0.22516164999944233,False,0,1.6674706524610519,50000,True,99905,25120,1000,0.633298,1556
0.32900620660736407,0.670993793392636,0.23684210526315788,0.8947368421052632,1.0,0.039473684210526314,0.039473684210526314,6.670851063920552,35.10974244168712,0.056964245844917535,624818,124,38,18,3,200,200,1.0,624818,205569,419249,0.32900620660736407,0.670993793392636,0,90500,0.1448421780422459,25122,True,200,200,1.0,205569,419249,0,90500,0.1448421780422459,25122,True,156609,0.22478544999944206,False,0,1.7020904368162155,50000,True,99946,25122,1000,0.633412,1557
0.32899817337867365,0.6710018266213263,0.2222222222222222,0.8444444444444444,1.0,0.05555555555555555,0.05555555555555555,6.012362360486999,26.72161049105333,0.07484578823082616,625198,110,45,20,5,200,200,1.0,625198,205689,419509,0.32899817337867365,0.6710018266213263,0,90549,0.14483251705859584,25127,True,200,200,1.0,205689,419509,0,90549,0.14483251705859584,25127,True,156699,0.22433994999944173,False,0,1.668361988067627,50000,True,99996,25127,1000,0.633544,1558
0.32899490386398367,0.6710050961360163,0.25,0.8863636363636364,1.0,0.045454545454545456,0.045454545454545456,6.26827552040559,28.492161456389045,0.07019474472167582,625572,113,44,22,4,200,200,1.0,625572,205810,419762,0.32899490386398367,0.6710050961360163,0,90593,0.1448162641550453,25131,True,200,200,1.0,205810,419762,0,90593,0.1448162641550453,25131,True,156786,0.22390929999944142,False,0,1.6460231918096542,50000,True,100043,25131,1000,0.633676,1559
0.3289826825995271,0.6710173174004729,0.0851063829787234,0.9574468085106383,1.0,0.06382978723404255,0.06382978723404255,5.847836566989387,24.88441092335909,0.08037160317597039,625960,106,47,8,6,200,200,1.0,625960,205930,420030,0.3289826825995271,0.6710173174004729,0,90644,0.14480797495047606,25138,True,200,200,1.0,205930,420030,0,90644,0.14480797495047606,25138,True,156880,0.2234439999994411,False,0,1.6742195719480515,50000,True,100096,25138,1000,0.63382,1560
0.32897530789298063,0.6710246921070193,0.1326530612244898,0.9795918367346939,1.0,0.10204081632653061,0.10204081632653061,5.711777171054251,23.3133762083847,0.08578766035957916,626354,103,49,13,10,200,200,1.0,626354,206055,420299,0.32897530789298063,0.6710246921070193,0,90696,0.14479990548475782,25148,True,200,200,1.0,206055,420299,0,90696,0.14479990548475782,25148,True,156977,0.22296384999944074,False,0,1.656500049829483,50000,True,100153,25148,1000,0.633964,1561
0.32897151227171045,0.6710284877282895,0.13953488372093023,0.9534883720930233,1.0,0.023255813953488372,0.023255813953488372,6.280349351401929,29.210927215822927,0.06846752878548283,626726,114,43,12,2,200,200,1.0,626726,206175,420551,0.32897151227171045,0.6710284877282895,0,90740,0.14478416405255248,25151,True,200,200,1.0,206175,420551,0,90740,0.14478416405255248,25151,True,157063,0.22253814999944044,False,0,1.7055827480554582,50000,True,100198,25151,1000,0.63409,1562
0.3289593279690774,0.6710406720309225,0.1276595744680851,0.9574468085106383,1.0,0.07446808510638298,0.07446808510638298,5.775387230391694,24.57611587400721,0.0813798246335292,627114,106,47,12,7,200,200,1.0,627114,206295,420819,0.3289593279690774,0.6710406720309225,0,90793,0.14477909917495066,25158,True,200,200,1.0,206295,420819,0,90793,0.14477909917495066,25158,True,157157,0.2220728499994401,False,0,1.7548945075273514,50000,True,100252,25158,1000,0.634234,1563
0.3289693025094107,0.6710306974905893,0.2926829268292683,0.8048780487804879,1.0,0.04878048780487805,0.04878048780487805,6.314943738707257,30.804603603450033,0.06492536069433484,627478,118,41,24,4,200,200,1.0,627478,206421,421057,0.3289693025094107,0.6710306974905893,0,90836,0.14476364111570444,25162,True,200,200,1.0,206421,421057,0,90836,0.14476364111570444,25162,True,157239,0.2216669499994398,False,0,1.7191235822439195,50000,True,100297,25162,1000,0.634354,1564
0.32895130823676316,0.6710486917632368,0.1875,0.875,1.0,0.03125,0.03125,5.70837948033293,23.784914501387206,0.08408691147001407,627868,105,48,18,3,200,200,1.0,627868,206538,421330,0.32895130823676316,0.6710486917632368,0,90886,0.14475335580090082,25167,True,200,200,1.0,206538,421330,0,90886,0.14475335580090082,25167,True,157334,0.22119669999943947,False,0,1.6653586411476136,50000,True,100347,25167,1000,0.634498,1565
0.32893643572740616,0.6710635642725938,0.2222222222222222,0.8444444444444444,1.0,0.022222222222222223,0.022222222222222223,5.971712654279763,26.540945130132283,0.07535526674705242,628246,111,45,20,2,200,200,1.0,628246,206653,421593,0.32893643572740616,0.6710635642725938,0,90932,0.14473948103131576,25169,True,200,200,1.0,206653,421593,0,90932,0.14473948103131576,25169,True,157423,0.22075614999943916,False,0,1.6795374888181687,50000,True,100393,25169,1000,0.63463,1566
0.32888047593293673,0.6711195240670633,0.18518518518518517,0.9074074074074074,1.0,0.046296296296296294,0.046296296296296294,5.32793589831441,19.733095919683,0.10135257073397579,628660,93,54,20,5,200,200,1.0,628660,206754,421906,0.32888047593293673,0.6711195240670633,0,90988,0.14473324213406294,25173,True,200,200,1.0,206754,421906,0,90988,0.14473324213406294,25173,True,157530,0.22022649999943877,False,0,1.6190881961584092,50000,True,100450,25173,1000,0.634792,1567
0.3288214965839329,0.6711785034160671,0.2631578947368421,0.8070175438596491,1.0,0.06140350877192982,0.06140350877192982,4.7758897035688515,16.75750773182053,0.11934948991264589,629086,87,57,30,7,200,200,1.0,629086,206857,422229,0.3288214965839329,0.6711785034160671,0,91048,0.1447306091694935,25181,True,200,200,1.0,206857,422229,0,91048,0.1447306091694935,25181,True,157643,0.21966714999943837,False,0,1.5998941892385483,50000,True,100513,25181,1000,0.63496,1568
0.32879465207680014,0.6712053479231999,0.3020833333333333,0.8125,1.0,0.03125,0.03125,5.6501264842535015,23.542193684389588,0.08495385038507115,629478,104,48,29,3,200,200,1.0,629478,206969,422509,0.32879465207680014,0.6712053479231999,0,91098,0.14471991078322038,25185,True,200,200,1.0,206969,422509,0,91098,0.14471991078322038,25185,True,157739,0.21919194999943803,False,0,1.6117832058668136,50000,True,100564,25185,1000,0.635104,1569
0.32876466572467333,0.6712353342753267,0.20833333333333334,0.8958333333333334,1.0,0.03125,0.03125,5.676036995583604,23.650154148265017,0.08456604500172869,629870,104,48,20,3,200,200,1.0,629870,207079,422791,0.32876466572467333,0.6712353342753267,0,91148,0.1447092257132424,25188,True,200,200,1.0,207079,422791,0,91148,0.1447092257132424,25188,True,157835,0.2187167499994377,False,0,1.5904463183879853,50000,True,100615,25188,1000,0.635248,1570
0.32876101560987686,0.6712389843901232,0.19767441860465115,0.8837209302325582,1.0,0.03488372093023256,0.03488372093023256,6.112771182176637,28.43149387058901,0.07034452741397815,630242,114,43,17,3,200,200,1.0,630242,207199,423043,0.32876101560987686,0.6712389843901232,0,91192,0.1446936256231733,25191,True,200,200,1.0,207199,423043,0,91192,0.1446936256231733,25191,True,157921,0.21829104999943738,False,0,1.6088244640827178,50000,True,100661,25191,1000,0.6353800000000001,1571
0.3287373418624786,0.6712626581375214,0.24444444444444444,0.8444444444444444,1.0,0.022222222222222223,0.022222222222222223,5.96281955568827,26.50142024750342,0.07546765348126619,630622,110,45,22,2,200,200,1.0,630622,207309,423313,0.3287373418624786,0.6712626581375214,0,91239,0.1446809657766459,25191,True,200,200,1.0,207309,423313,0,91239,0.1446809657766459,25191,True,158011,0.21784554999943706,False,0,1.5881055456399917,50000,True,100708,25191,1000,0.635512,1572
0.32871079079231363,0.6712892092076863,0.23148148148148148,0.8333333333333334,1.0,0.12962962962962962,0.12037037037037036,5.036117436162064,18.652286800600237,0.10722545827118847,631038,92,54,25,13,200,200,1.0,631038,207429,423609,0.32871079079231363,0.6712892092076863,0,91302,0.14468542306485505,25205,True,200,200,1.0,207429,423609,0,91302,0.14468542306485505,25205,True,158119,0.21731094999943668,False,0,1.629176470041275,50000,True,100775,25205,1000,0.635674,1573
0.32869351206332414,0.6713064879366759,0.28888888888888886,0.7777777777777778,1.0,0.011111111111111112,0.011111111111111112,5.908432248162975,26.259698880724333,0.07616233564155908,631418,110,45,26,1,200,200,1.0,631418,207543,423875,0.32869351206332414,0.6713064879366759,0,91348,0.14467120037756287,25207,True,200,200,1.0,207543,423875,0,91348,0.14467120037756287,25207,True,158209,0.21686544999943635,False,0,1.6137456172704696,50000,True,100821,25207,1000,0.635812,1574
0.3286920819629059,0.6713079180370941,0.23333333333333334,0.8666666666666667,1.0,0.07777777777777778,0.07777777777777778,6.022310341470173,26.765823739867436,0.07472215387195498,631798,110,45,21,7,200,200,1.0,631798,207667,424131,0.3286920819629059,0.6713079180370941,0,91394,0.14465699479897057,25214,True,200,200,1.0,207667,424131,0,91394,0.14465699479897057,25214,True,158299,0.21641994999943603,False,0,1.5986969923973084,50000,True,100873,25214,1000,0.6359440000000001,1575
0.3286873007035481,0.6713126992964519,0.2543859649122807,0.8421052631578947,1.0,0.21052631578947367,0.20175438596491227,4.990376759218622,17.510093891995165,0.1142198329909762,632224,87,57,29,23,200,200,1.0,632224,207804,424420,0.3286873007035481,0.6713126992964519,0,91464,0.14467024345801488,25239,True,200,200,1.0,207804,424420,0,91464,0.14467024345801488,25239,True,158412,0.21586059999943563,False,0,1.5679732835292817,50000,True,100949,25239,1000,0.636118,1576
0.3286622089438991,0.6713377910561009,0.1276595744680851,0.9574468085106383,1.0,0.02127659574468085,0.02127659574468085,5.881018187986798,25.02560931058212,0.07991813406734104,632610,107,47,12,2,200,200,1.0,632610,207915,424695,0.3286622089438991,0.6713377910561009,0,91510,0.14465468456078784,25241,True,200,200,1.0,207915,424695,0,91510,0.14465468456078784,25241,True,158505,0.2154002499994353,False,0,1.576165474653244,50000,True,100997,25241,1000,0.636256,1577
0.3286366953867736,0.6713633046132264,0.23469387755102042,0.8571428571428571,1.0,0.061224489795918366,0.061224489795918366,5.501811512220955,22.456373519269206,0.0890615752487308,633006,102,49,23,6,200,200,1.0,633006,208029,424977,0.3286366953867736,0.6713633046132264,0,91561,0.1446447585014992,25247,True,200,200,1.0,208029,424977,0,91561,0.1446447585014992,25247,True,158603,0.21491514999943495,False,0,1.633524923324585,50000,True,101052,25247,1000,0.6364000000000001,1578
0.32861915226836413,0.6713808477316359,0.14705882352941177,0.8823529411764706,1.0,0.11764705882352941,0.11764705882352941,5.6172644818525965,22.02848816412783,0.09079152346264457,633408,99,51,15,12,200,200,1.0,633408,208150,425258,0.32861915226836413,0.6713808477316359,0,91615,0.14463821107406286,25258,True,200,200,1.0,208150,425258,0,91615,0.14463821107406286,25258,True,158704,0.2144151999994346,False,0,1.6280751210451125,50000,True,101112,25258,1000,0.636556,1579
0.32860199309548305,0.6713980069045169,0.17777777777777778,0.8888888888888888,1.0,0.022222222222222223,0.022222222222222223,6.0270679270884475,26.786968564837544,0.07466317045764335,633788,110,45,16,2,200,200,1.0,633788,208264,425524,0.32860199309548305,0.6713980069045169,0,91660,0.14462249206359223,25260,True,200,200,1.0,208264,425524,0,91660,0.14462249206359223,25260,True,158794,0.21396969999943427,False,0,1.6522117537260055,50000,True,101159,25260,1000,0.636688,1580
0.3286078328718217,0.6713921671281783,0.3125,0.825,1.0,0.0125,0.0125,6.382298157025958,31.911490785129793,0.06267334902861905,634148,120,40,25,1,200,200,1.0,634148,208386,425762,0.3286078328718217,0.6713921671281783,0,91701,0.14460504487911338,25261,True,200,200,1.0,208386,425762,0,91701,0.14460504487911338,25261,True,158874,0.21357369999943399,False,0,1.6424901938438417,50000,True,101200,25261,1000,0.636808,1581
0.32860637084013644,0.6713936291598636,0.17857142857142858,0.9285714285714286,1.0,0.023809523809523808,0.023809523809523808,6.235960984658999,29.695052307899996,0.0673512873209496,634516,116,42,15,2,200,200,1.0,634516,208506,426010,0.32860637084013644,0.6713936291598636,0,91743,0.14458737053123955,25263,True,200,200,1.0,208506,426010,0,91743,0.14458737053123955,25263,True,158958,0.2131578999994337,False,0,1.5933846628665924,50000,True,101244,25263,1000,0.636934,1582
0.32859014782359447,0.6714098521764056,0.1896551724137931,0.896551724137931,1.0,0.1896551724137931,0.1896551724137931,4.888286363640074,16.856159874620946,0.11865098663493634,634946,85,58,22,22,200,200,1.0,634946,208637,426309,0.32859014782359447,0.6714098521764056,0,91814,0.14460127317913649,25286,True,200,200,1.0,208637,426309,0,91814,0.14460127317913649,25286,True,159073,0.21258864999943328,False,0,1.5786053466796874,50000,True,101321,25286,1000,0.637108,1583
0.3285876186428673,0.6714123813571327,0.24390243902439024,0.8536585365853658,1.0,0.0,0.0,6.298382192727832,30.72381557428211,0.06509608141490518,635310,118,41,20,0,200,200,1.0,635310,208755,426555,0.3285876186428673,0.6714123813571327,0,91855,0.14458295950008657,25286,True,200,200,1.0,208755,426555,0,91855,0.14458295950008657,25286,True,159155,0.21218274999943298,False,0,1.611027648448944,50000,True,101362,25286,1000,0.637228,1584
0.3285710690082619,0.6714289309917381,0.25,0.8043478260869565,1.0,0.03260869565217391,0.03260869565217391,5.885844041557368,25.590626267640733,0.07815361683934222,635692,109,46,23,3,200,200,1.0,635692,208870,426822,0.3285710690082619,0.6714289309917381,0,91902,0.14457001189255173,25289,True,200,200,1.0,208870,426822,0,91902,0.14457001189255173,25289,True,159246,0.21173229999943266,False,0,1.6115801811218262,50000,True,101410,25289,1000,0.637366,1585
0.3285425915911006,0.6714574084088993,0.23469387755102042,0.8775510204081632,1.0,0.04081632653061224,0.04081632653061224,5.597634648545889,22.847488361411795,0.0875369742338022,636088,102,49,23,4,200,200,1.0,636088,208982,427106,0.3285425915911006,0.6714574084088993,0,91952,0.1445586145313227,25294,True,200,200,1.0,208982,427106,0,91952,0.1445586145313227,25294,True,159344,0.2112471999994323,False,0,1.6056323605775833,50000,True,101462,25294,1000,0.637516,1586
0.3285328221726424,0.6714671778273575,0.27906976744186046,0.8372093023255814,1.0,0.011627906976744186,0.011627906976744186,6.098412727236474,28.364710359239414,0.07051015062977815,636460,114,43,24,1,200,200,1.0,636460,209098,427362,0.3285328221726424,0.6714671778273575,0,91995,0.1445416836878987,25295,True,200,200,1.0,209098,427362,0,91995,0.1445416836878987,25295,True,159430,0.210821499999432,False,0,1.6585227125883102,50000,True,101506,25295,1000,0.637642,1587
0.3284975834335656,0.6715024165664344,0.24489795918367346,0.8571428571428571,1.0,0.02040816326530612,0.02040816326530612,5.587784977410354,22.807285622083075,0.08769127695158545,636854,103,49,24,2,200,200,1.0,636854,209205,427649,0.3284975834335656,0.6715024165664344,0,92045,0.14453077157401853,25297,True,200,200,1.0,209205,427649,0,92045,0.14453077157401853,25297,True,159527,0.21034134999943166,False,0,1.590271098613739,50000,True,101556,25297,1000,0.637786,1588
0.32851108698244535,0.6714889130175546,0.14705882352941177,0.8970588235294118,1.0,0.34558823529411764,0.3382352941176471,3.9720910975036685,11.68262087501079,0.1711944623896864,637324,65,68,20,46,200,200,1.0,637324,209368,427956,0.32851108698244535,0.6714889130175546,0,92140,0.14457324688855275,25345,True,200,200,1.0,209368,427956,0,92140,0.14457324688855275,25345,True,159662,0.20967309999943118,False,0,1.6450453862547874,50000,True,101662,25345,1000,0.6379900000000001,1589
0.32850350632895514,0.6714964936710448,0.16666666666666666,0.9333333333333333,1.0,0.044444444444444446,0.044444444444444446,6.049866287539601,26.888294611287115,0.07438180921896193,637704,110,45,15,4,200,200,1.0,637704,209488,428216,0.32850350632895514,0.6714964936710448,0,92188,0.1445623674933825,25350,True,200,200,1.0,209488,428216,0,92188,0.1445623674933825,25350,True,159752,0.20922759999943086,False,0,1.6481195029616356,50000,True,101711,25350,1000,0.638128,1590
0.3284792788500718,0.6715207211499282,0.1702127659574468,0.9148936170212766,1.0,0.031914893617021274,0.02127659574468085,5.851641356557547,24.900601517266157,0.0803193448404527,638092,106,47,16,2,200,200,1.0,638092,209600,428492,0.3284792788500718,0.6715207211499282,0,92238,0.14455282310387843,25353,True,200,200,1.0,209600,428492,0,92238,0.14455282310387843,25353,True,159846,0.20876229999943052,False,0,1.6514531329274178,50000,True,101761,25353,1000,0.638266,1591
0.32847995789843,0.67152004210157,0.13414634146341464,0.975609756097561,1.0,0.012195121951219513,0.012195121951219513,6.357342166773678,31.011425203774035,0.0644923600530492,638456,118,41,11,1,200,200,1.0,638456,209720,428736,0.32847995789843,0.67152004210157,0,92280,0.14453619356698033,25354,True,200,200,1.0,209720,428736,0,92280,0.14453619356698033,25354,True,159928,0.20835639999943023,False,0,1.6668891450762748,50000,True,101803,25354,1000,0.6383920000000001,1592
0.3284852962353103,0.6715147037646897,0.17543859649122806,0.9122807017543859,1.0,0.24561403508771928,0.24561403508771928,5.007063455112961,17.56864370215074,0.11383918041181298,638884,86,57,20,28,200,200,1.0,638884,209864,429020,0.3284852962353103,0.6715147037646897,0,92350,0.14454893220052467,25383,True,200,200,1.0,209864,429020,0,92350,0.14454893220052467,25383,True,160042,0.20779209999942982,False,0,1.6205279389023781,50000,True,101881,25383,1000,0.63856,1593
0.32846782696296667,0.6715321730370334,0.12222222222222222,0.9111111111111111,1.0,0.0,0.0,6.037872950433754,26.834990890816684,0.07452955762636121,639262,111,45,11,0,200,200,1.0,639262,209977,429285,0.32846782696296667,0.6715321730370334,0,92394,0.14453228879551733,25383,True,200,200,1.0,209977,429285,0,92394,0.14453228879551733,25383,True,160131,0.2073515499994295,False,0,1.6023675334453582,50000,True,101925,25383,1000,0.638692,1594
0.32843600117560984,0.6715639988243902,0.21153846153846154,0.8846153846153846,1.0,0.07692307692307693,0.07692307692307693,5.365311283222763,20.635812627779856,0.09691888737677369,639668,97,52,22,8,200,200,1.0,639668,210090,429578,0.32843600117560984,0.6715639988243902,0,92448,0.14452497232939587,25391,True,200,200,1.0,210090,429578,0,92448,0.14452497232939587,25391,True,160234,0.20684169999942914,False,0,1.621798290014267,50000,True,101984,25391,1000,0.638848,1595
0.3284243878660617,0.6715756121339382,0.2127659574468085,0.9361702127659575,1.0,0.07446808510638298,0.07446808510638298,5.941182763879361,25.28162878246537,0.07910882709373315,640056,106,47,20,7,200,200,1.0,640056,210210,429846,0.3284243878660617,0.6715756121339382,0,92498,0.14451547989550914,25398,True,200,200,1.0,210210,429846,0,92498,0.14451547989550914,25398,True,160328,0.2063763999994288,False,0,1.6409775465726852,50000,True,102037,25398,1000,0.638992,1596
0.3284210855037162,0.6715789144962838,0.22826086956521738,0.8478260869565217,1.0,0.08695652173913043,0.07608695652173914,5.997070025952362,26.074217504140705,0.07670412351520774,640440,108,46,21,7,200,200,1.0,640440,210334,430106,0.3284210855037162,0.6715789144962838,0,92549,0.14450846293173444,25406,True,200,200,1.0,210334,430106,0,92549,0.14450846293173444,25406,True,160420,0.20592099999942848,False,0,1.6405158686637877,50000,True,102091,25406,1000,0.63913,1597
0.32835261955585515,0.6716473804441448,0.28448275862068967,0.8620689655172413,1.0,0.05172413793103448,0.05172413793103448,4.7714367082724225,16.453230028525596,0.1215566789337123,640872,84,58,33,6,200,200,1.0,640872,210432,430440,0.32835261955585515,0.6716473804441448,0,92609,0.14450467488047536,25413,True,200,200,1.0,210432,430440,0,92609,0.14450467488047536,25413,True,160536,0.20534679999942806,False,0,1.737955681681633,50000,True,102155,25413,1000,0.639304,1598
0.3283280676420411,0.671671932357959,0.1595744680851064,0.9574468085106383,1.0,0.02127659574468085,0.02127659574468085,5.955941148967432,25.34443042113801,0.07891280122562709,641258,107,47,15,2,200,200,1.0,641258,210543,430715,0.3283280676420411,0.671671932357959,0,92655,0.14448942547305452,25415,True,200,200,1.0,210543,430715,0,92655,0.14448942547305452,25415,True,160629,0.20488644999942773,False,0,1.7381886970996856,50000,True,102203,25415,1000,0.6394420000000001,1599
0.32829331238779175,0.6717066876122082,0.41346153846153844,0.7115384615384616,1.0,0.0673076923076923,0.0673076923076923,5.224195571504772,20.09305989040297,0.0995368555565426,641664,97,52,43,7,200,200,1.0,641664,210654,431010,0.32829331238779175,0.6717066876122082,0,92709,0.14448215888689409,25422,True,200,200,1.0,210654,431010,0,92709,0.14448215888689409,25422,True,160732,0.20437659999942737,False,0,1.6815041130781174,50000,True,102260,25422,1000,0.639598,1600
0.32826571139319366,0.6717342886068063,0.22340425531914893,0.9361702127659575,1.0,0.010638297872340425,0.010638297872340425,5.9254967169741635,25.214879646698567,0.07931824494200447,642050,107,47,21,1,200,200,1.0,642050,210763,431287,0.32826571139319366,0.6717342886068063,0,92756,0.14446849933805778,25423,True,200,200,1.0,210763,431287,0,92756,0.14446849933805778,25423,True,160825,0.20391624999942704,False,0,1.6439784622192384,50000,True,102307,25423,1000,0.6397360000000001,1601
0.3282671365507107,0.6717328634492893,0.2222222222222222,0.8666666666666667,1.0,0.07777777777777778,0.07777777777777778,5.9740593820883054,26.55137503150358,0.07532566571889297,642428,111,45,20,7,200,200,1.0,642428,210888,431540,0.3282671365507107,0.6717328634492893,0,92802,0.14445509847017876,25430,True,200,200,1.0,210888,431540,0,92802,0.14445509847017876,25430,True,160914,0.20347569999942672,False,0,1.5826453703641892,50000,True,102357,25430,1000,0.639868,1602
0.32824989188028736,0.6717501081197126,0.2,0.8666666666666667,1.0,0.011111111111111112,0.011111111111111112,6.00061332972505,26.66939257655578,0.07499233416205126,642806,111,45,18,1,200,200,1.0,642806,211001,431805,0.32824989188028736,0.6717501081197126,0,92846,0.14443860200433722,25431,True,200,200,1.0,211001,431805,0,92846,0.14443860200433722,25431,True,161003,0.2030351499994264,False,0,1.5514242666959763,50000,True,102402,25431,1000,0.64,1603
0.32824243517306356,0.6717575648269365,0.14285714285714285,0.9285714285714286,1.0,0.0,0.0,6.296288332468733,29.982325392708255,0.06670596672552967,643174,116,42,12,0,200,200,1.0,643174,211117,432057,0.32824243517306356,0.6717575648269365,0,92888,0.14442126080967202,25431,True,200,200,1.0,211117,432057,0,92888,0.14442126080967202,25431,True,161087,0.2026193499994261,False,0,1.5378360092639922,50000,True,102444,25431,1000,0.640126,1604
0.3282059887384868,0.6717940112615133,0.22033898305084745,0.8305084745762712,1.0,0.1440677966101695,0.1440677966101695,4.7065725082517424,15.954483078819468,0.1253566154490533,643608,83,59,26,17,200,200,1.0,643608,211236,432372,0.3282059887384868,0.6717940112615133,0,92955,0.14442797479210948,25449,True,200,200,1.0,211236,432372,0,92955,0.14442797479210948,25449,True,161204,0.20204019999942568,False,0,1.5760389792919158,50000,True,102519,25449,1000,0.640306,1605
0.3281852682314797,0.6718147317685204,0.18085106382978725,0.9148936170212766,1.0,0.031914893617021274,0.031914893617021274,5.797336646482696,24.669517644607218,0.0810717107976046,643996,106,47,17,3,200,200,1.0,643996,211350,432646,0.3281852682314797,0.6718147317685204,0,93004,0.1444170460686091,25453,True,200,200,1.0,211350,432646,0,93004,0.1444170460686091,25453,True,161298,0.20157489999942535,False,0,1.634264975786209,50000,True,102569,25453,1000,0.640444,1606
0.32817281728172815,0.6718271827182718,0.31521739130434784,0.8260869565217391,1.0,0.05434782608695652,0.05434782608695652,5.850274493411758,25.435976058311994,0.07862878921630523,644380,108,46,29,5,200,200,1.0,644380,211468,432912,0.32817281728172815,0.6718271827182718,0,93050,0.14440237127160993,25458,True,200,200,1.0,211468,432912,0,93050,0.14440237127160993,25458,True,161390,0.20111949999942502,False,0,1.6284310561418534,50000,True,102620,25458,1000,0.640582,1607
0.3281284895406834,0.6718715104593166,0.2647058823529412,0.8627450980392157,1.0,0.0392156862745098,0.0392156862745098,5.38961686715031,21.135752420197292,0.09462639229672293,644784,98,51,27,4,200,200,1.0,644784,211572,433212,0.3281284895406834,0.6718715104593166,0,93104,0.14439564257177598,25461,True,200,200,1.0,211572,433212,0,93104,0.14439564257177598,25461,True,161492,0.20061459999942466,False,0,1.5960468780994415,50000,True,102675,25461,1000,0.640738,1608
0.32806281229464496,0.671937187705355,0.175,0.9,1.0,0.08333333333333333,0.08333333333333333,4.52185776602644,15.072859220088136,0.13268882637306986,645224,80,60,21,10,200,200,1.0,645224,211674,433550,0.32806281229464496,0.671937187705355,0,93170,0.14439946437206302,25472,True,200,200,1.0,211674,433550,0,93170,0.14439946437206302,25472,True,161612,0.20002059999942423,False,0,1.5910944628715515,50000,True,102745,25472,1000,0.640918,1609
0.32800085493118736,0.6719991450688126,0.22131147540983606,0.8688524590163934,1.0,0.09016393442622951,0.09016393442622951,4.507551815263875,14.77885841070123,0.13532844989920323,645666,79,61,27,11,200,200,1.0,645666,211779,433887,0.32800085493118736,0.6719991450688126,0,93234,0.14439973608645956,25484,True,200,200,1.0,211779,433887,0,93234,0.14439973608645956,25484,True,161733,0.1994216499994238,False,0,1.604220489859581,50000,True,102814,25484,1000,0.6410980000000001,1610
0.32797722790974126,0.6720227720902587,0.22340425531914893,0.8936170212765957,1.0,0.010638297872340425,0.010638297872340425,5.877693826252862,25.01146309043771,0.07996333492240335,646054,106,47,21,1,200,200,1.0,646054,211891,434163,0.32797722790974126,0.6720227720902587,0,93282,0.1443873112773855,25487,True,200,200,1.0,211891,434163,0,93282,0.1443873112773855,25487,True,161827,0.19895634999942347,False,0,1.6306446653604507,50000,True,102862,25487,1000,0.641236,1611
0.3279690985424833,0.6720309014575168,0.2978723404255319,0.7872340425531915,1.0,0.0851063829787234,0.0851063829787234,5.69973754776923,24.254202330932895,0.08245993715692211,646442,106,47,28,8,200,200,1.0,646442,212013,434429,0.3279690985424833,0.6720309014575168,0,93335,0.1443826360292184,25495,True,200,200,1.0,212013,434429,0,93335,0.1443826360292184,25495,True,161921,0.19849104999942313,False,0,1.6741997385025025,50000,True,102917,25495,1000,0.6413800000000001,1612
0.3279393349102546,0.6720606650897454,0.3191489361702128,0.7872340425531915,1.0,0.010638297872340425,0.010638297872340425,5.6914752239631,24.219043506225958,0.0825796443813259,646830,106,47,30,1,200,200,1.0,646830,212121,434709,0.3279393349102546,0.6720606650897454,0,93382,0.1443686903823261,25496,True,200,200,1.0,212121,434709,0,93382,0.1443686903823261,25496,True,162015,0.1980257499994228,False,0,1.6330012881755829,50000,True,102965,25496,1000,0.641518,1613
0.3279081121837262,0.6720918878162738,0.23469387755102042,0.8979591836734694,1.0,0.030612244897959183,0.030612244897959183,5.771497036374001,23.55713076071021,0.08489998295275003,647224,103,49,23,3,200,200,1.0,647224,212230,434994,0.3279081121837262,0.6720918878162738,0,93431,0.1443565133554998,25499,True,200,200,1.0,212230,434994,0,93431,0.1443565133554998,25499,True,162112,0.19754559999942245,False,0,1.5689217221736909,50000,True,103016,25499,1000,0.641668,1614
0.3278718141137886,0.6721281858862114,0.23,0.88,1.0,0.04,0.04,5.568348925266659,22.273395701066637,0.08979322357678148,647622,101,50,23,4,200,200,1.0,647622,212337,435285,0.3278718141137886,0.6721281858862114,0,93482,0.1443465478319143,25502,True,200,200,1.0,212337,435285,0,93482,0.1443465478319143,25502,True,162211,0.1970555499994221,False,0,1.5242461115121841,50000,True,103069,25502,1000,0.641812,1615
0.3278316153323869,0.6721683846676131,0.17272727272727273,0.8909090909090909,1.0,0.09090909090909091,0.09090909090909091,5.262383538849035,19.13594014126922,0.1045153770985483,648040,91,55,19,10,200,200,1.0,648040,212448,435592,0.3278316153323869,0.6721683846676131,0,93541,0.14434448490833898,25512,True,200,200,1.0,212448,435592,0,93541,0.14434448490833898,25512,True,162320,0.1965159999994217,False,0,1.48199053555727,50000,True,103133,25512,1000,0.64198,1616
0.3278020073161554,0.6721979926838446,0.2765957446808511,0.8723404255319149,1.0,0.010638297872340425,0.010638297872340425,5.816008413689162,24.748971973145373,0.08081143742738733,648428,106,47,26,1,200,200,1.0,648428,212556,435872,0.3278020073161554,0.6721979926838446,0,93589,0.14433213864916383,25513,True,200,200,1.0,212556,435872,0,93589,0.14433213864916383,25513,True,162414,0.19605069999942137,False,0,1.5716897305846214,50000,True,103181,25513,1000,0.642118,1617
0.32777284608176754,0.6722271539182325,0.2288135593220339,0.8305084745762712,1.0,0.1694915254237288,0.1694915254237288,4.629097068235267,15.691854468594126,0.12745466152536813,648864,82,59,27,20,200,200,1.0,648864,212680,436184,0.32777284608176754,0.6722271539182325,0,93660,0.14434457760023672,25534,True,200,200,1.0,212680,436184,0,93660,0.14434457760023672,25534,True,162532,0.19546659999942095,False,0,1.5232281291484833,50000,True,103258,25534,1000,0.642298,1618
0.3277332150470065,0.6722667849529935,0.14423076923076922,0.9230769230769231,1.0,0.04807692307692308,0.04807692307692308,5.472857996016386,21.049453830832253,0.0950143417531572,649272,96,52,15,5,200,200,1.0,649272,212788,436484,0.3277332150470065,0.6722667849529935,0,93714,0.14433704210253945,25540,True,200,200,1.0,212788,436484,0,93714,0.14433704210253945,25540,True,162636,0.19495179999942058,False,0,1.5562022599577903,50000,True,103315,25540,1000,0.6424540000000001,1619
0.32768843354800575,0.6723115664519943,0.22,0.86,1.0,0.01,0.01,5.465223288122059,21.860893152488234,0.09148757034075515,649672,100,50,22,1,200,200,1.0,649672,212890,436782,0.32768843354800575,0.6723115664519943,0,93765,0.14432667561477175,25541,True,200,200,1.0,212890,436782,0,93765,0.14432667561477175,25541,True,162736,0.19445679999942023,False,0,1.5716445302963258,50000,True,103366,25541,1000,0.642604,1620
0.3276365985724834,0.6723634014275166,0.3076923076923077,0.8076923076923077,1.0,0.028846153846153848,0.019230769230769232,5.253169935089053,20.20449975034251,0.09898785046465185,650080,96,52,32,2,200,200,1.0,650080,212990,437090,0.3276365985724834,0.6723634014275166,0,93819,0.14431916071868078,25543,True,200,200,1.0,212990,437090,0,93819,0.14431916071868078,25543,True,162840,0.19394199999941986,False,0,1.6000801935791968,50000,True,103421,25543,1000,0.64276,1621
0.3275952184767503,0.6724047815232497,0.21428571428571427,0.8571428571428571,1.0,0.09821428571428571,0.09821428571428571,4.990309887104491,17.82253531108747,0.11221748001002933,650504,88,56,24,11,200,200,1.0,650504,213102,437402,0.3275952184767503,0.6724047815232497,0,93878,0.1443157920627698,25555,True,200,200,1.0,213102,437402,0,93878,0.1443157920627698,25555,True,162952,0.19338759999941946,False,0,1.6276240548491478,50000,True,103487,25555,1000,0.642928,1622
0.3275456277269096,0.6724543722730905,0.17592592592592593,0.9259259259259259,1.0,0.05555555555555555,0.05555555555555555,5.167765815693866,19.139873391458764,0.10449389915465726,650920,92,54,19,6,200,200,1.0,650920,213206,437714,0.3275456277269096,0.6724543722730905,0,93935,0.14431112886376207,25561,True,200,200,1.0,213206,437714,0,93935,0.14431112886376207,25561,True,163060,0.19285299999941907,False,0,1.6040977677702903,50000,True,103546,25561,1000,0.64309,1623
0.3275437443573003,0.6724562556426996,0.2926829268292683,0.8536585365853658,1.0,0.0,0.0,6.318383742815383,30.821384111294552,0.06489001249191455,651284,118,41,24,0,200,200,1.0,651284,213324,437960,0.3275437443573003,0.6724562556426996,0,93976,0.1442934265236057,25561,True,200,200,1.0,213324,437960,0,93976,0.1442934265236057,25561,True,163142,0.19244709999941878,False,0,1.630339608490467,50000,True,103587,25561,1000,0.6432100000000001,1624
0.3274983734947154,0.6725016265052846,0.16363636363636364,0.9454545454545454,1.0,0.08181818181818182,0.08181818181818182,5.185449447529685,18.856179809198853,0.10606602292922102,651704,90,55,18,9,200,200,1.0,651704,213432,438272,0.3274983734947154,0.6725016265052846,0,94032,0.1442863631341836,25570,True,200,200,1.0,213432,438272,0,94032,0.1442863631341836,25570,True,163252,0.1919025999994184,False,0,1.5030698043107986,50000,True,103651,25570,1000,0.643378,1625
0.3274707175915276,0.6725292824084723,0.10204081632653061,0.9795918367346939,1.0,0.04081632653061224,0.04081632653061224,5.794208665537058,23.64983128790636,0.08456719947185101,652098,103,49,10,4,200,200,1.0,652098,213543,438555,0.3274707175915276,0.6725292824084723,0,94083,0.14427739388864863,25574,True,200,200,1.0,213543,438555,0,94083,0.14427739388864863,25574,True,163349,0.19142244999941804,False,0,1.5711768832802773,50000,True,103703,25574,1000,0.643522,1626
0.3274459561764589,0.6725540438235411,0.18421052631578946,0.9122807017543859,1.0,0.16666666666666666,0.14035087719298245,4.837063849067345,16.97215385637665,0.11784008187320168,652526,86,57,21,16,200,200,1.0,652526,213667,438859,0.3274459561764589,0.6725540438235411,0,94153,0.1442900359525904,25593,True,200,200,1.0,213667,438859,0,94153,0.1442900359525904,25593,True,163463,0.19085814999941764,False,0,1.5692247942090034,50000,True,103774,25593,1000,0.64369,1627
0.3274084465626876,0.6725915534373124,0.21929824561403508,0.8947368421052632,1.0,0.13157894736842105,0.12280701754385964,5.04282416806747,17.694119887956035,0.11303190057852791,652952,87,57,25,14,200,200,1.0,652952,213782,439170,0.3274084465626876,0.6725915534373124,0,94214,0.1442893198887514,25607,True,200,200,1.0,213782,439170,0,94214,0.1442893198887514,25607,True,163576,0.19029879999941723,False,0,1.533750891983509,50000,True,103844,25607,1000,0.643864,1628
0.32741234850595263,0.6725876514940474,0.19318181818181818,0.8863636363636364,1.0,0.06818181818181818,0.06818181818181818,6.120024373133948,27.81829260515431,0.07189513851146387,653326,113,44,17,6,200,200,1.0,653326,213907,439419,0.32741234850595263,0.6725876514940474,0,94262,0.14428019090010194,25613,True,200,200,1.0,213907,439419,0,94262,0.14428019090010194,25613,True,163663,0.18986814999941692,False,0,1.5525755642354488,50000,True,103893,25613,1000,0.6439900000000001,1629
0.32743567230888304,0.672564327691117,0.17796610169491525,0.9152542372881356,1.0,0.3220338983050847,0.3050847457627119,4.885728230027524,16.561790610262793,0.12075988925742523,653762,82,59,21,36,200,200,1.0,653762,214065,439697,0.32743567230888304,0.672564327691117,0,94339,0.1443017489545125,25651,True,200,200,1.0,214065,439697,0,94339,0.1443017489545125,25651,True,163781,0.1892840499994165,False,0,1.4745137618482114,50000,True,103981,25651,1000,0.64417,1630
0.3273848467987013,0.6726151532012987,0.22641509433962265,0.8490566037735849,1.0,0.02830188679245283,0.02830188679245283,5.30052184710559,20.00196923436072,0.09999015479757196,654172,95,53,24,3,200,200,1.0,654172,214166,440006,0.3273848467987013,0.6726151532012987,0,94392,0.14429232678867332,25654,True,200,200,1.0,214166,440006,0,94392,0.14429232678867332,25654,True,163886,0.18876429999941613,False,0,1.5219892655313014,50000,True,104036,25654,1000,0.644326,1631
0.32737094911297565,0.6726290508870243,0.13636363636363635,0.8863636363636364,1.0,0.011363636363636364,0.011363636363636364,6.042282976594099,27.46492262088227,0.0728201578284932,654548,112,44,12,1,200,200,1.0,654548,214280,440268,0.32737094911297565,0.6726290508870243,0,94437,0.14427818891815422,25655,True,200,200,1.0,214280,440268,0,94437,0.14427818891815422,25655,True,163974,0.18832869999941582,False,0,1.5847460351884366,50000,True,104081,25655,1000,0.644458,1632
0.3273444347063979,0.6726555652936022,0.30851063829787234,0.7872340425531915,1.0,0.010638297872340425,0.010638297872340425,5.73998415821055,24.425464503023615,0.08188175908599081,654934,107,47,29,1,200,200,1.0,654934,214389,440545,0.3273444347063979,0.6726555652936022,0,94483,0.1442633914257009,25656,True,200,200,1.0,214389,440545,0,94483,0.1442633914257009,25656,True,164067,0.18786834999941548,False,0,1.675067090988159,50000,True,104128,25656,1000,0.6445960000000001,1633
0.327287126416436,0.672712873583564,0.25,0.8653846153846154,1.0,0.0,0.0,5.31181137536726,20.430043751412537,0.09789504243532125,655342,96,52,26,0,200,200,1.0,655342,214485,440857,0.327287126416436,0.672712873583564,0,94535,0.14425292442724563,25656,True,200,200,1.0,214485,440857,0,94535,0.14425292442724563,25656,True,164171,0.18735354999941511,False,0,1.6917656487226487,50000,True,104180,25656,1000,0.644752,1634
0.3272370431594775,0.6727629568405225,0.22641509433962265,0.9433962264150944,1.0,0.03773584905660377,0.03773584905660377,5.365503999899883,20.24718490528258,0.09877916408409898,655754,94,53,24,4,200,200,1.0,655754,214587,441167,0.3272370431594775,0.6727629568405225,0,94589,0.14424464052068306,25660,True,200,200,1.0,214587,441167,0,94589,0.14424464052068306,25660,True,164277,0.18682884999941474,False,0,1.6564594960212708,50000,True,104237,25660,1000,0.644914,1635
0.3272068123702794,0.6727931876297206,0.21212121212121213,0.8484848484848485,1.0,0.24242424242424243,0.23484848484848486,3.9933214156337336,12.100973986768889,0.16527595234786757,656218,68,66,28,31,200,200,1.0,656218,214719,441499,0.3272068123702794,0.6727931876297206,0,94674,0.14427217784333865,25692,True,200,200,1.0,214719,441499,0,94674,0.14427217784333865,25692,True,164409,0.18617544999941427,False,0,1.5262271678447723,50000,True,104328,25692,1000,0.645112,1636
0.32720565837729826,0.6727943416227018,0.2261904761904762,0.8809523809523809,1.0,0.011904761904761904,0.011904761904761904,6.255442811995323,29.787822914263444,0.06714152980419158,656584,117,42,19,1,200,200,1.0,656584,214838,441746,0.32720565837729826,0.6727943416227018,0,94716,0.14425572356316937,25693,True,200,200,1.0,214838,441746,0,94716,0.14425572356316937,25693,True,164492,0.18576459999941397,False,0,1.464599534869194,50000,True,104370,25693,1000,0.645238,1637
0.327169776857743,0.6728302231422569,0.24489795918367346,0.8367346938775511,1.0,0.01020408163265306,0.01020408163265306,5.54029322869235,22.613441749764693,0.08844297219908205,656980,102,49,24,1,200,200,1.0,656980,214944,442036,0.327169776857743,0.6728302231422569,0,94766,0.14424487807848033,25695,True,200,200,1.0,214944,442036,0,94766,0.14424487807848033,25695,True,164590,0.18527949999941362,False,0,1.5025744760036468,50000,True,104420,25695,1000,0.645382,1638
0.32717829825298017,0.6728217017470198,0.23809523809523808,0.8809523809523809,1.0,0.05952380952380952,0.05952380952380952,6.298398619284998,29.99237437754761,0.06668361680284995,657348,116,42,20,5,200,200,1.0,657348,215070,442278,0.32717829825298017,0.6728217017470198,0,94812,0.14423410431004582,25700,True,200,200,1.0,215070,442278,0,94812,0.14423410431004582,25700,True,164674,0.18486369999941332,False,0,1.554900630712509,50000,True,104467,25700,1000,0.645508,1639
0.32719427872949847,0.6728057212705015,0.1346153846153846,0.9423076923076923,1.0,0.23076923076923078,0.23076923076923078,5.428065935205694,20.877176673868057,0.09579839416233893,657756,96,52,14,24,200,200,1.0,657756,215214,442542,0.32719427872949847,0.6728057212705015,0,94878,0.144244978381041,25724,True,200,200,1.0,215214,442542,0,94878,0.144244978381041,25724,True,164778,0.18434889999941295,False,0,1.5996396392583847,50000,True,104538,25724,1000,0.645664,1640
0.3271900954534266,0.6728099045465734,0.2619047619047619,0.8333333333333334,1.0,0.011904761904761904,0.011904761904761904,6.235831993191892,29.694438062818534,0.06735268051777923,658122,117,42,22,1,200,200,1.0,658122,215331,442791,0.3271900954534266,0.6728099045465734,0,94920,0.14422857768012617,25724,True,200,200,1.0,215331,442791,0,94920,0.14422857768012617,25724,True,164861,0.18393804999941266,False,0,1.6256400007009506,50000,True,104580,25724,1000,0.6457900000000001,1641
0.32716488082221734,0.6728351191777826,0.19791666666666666,0.875,1.0,0.03125,0.03125,5.763920902487544,24.016337093698098,0.08327664590137691,658512,105,48,19,3,200,200,1.0,658512,215442,443070,0.32716488082221734,0.6728351191777826,0,94968,0.1442160507325607,25727,True,200,200,1.0,215442,443070,0,94968,0.1442160507325607,25727,True,164956,0.18346779999941232,False,0,1.606699048280716,50000,True,104630,25727,1000,0.645934,1642
0.32714558014738915,0.6728544198526109,0.21428571428571427,0.8928571428571429,1.0,0.17857142857142858,0.16964285714285715,4.915192626534701,17.554259380481074,0.11393246258078193,658936,88,56,24,19,200,200,1.0,658936,215568,443368,0.32714558014738915,0.6728544198526109,0,95038,0.14422948510932776,25746,True,200,200,1.0,215568,443368,0,95038,0.14422948510932776,25746,True,165068,0.18291339999941192,False,0,1.660112561583519,50000,True,104704,25746,1000,0.646102,1643
0.3271249165807195,0.6728750834192805,0.2717391304347826,0.8478260869565217,1.0,0.021739130434782608,0.021739130434782608,5.799027040596837,25.2131610460732,0.0793236514987274,659320,108,46,25,2,200,200,1.0,659320,215680,443640,0.3271249165807195,0.6728750834192805,0,95084,0.14421525207789845,25748,True,200,200,1.0,215680,443640,0,95084,0.14421525207789845,25748,True,165160,0.1824579999994116,False,0,1.604901214838028,50000,True,104752,25748,1000,0.64624,1644
0.3271007212347393,0.6728992787652607,0.2391304347826087,0.8913043478260869,1.0,0.010869565217391304,0.0,6.013165544715955,26.144198020504152,0.07649880858580771,659702,109,46,22,0,200,200,1.0,659702,215789,443913,0.3271007212347393,0.6728992787652607,0,95130,0.1442014727861974,25748,True,200,200,1.0,215789,443913,0,95130,0.1442014727861974,25748,True,165251,0.18200754999941127,False,0,1.5706573140621185,50000,True,104798,25748,1000,0.646372,1645
0.32707823942360426,0.6729217605763957,0.19,0.92,1.0,0.09,0.09,5.5489119244947975,22.19564769797919,0.09010775568320499,660102,100,50,19,9,200,200,1.0,660102,215905,444197,0.32707823942360426,0.6729217605763957,0,95184,0.14419589699773672,25756,True,200,200,1.0,215905,444197,0,95184,0.14419589699773672,25756,True,165351,0.1815125499994109,False,0,1.6039970153570176,50000,True,104856,25756,1000,0.646522,1646
0.32706172689972596,0.672938273100274,0.2553191489361702,0.8297872340425532,1.0,0.05319148936170213,0.05319148936170213,5.76098911435757,24.514847295138598,0.08158321265156765,660490,106,47,24,5,200,200,1.0,660490,216021,444469,0.32706172689972596,0.672938273100274,0,95231,0.14418234946781935,25761,True,200,200,1.0,216021,444469,0,95231,0.14418234946781935,25761,True,165445,0.18104724999941058,False,0,1.512541795372963,50000,True,104908,25761,1000,0.646666,1647
0.327044710354136,0.6729552896458639,0.1595744680851064,0.9574468085106383,1.0,0.0425531914893617,0.0425531914893617,6.014266350905972,25.592622769812646,0.07814752000951879,660876,107,47,15,4,200,200,1.0,660876,216136,444740,0.327044710354136,0.6729552896458639,0,95278,0.14416925414147283,25765,True,200,200,1.0,216136,444740,0,95278,0.14416925414147283,25765,True,165538,0.18058689999941024,False,0,1.5424527204036713,50000,True,104958,25765,1000,0.6468039999999999,1648
0.32704201838247526,0.6729579816175247,0.25961538461538464,0.8846153846153846,1.0,0.14423076923076922,0.14423076923076922,5.431245579193062,20.88940607381947,0.0957423103812695,661282,97,52,27,15,200,200,1.0,661282,216267,445015,0.32704201838247526,0.6729579816175247,0,95337,0.14416996077316485,25781,True,200,200,1.0,216267,445015,0,95337,0.14416996077316485,25781,True,165641,0.18007704999940988,False,0,1.5997151243686676,50000,True,105024,25781,1000,0.64696,1649
0.3270534642810721,0.6729465357189279,0.21794871794871795,0.8717948717948718,1.0,0.01282051282051282,0.01282051282051282,6.479812852112799,33.229809498014355,0.060186923434499676,661638,122,39,17,1,200,200,1.0,661638,216391,445247,0.3270534642810721,0.6729465357189279,0,95376,0.14415133350865578,25782,True,200,200,1.0,216391,445247,0,95376,0.14415133350865578,25782,True,165719,0.1796909499994096,False,0,1.5988541489839554,50000,True,105064,25782,1000,0.647074,1650
0.32702242201236204,0.6729775779876379,0.21875,0.8958333333333334,1.0,0.010416666666666666,0.010416666666666666,5.749508836344541,23.956286818102253,0.08348539217224292,662028,105,48,21,1,200,200,1.0,662028,216498,445530,0.32702242201236204,0.6729775779876379,0,95423,0.14413740808545863,25783,True,200,200,1.0,216498,445530,0,95423,0.14413740808545863,25783,True,165814,0.17922069999940926,False,0,1.611516673564911,50000,True,105112,25783,1000,0.6472180000000001,1651
0.32699611736077144,0.6730038826392286,0.20192307692307693,0.9423076923076923,1.0,0.08653846153846154,0.0673076923076923,5.371741584532909,20.660544555895804,0.09680286957534569,662436,96,52,21,7,200,200,1.0,662436,216614,445822,0.32699611736077144,0.6730038826392286,0,95482,0.14413769783043193,25793,True,200,200,1.0,216614,445822,0,95482,0.14413769783043193,25793,True,165918,0.1787058999994089,False,0,1.6008388179540634,50000,True,105172,25793,1000,0.647374,1652
0.3269513346830524,0.6730486653169476,0.19090909090909092,0.9090909090909091,1.0,0.06363636363636363,0.06363636363636363,5.156208987087058,18.749850862134757,0.10666751510215963,662854,91,55,21,7,200,200,1.0,662854,216721,446133,0.3269513346830524,0.6730486653169476,0,95539,0.14413279545721985,25801,True,200,200,1.0,216721,446133,0,95539,0.14413279545721985,25801,True,166027,0.1781663499994085,False,0,1.6262428617477418,50000,True,105233,25801,1000,0.647536,1653
0.32695978649296603,0.6730402135070339,0.24358974358974358,0.8974358974358975,1.0,0.01282051282051282,0.01282051282051282,6.601116981807933,33.8518819579894,0.059080910257279774,663210,122,39,19,1,200,200,1.0,663210,216843,446367,0.32695978649296603,0.6730402135070339,0,95579,0.14411574011248324,25801,True,200,200,1.0,216843,446367,0,95579,0.14411574011248324,25801,True,166105,0.17778024999940822,False,0,1.635332002043724,50000,True,105273,25801,1000,0.647656,1654
0.32694684050947276,0.6730531594905272,0.26666666666666666,0.8666666666666667,1.0,0.022222222222222223,0.022222222222222223,6.064795222695544,26.95464543420242,0.07419871297814308,663588,111,45,24,2,200,200,1.0,663588,216958,446630,0.32694684050947276,0.6730531594905272,0,95625,0.14410296750393317,25803,True,200,200,1.0,216958,446630,0,95625,0.14410296750393317,25803,True,166194,0.1773396999994079,False,0,1.6620768904685974,50000,True,105319,25803,1000,0.647788,1655
0.32690401963884996,0.67309598036115,0.21568627450980393,0.8823529411764706,1.0,0.0196078431372549,0.0196078431372549,5.453325687863403,21.38559093279766,0.09352091351063548,663990,99,51,22,2,200,200,1.0,663990,217061,446929,0.32690401963884996,0.67309598036115,0,95675,0.144091025467251,25805,True,200,200,1.0,217061,446929,0,95675,0.144091025467251,25805,True,166295,0.17683974999940755,False,0,1.622903693318367,50000,True,105371,25805,1000,0.647938,1656
0.32688012137778233,0.6731198786222177,0.2826086956521739,0.8260869565217391,1.0,0.0,0.0,5.851724763021768,25.442281578355516,0.07860930215085182,664372,109,46,26,0,200,200,1.0,664372,217170,447202,0.32688012137778233,0.6731198786222177,0,95720,0.14407590927974087,25805,True,200,200,1.0,217170,447202,0,95720,0.14407590927974087,25805,True,166386,0.17638929999940722,False,0,1.6029161328077317,50000,True,105416,25805,1000,0.648076,1657
0.32682298717786723,0.6731770128221328,0.16666666666666666,0.9074074074074074,1.0,0.018518518518518517,0.018518518518518517,5.268261154589568,19.512078350331734,0.10250061341958465,664788,92,54,18,2,200,200,1.0,664788,217268,447520,0.32682298717786723,0.6731770128221328,0,95774,0.14406698075175844,25808,True,200,200,1.0,217268,447520,0,95774,0.14406698075175844,25808,True,166494,0.17585469999940684,False,0,1.547143629193306,50000,True,105472,25808,1000,0.648238,1658
0.3268117118579856,0.6731882881420144,0.16304347826086957,0.8913043478260869,1.0,0.05434782608695652,0.05434782608695652,5.886505037867189,25.593500164639952,0.07814484096095638,665172,108,46,15,5,200,200,1.0,665172,217386,447786,0.3268117118579856,0.6731882881420144,0,95824,0.1440589802336839,25813,True,200,200,1.0,217386,447786,0,95824,0.1440589802336839,25813,True,166586,0.1753992999994065,False,0,1.503867787718773,50000,True,105523,25813,1000,0.6483760000000001,1659
0.32677716644981386,0.6732228335501862,0.20754716981132076,0.9245283018867925,1.0,0.07547169811320754,0.07547169811320754,5.308239000471993,20.03109056781884,0.09984478844167982,665582,95,53,22,8,200,200,1.0,665582,217497,448085,0.32677716644981386,0.6732228335501862,0,95881,0.1440558789149947,25821,True,200,200,1.0,217497,448085,0,95881,0.1440558789149947,25821,True,166691,0.17487954999940614,False,0,1.5250612205266953,50000,True,105583,25821,1000,0.648532,1660
0.3267978076432165,0.6732021923567835,0.17857142857142858,0.9047619047619048,1.0,0.09523809523809523,0.09523809523809523,6.213617314844625,29.5886538802125,0.06759347715164243,665950,116,42,15,8,200,200,1.0,665950,217631,448319,0.3267978076432165,0.6732021923567835,0,95928,0.14404685036414144,25830,True,200,200,1.0,217631,448319,0,95928,0.14404685036414144,25830,True,166775,0.17446374999940584,False,0,1.5215718549489976,50000,True,105633,25830,1000,0.648658,1661
0.32682206467646757,0.6731779353235324,0.20652173913043478,0.8913043478260869,1.0,0.16304347826086957,0.15217391304347827,5.982034275794506,26.008844677367417,0.07689691813725105,666332,109,46,19,14,200,200,1.0,666332,217772,448560,0.32682206467646757,0.6731779353235324,0,95978,0.14403930773248172,25845,True,200,200,1.0,217772,448560,0,95978,0.14403930773248172,25845,True,166866,0.1740132999994055,False,0,1.5309535080194474,50000,True,105691,25845,1000,0.6487959999999999,1662
0.3268067771391545,0.6731932228608455,0.2222222222222222,0.8444444444444444,1.0,0.022222222222222223,0.022222222222222223,5.970702949413075,26.536457552947,0.07536801006726275,666712,110,45,20,2,200,200,1.0,666712,217886,448826,0.3268067771391545,0.6731932228608455,0,96023,0.14402470631997025,25847,True,200,200,1.0,217886,448826,0,96023,0.14402470631997025,25847,True,166956,0.1735677999994052,False,0,1.5697674572467804,50000,True,105738,25847,1000,0.648934,1663
0.3268154414828716,0.6731845585171283,0.12280701754385964,0.9122807017543859,1.0,0.24561403508771928,0.23684210526315788,4.959783855614311,17.40275037057653,0.11492436295480475,667138,87,57,14,27,200,200,1.0,667138,218031,449107,0.3268154414828716,0.6731845585171283,0,96092,0.14403616643033376,25876,True,200,200,1.0,218031,449107,0,96092,0.14403616643033376,25876,True,167069,0.1730084499994048,False,0,1.5824996429681777,50000,True,105816,25876,1000,0.6491020000000001,1664
0.32678998364162576,0.6732100163583743,0.10377358490566038,0.9622641509433962,1.0,0.11320754716981132,0.10377358490566038,5.338124893504809,20.143867522659658,0.0992857998966791,667548,95,53,11,11,200,200,1.0,667548,218148,449400,0.32678998364162576,0.6732100163583743,0,96149,0.1440330882573238,25887,True,200,200,1.0,218148,449400,0,96149,0.1440330882573238,25887,True,167174,0.17248869999940442,False,0,1.586954882144928,50000,True,105880,25887,1000,0.649258,1665
0.32677122914813916,0.6732287708518608,0.25555555555555554,0.8222222222222222,1.0,0.0,0.0,5.962854035813297,26.501573492503546,0.07546721709055262,667926,111,45,23,0,200,200,1.0,667926,218259,449667,0.32677122914813916,0.6732287708518608,0,96193,0.1440174510349949,25887,True,200,200,1.0,218259,449667,0,96193,0.1440174510349949,25887,True,167263,0.1720481499994041,False,0,1.5878868865966798,50000,True,105924,25887,1000,0.64939,1666
0.3267768377390789,0.673223162260921,0.30952380952380953,0.8333333333333334,1.0,0.047619047619047616,0.047619047619047616,6.2174081845961595,29.606705640934095,0.0675522641477142,668294,116,42,26,4,200,200,1.0,668294,218383,449911,0.3267768377390789,0.673223162260921,0,96236,0.14400248992210016,25891,True,200,200,1.0,218383,449911,0,96236,0.14400248992210016,25891,True,167347,0.1716323499994038,False,0,1.586234400868416,50000,True,105970,25891,1000,0.649516,1667
0.32676604832293454,0.6732339516770655,0.2159090909090909,0.8181818181818182,1.0,0.011363636363636364,0.011363636363636364,6.084837344822031,27.65835156737287,0.07231088935753123,668668,113,44,19,1,200,200,1.0,668668,218498,450170,0.32676604832293454,0.6732339516770655,0,96280,0.14398774877816795,25892,True,200,200,1.0,218498,450170,0,96280,0.14398774877816795,25892,True,167434,0.1712016999994035,False,0,1.5419725281000138,50000,True,106014,25892,1000,0.649648,1668
0.3267231432380565,0.6732768567619435,0.25,0.88,1.0,0.01,0.01,5.509576251464512,22.03830500585805,0.09075108087797022,669068,100,50,25,1,200,200,1.0,669068,218600,450468,0.3267231432380565,0.6732768567619435,0,96330,0.14397639701794138,25893,True,200,200,1.0,218600,450468,0,96330,0.14397639701794138,25893,True,167534,0.17070669999940313,False,0,1.5152592611312867,50000,True,106065,25893,1000,0.649798,1669
0.32670446906845363,0.6732955309315464,0.24444444444444444,0.8666666666666667,1.0,0.0,0.0,5.991692541345658,26.629744628202925,0.07510398721142252,669446,111,45,22,0,200,200,1.0,669446,218711,450735,0.32670446906845363,0.6732955309315464,0,96374,0.14396082731094068,25893,True,200,200,1.0,218711,450735,0,96374,0.14396082731094068,25893,True,167623,0.17026614999940282,False,0,1.5007888317108153,50000,True,106109,25893,1000,0.64993,1670
0.32666268567589757,0.6733373143241024,0.24509803921568626,0.8627450980392157,1.0,0.029411764705882353,0.029411764705882353,5.397617736285571,21.167128377590473,0.09448612793964954,669850,98,51,25,3,200,200,1.0,669850,218815,451035,0.32666268567589757,0.6733373143241024,0,96426,0.1439516309621557,25896,True,200,200,1.0,218815,451035,0,96426,0.1439516309621557,25896,True,167725,0.16976124999940245,False,0,1.4924372005462647,50000,True,106163,25896,1000,0.6500859999999999,1671
0.3266669053928239,0.673333094607176,0.26136363636363635,0.8409090909090909,1.0,0.056818181818181816,0.056818181818181816,6.094691142918816,27.703141558721892,0.07219397828078931,670224,113,44,23,5,200,200,1.0,670224,218940,451284,0.3266669053928239,0.673333094607176,0,96473,0.14394142853732483,25902,True,200,200,1.0,218940,451284,0,96473,0.14394142853732483,25902,True,167812,0.16933059999940214,False,0,1.5048024719953537,50000,True,106211,25902,1000,0.650218,1672
0.3266355711563295,0.6733644288436704,0.29,0.8,1.0,0.03,0.03,5.47202622643916,21.88810490575664,0.09137383106538353,670622,101,50,29,3,200,200,1.0,670622,219049,451573,0.3266355711563295,0.6733644288436704,0,96523,0.1439305599875936,25906,True,200,200,1.0,219049,451573,0,96523,0.1439305599875936,25906,True,167911,0.1688405499994018,False,0,1.5210265821218492,50000,True,106263,25906,1000,0.650362,1673
0.3266461595323896,0.6733538404676104,0.1951219512195122,0.926829268292683,1.0,0.04878048780487805,0.04878048780487805,6.40572191031487,31.247423952755465,0.06400527617969083,670986,118,41,16,4,200,200,1.0,670986,219175,451811,0.3266461595323896,0.6733538404676104,0,96567,0.14391805492215934,25910,True,200,200,1.0,219175,451811,0,96567,0.14391805492215934,25910,True,167993,0.1684346499994015,False,0,1.5899444085359573,50000,True,106308,25910,1000,0.650488,1674
0.32666607084338783,0.6733339291566122,0.1794871794871795,0.9743589743589743,1.0,0.038461538461538464,0.038461538461538464,6.575185071697165,33.7188978035752,0.059313919798052846,671340,123,39,14,3,200,200,1.0,671340,219304,452036,0.32666607084338783,0.6733339291566122,0,96607,0.14390174874132333,25913,True,200,200,1.0,219304,452036,0,96607,0.14390174874132333,25913,True,168070,0.16805349999940122,False,0,1.5614816921949386,50000,True,106349,25913,1000,0.650602,1675
0.3266622599768351,0.6733377400231648,0.21428571428571427,0.9047619047619048,1.0,0.0,0.0,6.4213329754462825,30.577776073553725,0.06540698038958337,671706,117,42,18,0,200,200,1.0,671706,219421,452285,0.3266622599768351,0.6733377400231648,0,96648,0.1438843779867978,25913,True,200,200,1.0,219421,452285,0,96648,0.1438843779867978,25913,True,168153,0.16764264999940093,False,0,1.572612727880478,50000,True,106390,25913,1000,0.650728,1676
0.3266545649327461,0.6733454350672539,0.1590909090909091,0.9318181818181818,1.0,0.03409090909090909,0.03409090909090909,6.273874362836457,28.51761074016571,0.07013210251807997,672080,113,44,14,3,200,200,1.0,672080,219538,452542,0.3266545649327461,0.6733454350672539,0,96692,0.1438697774074515,25915,True,200,200,1.0,219538,452542,0,96692,0.1438697774074515,25915,True,168240,0.16721199999940062,False,0,1.6386657023429871,50000,True,106436,25915,1000,0.65086,1677
0.32664687844819124,0.6733531215518087,0.23863636363636365,0.8636363636363636,1.0,0.022727272727272728,0.022727272727272728,6.123166516431848,27.832575074690215,0.07185824504678033,672454,113,44,21,2,200,200,1.0,672454,219655,452799,0.32664687844819124,0.6733531215518087,0,96735,0.1438537059784015,25917,True,200,200,1.0,219655,452799,0,96735,0.1438537059784015,25917,True,168327,0.1667813499994003,False,0,1.593511652648449,50000,True,106481,25917,1000,0.6509860000000001,1678
0.32665846241650837,0.6733415375834917,0.2976190476190476,0.8333333333333334,1.0,0.07142857142857142,0.05952380952380952,6.229335192414494,29.663500916259494,0.06742292508379337,672822,116,42,25,5,200,200,1.0,672822,219783,453039,0.32665846241650837,0.6733415375834917,0,96778,0.14383893511210988,25923,True,200,200,1.0,219783,453039,0,96778,0.14383893511210988,25923,True,168411,0.1663655499994,False,0,1.5923695731163026,50000,True,106529,25923,1000,0.651112,1679
0.3266547831253714,0.6733452168746286,0.16666666666666666,0.8888888888888888,1.0,0.06666666666666667,0.05555555555555555,6.0595302269070555,26.931245452920248,0.07426318264769048,673200,111,45,15,5,200,200,1.0,673200,219904,453296,0.3266547831253714,0.6733452168746286,0,96824,0.14382650029708854,25928,True,200,200,1.0,219904,453296,0,96824,0.14382650029708854,25928,True,168500,0.1659249999993997,False,0,1.633288695216179,50000,True,106579,25928,1000,0.65125,1680
0.32664904909660464,0.6733509509033954,0.23255813953488372,0.8372093023255814,1.0,0.011627906976744186,0.011627906976744186,6.118460191300974,28.457954378144063,0.07027912032693454,673570,115,43,20,1,200,200,1.0,673570,220021,453549,0.32664904909660464,0.6733509509033954,0,96866,0.14380984901346555,25929,True,200,200,1.0,220021,453549,0,96866,0.14380984901346555,25929,True,168585,0.1655042499993994,False,0,1.5767986631393434,50000,True,106622,25929,1000,0.651376,1681
0.3266329943348577,0.6733670056651423,0.22727272727272727,0.9090909090909091,1.0,0.0,0.0,6.106927684209013,27.75876220095006,0.07204932213913878,673946,112,44,20,0,200,200,1.0,673946,220133,453813,0.3266329943348577,0.6733670056651423,0,96910,0.14379490344923776,25929,True,200,200,1.0,220133,453813,0,96910,0.14379490344923776,25929,True,168673,0.16506864999939908,False,0,1.5817721515893937,50000,True,106666,25929,1000,0.651508,1682
0.3266128075545116,0.6733871924454884,0.19230769230769232,0.9423076923076923,1.0,0.09615384615384616,0.09615384615384616,5.500524608574331,21.155863879132042,0.09453643734079716,674352,97,52,20,10,200,200,1.0,674352,220252,454100,0.3266128075545116,0.6733871924454884,0,96966,0.14379137305146275,25940,True,200,200,1.0,220252,454100,0,96966,0.14379137305146275,25940,True,168776,0.1645587999993987,False,0,1.6229429751634599,50000,True,106727,25940,1000,0.651664,1683
0.3266193575925728,0.6733806424074271,0.15,0.925,1.0,0.0125,0.0125,6.438450621427104,32.19225310713552,0.06212674811371601,674712,120,40,12,1,200,200,1.0,674712,220374,454338,0.3266193575925728,0.6733806424074271,0,97007,0.1437754182525285,25941,True,200,200,1.0,220374,454338,0,97007,0.1437754182525285,25941,True,168856,0.16416279999939842,False,0,1.597787117958069,50000,True,106768,25941,1000,0.651784,1684
0.3265994762226409,0.673400523777359,0.2391304347826087,0.8695652173913043,1.0,0.021739130434782608,0.021739130434782608,5.775130356044393,25.10926241758432,0.07965188171355347,675096,108,46,22,2,200,200,1.0,675096,220486,454610,0.3265994762226409,0.673400523777359,0,97054,0.1437632573737661,25943,True,200,200,1.0,220486,454610,0,97054,0.1437632573737661,25943,True,168948,0.1637073999993981,False,0,1.510372041463852,50000,True,106816,25943,1000,0.651922,1685
0.3266062651743945,0.6733937348256055,0.15217391304347827,0.9347826086956522,1.0,0.11956521739130435,0.11956521739130435,5.968191391141987,25.948658222356467,0.0770752762189788,675480,108,46,14,11,200,200,1.0,675480,220616,454864,0.3266062651743945,0.6733937348256055,0,97106,0.14375851246520993,25954,True,200,200,1.0,220616,454864,0,97106,0.14375851246520993,25954,True,169040,0.16325199999939777,False,0,1.4818160730600356,50000,True,106872,25954,1000,0.65206,1686
0.32660404940726667,0.6733959505927334,0.3488372093023256,0.7441860465116279,1.0,0.03488372093023256,0.03488372093023256,6.070415894373558,28.234492531970037,0.07083534431282558,675852,114,43,30,3,200,200,1.0,675852,220736,455116,0.32660404940726667,0.6733959505927334,0,97150,0.14374448843829715,25957,True,200,200,1.0,220736,455116,0,97150,0.14374448843829715,25957,True,169126,0.16282629999939746,False,0,1.450319231748581,50000,True,106918,25957,1000,0.652186,1687
0.3265695425346914,0.6734304574653086,0.17346938775510204,0.8571428571428571,1.0,0.030612244897959183,0.030612244897959183,5.6258275055872495,22.962561247294893,0.0870982978972178,676248,102,49,17,3,200,200,1.0,676248,220842,455406,0.3265695425346914,0.6734304574653086,0,97201,0.14373573008718696,25959,True,200,200,1.0,220842,455406,0,97201,0.14373573008718696,25959,True,169224,0.1623411999993971,False,0,1.4203429639339447,50000,True,106970,25959,1000,0.652336,1688
0.32648492246217686,0.6735150775378231,0.203125,0.875,1.0,0.0625,0.0546875,4.430549140157731,13.845466062992909,0.14445161982273275,676702,73,64,26,7,200,200,1.0,676702,220933,455769,0.32648492246217686,0.6735150775378231,0,97267,0.14373682950545438,25968,True,200,200,1.0,220933,455769,0,97267,0.14373682950545438,25968,True,169351,0.16171254999939666,False,0,1.4730661579966544,50000,True,107040,25968,1000,0.652522,1689
0.32648748430923724,0.6735125156907628,0.20967741935483872,0.8548387096774194,1.0,0.2903225806451613,0.28225806451612906,4.389654757116073,14.160176635858301,0.1412411759705971,677150,76,62,26,35,200,200,1.0,677150,221081,456069,0.32648748430923724,0.6735125156907628,0,97348,0.14376135272834675,26004,True,200,200,1.0,221081,456069,0,97348,0.14376135272834675,26004,True,169475,0.16109874999939622,False,0,1.5682855930924415,50000,True,107132,26004,1000,0.6527080000000001,1690
0.32641895940517196,0.673581040594828,0.22321428571428573,0.875,1.0,0.017857142857142856,0.017857142857142856,4.938190108847908,17.636393245885383,0.1134018714663558,677574,88,56,25,2,200,200,1.0,677574,221173,456401,0.32641895940517196,0.673581040594828,0,97406,0.14375699185624005,26006,True,200,200,1.0,221173,456401,0,97406,0.14375699185624005,26006,True,169587,0.16054434999939582,False,0,1.557237837612629,50000,True,107190,26006,1000,0.652876,1691
0.32639401037210974,0.6736059896278903,0.34,0.76,1.0,0.06,0.06,5.408841869498124,21.635367477992496,0.09244123087044401,677972,101,50,34,6,200,200,1.0,677972,221286,456686,0.32639401037210974,0.6736059896278903,0,97458,0.14374929938109537,26012,True,200,200,1.0,221286,456686,0,97458,0.14374929938109537,26012,True,169686,0.16005429999939547,False,0,1.581454555094242,50000,True,107244,26012,1000,0.653026,1692
0.32639408930898456,0.6736059106910155,0.20833333333333334,0.875,1.0,0.11458333333333333,0.09375,5.685080580035667,23.68783575014861,0.08443152093316303,678364,104,48,20,9,200,200,1.0,678364,221414,456950,0.32639408930898456,0.6736059106910155,0,97510,0.14374288729944396,26024,True,200,200,1.0,221414,456950,0,97510,0.14374288729944396,26024,True,169782,0.15957909999939512,False,0,1.580211136341095,50000,True,107302,26024,1000,0.65317,1693
0.3263968694565749,0.6736031305434251,0.19047619047619047,0.8809523809523809,1.0,0.03571428571428571,0.03571428571428571,6.233816655772533,29.684841217964443,0.06737445503968724,678732,116,42,16,3,200,200,1.0,678732,221536,457196,0.3263968694565749,0.6736031305434251,0,97555,0.14373125180483606,26027,True,200,200,1.0,221536,457196,0,97555,0.14373125180483606,26027,True,169866,0.15916329999939482,False,0,1.5794213014841079,50000,True,107347,26027,1000,0.653296,1694
0.3263777428959327,0.6736222571040673,0.19148936170212766,0.8936170212765957,1.0,0.031914893617021274,0.02127659574468085,5.838780335499533,24.84587376808312,0.08049626343063811,679118,107,47,18,2,200,200,1.0,679118,221649,457469,0.3263777428959327,0.6736222571040673,0,97603,0.1437202371311024,26030,True,200,200,1.0,221649,457469,0,97603,0.1437202371311024,26030,True,169959,0.1587029499993945,False,0,1.59745361328125,50000,True,107396,26030,1000,0.6534340000000001,1695
0.3263688782012603,0.6736311217987396,0.28888888888888886,0.8222222222222222,1.0,0.044444444444444446,0.044444444444444446,5.8752634508181,26.112282003635997,0.0765923100754469,679498,110,45,26,4,200,200,1.0,679498,221767,457731,0.3263688782012603,0.6736311217987396,0,97651,0.14371050393084306,26034,True,200,200,1.0,221767,457731,0,97651,0.14371050393084306,26034,True,170049,0.15825744999939417,False,0,1.571659272313118,50000,True,107445,26034,1000,0.653572,1696
0.3263770401139051,0.6736229598860949,0.11904761904761904,0.9523809523809523,1.0,0.05952380952380952,0.05952380952380952,6.436617855842314,30.650561218296737,0.06525166001874405,679864,117,42,10,5,200,200,1.0,679864,221892,457972,0.3263770401139051,0.6736229598860949,0,97695,0.14369785721850253,26038,True,200,200,1.0,221892,457972,0,97695,0.14369785721850253,26038,True,170132,0.15784659999939388,False,0,1.5600582069158555,50000,True,107491,26038,1000,0.653698,1697
0.32638366185256623,0.6736163381474338,0.2625,0.85,1.0,0.0,0.0,6.408903578937029,32.04451789468514,0.06241317178099025,680224,120,40,21,0,200,200,1.0,680224,222014,458210,0.32638366185256623,0.6736163381474338,0,97735,0.1436806110928165,26039,True,200,200,1.0,222014,458210,0,97735,0.1436806110928165,26039,True,170212,0.1574505999993936,False,0,1.6321534234285355,50000,True,107531,26039,1000,0.653818,1698
0.3263815832006065,0.6736184167993935,0.1511627906976744,0.9302325581395349,1.0,0.03488372093023256,0.03488372093023256,6.268258717520775,29.15469170939895,0.06859959350402721,680596,114,43,13,3,200,200,1.0,680596,222134,458462,0.3263815832006065,0.6736184167993935,0,97778,0.1436652580973147,26042,True,200,200,1.0,222134,458462,0,97778,0.1436652580973147,26042,True,170298,0.15702489999939329,False,0,1.6473820257186889,50000,True,107577,26042,1000,0.6539440000000001,1699
0.3263950892857143,0.6736049107142856,0.21951219512195122,0.8536585365853658,1.0,0.06097560975609756,0.06097560975609756,6.276937779379425,30.619208679899636,0.06531847445531554,680960,118,41,18,5,200,200,1.0,680960,222262,458698,0.3263950892857143,0.6736049107142856,0,97821,0.1436516094924812,26047,True,200,200,1.0,222262,458698,0,97821,0.1436516094924812,26047,True,170380,0.156618999999393,False,0,1.6677210575342178,50000,True,107623,26047,1000,0.6540699999999999,1700
0.32642160791186337,0.6735783920881366,0.2972972972972973,0.8108108108108109,1.0,0.02702702702702703,0.02702702702702703,6.766329610183369,36.574754649639836,0.054682526763571736,681306,127,37,22,2,200,200,1.0,681306,222393,458913,0.32642160791186337,0.6735783920881366,0,97857,0.14363149597978,26049,True,200,200,1.0,222393,458913,0,97857,0.14363149597978,26049,True,170453,0.15625764999939273,False,0,1.6829152423143388,50000,True,107661,26049,1000,0.654178,1701
0.3263743420936823,0.6736256579063177,0.3333333333333333,0.8627450980392157,1.0,0.0,0.0,5.439510842663163,21.331415069267305,0.09375843062945456,681708,99,51,34,0,200,200,1.0,681708,222492,459216,0.3263743420936823,0.6736256579063177,0,97907,0.14362014234833684,26049,True,200,200,1.0,222492,459216,0,97907,0.14362014234833684,26049,True,170554,0.15575769999939237,False,0,1.6693725508451462,50000,True,107711,26049,1000,0.654328,1702
0.3263790332985374,0.6736209667014625,0.21951219512195122,0.9024390243902439,1.0,0.024390243902439025,0.024390243902439025,6.364442551477346,31.04606122671876,0.06442041022191783,682072,118,41,18,2,200,200,1.0,682072,222614,459458,0.3263790332985374,0.6736209667014625,0,97949,0.1436050739511371,26051,True,200,200,1.0,222614,459458,0,97949,0.1436050739511371,26051,True,170636,0.15535179999939208,False,0,1.617695518732071,50000,True,107754,26051,1000,0.6544540000000001,1703
0.32638321068411014,0.6736167893158899,0.25609756097560976,0.8780487804878049,1.0,0.012195121951219513,0.012195121951219513,6.478470474156711,31.602294995886396,0.06328654296342515,682434,119,41,21,1,200,200,1.0,682434,222735,459699,0.32638321068411014,0.6736167893158899,0,97989,0.14358751175937892,26052,True,200,200,1.0,222735,459699,0,97989,0.14358751175937892,26052,True,170717,0.1549508499993918,False,0,1.5845411241054534,50000,True,107795,26052,1000,0.654574,1704
0.3263738774362489,0.6736261225637511,0.24444444444444444,0.8222222222222222,1.0,0.03333333333333333,0.03333333333333333,5.890052799566309,26.17801244251693,0.07639999424676362,682812,111,45,22,3,200,200,1.0,682812,222852,459960,0.3263738774362489,0.6736261225637511,0,98034,0.14357392664452295,26055,True,200,200,1.0,222852,459960,0,98034,0.14357392664452295,26055,True,170806,0.15451029999939148,False,0,1.6237982469797134,50000,True,107842,26055,1000,0.654706,1705
0.32637512551707176,0.6736248744829283,0.23170731707317074,0.8292682926829268,1.0,0.0,0.0,6.338794946986246,30.920950960908517,0.06468106373987263,683174,119,41,19,0,200,200,1.0,683174,222971,460203,0.32637512551707176,0.6736248744829283,0,98074,0.14355639998009292,26055,True,200,200,1.0,222971,460203,0,98074,0.14355639998009292,26055,True,170887,0.1541093499993912,False,0,1.5844038009643555,50000,True,107882,26055,1000,0.654826,1706
0.3263817161984627,0.6736182838015373,0.1375,0.925,1.0,0.0125,0.0125,6.503700230438405,32.51850115219202,0.06150344970205317,683534,120,40,11,1,200,200,1.0,683534,223093,460441,0.3263817161984627,0.6736182838015373,0,98114,0.14353931187036784,26056,True,200,200,1.0,223093,460441,0,98114,0.14353931187036784,26056,True,170967,0.1537133499993909,False,0,1.645661250948906,50000,True,107923,26056,1000,0.654946,1707
0.32636947443530745,0.6736305255646926,0.24444444444444444,0.8444444444444444,1.0,0.022222222222222223,0.022222222222222223,5.978045993492187,26.569093304409723,0.07527543289059309,683912,111,45,22,2,200,200,1.0,683912,223208,460704,0.32636947443530745,0.6736305255646926,0,98159,0.14352577524593807,26058,True,200,200,1.0,223208,460704,0,98159,0.14352577524593807,26058,True,171056,0.15327279999939059,False,0,1.621927297115326,50000,True,107969,26058,1000,0.655084,1708
0.3263491079987842,0.6736508920012159,0.25,0.8541666666666666,1.0,0.041666666666666664,0.041666666666666664,5.62656482192987,23.44402009137446,0.08530960100720275,684304,104,48,24,4,200,200,1.0,684304,223322,460982,0.3263491079987842,0.6736508920012159,0,98208,0.14351516285159813,26063,True,200,200,1.0,223322,460982,0,98208,0.14351516285159813,26063,True,171152,0.15279759999939024,False,0,1.6051652711629867,50000,True,108021,26063,1000,0.6552279999999999,1709
0.32635773041690036,0.6736422695830997,0.19047619047619047,0.9285714285714286,1.0,0.05952380952380952,0.05952380952380952,6.298155702923892,29.991217632970915,0.06668618875284661,684672,116,42,16,5,200,200,1.0,684672,223448,461224,0.32635773041690036,0.6736422695830997,0,98252,0.14350229014769117,26068,True,200,200,1.0,223448,461224,0,98252,0.14350229014769117,26068,True,171236,0.15238179999938994,False,0,1.6316402906179428,50000,True,108068,26068,1000,0.655354,1710
0.3263253312780809,0.6736746687219191,0.30392156862745096,0.803921568627451,1.0,0.049019607843137254,0.049019607843137254,5.337105772048039,20.929826557051136,0.0955574091619126,685074,99,51,31,5,200,200,1.0,685074,223557,461517,0.3263253312780809,0.6736746687219191,0,98302,0.14349106811818868,26073,True,200,200,1.0,223557,461517,0,98302,0.14349106811818868,26073,True,171337,0.15188184999938958,False,0,1.629090439081192,50000,True,108123,26073,1000,0.6555040000000001,1711
0.3262885319561761,0.6737114680438239,0.20408163265306123,0.8571428571428571,1.0,0.01020408163265306,0.01020408163265306,5.590768924378932,22.81946499746503,0.08764447370795837,685470,102,49,20,1,200,200,1.0,685470,223661,461809,0.3262885319561761,0.6737114680438239,0,98352,0.14348111514727122,26074,True,200,200,1.0,223661,461809,0,98352,0.14348111514727122,26074,True,171435,0.15139674999938924,False,0,1.6647505220770835,50000,True,108173,26074,1000,0.655648,1712
0.3263014849117568,0.6736985150882432,0.2682926829268293,0.8292682926829268,1.0,0.04878048780487805,0.04878048780487805,6.422038629027575,31.327017702573535,0.0638426555310338,685832,119,41,22,4,200,200,1.0,685832,223788,462044,0.3263014849117568,0.6736985150882432,0,98394,0.1434666215632983,26078,True,200,200,1.0,223788,462044,0,98394,0.1434666215632983,26078,True,171516,0.15099579999938895,False,0,1.625744743347168,50000,True,108217,26078,1000,0.6557740000000001,1713
0.32625510757232207,0.6737448924276779,0.1568627450980392,0.9411764705882353,1.0,0.00980392156862745,0.00980392156862745,5.565136765593243,21.82406574742448,0.0916419526566,686236,98,51,16,1,200,200,1.0,686236,223888,462348,0.32625510757232207,0.6737448924276779,0,98446,0.14345793575388058,26079,True,200,200,1.0,223888,462348,0,98446,0.14345793575388058,26079,True,171618,0.15049089999938858,False,0,1.604910197854042,50000,True,108269,26079,1000,0.655924,1714
0.3262667925011943,0.6737332074988057,0.14444444444444443,0.9111111111111111,1.0,0.12222222222222222,0.12222222222222222,5.961348354834266,26.494881577041184,0.07548627813958887,686616,110,45,13,11,200,200,1.0,686616,224020,462596,0.3262667925011943,0.6737332074988057,0,98498,0.14345427429596747,26090,True,200,200,1.0,224020,462596,0,98498,0.14345427429596747,26090,True,171708,0.15004539999938826,False,0,1.5323071095347405,50000,True,108325,26090,1000,0.6560619999999999,1715
0.3262522634775166,0.6737477365224833,0.2111111111111111,0.8888888888888888,1.0,0.022222222222222223,0.022222222222222223,6.006390919461117,26.69507075316052,0.07492019850755456,686996,110,45,19,2,200,200,1.0,686996,224134,462862,0.3262522634775166,0.6737477365224833,0,98545,0.1434433388258447,26092,True,200,200,1.0,224134,462862,0,98545,0.1434433388258447,26092,True,171798,0.14959989999938794,False,0,1.5509526431560516,50000,True,108372,26092,1000,0.6561939999999999,1716
0.32623484090221366,0.6737651590977863,0.23333333333333334,0.8444444444444444,1.0,0.022222222222222223,0.022222222222222223,5.877461946500547,26.122053095557987,0.07656366031734683,687376,110,45,21,2,200,200,1.0,687376,224246,463130,0.32623484090221366,0.6737651590977863,0,98592,0.14343241544656782,26093,True,200,200,1.0,224246,463130,0,98592,0.14343241544656782,26093,True,171888,0.14915439999938762,False,0,1.538150465786457,50000,True,108419,26093,1000,0.656332,1717
0.3262238829841371,0.6737761170158629,0.17346938775510204,0.9387755102040817,1.0,0.09183673469387756,0.09183673469387756,5.760816410246945,23.513536368354877,0.0850573885896488,687770,103,49,17,9,200,200,1.0,687770,224367,463403,0.3262238829841371,0.6737761170158629,0,98645,0.14342730854791572,26102,True,200,200,1.0,224367,463403,0,98645,0.14342730854791572,26102,True,171985,0.14867424999938728,False,0,1.507670877277851,50000,True,108475,26102,1000,0.6564760000000001,1718
0.3262263350325802,0.6737736649674197,0.25555555555555554,0.8222222222222222,1.0,0.07777777777777778,0.07777777777777778,5.982173061344241,26.58743582819663,0.07522350078900618,688148,111,45,23,7,200,200,1.0,688148,224492,463656,0.3262263350325802,0.6737736649674197,0,98692,0.14341682312525794,26109,True,200,200,1.0,224492,463656,0,98692,0.14341682312525794,26109,True,172074,0.14823369999938696,False,0,1.525321030318737,50000,True,108526,26109,1000,0.6566080000000001,1719
0.32619695644975294,0.6738030435502471,0.25,0.8541666666666666,1.0,0.0,0.0,5.822557824221742,24.260657600923924,0.08243799623650075,688538,105,48,24,0,200,200,1.0,688538,224599,463939,0.32619695644975294,0.6738030435502471,0,98739,0.14340384989644725,26110,True,200,200,1.0,224599,463939,0,98739,0.14340384989644725,26110,True,172169,0.14776344999938662,False,0,1.5710885202884675,50000,True,108573,26110,1000,0.656752,1720
0.3261801079951228,0.6738198920048772,0.17391304347826086,0.9130434782608695,1.0,0.021739130434782608,0.021739130434782608,6.01960428230937,26.172192531779867,0.07641698331431264,688920,109,46,16,2,200,200,1.0,688920,224712,464208,0.3261801079951228,0.6738198920048772,0,98784,0.14338965337049295,26112,True,200,200,1.0,224712,464208,0,98784,0.14338965337049295,26112,True,172260,0.1473129999993863,False,0,1.5894143909215928,50000,True,108620,26112,1000,0.65689,1721
0.32617425517345433,0.6738257448265457,0.32142857142857145,0.8333333333333334,1.0,0.0,0.0,6.231810752409573,29.675289297188442,0.0673961416170419,689288,116,42,27,0,200,200,1.0,689288,224828,464460,0.32617425517345433,0.6738257448265457,0,98826,0.14337403233481505,26112,True,200,200,1.0,224828,464460,0,98826,0.14337403233481505,26112,True,172344,0.146897199999386,False,0,1.5793157947063445,50000,True,108662,26112,1000,0.657016,1722
0.3261755963169724,0.6738244036830277,0.2073170731707317,0.9024390243902439,1.0,0.0,0.0,6.391468130924356,31.17789332158223,0.06414801601157391,689650,119,41,17,0,200,200,1.0,689650,224947,464703,0.3261755963169724,0.6738244036830277,0,98866,0.14335677517581383,26112,True,200,200,1.0,224947,464703,0,98866,0.14335677517581383,26112,True,172425,0.1464962499993857,False,0,1.5867799109220504,50000,True,108702,26112,1000,0.6571359999999999,1723
0.3261673574678995,0.6738326425321005,0.13953488372093023,0.9534883720930233,1.0,0.011627906976744186,0.0,6.360284833985844,29.582720158073695,0.06760703509728336,690020,115,43,12,0,200,200,1.0,690020,225062,464958,0.3261673574678995,0.6738326425321005,0,98909,0.14334222196458074,26112,True,200,200,1.0,225062,464958,0,98909,0.14334222196458074,26112,True,172510,0.1460754999993854,False,0,1.541735749542713,50000,True,108745,26112,1000,0.657262,1724
0.32619792571991424,0.6738020742800858,0.22857142857142856,0.9142857142857143,1.0,0.014285714285714285,0.014285714285714285,7.012643859029291,40.07225062302452,0.04990984955686142,690360,130,35,16,1,200,200,1.0,690360,225194,465166,0.32619792571991424,0.6738020742800858,0,98945,0.14332377310388783,26113,True,200,200,1.0,225194,465166,0,98945,0.14332377310388783,26113,True,172580,0.14572899999938516,False,0,1.5235606196522713,50000,True,108781,26113,1000,0.65737,1725
0.32618250677538163,0.6738174932246184,0.22727272727272727,0.8409090909090909,1.0,0.011363636363636364,0.011363636363636364,6.060052651000384,27.545693868183562,0.07260662989905962,690736,112,44,20,1,200,200,1.0,690736,225306,465430,0.32618250677538163,0.6738174932246184,0,98990,0.14331090315257927,26113,True,200,200,1.0,225306,465430,0,98990,0.14331090315257927,26113,True,172668,0.14529339999938484,False,0,1.4684440210461616,50000,True,108826,26113,1000,0.657502,1726
0.3262068526486665,0.6737931473513334,0.18032786885245902,0.9180327868852459,1.0,0.3360655737704918,0.30327868852459017,4.707371149739973,15.434003769639254,0.1295840035969323,691178,79,61,22,37,200,200,1.0,691178,225467,465711,0.3262068526486665,0.6737931473513334,0,99075,0.14334223600866924,26153,True,200,200,1.0,225467,465711,0,99075,0.14334223600866924,26153,True,172789,0.1446944499993844,False,0,1.464086199104786,50000,True,108917,26153,1000,0.6576820000000001,1727
0.3261642837312604,0.6738357162687396,0.22115384615384615,0.8653846153846154,1.0,0.028846153846153848,0.028846153846153848,5.455355316746953,20.98213583364213,0.09531918084303219,691584,97,52,23,3,200,200,1.0,691584,225570,466014,0.3261642837312604,0.6738357162687396,0,99127,0.1433332754950953,26156,True,200,200,1.0,225570,466014,0,99127,0.1433332754950953,26156,True,172892,0.14418459999938404,False,0,1.5116033470630645,50000,True,108971,26156,1000,0.657838,1728
0.3261345834802564,0.6738654165197435,0.24468085106382978,0.8723404255319149,1.0,0.0,0.0,5.757201252571536,24.498728734346965,0.08163688906828952,691972,106,47,23,0,200,200,1.0,691972,225676,466296,0.3261345834802564,0.6738654165197435,0,99174,0.14332082801038193,26156,True,200,200,1.0,225676,466296,0,99174,0.14332082801038193,26156,True,172986,0.1437192999993837,False,0,1.5366132628917695,50000,True,109018,26156,1000,0.657976,1729
0.3261297851934876,0.6738702148065123,0.18604651162790697,0.9069767441860465,1.0,0.023255813953488372,0.023255813953488372,6.1644557526438835,28.67188722159946,0.06975473865889566,692344,114,43,16,2,200,200,1.0,692344,225794,466550,0.3261297851934876,0.6738702148065123,0,99218,0.14330737321331594,26158,True,200,200,1.0,225794,466550,0,99218,0.14330737321331594,26158,True,173072,0.1432935999993834,False,0,1.583210602402687,50000,True,109063,26158,1000,0.658108,1730
0.32607691486014034,0.6739230851398597,0.17857142857142858,0.8928571428571429,1.0,0.044642857142857144,0.044642857142857144,5.031287961903368,17.968885578226317,0.11130350801629497,692766,89,56,20,5,200,200,1.0,692766,225895,466871,0.32607691486014034,0.6739230851398597,0,99276,0.14330379955136366,26164,True,200,200,1.0,225895,466871,0,99276,0.14330379955136366,26164,True,173183,0.142744149999383,False,0,1.6003450155258179,50000,True,109123,26164,1000,0.65827,1731
0.32605622221132236,0.6739437777886776,0.1792452830188679,0.8867924528301887,1.0,0.12264150943396226,0.12264150943396226,5.249571415669287,19.809703455355802,0.10096062288399754,693178,94,53,19,13,200,200,1.0,693178,226015,467163,0.32605622221132236,0.6739437777886776,0,99335,0.14330374016486386,26177,True,200,200,1.0,226015,467163,0,99335,0.14330374016486386,26177,True,173289,0.14221944999938263,False,0,1.5750529938936233,50000,True,109187,26177,1000,0.658432,1732
0.32601524269800947,0.6739847573019906,0.23,0.86,1.0,0.01,0.01,5.531571082538749,22.126284330154995,0.09039023317956206,693578,100,50,23,1,200,200,1.0,693578,226117,467461,0.32601524269800947,0.6739847573019906,0,99386,0.1432946258387665,26178,True,200,200,1.0,226117,467461,0,99386,0.1432946258387665,26178,True,173389,0.14172444999938227,False,0,1.5552351701259612,50000,True,109238,26178,1000,0.658582,1733
0.3259814517012214,0.6740185482987786,0.21428571428571427,0.8571428571428571,1.0,0.01020408163265306,0.01020408163265306,5.548729196758545,22.647874272483858,0.08830850860161783,693972,103,49,21,1,200,200,1.0,693972,226222,467750,0.3259814517012214,0.6740185482987786,0,99434,0.14328243790815767,26179,True,200,200,1.0,226222,467750,0,99434,0.14328243790815767,26179,True,173486,0.14124429999938193,False,0,1.5208116203546524,50000,True,109287,26179,1000,0.6587259999999999,1734
0.3259244111361371,0.6740755888638629,0.21296296296296297,0.9074074074074074,1.0,0.027777777777777776,0.027777777777777776,5.207882906467228,19.28845520913788,0.10368896722493892,694388,92,54,23,3,200,200,1.0,694388,226318,468070,0.3259244111361371,0.6740755888638629,0,99491,0.143278685691573,26181,True,200,200,1.0,226318,468070,0,99491,0.143278685691573,26181,True,173594,0.14070969999938154,False,0,1.5609438914060592,50000,True,109344,26181,1000,0.6588879999999999,1735
0.32591023190475094,0.6740897680952491,0.2111111111111111,0.8444444444444444,1.0,0.022222222222222223,0.022222222222222223,5.936761209339956,26.385605374844246,0.07579890518285316,694768,110,45,19,2,200,200,1.0,694768,226432,468336,0.32591023190475094,0.6740897680952491,0,99538,0.14326796858807544,26183,True,200,200,1.0,226432,468336,0,99538,0.14326796858807544,26183,True,173684,0.14026419999938122,False,0,1.5820559442043305,50000,True,109391,26183,1000,0.659026,1736
0.32589619655906554,0.6741038034409345,0.1875,0.875,1.0,0.07291666666666667,0.07291666666666667,5.659102245652117,23.579592690217154,0.08481910719474693,695160,104,48,18,7,200,200,1.0,695160,226550,468610,0.32589619655906554,0.6741038034409345,0,99591,0.1432634213706197,26190,True,200,200,1.0,226550,468610,0,99591,0.1432634213706197,26190,True,173780,0.13978899999938088,False,0,1.5769599872827529,50000,True,109446,26190,1000,0.65917,1737
0.32591967425717233,0.6740803257428276,0.1375,0.925,1.0,0.075,0.075,6.490835737254526,32.45417868627263,0.06162534628694684,695518,121,40,11,6,200,200,1.0,695518,226683,468835,0.32591967425717233,0.6740803257428276,0,99634,0.14325150463395628,26196,True,200,200,1.0,226683,468835,0,99634,0.14325150463395628,26196,True,173859,0.1393979499993806,False,0,1.6323976403474807,50000,True,109491,26196,1000,0.659284,1738
0.32590926726925235,0.6740907327307477,0.22093023255813954,0.8837209302325582,1.0,0.0,0.0,6.247013669318679,29.05587753171478,0.06883288924304488,695890,114,43,19,0,200,200,1.0,695890,226797,469093,0.32590926726925235,0.6740907327307477,0,99677,0.14323671844688096,26196,True,200,200,1.0,226797,469093,0,99677,0.14323671844688096,26196,True,173945,0.1389722499993803,False,0,1.5839794677495957,50000,True,109534,26196,1000,0.659416,1739
0.32589175432448425,0.6741082456755157,0.34444444444444444,0.8222222222222222,1.0,0.0,0.0,6.057753957798837,26.923350923550384,0.07428495827577543,696268,111,45,31,0,200,200,1.0,696268,226908,469360,0.32589175432448425,0.6741082456755157,0,99721,0.1432221500916314,26196,True,200,200,1.0,226908,469360,0,99721,0.1432221500916314,26196,True,174034,0.13853169999937998,False,0,1.5578279495239258,50000,True,109578,26196,1000,0.659548,1740
0.3259047126882276,0.6740952873117724,0.14634146341463414,0.9024390243902439,1.0,0.036585365853658534,0.036585365853658534,6.319102233836552,30.824888945544156,0.06488263440407648,696630,119,41,12,3,200,200,1.0,696630,227035,469595,0.3259047126882276,0.6740952873117724,0,99761,0.14320514476838495,26200,True,200,200,1.0,227035,469595,0,99761,0.14320514476838495,26200,True,174115,0.1381307499993797,False,0,1.6031675043702125,50000,True,109621,26200,1000,0.659668,1741
0.325873501840688,0.674126498159312,0.3020833333333333,0.8125,1.0,0.0,0.0,5.617122823646688,23.4046784318612,0.08545300059655445,697022,104,48,29,0,200,200,1.0,697022,227141,469881,0.325873501840688,0.674126498159312,0,99809,0.1431934716551271,26201,True,200,200,1.0,227141,469881,0,99809,0.1431934716551271,26201,True,174211,0.13765554999937935,False,0,1.5955713656544686,50000,True,109669,26201,1000,0.6598120000000001,1742
0.3258470627034313,0.6741529372965687,0.26595744680851063,0.8723404255319149,1.0,0.010638297872340425,0.010638297872340425,5.796972388035597,24.667967608662114,0.08107680501808764,697410,106,47,25,1,200,200,1.0,697410,227249,470161,0.3258470627034313,0.6741529372965687,0,99856,0.14318119900775728,26202,True,200,200,1.0,227249,470161,0,99856,0.14318119900775728,26202,True,174305,0.137190249999379,False,0,1.5961555224657058,50000,True,109717,26202,1000,0.659956,1743
0.3258415855773227,0.6741584144226773,0.2222222222222222,0.8888888888888888,1.0,0.05555555555555555,0.05555555555555555,6.106962564750842,27.142055843337076,0.07368638586347051,697790,110,45,20,5,200,200,1.0,697790,227369,470421,0.3258415855773227,0.6741584144226773,0,99903,0.14317058140701358,26207,True,200,200,1.0,227369,470421,0,99903,0.14317058140701358,26207,True,174395,0.1367447499993787,False,0,1.6187883919477464,50000,True,109767,26207,1000,0.660088,1744
0.3258261527179393,0.6741738472820606,0.23404255319148937,0.8723404255319149,1.0,0.0425531914893617,0.0425531914893617,5.802523589464187,24.691589742400794,0.08099923985718781,698176,107,47,22,4,200,200,1.0,698176,227484,470692,0.3258261527179393,0.6741738472820606,0,99952,0.14316160968008065,26211,True,200,200,1.0,227484,470692,0,99952,0.14316160968008065,26211,True,174488,0.13628439999937836,False,0,1.5889314594864845,50000,True,109817,26211,1000,0.6602319999999999,1745
0.325814966874524,0.674185033125476,0.28888888888888886,0.8222222222222222,1.0,0.03333333333333333,0.03333333333333333,5.947152351505922,26.43178822891521,0.07566646579787925,698556,110,45,26,3,200,200,1.0,698556,227600,470956,0.325814966874524,0.674185033125476,0,99997,0.1431481513293136,26214,True,200,200,1.0,227600,470956,0,99997,0.1431481513293136,26214,True,174578,0.13583889999937804,False,0,1.5898330676555634,50000,True,109865,26214,1000,0.660364,1746
0.3258123776712031,0.6741876223287969,0.16666666666666666,0.9111111111111111,1.0,0.06666666666666667,0.06666666666666667,6.020074034066267,26.755884595850077,0.0747499112890555,698936,110,45,15,6,200,200,1.0,698936,227722,471214,0.3258123776712031,0.6741876223287969,0,100045,0.1431389998512024,26220,True,200,200,1.0,227722,471214,0,100045,0.1431389998512024,26220,True,174668,0.13539339999937772,False,0,1.6042105278372765,50000,True,109916,26220,1000,0.660502,1747
0.3257875395020949,0.6742124604979052,0.23469387755102042,0.8979591836734694,1.0,0.04081632653061224,0.04081632653061224,5.674464406820678,23.16107921151297,0.0863517620114107,699330,103,49,23,4,200,200,1.0,699330,227833,471497,0.3257875395020949,0.6742124604979052,0,100095,0.1431298528591652,26224,True,200,200,1.0,227833,471497,0,100095,0.1431298528591652,26224,True,174765,0.13491324999937737,False,0,1.5550345054268837,50000,True,109968,26224,1000,0.6606460000000001,1748
0.3257801178215869,0.6742198821784131,0.20930232558139536,0.9302325581395349,1.0,0.023255813953488372,0.011627906976744186,6.169905360602485,28.697234235360394,0.06969312734450289,699702,114,43,18,1,200,200,1.0,699702,227949,471753,0.3257801178215869,0.6742198821784131,0,100140,0.14311807026419818,26225,True,200,200,1.0,227949,471753,0,100140,0.14311807026419818,26225,True,174851,0.13448754999937707,False,0,1.5601374259591103,50000,True,110013,26225,1000,0.660772,1749
0.32577233589112164,0.6742276641088784,0.15217391304347827,0.9130434782608695,1.0,0.043478260869565216,0.043478260869565216,5.826069396077819,25.33073650468617,0.07895546186073198,700084,109,46,14,4,200,200,1.0,700084,228068,472016,0.32577233589112164,0.6742276641088784,0,100185,0.1431042560607013,26229,True,200,200,1.0,228068,472016,0,100185,0.1431042560607013,26229,True,174942,0.13403709999937674,False,0,1.5554729083180427,50000,True,110062,26229,1000,0.66091,1750
0.32577485901920195,0.674225140980798,0.27380952380952384,0.8571428571428571,1.0,0.023809523809523808,0.023809523809523808,6.161184597400761,29.33897427333696,0.06816870901371577,700450,117,42,23,2,200,200,1.0,700450,228189,472261,0.32577485901920195,0.674225140980798,0,100227,0.1430894425012492,26231,True,200,200,1.0,228189,472261,0,100227,0.1430894425012492,26231,True,175025,0.13362624999937645,False,0,1.5098216193914413,50000,True,110104,26231,1000,0.661036,1751
0.3257590242482528,0.6742409757517471,0.29347826086956524,0.8478260869565217,1.0,0.03260869565217391,0.03260869565217391,5.790939257076688,25.17799676989864,0.07943443707130364,700834,108,46,27,3,200,200,1.0,700834,228303,472531,0.3257590242482528,0.6742409757517471,0,100274,0.14307810408741586,26234,True,200,200,1.0,228303,472531,0,100274,0.14307810408741586,26234,True,175117,0.13317084999937612,False,0,1.5069767260551452,50000,True,110153,26234,1000,0.661174,1752
0.32572538372471066,0.6742746162752893,0.1984126984126984,0.8412698412698413,1.0,0.19047619047619047,0.18253968253968253,4.266708641046618,13.545106796973391,0.1476547974097106,701284,75,63,25,23,200,200,1.0,701284,228426,472858,0.32572538372471066,0.6742746162752893,0,100348,0.1430918144432213,26258,True,200,200,1.0,228426,472858,0,100348,0.1430918144432213,26258,True,175242,0.13255209999937567,False,0,1.522633083462715,50000,True,110234,26258,1000,0.66136,1753
0.32569646735567576,0.6743035326443243,0.35,0.78,1.0,0.03,0.03,5.3958095119554255,21.583238047821702,0.09266450175680896,701684,100,50,35,3,200,200,1.0,701684,228536,473148,0.32569646735567576,0.6743035326443243,0,100400,0.14308435136044145,26263,True,200,200,1.0,228536,473148,0,100400,0.14308435136044145,26263,True,175342,0.13205709999937532,False,0,1.5298800677061082,50000,True,110286,26263,1000,0.66151,1754
0.32566659070191434,0.6743334092980857,0.22448979591836735,0.8163265306122449,1.0,0.02040816326530612,0.02040816326530612,5.585631280865556,22.798495023941044,0.0877250887788764,702080,102,49,22,2,200,200,1.0,702080,228644,473436,0.32566659070191434,0.6743334092980857,0,100450,0.14307486326344576,26266,True,200,200,1.0,228644,473436,0,100450,0.14307486326344576,26266,True,175440,0.13157199999937497,False,0,1.5414532640576362,50000,True,110337,26266,1000,0.66166,1755
0.3256399597987661,0.674360040201234,0.23404255319148937,0.8936170212765957,1.0,0.0,0.0,5.740722919157779,24.428608166628848,0.08187122190334761,702466,107,47,22,0,200,200,1.0,702466,228751,473715,0.3256399597987661,0.674360040201234,0,100496,0.14306172825446356,26266,True,200,200,1.0,228751,473715,0,100496,0.14306172825446356,26266,True,175533,0.13111164999937464,False,0,1.5708491170406342,50000,True,110383,26266,1000,0.661798,1756
0.3256200416586043,0.6743799583413956,0.15625,0.9166666666666666,1.0,0.052083333333333336,0.052083333333333336,5.856801958679935,24.40334149449973,0.08195598952917083,702856,105,48,15,5,200,200,1.0,702856,228864,473992,0.3256200416586043,0.6743799583413956,0,100544,0.14305063910673024,26270,True,200,200,1.0,228864,473992,0,100544,0.14305063910673024,26270,True,175628,0.1306413999993743,False,0,1.5348152714967727,50000,True,110435,26270,1000,0.661942,1757
0.32559495370054375,0.6744050462994562,0.22916666666666666,0.8958333333333334,1.0,0.020833333333333332,0.020833333333333332,5.679269420000639,23.663622583335997,0.08451791322130056,703248,104,48,22,2,200,200,1.0,703248,228974,474274,0.32559495370054375,0.6744050462994562,0,100594,0.14304199940845905,26273,True,200,200,1.0,228974,474274,0,100594,0.14304199940845905,26273,True,175724,0.13016619999937395,False,0,1.5143401288986207,50000,True,110485,26273,1000,0.662086,1758
0.3255370430373415,0.6744629569626586,0.18181818181818182,0.9272727272727272,1.0,0.02727272727272727,0.02727272727272727,5.024162998241144,18.269683629967798,0.10947097062586218,703668,90,55,20,3,200,200,1.0,703668,229070,474598,0.3255370430373415,0.6744629569626586,0,100650,0.14303620457374785,26276,True,200,200,1.0,229070,474598,0,100650,0.14303620457374785,26276,True,175834,0.12962169999937356,False,0,1.556239872276783,50000,True,110543,26276,1000,0.662248,1759
0.32552560486104604,0.674474395138954,0.2222222222222222,0.9111111111111111,1.0,0.011111111111111112,0.011111111111111112,6.100729998047358,27.114355546877146,0.07376166461128916,704046,111,45,20,1,200,200,1.0,704046,229185,474861,0.32552560486104604,0.674474395138954,0,100694,0.14302190481871924,26278,True,200,200,1.0,229185,474861,0,100694,0.14302190481871924,26278,True,175923,0.12918114999937325,False,0,1.5508754324913026,50000,True,110588,26278,1000,0.66238,1760
0.32550381302276454,0.6744961869772355,0.1956521739130435,0.8913043478260869,1.0,0.0,0.0,5.885203997151694,25.587843465876933,0.078162116423259,704428,109,46,18,0,200,200,1.0,704428,229294,475134,0.32550381302276454,0.6744961869772355,0,100739,0.14300822795232443,26278,True,200,200,1.0,229294,475134,0,100739,0.14300822795232443,26278,True,176014,0.12873069999937292,False,0,1.5886235457658768,50000,True,110633,26278,1000,0.6625179999999999,1761
0.3254867296816429,0.6745132703183572,0.17777777777777778,0.9555555555555556,1.0,0.0,0.0,6.083114893288983,27.03606619239548,0.0739752590398135,704806,111,45,16,0,200,200,1.0,704806,229405,475401,0.3254867296816429,0.6745132703183572,0,100783,0.14299395862123762,26278,True,200,200,1.0,229405,475401,0,100783,0.14299395862123762,26278,True,176103,0.1282901499993726,False,0,1.5560541945695876,50000,True,110677,26278,1000,0.66265,1762
0.3254323424481161,0.674567657551884,0.2767857142857143,0.8392857142857143,1.0,0.044642857142857144,0.044642857142857144,4.970654248713923,17.752336602549725,0.1126612256615698,705228,89,56,31,5,200,200,1.0,705228,229504,475724,0.3254323424481161,0.674567657551884,0,100843,0.14299347161485362,26283,True,200,200,1.0,229504,475724,0,100843,0.14299347161485362,26283,True,176214,0.1277406999993722,False,0,1.5341210865974426,50000,True,110737,26283,1000,0.662818,1763
0.3254159900009353,0.6745840099990648,0.20833333333333334,0.85,1.0,0.2,0.19166666666666668,4.651753773350135,15.505845911167118,0.12898361117851848,705666,81,60,25,23,200,200,1.0,705666,229635,476031,0.3254159900009353,0.6745840099990648,0,100912,0.1430024969319763,26308,True,200,200,1.0,229635,476031,0,100912,0.1430024969319763,26308,True,176333,0.12715164999937179,False,0,1.5340213006734849,50000,True,110817,26308,1000,0.662998,1764
0.3253991184835197,0.6746008815164803,0.2708333333333333,0.8333333333333334,1.0,0.052083333333333336,0.052083333333333336,5.618860123521304,23.411917181338765,0.08542657931466482,706056,105,48,26,5,200,200,1.0,706056,229750,476306,0.3253991184835197,0.6746008815164803,0,100962,0.14299432339644447,26313,True,200,200,1.0,229750,476306,0,100962,0.14299432339644447,26313,True,176428,0.12668139999937145,False,0,1.4870248854160308,50000,True,110869,26313,1000,0.663142,1765
0.3253540904059406,0.6746459095940593,0.24509803921568626,0.8823529411764706,1.0,0.0,0.0,5.474213141901234,21.46750251725974,0.09316407432080245,706458,99,51,25,0,200,200,1.0,706458,229849,476609,0.3253540904059406,0.6746459095940593,0,101012,0.1429837301014356,26313,True,200,200,1.0,229849,476609,0,101012,0.1429837301014356,26313,True,176529,0.1261814499993711,False,0,1.481326206922531,50000,True,110919,26313,1000,0.663292,1766
0.325364307744546,0.674635692255454,0.21951219512195122,0.9024390243902439,1.0,0.036585365853658534,0.036585365853658534,6.388012979351299,31.161038923664876,0.06418271242173265,706820,119,41,18,3,200,200,1.0,706820,229974,476846,0.325364307744546,0.674635692255454,0,101053,0.14296850683342294,26316,True,200,200,1.0,229974,476846,0,101053,0.14296850683342294,26316,True,176610,0.1257804999993708,False,0,1.4915761828422547,50000,True,110962,26316,1000,0.663412,1767
0.32538569226635744,0.6746143077336426,0.14473684210526316,0.9736842105263158,1.0,0.02631578947368421,0.02631578947368421,6.815763824102093,35.872441179484696,0.055753105566280554,707170,125,38,11,2,200,200,1.0,707170,230103,477067,0.32538569226635744,0.6746143077336426,0,101092,0.1429528967574982,26318,True,200,200,1.0,230103,477067,0,101092,0.1429528967574982,26318,True,176685,0.12540924999937053,False,0,1.5096546232700347,50000,True,111001,26318,1000,0.6635260000000001,1768
0.32537353933822905,0.6746264606617709,0.24468085106382978,0.8936170212765957,1.0,0.05319148936170213,0.05319148936170213,5.9019625862010825,25.114734409366307,0.07963452718234275,707556,107,47,23,5,200,200,1.0,707556,230220,477336,0.32537353933822905,0.6746264606617709,0,101143,0.14294698935490618,26322,True,200,200,1.0,230220,477336,0,101143,0.14294698935490618,26322,True,176778,0.1249488999993702,False,0,1.5124691182374954,50000,True,111052,26322,1000,0.663664,1769
0.3253342712420793,0.6746657287579207,0.14705882352941177,0.9411764705882353,1.0,0.0196078431372549,0.0196078431372549,5.559652288576581,21.802557994417963,0.09173235546544829,707958,99,51,15,2,200,200,1.0,707958,230323,477635,0.3253342712420793,0.6746657287579207,0,101194,0.14293785789552488,26324,True,200,200,1.0,230323,477635,0,101194,0.14293785789552488,26324,True,176879,0.12444894999936984,False,0,1.4920888727903365,50000,True,111104,26324,1000,0.663814,1770
0.3253318387296245,0.6746681612703755,0.2261904761904762,0.8809523809523809,1.0,0.011904761904761904,0.011904761904761904,6.341441990949861,30.19734281404696,0.06623099298225855,708326,116,42,19,1,200,200,1.0,708326,230441,477885,0.3253318387296245,0.6746681612703755,0,101236,0.1429228914369937,26325,True,200,200,1.0,230441,477885,0,101236,0.1429228914369937,26325,True,176963,0.12403314999936954,False,0,1.5774160152673722,50000,True,111147,26325,1000,0.66394,1771
0.325342040503014,0.6746579594969859,0.17073170731707318,0.8780487804878049,1.0,0.024390243902439025,0.024390243902439025,6.372053564299265,31.083188118533,0.06434346413801494,708688,119,41,14,2,200,200,1.0,708688,230566,478122,0.325342040503014,0.6746579594969859,0,101278,0.14290915043009053,26327,True,200,200,1.0,230566,478122,0,101278,0.14290915043009053,26327,True,177044,0.12363219999936925,False,0,1.5852462506294251,50000,True,111189,26327,1000,0.664066,1772
0.32531350659167707,0.674686493408323,0.23404255319148937,0.851063829787234,1.0,0.0,0.0,5.78545073004884,24.618939276803573,0.0812382685343571,709076,106,47,22,0,200,200,1.0,709076,230672,478404,0.32531350659167707,0.674686493408323,0,101325,0.14289723527520323,26327,True,200,200,1.0,230672,478404,0,101325,0.14289723527520323,26327,True,177138,0.12316689999936892,False,0,1.6039861589670181,50000,True,111236,26327,1000,0.664204,1773
0.32532321449714985,0.6746767855028502,0.375,0.775,1.0,0.025,0.025,6.279669106047761,31.398345530238807,0.06369762375134894,709436,120,40,30,2,200,200,1.0,709436,230796,478640,0.32532321449714985,0.6746767855028502,0,101366,0.1428825151246906,26329,True,200,200,1.0,230796,478640,0,101366,0.1428825151246906,26329,True,177218,0.12277089999936863,False,0,1.6227812904119492,50000,True,111278,26329,1000,0.664324,1774
0.32533009484415243,0.6746699051558476,0.2375,0.875,1.0,0.0125,0.0125,6.463498378807126,32.317491894035626,0.06188599061330966,709796,120,40,19,1,200,200,1.0,709796,230918,478878,0.32533009484415243,0.6746699051558476,0,101407,0.1428678099059448,26330,True,200,200,1.0,230918,478878,0,101407,0.1428678099059448,26330,True,177298,0.12237489999936835,False,0,1.6254476940631866,50000,True,111319,26330,1000,0.664444,1775
0.3253325035411662,0.6746674964588337,0.17857142857142858,0.8571428571428571,1.0,0.22321428571428573,0.22321428571428573,4.941769981641229,17.64917850586153,0.1133197218972981,710218,89,56,20,25,200,200,1.0,710218,231057,479161,0.3253325035411662,0.6746674964588337,0,101477,0.14288148146062196,26355,True,200,200,1.0,231057,479161,0,101477,0.14288148146062196,26355,True,177409,0.12182544999936795,False,0,1.5479330995678902,50000,True,111398,26355,1000,0.664612,1776
0.3253114964494893,0.6746885035505107,0.17391304347826086,0.8913043478260869,1.0,0.010869565217391304,0.010869565217391304,5.798488833054851,25.210821013281958,0.07933101420799936,710602,108,46,16,1,200,200,1.0,710602,231167,479435,0.3253114964494893,0.6746885035505107,0,101523,0.142869004027571,26356,True,200,200,1.0,231167,479435,0,101523,0.142869004027571,26356,True,177501,0.12137004999936762,False,0,1.4937105801701547,50000,True,111445,26356,1000,0.66475,1777
0.3252997983059954,0.6747002016940046,0.25,0.8181818181818182,1.0,0.011363636363636364,0.011363636363636364,6.018648251337321,27.357492051533278,0.07310611646099,710978,112,44,22,1,200,200,1.0,710978,231281,479697,0.3252997983059954,0.6747002016940046,0,101568,0.14285674099620524,26357,True,200,200,1.0,231281,479697,0,101568,0.14285674099620524,26357,True,177589,0.12093444999936731,False,0,1.473799457848072,50000,True,111490,26357,1000,0.664882,1778
0.3253025259227603,0.6746974740772397,0.10714285714285714,0.9761904761904762,1.0,0.023809523809523808,0.023809523809523808,6.441382801843957,30.673251437352178,0.06520339078121047,711344,117,42,9,2,200,200,1.0,711344,231402,479942,0.3253025259227603,0.6746974740772397,0,101609,0.1428408758631548,26359,True,200,200,1.0,231402,479942,0,101609,0.1428408758631548,26359,True,177672,0.12052359999936701,False,0,1.4857446196675301,50000,True,111533,26359,1000,0.665008,1779
0.32530574164830717,0.6746942583516928,0.2619047619047619,0.8809523809523809,1.0,0.047619047619047616,0.047619047619047616,6.207902557096376,29.561440748077978,0.0676557011224169,711712,116,42,22,4,200,200,1.0,711712,231524,480188,0.32530574164830717,0.6746942583516928,0,101653,0.14282884087945685,26362,True,200,200,1.0,231524,480188,0,101653,0.14282884087945685,26362,True,177756,0.12010779999936672,False,0,1.5241958117485046,50000,True,111579,26362,1000,0.665134,1780
0.32531211819062733,0.6746878818093727,0.175,0.925,1.0,0.0,0.0,6.505897202991731,32.52948601495866,0.06148268063873809,712070,121,40,14,0,200,200,1.0,712070,231645,480425,0.32531211819062733,0.6746878818093727,0,101692,0.14281180221045683,26362,True,200,200,1.0,231645,480425,0,101692,0.14281180221045683,26362,True,177835,0.11971674999936643,False,0,1.5688802361488343,50000,True,111618,26362,1000,0.6652480000000001,1781
0.3253208052485451,0.6746791947514549,0.2692307692307692,0.8461538461538461,1.0,0.0,0.0,6.420518572039157,32.925736266867474,0.06074275708794282,712426,122,39,21,0,200,200,1.0,712426,231767,480659,0.3253208052485451,0.6746791947514549,0,101731,0.1427951815346436,26362,True,200,200,1.0,231767,480659,0,101731,0.1427951815346436,26362,True,177913,0.11933064999936616,False,0,1.5397311294078826,50000,True,111657,26362,1000,0.665368,1782
0.32532863816832447,0.6746713618316755,0.23170731707317074,0.8536585365853658,1.0,0.036585365853658534,0.024390243902439025,6.280284723131633,30.635535234788456,0.06528366436793577,712790,118,41,19,2,200,200,1.0,712790,231891,480899,0.32532863816832447,0.6746713618316755,0,101774,0.1427825867366265,26365,True,200,200,1.0,231891,480899,0,101774,0.1427825867366265,26365,True,177995,0.11892474999936586,False,0,1.5615604174137117,50000,True,111701,26365,1000,0.6654880000000001,1783
0.3253138075313807,0.6746861924686193,0.20212765957446807,0.8723404255319149,1.0,0.031914893617021274,0.031914893617021274,5.805683152716296,24.705034692409768,0.0809551585294664,713176,107,47,19,3,200,200,1.0,713176,232006,481170,0.3253138075313807,0.6746861924686193,0,101822,0.14277261152927187,26369,True,200,200,1.0,232006,481170,0,101822,0.14277261152927187,26369,True,178088,0.11846439999936553,False,0,1.593537322282791,50000,True,111750,26369,1000,0.665632,1784
0.3252776851304272,0.6747223148695728,0.17647058823529413,0.9411764705882353,1.0,0.029411764705882353,0.029411764705882353,5.565684312562891,21.826212990442713,0.09163293700449833,713578,99,51,18,3,200,200,1.0,713578,232111,481467,0.3252776851304272,0.6747223148695728,0,101873,0.14276365022464257,26372,True,200,200,1.0,232111,481467,0,101873,0.14276365022464257,26372,True,178189,0.11796444999936517,False,0,1.5747341442108154,50000,True,111803,26372,1000,0.665782,1785
0.3252569421295453,0.6747430578704547,0.1836734693877551,0.8979591836734694,1.0,0.05102040816326531,0.05102040816326531,5.649277284403582,23.058274630218705,0.08673675858552433,713974,102,49,18,5,200,200,1.0,713974,232225,481749,0.3252569421295453,0.6747430578704547,0,101924,0.14275589867418143,26378,True,200,200,1.0,232225,481749,0,101924,0.14275589867418143,26378,True,178287,0.11747934999936482,False,0,1.5919369399547576,50000,True,111857,26378,1000,0.665926,1786
0.3252606587302476,0.6747393412697524,0.19767441860465115,0.9069767441860465,1.0,0.03488372093023256,0.03488372093023256,6.2354752148846275,29.002210301788963,0.068960261276246,714344,115,43,17,3,200,200,1.0,714344,232348,481996,0.3252606587302476,0.6747393412697524,0,101968,0.1427435521261465,26382,True,200,200,1.0,232348,481996,0,101968,0.1427435521261465,26382,True,178372,0.11705859999936452,False,0,1.5621352505683899,50000,True,111902,26382,1000,0.666058,1787
0.32521720881427074,0.6747827911857293,0.3557692307692308,0.75,1.0,0.019230769230769232,0.019230769230769232,5.341590112721224,20.544577356620096,0.09734928907435218,714750,97,52,37,2,200,200,1.0,714750,232449,482301,0.32521720881427074,0.6747827911857293,0,102021,0.14273662119622246,26384,True,200,200,1.0,232449,482301,0,102021,0.14273662119622246,26384,True,178475,0.11654874999936415,False,0,1.5366397559642793,50000,True,111955,26384,1000,0.666208,1788
0.32517611591349554,0.6748238840865044,0.3431372549019608,0.7647058823529411,1.0,0.00980392156862745,0.00980392156862745,5.338399531579665,20.93490012384182,0.09553425085235012,715154,98,51,35,1,200,200,1.0,715154,232551,482603,0.32517611591349554,0.6748238840865044,0,102072,0.14272730069327724,26386,True,200,200,1.0,232551,482603,0,102072,0.14272730069327724,26386,True,178577,0.11604384999936379,False,0,1.5070453876256942,50000,True,112007,26386,1000,0.666364,1789
0.32519454817862653,0.6748054518213735,0.11842105263157894,0.9473684210526315,1.0,0.02631578947368421,0.02631578947368421,6.733831169805341,35.441216683186006,0.056431471240908006,715504,125,38,9,2,200,200,1.0,715504,232678,482826,0.32519454817862653,0.6748054518213735,0,102111,0.14271199042912408,26387,True,200,200,1.0,232678,482826,0,102111,0.14271199042912408,26387,True,178652,0.11567259999936352,False,0,1.5836190390586853,50000,True,112046,26387,1000,0.666478,1790
0.3251388407772849,0.6748611592227152,0.3392857142857143,0.7857142857142857,1.0,0.044642857142857144,0.044642857142857144,4.917151112378907,17.56125397278181,0.11388708363877662,715928,88,56,38,5,200,200,1.0,715928,232776,483152,0.3251388407772849,0.6748611592227152,0,102168,0.14270708786358405,26392,True,200,200,1.0,232776,483152,0,102168,0.14270708786358405,26392,True,178764,0.11511819999936312,False,0,1.5464156782627105,50000,True,112107,26392,1000,0.6666460000000001,1791
0.3251345065487309,0.6748654934512691,0.30612244897959184,0.7959183673469388,1.0,0.11224489795918367,0.11224489795918367,5.5324586928492865,22.581464052446066,0.08856821662913199,716322,103,49,30,11,200,200,1.0,716322,232901,483421,0.3251345065487309,0.6748654934512691,0,102221,0.1427025834750294,26403,True,200,200,1.0,232901,483421,0,102221,0.1427025834750294,26403,True,178861,0.11463804999936278,False,0,1.5937659990787507,50000,True,112166,26403,1000,0.66679,1792
0.3251165749972792,0.6748834250027208,0.22826086956521738,0.8478260869565217,1.0,0.021739130434782608,0.021739130434782608,5.814060795026774,25.27852519576858,0.07911853972931869,716706,108,46,21,2,200,200,1.0,716706,233013,483693,0.3251165749972792,0.6748834250027208,0,102269,0.14269309870435018,26405,True,200,200,1.0,233013,483693,0,102269,0.14269309870435018,26405,True,178953,0.11418264999936245,False,0,1.6094814640283586,50000,True,112214,26405,1000,0.666928,1793
0.32509915045768184,0.6749008495423181,0.3829787234042553,0.7446808510638298,1.0,0.02127659574468085,0.02127659574468085,5.702300659565821,24.26510918964179,0.08242287246140864,717092,107,47,36,2,200,200,1.0,717092,233126,483966,0.32509915045768184,0.6749008495423181,0,102316,0.14268183161993162,26408,True,200,200,1.0,233126,483966,0,102316,0.14268183161993162,26408,True,179046,0.11372229999936212,False,0,1.6055077695846558,50000,True,112261,26408,1000,0.6670659999999999,1794
0.3251032821707933,0.6748967178292067,0.2,0.9,1.0,0.0,0.0,6.472973164321282,32.36486582160641,0.06179540527137991,717452,120,40,16,0,200,200,1.0,717452,233246,484206,0.3251032821707933,0.6748967178292067,0,102356,0.14266599019864742,26408,True,200,200,1.0,233246,484206,0,102356,0.14266599019864742,26408,True,179126,0.11332629999936183,False,0,1.570585667490959,50000,True,112301,26408,1000,0.6671860000000001,1795
0.32508539554995847,0.6749146044500416,0.2608695652173913,0.8478260869565217,1.0,0.010869565217391304,0.010869565217391304,5.8184930233496015,25.29779575369392,0.07905827130049325,717836,108,46,24,1,200,200,1.0,717836,233358,484478,0.32508539554995847,0.6749146044500416,0,102403,0.14265514685805672,26410,True,200,200,1.0,233358,484478,0,102403,0.14265514685805672,26410,True,179218,0.11287089999936151,False,0,1.571154609322548,50000,True,112348,26410,1000,0.667324,1796
0.32504128158075735,0.6749587184192427,0.2647058823529412,0.803921568627451,1.0,0.0,0.0,5.377852239466804,21.089616625360016,0.09483339766333275,718238,99,51,27,0,200,200,1.0,718238,233457,484781,0.32504128158075735,0.6749587184192427,0,102453,0.1426449171444563,26410,True,200,200,1.0,233457,484781,0,102453,0.1426449171444563,26410,True,179319,0.11237094999936115,False,0,1.5993397790193558,50000,True,112398,26410,1000,0.667474,1797
0.3250170463242559,0.6749829536757441,0.14583333333333334,0.9166666666666666,1.0,0.03125,0.03125,5.7878963438187965,24.116234765911653,0.08293168562229308,718630,104,48,14,3,200,200,1.0,718630,233567,485063,0.3250170463242559,0.6749829536757441,0,102502,0.1426352921531247,26413,True,200,200,1.0,233567,485063,0,102502,0.1426352921531247,26413,True,179415,0.1118957499993608,False,0,1.5619662481546401,50000,True,112449,26413,1000,0.667618,1798
0.32499019517853117,0.6750098048214688,0.16666666666666666,0.9411764705882353,1.0,0.06862745098039216,0.06862745098039216,5.43809128964579,21.325848194689375,0.09378290522100059,719034,98,51,17,7,200,200,1.0,719034,233679,485355,0.32499019517853117,0.6750098048214688,0,102559,0.1426344234069599,26420,True,200,200,1.0,233679,485355,0,102559,0.1426344234069599,26420,True,179517,0.11139084999936044,False,0,1.5519811117649078,50000,True,112507,26420,1000,0.6677740000000001,1799
0.3249668482022969,0.6750331517977031,0.2391304347826087,0.9130434782608695,1.0,0.0,0.0,5.86084460573101,25.481933068395698,0.07848698113411678,719418,108,46,22,0,200,200,1.0,719418,233787,485631,0.3249668482022969,0.6750331517977031,0,102605,0.1426222307476321,26420,True,200,200,1.0,233787,485631,0,102605,0.1426222307476321,26420,True,179609,0.11093544999936011,False,0,1.5105965268611907,50000,True,112553,26420,1000,0.6679120000000001,1800
0.32496005779463455,0.6750399422053655,0.2558139534883721,0.8372093023255814,1.0,0.011627906976744186,0.011627906976744186,6.065095298656481,28.209745575146425,0.07089748451195023,719790,114,43,22,1,200,200,1.0,719790,233903,485887,0.32496005779463455,0.6750399422053655,0,102649,0.1426096500368163,26421,True,200,200,1.0,233903,485887,0,102649,0.1426096500368163,26421,True,179695,0.11050974999935981,False,0,1.4296954265236854,50000,True,112597,26421,1000,0.668038,1801
0.3249725751579532,0.6750274248420468,0.2375,0.9,1.0,0.0375,0.0375,6.37952604199065,31.897630209953252,0.06270058267137116,720150,120,40,19,3,200,200,1.0,720150,234029,486121,0.3249725751579532,0.6750274248420468,0,102690,0.14259529264736515,26424,True,200,200,1.0,234029,486121,0,102690,0.14259529264736515,26424,True,179775,0.11011374999935952,False,0,1.4076245507597924,50000,True,112640,26424,1000,0.668158,1802
0.3249355349970717,0.6750644650029283,0.20408163265306123,0.8979591836734694,1.0,0.0,0.0,5.710175723619668,23.306839688243542,0.08581171993939796,720546,102,49,20,0,200,200,1.0,720546,234131,486415,0.3249355349970717,0.6750644650029283,0,102739,0.1425849286513283,26424,True,200,200,1.0,234131,486415,0,102739,0.1425849286513283,26424,True,179873,0.10962864999935917,False,0,1.4151753082871437,50000,True,112689,26424,1000,0.668308,1803
0.3249539462002841,0.6750460537997158,0.25,0.8421052631578947,1.0,0.013157894736842105,0.013157894736842105,6.718732854759006,35.36175186715266,0.056558283863130346,720896,125,38,19,1,200,200,1.0,720896,234258,486638,0.3249539462002841,0.6750460537997158,0,102776,0.14256702769886365,26425,True,200,200,1.0,234258,486638,0,102776,0.14256702769886365,26425,True,179948,0.1092573999993589,False,0,1.4516884115338327,50000,True,112727,26425,1000,0.6684220000000001,1804
0.32494585968716466,0.6750541403128354,0.2111111111111111,0.9333333333333333,1.0,0.03333333333333333,0.03333333333333333,6.036723672228699,26.829882987683106,0.07454374664690665,721274,111,45,19,3,200,200,1.0,721274,234375,486899,0.32494585968716466,0.6750541403128354,0,102821,0.14255470181928087,26428,True,200,200,1.0,234375,486899,0,102821,0.14255470181928087,26428,True,180037,0.10881684999935859,False,0,1.5120419427752494,50000,True,112774,26428,1000,0.668554,1805
0.32494824274774886,0.6750517572522512,0.32926829268292684,0.8048780487804879,1.0,0.012195121951219513,0.012195121951219513,6.264284590603614,30.55748580782251,0.06545041082823684,721638,118,41,27,1,200,200,1.0,721638,234495,487143,0.32494824274774886,0.6750517572522512,0,102863,0.14254099700958098,26429,True,200,200,1.0,234495,487143,0,102863,0.14254099700958098,26429,True,180119,0.1084109499993583,False,0,1.549675448536873,50000,True,112816,26429,1000,0.668674,1806
0.32496350405402785,0.6750364959459721,0.225,0.875,1.0,0.0375,0.0375,6.500445030181498,32.50222515090749,0.061534248523417115,721998,120,40,18,3,200,200,1.0,721998,234623,487375,0.32496350405402785,0.6750364959459721,0,102903,0.14252532555491843,26433,True,200,200,1.0,234623,487375,0,102903,0.14252532555491843,26433,True,180199,0.10801494999935801,False,0,1.5581175297498704,50000,True,112859,26433,1000,0.668794,1807
0.3249480882637947,0.6750519117362053,0.3804347826086957,0.6956521739130435,1.0,0.010869565217391304,0.010869565217391304,5.755632468873286,25.024488995101247,0.07992171190354844,722380,109,46,35,1,200,200,1.0,722380,234736,487644,0.3249480882637947,0.6750519117362053,0,102949,0.14251363548270993,26435,True,200,200,1.0,234736,487644,0,102949,0.14251363548270993,26435,True,180290,0.10756449999935769,False,0,1.5811958861351014,50000,True,112905,26435,1000,0.6689320000000001,1808
0.3249710125275692,0.6750289874724308,0.0945945945945946,0.972972972972973,1.0,0.0,0.0,6.88581015265765,37.22059541977108,0.053733691722127226,722726,127,37,7,0,200,200,1.0,722726,234865,487861,0.3249710125275692,0.6750289874724308,0,102985,0.14249521948843683,26435,True,200,200,1.0,234865,487861,0,102985,0.14249521948843683,26435,True,180363,0.10720314999935743,False,0,1.5397918492555618,50000,True,112941,26435,1000,0.6690400000000001,1809
0.3249706122336085,0.6750293877663915,0.1951219512195122,0.9024390243902439,1.0,0.0,0.0,6.388962456559004,31.16567051980002,0.06417317409325013,723090,118,41,16,0,200,200,1.0,723090,234983,488107,0.3249706122336085,0.6750293877663915,0,103026,0.14248018918806787,26435,True,200,200,1.0,234983,488107,0,103026,0.14248018918806787,26435,True,180445,0.10679724999935714,False,0,1.5070702356100083,50000,True,112982,26435,1000,0.669166,1810
0.32496793170559096,0.6750320682944091,0.27380952380952384,0.8571428571428571,1.0,0.0,0.0,6.34229617850914,30.201410373853047,0.06622207291787623,723456,117,42,23,0,200,200,1.0,723456,235100,488356,0.32496793170559096,0.6750320682944091,0,103067,0.1424647801663128,26435,True,200,200,1.0,235100,488356,0,103067,0.1424647801663128,26435,True,180528,0.10638639999935684,False,0,1.487112699151039,50000,True,113023,26435,1000,0.669292,1811
0.32493935224327625,0.6750606477567238,0.2653061224489796,0.8367346938775511,1.0,0.030612244897959183,0.030612244897959183,5.6013566280592135,22.862680114527404,0.08747880782048646,723852,102,49,26,3,200,200,1.0,723852,235208,488644,0.32493935224327625,0.6750606477567238,0,103116,0.14245453490492532,26438,True,200,200,1.0,235208,488644,0,103116,0.14245453490492532,26438,True,180626,0.10590129999935649,False,0,1.5133043867349625,50000,True,113075,26438,1000,0.669436,1812
0.324953604489318,0.675046395510682,0.1282051282051282,0.9230769230769231,1.0,0.02564102564102564,0.02564102564102564,6.554177006900633,33.61116413795196,0.059504038354378355,724208,122,39,10,2,200,200,1.0,724208,235334,488874,0.324953604489318,0.675046395510682,0,103156,0.1424397410688642,26440,True,200,200,1.0,235334,488874,0,103156,0.1424397410688642,26440,True,180704,0.10551519999935621,False,0,1.4731731832027435,50000,True,113116,26440,1000,0.669556,1813
0.3249423117264527,0.6750576882735473,0.3068181818181818,0.8181818181818182,1.0,0.011363636363636364,0.011363636363636364,6.0224699117023865,27.374863235010846,0.07305972573562002,724584,112,44,27,1,200,200,1.0,724584,235448,489136,0.3249423117264527,0.6750576882735473,0,103200,0.14242655095889503,26441,True,200,200,1.0,235448,489136,0,103200,0.14242655095889503,26441,True,180792,0.1050795999993559,False,0,1.5337841612100602,50000,True,113161,26441,1000,0.6696880000000001,1814
0.3249519962921274,0.6750480037078725,0.15,0.925,1.0,0.025,0.025,6.406157007224798,32.03078503612399,0.0624399307648695,724944,120,40,12,2,200,200,1.0,724944,235572,489372,0.3249519962921274,0.6750480037078725,0,103241,0.14241237943896357,26443,True,200,200,1.0,235572,489372,0,103241,0.14241237943896357,26443,True,180872,0.10468359999935561,False,0,1.5241848748922349,50000,True,113203,26443,1000,0.669808,1815
0.3249561563151451,0.6750438436848549,0.125,0.95,1.0,0.0,0.0,6.502476241909338,32.51238120954669,0.061515026755798966,725304,120,40,10,0,200,200,1.0,725304,235692,489612,0.3249561563151451,0.6750438436848549,0,103281,0.14239684325469046,26443,True,200,200,1.0,235692,489612,0,103281,0.14239684325469046,26443,True,180952,0.10428759999935533,False,0,1.527802405357361,50000,True,113243,26443,1000,0.6699280000000001,1816
0.324950391357072,0.6750496086429281,0.2159090909090909,0.8636363636363636,1.0,0.03409090909090909,0.03409090909090909,6.00757101585063,27.307140981139227,0.07324091531154361,725680,112,44,19,3,200,200,1.0,725680,235810,489870,0.324950391357072,0.6750496086429281,0,103325,0.142383695292691,26446,True,200,200,1.0,235810,489870,0,103325,0.142383695292691,26446,True,181040,0.10385199999935502,False,0,1.514952421784401,50000,True,113290,26446,1000,0.67006,1817
0.3249590929375403,0.6750409070624597,0.16666666666666666,0.8974358974358975,1.0,0.0,0.0,6.470984868363109,33.184537786477485,0.06026903291131537,726036,122,39,13,0,200,200,1.0,726036,235932,490104,0.3249590929375403,0.6750409070624597,0,103364,0.14236759609716323,26446,True,200,200,1.0,235932,490104,0,103364,0.14236759609716323,26446,True,181118,0.10346589999935474,False,0,1.5102168452739715,50000,True,113329,26446,1000,0.670174,1818
0.3249569110302256,0.6750430889697744,0.2619047619047619,0.8095238095238095,1.0,0.011904761904761904,0.011904761904761904,6.135621750186273,29.21724642945844,0.06845272037626002,726404,116,42,22,1,200,200,1.0,726404,236050,490354,0.3249569110302256,0.6750430889697744,0,103407,0.14235466765050853,26447,True,200,200,1.0,236050,490354,0,103407,0.14235466765050853,26447,True,181202,0.10305009999935444,False,0,1.4717206209897995,50000,True,113372,26447,1000,0.6703,1819
0.3249633304988428,0.6750366695011571,0.25,0.85,1.0,0.0,0.0,6.454165793621184,32.27082896810592,0.0619754764272294,726762,121,40,20,0,200,200,1.0,726762,236171,490591,0.3249633304988428,0.6750366695011571,0,103446,0.14233820700586988,26447,True,200,200,1.0,236171,490591,0,103446,0.14233820700586988,26447,True,181281,0.10265904999935416,False,0,1.4556415888667107,50000,True,113411,26447,1000,0.67042,1820
0.3249656868273174,0.6750343131726826,0.23170731707317074,0.8536585365853658,1.0,0.0,0.0,6.363525394178777,31.041587288676958,0.06442969495730458,727126,118,41,19,0,200,200,1.0,727126,236291,490835,0.3249656868273174,0.6750343131726826,0,103487,0.1423233387335895,26448,True,200,200,1.0,236291,490835,0,103487,0.1423233387335895,26448,True,181363,0.10225314999935387,False,0,1.4625836458802224,50000,True,113452,26448,1000,0.67054,1821
0.3249894154583794,0.6750105845416206,0.27631578947368424,0.8421052631578947,1.0,0.039473684210526314,0.039473684210526314,6.624306155797019,34.864769241036946,0.057364498418820346,727476,125,38,21,3,200,200,1.0,727476,236422,491054,0.3249894154583794,0.6750105845416206,0,103525,0.14230710016550374,26451,True,200,200,1.0,236422,491054,0,103525,0.14230710016550374,26451,True,181438,0.1018818999993536,False,0,1.462928143441677,50000,True,113492,26451,1000,0.6706540000000001,1822
0.3249686065139079,0.6750313934860921,0.2608695652173913,0.8260869565217391,1.0,0.0,0.0,5.873832810586384,25.53840352428863,0.07831343091191563,727858,109,46,24,0,200,200,1.0,727858,236531,491327,0.3249686065139079,0.6750313934860921,0,103570,0.14229423871139701,26451,True,200,200,1.0,236531,491327,0,103570,0.14229423871139701,26451,True,181529,0.10143144999935327,False,0,1.4573959162831307,50000,True,113537,26451,1000,0.670792,1823
0.3249487809031039,0.675051219096896,0.1702127659574468,0.9574468085106383,1.0,0.02127659574468085,0.02127659574468085,5.941356433060374,25.28236780025691,0.07910651469834548,728244,107,47,16,2,200,200,1.0,728244,236642,491602,0.3249487809031039,0.675051219096896,0,103618,0.14228472874476136,26453,True,200,200,1.0,236642,491602,0,103618,0.14228472874476136,26453,True,181622,0.10097109999935294,False,0,1.4959174969792366,50000,True,113585,26453,1000,0.67093,1824
0.3249257508632663,0.6750742491367336,0.32608695652173914,0.8260869565217391,1.0,0.010869565217391304,0.010869565217391304,5.886624919838565,25.594021390602457,0.07814324952992165,728628,108,46,30,1,200,200,1.0,728628,236750,491878,0.3249257508632663,0.6750742491367336,0,103665,0.14227424694082577,26453,True,200,200,1.0,236750,491878,0,103665,0.14227424694082577,26453,True,181714,0.10051569999935261,False,0,1.4917507040500642,50000,True,113632,26453,1000,0.671068,1825
0.32491179746613186,0.6750882025338681,0.23863636363636365,0.8636363636363636,1.0,0.0,0.0,6.192973564785884,28.14987983993584,0.07104826064524183,729004,112,44,21,0,200,200,1.0,729004,236862,492142,0.32491179746613186,0.6750882025338681,0,103709,0.14226122216064657,26453,True,200,200,1.0,236862,492142,0,103709,0.14226122216064657,26453,True,181802,0.1000800999993523,False,0,1.4698953038454057,50000,True,113676,26453,1000,0.6712,1826
0.32490464425658167,0.6750953557434183,0.37209302325581395,0.7674418604651163,1.0,0.0,0.0,6.143977001805868,28.57663721770171,0.06998724114260393,729374,115,43,32,0,200,200,1.0,729374,236977,492397,0.32490464425658167,0.6750953557434183,0,103751,0.14224663889856232,26453,True,200,200,1.0,236977,492397,0,103751,0.14224663889856232,26453,True,181887,0.099659349999352,False,0,1.4652519378066062,50000,True,113718,26453,1000,0.6713260000000001,1827
0.3249069572414398,0.6750930427585602,0.21,0.88,1.0,0.15,0.14,5.513910336199856,22.055641344799422,0.09067974803968178,729772,101,50,21,14,200,200,1.0,729772,237108,492664,0.3249069572414398,0.6750930427585602,0,103810,0.14224990819050334,26468,True,200,200,1.0,237108,492664,0,103810,0.14224990819050334,26468,True,181986,0.09916929999935165,False,0,1.4810051038861274,50000,True,113782,26468,1000,0.671476,1828
0.3248998140087819,0.6751001859912181,0.29069767441860467,0.7906976744186046,1.0,0.0,0.0,6.0763688257743,28.262180584996745,0.07076594794181308,730142,115,43,25,0,200,200,1.0,730142,237223,492919,0.3248998140087819,0.6751001859912181,0,103852,0.1422353460011888,26468,True,200,200,1.0,237223,492919,0,103852,0.1422353460011888,26468,True,182071,0.09874854999935134,False,0,1.454208409488201,50000,True,113824,26468,1000,0.671602,1829
0.3248971311711031,0.6751028688288969,0.27,0.82,1.0,0.13,0.12,5.44414393692443,21.77657574769772,0.09184180392601189,730542,100,50,27,12,200,200,1.0,730542,237351,493191,0.3248971311711031,0.6751028688288969,0,103911,0.14223822860287294,26482,True,200,200,1.0,237351,493191,0,103911,0.14223822860287294,26482,True,182171,0.09825354999935099,False,0,1.494545822441578,50000,True,113887,26482,1000,0.671752,1830
0.3248562837059514,0.6751437162940486,0.3113207547169811,0.8490566037735849,1.0,0.03773584905660377,0.02830188679245283,5.2266314882253395,19.723137691416373,0.10140374372939716,730954,94,53,33,3,200,200,1.0,730954,237455,493499,0.3248562837059514,0.6751437162940486,0,103965,0.14223193251558922,26487,True,200,200,1.0,237455,493499,0,103965,0.14223193251558922,26487,True,182277,0.09772884999935061,False,0,1.5283920764923096,50000,True,113944,26487,1000,0.671914,1831
0.324844805425657,0.675155194574343,0.22340425531914893,0.9148936170212766,1.0,0.02127659574468085,0.02127659574468085,5.760684251965302,24.51355000836299,0.08158753013405583,731340,107,47,21,2,200,200,1.0,731340,237572,493768,0.324844805425657,0.675155194574343,0,104011,0.142219760986682,26491,True,200,200,1.0,237572,493768,0,104011,0.142219760986682,26491,True,182370,0.09726849999935028,False,0,1.5183531486988067,50000,True,113992,26491,1000,0.672052,1832
0.3248338180307437,0.6751661819692563,0.24468085106382978,0.7872340425531915,1.0,0.06382978723404255,0.06382978723404255,5.704310302772922,24.273660862863498,0.08239383467121843,731728,106,47,23,6,200,200,1.0,731728,237690,494038,0.3248338180307437,0.6751661819692563,0,104062,0.14221404674961188,26497,True,200,200,1.0,237690,494038,0,104062,0.14221404674961188,26497,True,182464,0.09680319999934994,False,0,1.5430175429582595,50000,True,114045,26497,1000,0.672196,1833
0.32481737866676863,0.6751826213332314,0.19148936170212766,0.851063829787234,1.0,0.0425531914893617,0.0425531914893617,5.816925557211976,24.752874711540322,0.08079869604266841,732116,106,47,18,4,200,200,1.0,732116,237804,494312,0.32481737866676863,0.6751826213332314,0,104109,0.14220287495424222,26501,True,200,200,1.0,237804,494312,0,104109,0.14220287495424222,26501,True,182558,0.09633789999934961,False,0,1.5496903866529466,50000,True,114096,26501,1000,0.672334,1834
0.3248107818831162,0.6751892181168838,0.1744186046511628,0.9534883720930233,1.0,0.011627906976744186,0.011627906976744186,6.2991217567923306,29.298240729266656,0.0682634844351646,732488,114,43,15,1,200,200,1.0,732488,237920,494568,0.3248107818831162,0.6751892181168838,0,104153,0.14219072530881052,26502,True,200,200,1.0,237920,494568,0,104153,0.14219072530881052,26502,True,182644,0.0959121999993493,False,0,1.513552593588829,50000,True,114140,26502,1000,0.672466,1835
0.3247794565066129,0.6752205434933871,0.21014492753623187,0.8695652173913043,1.0,0.2463768115942029,0.2246376811594203,3.9333168438694526,11.4009183880274,0.1754244642344153,732962,63,69,29,31,200,200,1.0,732962,238051,494911,0.3247794565066129,0.6752205434933871,0,104238,0.14221473964543865,26536,True,200,200,1.0,238051,494911,0,104238,0.14221473964543865,26536,True,182781,0.09523404999934881,False,0,1.4870561224222183,50000,True,114237,26536,1000,0.6726700000000001,1836
0.3247436456856114,0.6752563543143886,0.24,0.84,1.0,0.0,0.0,5.569898081410783,22.279592325643133,0.08976824938120886,733360,101,50,24,0,200,200,1.0,733360,238154,495206,0.3247436456856114,0.6752563543143886,0,104287,0.14220437438638595,26537,True,200,200,1.0,238154,495206,0,104287,0.14220437438638595,26537,True,182880,0.09474399999934846,False,0,1.4933740565180778,50000,True,114286,26537,1000,0.67282,1837
0.3247168654173765,0.6752831345826236,0.2916666666666667,0.8333333333333334,1.0,0.010416666666666666,0.010416666666666666,5.6993821775582685,23.747425739826117,0.08421965487593285,733750,105,48,28,1,200,200,1.0,733750,238261,495489,0.3247168654173765,0.6752831345826236,0,104335,0.14219420783645656,26538,True,200,200,1.0,238261,495489,0,104335,0.14219420783645656,26538,True,182975,0.09427374999934812,False,0,1.4350755801796913,50000,True,114334,26538,1000,0.672958,1838
0.3247193215222704,0.6752806784777297,0.2682926829268293,0.8048780487804879,1.0,0.0,0.0,6.270631119438686,30.588444485066763,0.06538416822654702,734114,118,41,22,0,200,200,1.0,734114,238381,495733,0.3247193215222704,0.6752806784777297,0,104376,0.14217955249457168,26539,True,200,200,1.0,238381,495733,0,104376,0.14217955249457168,26539,True,183057,0.09386784999934783,False,0,1.4514786288142205,50000,True,114375,26539,1000,0.673084,1839
0.3247212979049009,0.6752787020950991,0.1951219512195122,0.8536585365853658,1.0,0.0,0.0,6.408955279143564,31.26319648362714,0.06397298500962371,734476,119,41,16,0,200,200,1.0,734476,238500,495976,0.3247212979049009,0.6752787020950991,0,104416,0.14216393728317875,26539,True,200,200,1.0,238500,495976,0,104416,0.14216393728317875,26539,True,183138,0.09346689999934754,False,0,1.42221656113863,50000,True,114415,26539,1000,0.673204,1840
0.3246968146486969,0.6753031853513032,0.2553191489361702,0.851063829787234,1.0,0.010638297872340425,0.010638297872340425,5.727110837658167,24.370684415566668,0.08206581177188887,734864,106,47,24,1,200,200,1.0,734864,238608,496256,0.3246968146486969,0.6753031853513032,0,104463,0.1421528337216138,26540,True,200,200,1.0,238608,496256,0,104463,0.1421528337216138,26540,True,183232,0.0930015999993472,False,0,1.3952285042405128,50000,True,114463,26540,1000,0.6733480000000001,1841
0.324699753818533,0.675300246181467,0.16666666666666666,0.9047619047619048,1.0,0.023809523809523808,0.023809523809523808,6.278652909175434,29.89834718654968,0.06689332983930753,735230,117,42,14,2,200,200,1.0,735230,238729,496501,0.324699753818533,0.675300246181467,0,104506,0.14214055465636605,26542,True,200,200,1.0,238729,496501,0,104506,0.14214055465636605,26542,True,183315,0.09259074999934691,False,0,1.4481708306074141,50000,True,114506,26542,1000,0.673468,1842
0.3246634259863413,0.6753365740136588,0.24545454545454545,0.8363636363636363,1.0,0.06363636363636363,0.045454545454545456,5.024227707679595,18.26991893701671,0.10946956069672523,735648,91,55,27,5,200,200,1.0,735648,238838,496810,0.3246634259863413,0.6753365740136588,0,104563,0.14213727217364827,26551,True,200,200,1.0,238838,496810,0,104563,0.14213727217364827,26551,True,183424,0.09205119999934652,False,0,1.5011690491437912,50000,True,114566,26551,1000,0.673636,1843
0.32462728134790064,0.6753727186520994,0.1810344827586207,0.896551724137931,1.0,0.10344827586206896,0.10344827586206896,4.844486546391289,16.70512602203893,0.11972373015093794,736078,85,58,21,12,200,200,1.0,736078,238951,497127,0.32462728134790064,0.6753727186520994,0,104627,0.1421411861242966,26565,True,200,200,1.0,238951,497127,0,104627,0.1421411861242966,26565,True,183539,0.09148194999934611,False,0,1.481056887805462,50000,True,114634,26565,1000,0.6738040000000001,1844
0.3246248187234875,0.6753751812765125,0.2619047619047619,0.7857142857142857,1.0,0.011904761904761904,0.011904761904761904,6.208480736883108,29.564193985157658,0.06764940052159296,736444,117,42,22,1,200,200,1.0,736444,239068,497376,0.3246248187234875,0.6753751812765125,0,104669,0.14212757521277924,26565,True,200,200,1.0,239068,497376,0,104669,0.14212757521277924,26565,True,183622,0.09107109999934582,False,0,1.486953616440296,50000,True,114676,26565,1000,0.67393,1845
0.3246183579075373,0.6753816420924628,0.18604651162790697,0.8604651162790697,1.0,0.011627906976744186,0.011627906976744186,6.07619914402473,28.261391367556882,0.07076792412619613,736816,114,43,16,1,200,200,1.0,736816,239184,497632,0.3246183579075373,0.6753816420924628,0,104713,0.1421155349503811,26566,True,200,200,1.0,239184,497632,0,104713,0.1421155349503811,26566,True,183708,0.09064539999934551,False,0,1.4860078921914102,50000,True,114720,26566,1000,0.6740619999999999,1846
0.3246168538197958,0.6753831461802042,0.19767441860465115,0.8604651162790697,1.0,0.023255813953488372,0.023255813953488372,6.202399472222198,28.848369638242783,0.06932800796301168,737186,115,43,17,2,200,200,1.0,737186,239303,497883,0.3246168538197958,0.6753831461802042,0,104756,0.14210253585933535,26568,True,200,200,1.0,239303,497883,0,104756,0.14210253585933535,26568,True,183793,0.09022464999934521,False,0,1.519286877810955,50000,True,114764,26568,1000,0.674188,1847
0.3246372370629693,0.6753627629370307,0.22972972972972974,0.8648648648648649,1.0,0.013513513513513514,0.013513513513513514,6.638605822520909,35.88435579741032,0.0557345939632093,737534,126,37,17,1,200,200,1.0,737534,239431,498103,0.3246372370629693,0.6753627629370307,0,104793,0.14208565300040404,26569,True,200,200,1.0,239431,498103,0,104793,0.14208565300040404,26569,True,183867,0.08985834999934494,False,0,1.4985270074009895,50000,True,114802,26569,1000,0.674296,1848
0.32463700945117074,0.6753629905488292,0.2804878048780488,0.7804878048780488,1.0,0.0,0.0,6.223086053754075,30.356517335385732,0.06588371050287302,737898,118,41,23,0,200,200,1.0,737898,239549,498349,0.32463700945117074,0.6753629905488292,0,104834,0.14207112636163804,26569,True,200,200,1.0,239549,498349,0,104834,0.14207112636163804,26569,True,183949,0.08945244999934465,False,0,1.5137951081991197,50000,True,114843,26569,1000,0.6744220000000001,1849
0.32461444271971956,0.6753855572802805,0.2391304347826087,0.9130434782608695,1.0,0.0,0.0,5.9403576791985255,25.82764208347185,0.07743641458001621,738282,108,46,22,0,200,200,1.0,738282,239657,498625,0.32461444271971956,0.6753855572802805,0,104880,0.142059538225231,26569,True,200,200,1.0,239657,498625,0,104880,0.142059538225231,26569,True,184041,0.08899704999934432,False,0,1.4798898607492448,50000,True,114889,26569,1000,0.67456,1850
0.3246236326221163,0.6753763673778836,0.2,0.875,1.0,0.0,0.0,6.47326624459579,32.36633122297895,0.06179260745438058,738640,121,40,16,0,200,200,1.0,738640,239780,498860,0.3246236326221163,0.6753763673778836,0,104919,0.14204348532437994,26570,True,200,200,1.0,239780,498860,0,104919,0.14204348532437994,26570,True,184120,0.08860599999934404,False,0,1.4536391839385032,50000,True,114928,26570,1000,0.67468,1851
0.32460332709986983,0.6753966729001302,0.18478260869565216,0.8913043478260869,1.0,0.0,0.0,5.872905345933301,25.53437106927522,0.07832579837482438,739022,109,46,17,0,200,200,1.0,739022,239889,499133,0.32460332709986983,0.6753966729001302,0,104964,0.14203095442354896,26570,True,200,200,1.0,239889,499133,0,104964,0.14203095442354896,26570,True,184211,0.08815554999934372,False,0,1.4139603880047797,50000,True,114973,26570,1000,0.674812,1852
0.324605347153847,0.675394652846153,0.2682926829268293,0.8048780487804879,1.0,0.0,0.0,6.351945546670887,30.985100227662866,0.0645471528349113,739384,119,41,22,0,200,200,1.0,739384,240008,499376,0.324605347153847,0.675394652846153,0,105004,0.14201551561840667,26570,True,200,200,1.0,240008,499376,0,105004,0.14201551561840667,26570,True,184292,0.08775459999934343,False,0,1.47503248244524,50000,True,115013,26570,1000,0.674938,1853
0.32459270794469586,0.6754072920553041,0.15555555555555556,0.9333333333333333,1.0,0.022222222222222223,0.022222222222222223,5.957679087218919,26.478573720972975,0.0755327692902074,739764,110,45,14,2,200,200,1.0,739764,240122,499642,0.32459270794469586,0.6754072920553041,0,105050,0.14200474746000075,26572,True,200,200,1.0,240122,499642,0,105050,0.14200474746000075,26572,True,184382,0.08730909999934311,False,0,1.4794835004210471,50000,True,115060,26572,1000,0.6750700000000001,1854
0.324610803200588,0.675389196799412,0.3157894736842105,0.8421052631578947,1.0,0.0,0.0,6.571479154371831,34.58673239143069,0.057825641849171217,740114,125,38,24,0,200,200,1.0,740114,240249,499865,0.324610803200588,0.675389196799412,0,105087,0.1419875856962576,26573,True,200,200,1.0,240249,499865,0,105087,0.1419875856962576,26573,True,184457,0.08693784999934284,False,0,1.5299866545200347,50000,True,115097,26573,1000,0.675184,1855
0.32462760138830743,0.6753723986116926,0.24358974358974358,0.8974358974358975,1.0,0.02564102564102564,0.02564102564102564,6.542915941529134,33.55341508476479,0.05960645123447112,740470,122,39,19,2,200,200,1.0,740470,240377,500093,0.32462760138830743,0.6753723986116926,0,105127,0.14197334125622915,26576,True,200,200,1.0,240377,500093,0,105127,0.14197334125622915,26576,True,184535,0.08655174999934256,False,0,1.4402578136324882,50000,True,115137,26576,1000,0.675298,1856
0.3246478892251538,0.6753521107748461,0.28378378378378377,0.8648648648648649,1.0,0.02702702702702703,0.02702702702702703,6.645987851740806,35.92425865805841,0.055672686777945984,740818,126,37,21,2,200,200,1.0,740818,240505,500313,0.3246478892251538,0.6753521107748461,0,105166,0.14195929364567275,26577,True,200,200,1.0,240505,500313,0,105166,0.14195929364567275,26577,True,184609,0.0861854499993423,False,0,1.4703499361872674,50000,True,115176,26577,1000,0.675412,1857
0.32465655837900415,0.6753434416209958,0.38461538461538464,0.7435897435897436,1.0,0.0,0.0,6.328029480477361,32.45143323321724,0.061630559908608384,741174,122,39,30,0,200,200,1.0,741174,240627,500547,0.32465655837900415,0.6753434416209958,0,105205,0.14194372711401101,26577,True,200,200,1.0,240627,500547,0,105205,0.14194372711401101,26577,True,184687,0.08579934999934202,False,0,1.441576888859272,50000,True,115215,26577,1000,0.6755260000000001,1858
0.32463280310263176,0.6753671968973682,0.25,0.8333333333333334,1.0,0.020833333333333332,0.020833333333333332,5.639626697106936,23.4984445712789,0.08511201641169522,741564,105,48,24,2,200,200,1.0,741564,240736,500828,0.32463280310263176,0.6753671968973682,0,105253,0.1419338047693793,26579,True,200,200,1.0,240736,500828,0,105253,0.1419338047693793,26579,True,184782,0.08532909999934168,False,0,1.4452296158671378,50000,True,115264,26579,1000,0.67567,1859
0.32461749134705586,0.6753825086529441,0.2777777777777778,0.8222222222222222,1.0,0.011111111111111112,0.011111111111111112,5.972864497596172,26.546064433760765,0.07534073478162884,741944,110,45,25,1,200,200,1.0,741944,240848,501096,0.32461749134705586,0.6753825086529441,0,105299,0.14192311009995365,26580,True,200,200,1.0,240848,501096,0,105299,0.14192311009995365,26580,True,184872,0.08488359999934136,False,0,1.4756790095567702,50000,True,115310,26580,1000,0.675808,1860
0.3246283837488448,0.6753716162511552,0.20512820512820512,0.8717948717948718,1.0,0.0,0.0,6.66289158424068,34.168674790977846,0.058533145117120405,742298,123,39,16,0,200,200,1.0,742298,240971,501327,0.3246283837488448,0.6753716162511552,0,105337,0.14190661971337656,26580,True,200,200,1.0,240971,501327,0,105337,0.14190661971337656,26580,True,184949,0.08450244999934109,False,0,1.51103209733963,50000,True,115348,26580,1000,0.675922,1861
0.3246326034325356,0.6753673965674645,0.35,0.8,1.0,0.0,0.0,6.366705028525488,31.83352514262744,0.06282684657257302,742658,120,40,28,0,200,200,1.0,742658,241091,501567,0.3246326034325356,0.6753673965674645,0,105377,0.14189169173428415,26580,True,200,200,1.0,241091,501567,0,105377,0.14189169173428415,26580,True,185029,0.0841064499993408,False,0,1.5251500713825226,50000,True,115388,26580,1000,0.676042,1862
0.3246000301457764,0.6753999698542237,0.32,0.8,1.0,0.02,0.02,5.442846687941191,21.771386751764766,0.09186369351680743,743056,101,50,32,2,200,200,1.0,743056,241196,501860,0.3246000301457764,0.6753999698542237,0,105428,0.1418843263495618,26582,True,200,200,1.0,241196,501860,0,105428,0.1418843263495618,26582,True,185128,0.08361639999934045,False,0,1.510532243847847,50000,True,115439,26582,1000,0.676192,1863
0.324600435277375,0.675399564722625,0.2222222222222222,0.8444444444444444,1.0,0.06666666666666667,0.06666666666666667,6.074407664408443,26.99736739737086,0.07408129728214798,743434,111,45,20,6,200,200,1.0,743434,241319,502115,0.324600435277375,0.675399564722625,0,105474,0.14187406010486472,26588,True,200,200,1.0,241319,502115,0,105474,0.14187406010486472,26588,True,185217,0.08317584999934013,False,0,1.517523824572563,50000,True,115488,26588,1000,0.676324,1864
0.32456475269886936,0.6754352473011307,0.24489795918367346,0.8775510204081632,1.0,0.0,0.0,5.63546983384412,23.001917689159672,0.08694927210101959,743830,102,49,24,0,200,200,1.0,743830,241421,502409,0.32456475269886936,0.6754352473011307,0,105523,0.14186440450102847,26588,True,200,200,1.0,241421,502409,0,105523,0.14186440450102847,26588,True,185315,0.08269074999933979,False,0,1.4762873059511186,50000,True,115537,26588,1000,0.6764680000000001,1865
0.32454730641268886,0.6754526935873111,0.18478260869565216,0.9565217391304348,1.0,0.03260869565217391,0.021739130434782608,6.109130917347491,26.561438771076045,0.07529712592895722,744212,109,46,17,2,200,200,1.0,744212,241532,502680,0.32454730641268886,0.6754526935873111,0,105570,0.14185474031593148,26589,True,200,200,1.0,241532,502680,0,105570,0.14185474031593148,26589,True,185406,0.08224029999933946,False,0,1.4553076243400573,50000,True,115585,26589,1000,0.676606,1866
0.32454189430933617,0.6754581056906639,0.23863636363636365,0.8181818181818182,1.0,0.022727272727272728,0.022727272727272728,6.005417762276381,27.29735346489264,0.07326717597631642,744588,112,44,21,2,200,200,1.0,744588,241650,502938,0.32454189430933617,0.6754581056906639,0,105614,0.14184219998173486,26592,True,200,200,1.0,241650,502938,0,105614,0.14184219998173486,26592,True,185494,0.08180469999933915,False,0,1.4732171607017517,50000,True,115631,26592,1000,0.6767380000000001,1867
0.3245311182822257,0.6754688817177743,0.25,0.9318181818181818,1.0,0.011363636363636364,0.011363636363636364,6.096667443658266,27.71212474390121,0.07217057582133442,744964,112,44,22,1,200,200,1.0,744964,241764,503200,0.3245311182822257,0.6754688817177743,0,105658,0.1418296723063128,26593,True,200,200,1.0,241764,503200,0,105658,0.1418296723063128,26593,True,185582,0.08136909999933883,False,0,1.4045302999019622,50000,True,115676,26593,1000,0.6768700000000001,1868
0.3244986999605561,0.6755013000394439,0.23,0.8,1.0,0.01,0.01,5.491464914487157,21.965859657948627,0.09105038596913162,745362,101,50,23,1,200,200,1.0,745362,241869,503493,0.3244986999605561,0.6755013000394439,0,105707,0.14181967956509722,26595,True,200,200,1.0,241869,503493,0,105707,0.14181967956509722,26595,True,185681,0.08087904999933848,False,0,1.353650784790516,50000,True,115726,26595,1000,0.67702,1869
0.32444576145283305,0.6755542385471669,0.22033898305084745,0.8813559322033898,1.0,0.0847457627118644,0.0847457627118644,4.733428404875188,16.045520016526062,0.12464538375447494,745798,82,59,26,10,200,200,1.0,745798,241971,503827,0.32444576145283305,0.6755542385471669,0,105771,0.14182258466769823,26605,True,200,200,1.0,241971,503827,0,105771,0.14182258466769823,26605,True,185799,0.08029494999933806,False,0,1.4754245415329934,50000,True,115795,26605,1000,0.6771940000000001,1870
0.32442936326696903,0.675570636733031,0.19148936170212766,0.8936170212765957,1.0,0.031914893617021274,0.031914893617021274,5.819821300765654,24.7651970245347,0.08075849338160382,746184,107,47,18,3,200,200,1.0,746184,242084,504100,0.32442936326696903,0.675570636733031,0,105819,0.141813547328809,26608,True,200,200,1.0,242084,504100,0,105819,0.141813547328809,26608,True,185892,0.07983459999933773,False,0,1.4966641637682914,50000,True,115844,26608,1000,0.677338,1871
0.32440494528309466,0.6755950547169054,0.2127659574468085,0.8936170212765957,1.0,0.010638297872340425,0.010638297872340425,5.8638603228926796,24.952597118692253,0.08015197738682596,746570,107,47,20,1,200,200,1.0,746570,242191,504379,0.32440494528309466,0.6755950547169054,0,105866,0.14180317987596608,26608,True,200,200,1.0,242191,504379,0,105866,0.14180317987596608,26608,True,185985,0.0793742499993374,False,0,1.522534303367138,50000,True,115891,26608,1000,0.677476,1872
0.32440229949688465,0.6755977005031153,0.2159090909090909,0.8863636363636364,1.0,0.045454545454545456,0.045454545454545456,6.00892325927496,27.31328754215891,0.07322443323283356,746946,112,44,19,4,200,200,1.0,746946,242311,504635,0.32440229949688465,0.6755977005031153,0,105912,0.14179338265416777,26612,True,200,200,1.0,242311,504635,0,105912,0.14179338265416777,26612,True,186073,0.07893864999933708,False,0,1.5370417952537536,50000,True,115939,26612,1000,0.677608,1873
0.3244114844828878,0.6755885155171122,0.225,0.825,1.0,0.0125,0.0125,6.4050891994714,32.025445997357,0.06245034027520043,747304,121,40,18,1,200,200,1.0,747304,242434,504870,0.3244114844828878,0.6755885155171122,0,105952,0.14177898151220922,26613,True,200,200,1.0,242434,504870,0,105952,0.14177898151220922,26613,True,186152,0.0785475999993368,False,0,1.4727544158697128,50000,True,115979,26613,1000,0.677728,1874
0.3243527709348077,0.6756472290651923,0.17857142857142858,0.9107142857142857,1.0,0.008928571428571428,0.008928571428571428,5.125500814599967,18.30536005214274,0.1092576160372158,747726,89,56,20,1,200,200,1.0,747726,242527,505199,0.3243527709348077,0.6756472290651923,0,106008,0.14177385833848227,26615,True,200,200,1.0,242527,505199,0,106008,0.14177385833848227,26615,True,186263,0.07799814999933641,False,0,1.4628074702620506,50000,True,116035,26615,1000,0.67789,1875
0.32433378959300213,0.6756662104069979,0.2765957446808511,0.851063829787234,1.0,0.02127659574468085,0.02127659574468085,5.68929324434674,24.209758486581876,0.08261131564399905,748112,107,47,26,2,200,200,1.0,748112,242638,505474,0.32433378959300213,0.6756662104069979,0,106055,0.14176353273306672,26617,True,200,200,1.0,242638,505474,0,106055,0.14176353273306672,26617,True,186356,0.07753779999933608,False,0,1.453853717148304,50000,True,116083,26617,1000,0.678034,1876
0.3243258408952448,0.6756741591047553,0.22727272727272727,0.9090909090909091,1.0,0.045454545454545456,0.03409090909090909,6.0325828244645585,27.42083102029345,0.07293724973250634,748488,112,44,20,3,200,200,1.0,748488,242754,505734,0.3243258408952448,0.6756741591047553,0,106101,0.14175377561163305,26619,True,200,200,1.0,242754,505734,0,106101,0.14175377561163305,26619,True,186444,0.07710219999933576,False,0,1.4059258767962455,50000,True,116131,26619,1000,0.678166,1877
0.3242936842189599,0.6757063157810401,0.27,0.82,1.0,0.02,0.02,5.557906065682899,22.231624262731597,0.08996193783972581,748886,101,50,27,2,200,200,1.0,748886,242859,506027,0.3242936842189599,0.6757063157810401,0,106151,0.1417452055453033,26621,True,200,200,1.0,242859,506027,0,106151,0.1417452055453033,26621,True,186543,0.07661214999933541,False,0,1.4444680508971215,50000,True,116182,26621,1000,0.67831,1878
0.32422903020888383,0.6757709697911162,0.25862068965517243,0.8275862068965517,1.0,0.017241379310344827,0.017241379310344827,4.814435311343703,16.60150107359898,0.1204710339826173,749316,85,58,30,2,200,200,1.0,749316,242950,506366,0.32422903020888383,0.6757709697911162,0,106208,0.14173993348600591,26624,True,200,200,1.0,242950,506366,0,106208,0.14173993348600591,26624,True,186658,0.076042899999335,False,0,1.4789598500728607,50000,True,116241,26624,1000,0.6784840000000001,1879
0.32416679559750106,0.6758332044024989,0.2,0.8666666666666667,1.0,0.05,0.05,4.6455383384706,15.485127794902,0.12915618304799772,749756,80,60,24,6,200,200,1.0,749756,243046,506710,0.32416679559750106,0.6758332044024989,0,106271,0.141740779666985,26632,True,200,200,1.0,243046,506710,0,106271,0.141740779666985,26632,True,186778,0.07544889999933457,False,0,1.5079116588830948,50000,True,116307,26632,1000,0.678664,1880
0.3241743299054282,0.6758256700945717,0.10975609756097561,0.926829268292683,1.0,0.012195121951219513,0.012195121951219513,6.392879896419003,31.18477998253172,0.06413384994604124,750118,119,41,9,1,200,200,1.0,750118,243169,506949,0.3241743299054282,0.6758256700945717,0,106312,0.14172703494650174,26634,True,200,200,1.0,243169,506949,0,106312,0.14172703494650174,26634,True,186859,0.07504794999933428,False,0,1.5113401836156846,50000,True,116348,26634,1000,0.678784,1881
0.32415907437558455,0.6758409256244154,0.22321428571428573,0.8571428571428571,1.0,0.16964285714285715,0.16964285714285715,5.058076665272845,18.06455951883159,0.11071401978637116,750542,88,56,25,19,200,200,1.0,750542,243295,507247,0.32415907437558455,0.6758409256244154,0,106377,0.14173357387061616,26653,True,200,200,1.0,243295,507247,0,106377,0.14173357387061616,26653,True,186971,0.07449354999933389,False,0,1.4978583696484566,50000,True,116421,26653,1000,0.678952,1882
0.32417005817050565,0.6758299418294944,0.28205128205128205,0.7948717948717948,1.0,0.0,0.0,6.537034561970184,33.523254163949666,0.05966007924584976,750896,123,39,22,0,200,200,1.0,750896,243418,507478,0.32417005817050565,0.6758299418294944,0,106415,0.14171736165860518,26653,True,200,200,1.0,243418,507478,0,106415,0.14171736165860518,26653,True,187048,0.07411239999933361,False,0,1.507310554087162,50000,True,116459,26653,1000,0.679072,1883
0.3241590906065729,0.6758409093934271,0.32954545454545453,0.7954545454545454,1.0,0.011363636363636364,0.011363636363636364,6.006064678311965,27.300293992327113,0.07325928433452439,751270,113,44,29,1,200,200,1.0,751270,243531,507739,0.3241590906065729,0.6758409093934271,0,106459,0.1417053788917433,26653,True,200,200,1.0,243531,507739,0,106459,0.1417053788917433,26653,True,187135,0.0736817499993333,False,0,1.5283434811234473,50000,True,116503,26653,1000,0.679198,1884
0.32417491771129636,0.6758250822887036,0.3026315789473684,0.7894736842105263,1.0,0.013157894736842105,0.0,6.601945229525353,34.747080155396596,0.05755879317213301,751622,124,38,23,0,200,200,1.0,751622,243657,507965,0.32417491771129636,0.6758250822887036,0,106498,0.14169090314014227,26654,True,200,200,1.0,243657,507965,0,106498,0.14169090314014227,26654,True,187211,0.07330554999933303,False,0,1.5363498130440711,50000,True,116542,26654,1000,0.679312,1885
0.32417366142193,0.6758263385780701,0.27906976744186046,0.7674418604651163,1.0,0.023255813953488372,0.023255813953488372,6.208841530726193,28.878332701052063,0.0692560758511913,751992,115,43,24,2,200,200,1.0,751992,243776,508216,0.32417366142193,0.6758263385780701,0,106540,0.14167703911743743,26656,True,200,200,1.0,243776,508216,0,106540,0.14167703911743743,26656,True,187296,0.07288479999933273,False,0,1.4910796019434929,50000,True,116586,26656,1000,0.6794439999999999,1886
0.32417459726726566,0.6758254027327344,0.17857142857142858,0.8809523809523809,1.0,0.023809523809523808,0.023809523809523808,6.134715234548391,29.212929688325673,0.06846283550941683,752360,116,42,15,2,200,200,1.0,752360,243896,508464,0.32417459726726566,0.6758254027327344,0,106584,0.14166622361635386,26658,True,200,200,1.0,243896,508464,0,106584,0.14166622361635386,26658,True,187380,0.07246899999933243,False,0,1.4938730812072754,50000,True,116630,26658,1000,0.67957,1887
0.3241750650303032,0.6758249349696968,0.27380952380952384,0.8095238095238095,1.0,0.011904761904761904,0.011904761904761904,6.242964880933962,29.728404194923627,0.06727572683977152,752726,117,42,23,1,200,200,1.0,752726,244015,508711,0.3241750650303032,0.6758249349696968,0,106626,0.14165313806086147,26659,True,200,200,1.0,244015,508711,0,106626,0.14165313806086147,26659,True,187463,0.07205814999933213,False,0,1.5196171253919601,50000,True,116672,26659,1000,0.67969,1888
0.3241694330102244,0.6758305669897756,0.18181818181818182,0.8863636363636364,1.0,0.022727272727272728,0.022727272727272728,6.129232423242447,27.86014737837476,0.07178712922216679,753100,113,44,16,2,200,200,1.0,753100,244132,508968,0.3241694330102244,0.6758305669897756,0,106671,0.14164254415084318,26661,True,200,200,1.0,244132,508968,0,106671,0.14164254415084318,26661,True,187550,0.07162749999933182,False,0,1.460802617073059,50000,True,116717,26661,1000,0.679822,1889
0.3241563102208962,0.6758436897791038,0.29545454545454547,0.8863636363636364,1.0,0.0,0.0,6.059762087470407,27.544373124865487,0.07261011136225548,753476,112,44,26,0,200,200,1.0,753476,244244,509232,0.3241563102208962,0.6758436897791038,0,106715,0.14163025763262532,26661,True,200,200,1.0,244244,509232,0,106715,0.14163025763262532,26661,True,187638,0.07119189999933151,False,0,1.45147824883461,50000,True,116761,26661,1000,0.679954,1890
0.3241699056816524,0.6758300943183476,0.20512820512820512,0.8974358974358975,1.0,0.01282051282051282,0.01282051282051282,6.707602896090256,34.397963569693616,0.05814297686395898,753830,123,39,16,1,200,200,1.0,753830,244369,509461,0.3241699056816524,0.6758300943183476,0,106754,0.1416154835970975,26662,True,200,200,1.0,244369,509461,0,106754,0.1416154835970975,26662,True,187715,0.07081074999933124,False,0,1.4390914171934128,50000,True,116800,26662,1000,0.680068,1891
0.3241633518960488,0.6758366481039513,0.20930232558139536,0.8604651162790697,1.0,0.0,0.0,6.164798690242174,28.673482280196154,0.0697508583176636,754200,115,43,18,0,200,200,1.0,754200,244484,509716,0.3241633518960488,0.6758366481039513,0,106796,0.14160169716255636,26662,True,200,200,1.0,244484,509716,0,106796,0.14160169716255636,26662,True,187800,0.07038999999933093,False,0,1.4243400967121125,50000,True,116842,26662,1000,0.6802,1892
0.3241489990484798,0.6758510009515202,0.25,0.8478260869565217,1.0,0.021739130434782608,0.021739130434782608,5.838715222794226,25.385718359974895,0.07878445556038927,754582,109,46,23,2,200,200,1.0,754582,244597,509985,0.3241489990484798,0.6758510009515202,0,106841,0.1415896483086,26664,True,200,200,1.0,244597,509985,0,106841,0.1415896483086,26664,True,187891,0.06993954999933061,False,0,1.4162465259432793,50000,True,116889,26664,1000,0.680332,1893
0.3241176610833106,0.6758823389166895,0.24,0.82,1.0,0.02,0.02,5.473114685829046,21.892458743316183,0.09135565919979657,754982,100,50,24,2,200,200,1.0,754982,244703,510279,0.3241176610833106,0.6758823389166895,0,106892,0.14158218341629336,26667,True,200,200,1.0,244703,510279,0,106892,0.14158218341629336,26667,True,187991,0.06944454999933025,False,0,1.4292096170783042,50000,True,116941,26667,1000,0.680482,1894
0.3241116085967639,0.6758883914032361,0.2558139534883721,0.813953488372093,1.0,0.0,0.0,6.06463263199587,28.207593637190094,0.07090289323237821,755354,114,43,22,0,200,200,1.0,755354,244819,510535,0.3241116085967639,0.6758883914032361,0,106935,0.14156938336197333,26668,True,200,200,1.0,244819,510535,0,106935,0.14156938336197333,26668,True,188077,0.06901884999932995,False,0,1.4297417992353438,50000,True,116984,26668,1000,0.680614,1895
0.32407642637874456,0.6759235736212554,0.2692307692307692,0.8269230769230769,1.0,0.04807692307692308,0.04807692307692308,5.231823909899746,20.122399653460562,0.09939172436901922,755760,97,52,28,5,200,200,1.0,755760,244924,510836,0.32407642637874456,0.6759235736212554,0,106989,0.1415647824706256,26672,True,200,200,1.0,244924,510836,0,106989,0.1415647824706256,26672,True,188180,0.06850899999932958,False,0,1.4407662239670753,50000,True,117040,26672,1000,0.68077,1896
0.32408347881288685,0.6759165211871132,0.1875,0.875,1.0,0.0125,0.0125,6.520760897774258,32.60380448887129,0.06134253444817041,756120,120,40,15,1,200,200,1.0,756120,245046,511074,0.32408347881288685,0.6759165211871132,0,107030,0.1415516055652542,26673,True,200,200,1.0,245046,511074,0,107030,0.1415516055652542,26673,True,188260,0.0681129999993293,False,0,1.3928469496965408,50000,True,117081,26673,1000,0.68089,1897
0.32407745224007656,0.6759225477599234,0.22093023255813954,0.9069767441860465,1.0,0.0,0.0,6.168051310615653,28.68861074704955,0.06971407635016581,756492,114,43,19,0,200,200,1.0,756492,245162,511330,0.32407745224007656,0.6759225477599234,0,107073,0.1415388398026681,26674,True,200,200,1.0,245162,511330,0,107073,0.1415388398026681,26674,True,188346,0.06768729999932899,False,0,1.378460524082184,50000,True,117124,26674,1000,0.6810160000000001,1898
0.32405058608407056,0.6759494139159294,0.22448979591836735,0.9183673469387755,1.0,0.030612244897959183,0.030612244897959183,5.7305704716376455,23.390083557704674,0.08550632130346544,756888,102,49,22,3,200,200,1.0,756888,245270,511618,0.32405058608407056,0.6759494139159294,0,107124,0.14153216856390907,26677,True,200,200,1.0,245270,511618,0,107124,0.14153216856390907,26677,True,188444,0.06720219999932864,False,0,1.406317478120327,50000,True,117176,26677,1000,0.681166,1899
0.32402281850834563,0.6759771814916544,0.2708333333333333,0.8333333333333334,1.0,0.010416666666666666,0.010416666666666666,5.673006218739864,23.637525911416102,0.08461122401283418,757280,104,48,26,1,200,200,1.0,757280,245376,511904,0.32402281850834563,0.6759771814916544,0,107173,0.1415236108176632,26678,True,200,200,1.0,245376,511904,0,107173,0.1415236108176632,26678,True,188540,0.0667269999993283,False,0,1.3793006405234336,50000,True,117225,26678,1000,0.6813100000000001,1900
0.3239907295466664,0.6760092704533336,0.3979591836734694,0.673469387755102,1.0,0.01020408163265306,0.01020408163265306,5.412051966454822,22.09000802634621,0.09053867239951426,757676,102,49,39,1,200,200,1.0,757676,245480,512196,0.3239907295466664,0.6760092704533336,0,107223,0.14151563465122294,26679,True,200,200,1.0,245480,512196,0,107223,0.14151563465122294,26679,True,188638,0.06624189999932795,False,0,1.4073411229252815,50000,True,117275,26679,1000,0.681454,1901
0.3239743555919056,0.6760256444080943,0.22826086956521738,0.8478260869565217,1.0,0.021739130434782608,0.021739130434782608,5.761017577686672,25.047902511681183,0.07984700511618857,758060,108,46,21,2,200,200,1.0,758060,245592,512468,0.3239743555919056,0.6760256444080943,0,107271,0.14150726855394033,26681,True,200,200,1.0,245592,512468,0,107271,0.14150726855394033,26681,True,188730,0.06578649999932762,False,0,1.3992172160744667,50000,True,117323,26681,1000,0.681592,1902
0.32393627120074253,0.6760637287992575,0.27450980392156865,0.8235294117647058,1.0,0.0196078431372549,0.0196078431372549,5.3983469164890865,21.16998790780034,0.0944733652522813,758464,98,51,28,2,200,200,1.0,758464,245694,512770,0.32393627120074253,0.6760637287992575,0,107323,0.14150045354822377,26683,True,200,200,1.0,245694,512770,0,107323,0.14150045354822377,26683,True,188832,0.06528159999932726,False,0,1.391761277616024,50000,True,117376,26683,1000,0.681748,1903
0.3239124991763853,0.6760875008236147,0.2127659574468085,0.9148936170212766,1.0,0.0,0.0,5.833381722840061,24.822900948255576,0.08057076020925545,758850,107,47,20,0,200,200,1.0,758850,245801,513049,0.3239124991763853,0.6760875008236147,0,107369,0.14148909534163537,26683,True,200,200,1.0,245801,513049,0,107369,0.14148909534163537,26683,True,188925,0.06482124999932692,False,0,1.3696121597290039,50000,True,117422,26683,1000,0.681886,1904
0.32389014306373987,0.6761098569362601,0.19791666666666666,0.9583333333333334,1.0,0.020833333333333332,0.020833333333333332,5.810196760254213,24.209153167725887,0.08261338123409759,759242,104,48,19,2,200,200,1.0,759242,245911,513331,0.32389014306373987,0.6761098569362601,0,107418,0.14148058194883845,26686,True,200,200,1.0,245911,513331,0,107418,0.14148058194883845,26686,True,189021,0.06434604999932658,False,0,1.4111959385871886,50000,True,117472,26686,1000,0.68203,1905
0.3239159970089206,0.6760840029910794,0.15789473684210525,0.9210526315789473,1.0,0.05263157894736842,0.05263157894736842,6.64095591915416,34.95239957449558,0.05722067796053065,759592,125,38,12,4,200,200,1.0,759592,246044,513548,0.3239159970089206,0.6760840029910794,0,107457,0.14146673477340466,26690,True,200,200,1.0,246044,513548,0,107457,0.14146673477340466,26690,True,189096,0.06397479999932632,False,0,1.436245368719101,50000,True,117513,26690,1000,0.6821440000000001,1906
0.32387802041063374,0.6761219795893663,0.17647058823529413,0.9215686274509803,1.0,0.0196078431372549,0.0196078431372549,5.4157652647002354,21.238295155687197,0.09416951715469683,759996,98,51,18,2,200,200,1.0,759996,246146,513850,0.32387802041063374,0.6761219795893663,0,107509,0.141459955052395,26692,True,200,200,1.0,246146,513850,0,107509,0.141459955052395,26692,True,189198,0.06346989999932595,False,0,1.440709035396576,50000,True,117566,26692,1000,0.682294,1907
0.3238352871244421,0.6761647128755579,0.18269230769230768,0.8846153846153846,1.0,0.019230769230769232,0.019230769230769232,5.358029481041009,20.607805696311573,0.09705060448808309,760402,97,52,19,2,200,200,1.0,760402,246245,514157,0.3238352871244421,0.6761647128755579,0,107561,0.14145281048708447,26693,True,200,200,1.0,246245,514157,0,107561,0.14145281048708447,26693,True,189301,0.06296004999932558,False,0,1.4434016013145448,50000,True,117619,26693,1000,0.68245,1908
0.3238233817309032,0.6761766182690968,0.28888888888888886,0.8222222222222222,1.0,0.03333333333333333,0.03333333333333333,5.856060352595538,26.026934900424614,0.0768434703376221,760782,110,45,26,3,200,200,1.0,760782,246359,514423,0.3238233817309032,0.6761766182690968,0,107608,0.14144393531918473,26695,True,200,200,1.0,246359,514423,0,107608,0.14144393531918473,26695,True,189391,0.06251454999932526,False,0,1.514919770359993,50000,True,117667,26695,1000,0.682582,1909
0.3237780942421583,0.6762219057578417,0.23076923076923078,0.9038461538461539,1.0,0.0,0.0,5.413218816838379,20.820072372455304,0.09606114542838838,761188,97,52,24,0,200,200,1.0,761188,246456,514732,0.3237780942421583,0.6762219057578417,0,107659,0.14143549293998328,26695,True,200,200,1.0,246456,514732,0,107659,0.14143549293998328,26695,True,189494,0.0620046999993256,False,0,1.5272041440010071,50000,True,117718,26695,1000,0.6827380000000001,1910
0.32375016085023467,0.6762498391497653,0.21875,0.875,1.0,0.0,0.0,5.796333814640318,24.151390894334657,0.08281096557752093,761578,105,48,21,0,200,200,1.0,761578,246561,515017,0.32375016085023467,0.6762498391497653,0,107706,0.14142477855190144,26695,True,200,200,1.0,246561,515017,0,107706,0.14142477855190144,26695,True,189589,0.06153444999932592,False,0,1.5635975974798202,50000,True,117765,26695,1000,0.682882,1911
0.3237421779849649,0.676257822015035,0.2727272727272727,0.8409090909090909,1.0,0.0,0.0,6.104116145663004,27.745982480286383,0.07208250785211903,761952,113,44,24,0,200,200,1.0,761952,246676,515276,0.3237421779849649,0.676257822015035,0,107749,0.14141179496871195,26696,True,200,200,1.0,246676,515276,0,107749,0.14141179496871195,26696,True,189676,0.06110379999932621,False,0,1.5856226253509522,50000,True,117808,26696,1000,0.683014,1912
0.32373034321004496,0.6762696567899551,0.25555555555555554,0.8222222222222222,1.0,0.011111111111111112,0.011111111111111112,5.926126117539476,26.338338300175447,0.0759349347406126,762332,110,45,23,1,200,200,1.0,762332,246790,515542,0.32373034321004496,0.6762696567899551,0,107795,0.14140164652671014,26698,True,200,200,1.0,246790,515542,0,107795,0.14140164652671014,26698,True,189766,0.060658299999326516,False,0,1.5220598936080934,50000,True,117854,26698,1000,0.683146,1913
0.32369692106795045,0.6763030789320496,0.28,0.86,1.0,0.02,0.02,5.5701194800036635,22.280477920014654,0.0897646813133838,762732,100,50,28,2,200,200,1.0,762732,246894,515838,0.32369692106795045,0.6763030789320496,0,107846,0.14139435607788844,26700,True,200,200,1.0,246894,515838,0,107846,0.14139435607788844,26700,True,189866,0.060163299999326854,False,0,1.493588621020317,50000,True,117906,26700,1000,0.683296,1914
0.32367602389145583,0.6763239761085442,0.2978723404255319,0.8085106382978723,1.0,0.010638297872340425,0.010638297872340425,5.678854340852771,24.16533762065009,0.08276317225094067,763118,107,47,28,1,200,200,1.0,763118,247003,516115,0.32367602389145583,0.6763239761085442,0,107892,0.1413831150621529,26701,True,200,200,1.0,247003,516115,0,107892,0.1413831150621529,26701,True,189959,0.05970294999932717,False,0,1.4682875436544418,50000,True,117953,26701,1000,0.683434,1915
0.3236663977283444,0.6763336022716556,0.2222222222222222,0.8888888888888888,1.0,0.0,0.0,6.109711251420034,27.154272228533486,0.0736532352319285,763496,111,45,20,0,200,200,1.0,763496,247118,516378,0.3236663977283444,0.6763336022716556,0,107936,0.1413707471944843,26703,True,200,200,1.0,247118,516378,0,107936,0.1413707471944843,26703,True,190048,0.05926239999932747,False,0,1.4089328047633172,50000,True,117997,26703,1000,0.6835720000000001,1916
0.32364168569214335,0.6763583143078566,0.2916666666666667,0.8125,1.0,0.052083333333333336,0.052083333333333336,5.646112118003173,23.525467158346554,0.08501425227980751,763888,104,48,28,5,200,200,1.0,763888,247226,516662,0.32364168569214335,0.6763583143078566,0,107988,0.14136627358984563,26705,True,200,200,1.0,247226,516662,0,107988,0.14136627358984563,26705,True,190144,0.05878719999932779,False,0,1.4320830103754998,50000,True,118050,26705,1000,0.683716,1917
0.3235911365111265,0.6764088634888735,0.21296296296296297,0.8888888888888888,1.0,0.018518518518518517,0.018518518518518517,5.229531381048385,19.36863474462365,0.10325973029953288,764304,92,54,23,2,200,200,1.0,764304,247322,516982,0.3235911365111265,0.6764088634888735,0,108043,0.14136129079528564,26707,True,200,200,1.0,247322,516982,0,108043,0.14136129079528564,26707,True,190252,0.05825259999932816,False,0,1.422940720319748,50000,True,118106,26707,1000,0.683878,1918
0.3235424883095689,0.6764575116904311,0.16071428571428573,0.9285714285714286,1.0,0.07142857142857142,0.07142857142857142,4.964649167601179,17.730889884289926,0.11279749708287666,764728,88,56,18,8,200,200,1.0,764728,247422,517306,0.3235424883095689,0.6764575116904311,0,108104,0.14136268058708457,26713,True,200,200,1.0,247422,517306,0,108104,0.14136268058708457,26713,True,190364,0.057698199999328535,False,0,1.4424224346876144,50000,True,118170,26713,1000,0.6840459999999999,1919
0.3234593006539706,0.6765406993460295,0.2786885245901639,0.819672131147541,1.0,0.02459016393442623,0.02459016393442623,4.481491207622543,14.69341379548375,0.13611540706862357,765172,78,61,34,3,200,200,1.0,765172,247502,517670,0.3234593006539706,0.6765406993460295,0,108168,0.14136429456383662,26714,True,200,200,1.0,247502,517670,0,108168,0.14136429456383662,26714,True,190486,0.05709429999932895,False,0,1.4736653050780297,50000,True,118234,26714,1000,0.684226,1920
0.32344335358876425,0.6765566464112358,0.21739130434782608,0.8913043478260869,1.0,0.021739130434782608,0.021739130434782608,5.971877333873911,25.96468406032135,0.0770277040673241,765556,108,46,20,2,200,200,1.0,765556,247614,517942,0.32344335358876425,0.6765566464112358,0,108215,0.14135478005528007,26716,True,200,200,1.0,247614,517942,0,108215,0.14135478005528007,26716,True,190578,0.05663889999932926,False,0,1.412895040512085,50000,True,118282,26716,1000,0.684364,1921
0.32344800213078195,0.676551997869218,0.2375,0.975,1.0,0.0,0.0,6.512440604756304,32.56220302378152,0.061420905659832575,765916,120,40,19,0,200,200,1.0,765916,247734,518182,0.32344800213078195,0.676551997869218,0,108255,0.141340564761671,26716,True,200,200,1.0,247734,518182,0,108255,0.141340564761671,26716,True,190658,0.05624289999932953,False,0,1.4523489406704904,50000,True,118322,26716,1000,0.6844840000000001,1922
0.32346124332478976,0.6765387566752102,0.23684210526315788,0.8157894736842105,1.0,0.013157894736842105,0.013157894736842105,6.607510412292979,34.77637059101568,0.05751031421653561,766268,124,38,18,1,200,200,1.0,766268,247858,518410,0.32346124332478976,0.6765387566752102,0,108294,0.14132653327556416,26716,True,200,200,1.0,247858,518410,0,108294,0.14132653327556416,26716,True,190734,0.055866699999329784,False,0,1.4285203638672828,50000,True,118361,26716,1000,0.684598,1923
0.3234371861393939,0.6765628138606061,0.23469387755102042,0.8979591836734694,1.0,0.05102040816326531,0.04081632653061224,5.673397796260187,23.156725699021173,0.0863679963218867,766662,103,49,23,4,200,200,1.0,766662,247967,518695,0.3234371861393939,0.6765628138606061,0,108347,0.1413230341402078,26719,True,200,200,1.0,247967,518695,0,108347,0.1413230341402078,26719,True,190831,0.05538654999933011,False,0,1.4160089135169982,50000,True,118414,26719,1000,0.684742,1924
0.32341422969421385,0.6765857703057861,0.1320754716981132,0.9245283018867925,1.0,0.09433962264150944,0.09433962264150944,5.506515608519547,20.77930418309263,0.09624961367220985,767072,95,53,14,10,200,200,1.0,767072,248082,518990,0.32341422969421385,0.6765857703057861,0,108401,0.1413178945392349,26729,True,200,200,1.0,248082,518990,0,108401,0.1413178945392349,26729,True,190936,0.054866799999330466,False,0,1.4628225407004356,50000,True,118476,26729,1000,0.684904,1925
0.3233961988799387,0.6766038011200612,0.2872340425531915,0.7659574468085106,1.0,0.02127659574468085,0.010638297872340425,5.781989621122466,24.604211153712622,0.08128689790154937,767458,107,47,27,1,200,200,1.0,767458,248193,519265,0.3233961988799387,0.6766038011200612,0,108448,0.14130805855173834,26731,True,200,200,1.0,248193,519265,0,108448,0.14130805855173834,26731,True,191029,0.05440644999933078,False,0,1.4445855006575585,50000,True,118524,26731,1000,0.6850419999999999,1926
0.3233927389988383,0.6766072610011618,0.29069767441860467,0.8837209302325582,1.0,0.0,0.0,6.3221671795435475,29.405428742063012,0.06801465190470421,767828,115,43,25,0,200,200,1.0,767828,248310,519518,0.3233927389988383,0.6766072610011618,0,108490,0.14129466495100465,26731,True,200,200,1.0,248310,519518,0,108490,0.14129466495100465,26731,True,191114,0.05398569999933107,False,0,1.4089153835177421,50000,True,118566,26731,1000,0.685168,1927
0.32338239161053994,0.6766176083894601,0.22727272727272727,0.8409090909090909,1.0,0.0,0.0,6.021991476105188,27.372688527750856,0.0730655301897864,768202,113,44,20,0,200,200,1.0,768202,248423,519779,0.32338239161053994,0.6766176083894601,0,108533,0.1412818503466536,26731,True,200,200,1.0,248423,519779,0,108533,0.1412818503466536,26731,True,191201,0.05355504999933136,False,0,1.4508050274848938,50000,True,118609,26731,1000,0.6853,1928
0.32339348076132385,0.6766065192386761,0.28205128205128205,0.8205128205128205,1.0,0.0,0.0,6.47640474837714,33.212332042959694,0.06021859583401212,768556,123,39,22,0,200,200,1.0,768556,248546,520010,0.32339348076132385,0.6766065192386761,0,108571,0.14126621872706738,26731,True,200,200,1.0,248546,520010,0,108571,0.14126621872706738,26731,True,191278,0.05317389999933162,False,0,1.4545161625742913,50000,True,118647,26731,1000,0.685414,1929
0.3233900271287484,0.6766099728712516,0.1511627906976744,0.9534883720930233,1.0,0.011627906976744186,0.011627906976744186,6.295150687672123,29.27977064033546,0.0683065459961228,768926,115,43,13,1,200,200,1.0,768926,248663,520263,0.3233900271287484,0.6766099728712516,0,108613,0.14125286438486928,26732,True,200,200,1.0,248663,520263,0,108613,0.14125286438486928,26732,True,191363,0.05275314999933191,False,0,1.4043402484059333,50000,True,118690,26732,1000,0.68554,1930
0.3233689929937216,0.6766310070062784,0.2826086956521739,0.8695652173913043,1.0,0.010869565217391304,0.010869565217391304,5.783634668219057,25.146237687908943,0.07953476081877883,769310,108,46,26,1,200,200,1.0,769310,248771,520539,0.3233689929937216,0.6766310070062784,0,108660,0.14124345192445178,26732,True,200,200,1.0,248771,520539,0,108660,0.14124345192445178,26732,True,191455,0.05229774999933222,False,0,1.3956671836972236,50000,True,118737,26732,1000,0.685678,1931
0.3233543981457422,0.6766456018542578,0.25555555555555554,0.7777777777777778,1.0,0.0,0.0,5.908910620846805,26.261824981541356,0.0761561697028192,769688,111,45,23,0,200,200,1.0,769688,248882,520806,0.3233543981457422,0.6766456018542578,0,108704,0.14123125214372578,26732,True,200,200,1.0,248882,520806,0,108704,0.14123125214372578,26732,True,191544,0.05185719999933252,False,0,1.4136985245347022,50000,True,118781,26732,1000,0.685816,1932
0.3233385969104188,0.6766614030895812,0.30434782608695654,0.8260869565217391,1.0,0.010869565217391304,0.010869565217391304,5.797773432590488,25.207710576480384,0.07934080304246531,770072,108,46,28,1,200,200,1.0,770072,248994,521078,0.3233385969104188,0.6766614030895812,0,108750,0.14122056119427795,26734,True,200,200,1.0,248994,521078,0,108750,0.14122056119427795,26734,True,191636,0.05140179999933283,False,0,1.3676498186588288,50000,True,118828,26734,1000,0.685954,1933
0.32334372574419096,0.6766562742558091,0.23170731707317074,0.8536585365853658,1.0,0.012195121951219513,0.012195121951219513,6.39624785164524,31.201209032415807,0.06410008015786005,770434,119,41,19,1,200,200,1.0,770434,249115,521319,0.32334372574419096,0.6766562742558091,0,108791,0.14120742334839845,26735,True,200,200,1.0,249115,521319,0,108791,0.14120742334839845,26735,True,191717,0.0510008499993331,False,0,1.3520351535081863,50000,True,118869,26735,1000,0.6860740000000001,1934
0.32331848338526925,0.6766815166147307,0.23404255319148937,0.8297872340425532,1.0,0.0,0.0,5.7214014933180355,24.346389333268235,0.08214770464000963,770822,106,47,22,0,200,200,1.0,770822,249221,521601,0.32331848338526925,0.6766815166147307,0,108838,0.14119731922545023,26735,True,200,200,1.0,249221,521601,0,108838,0.14119731922545023,26735,True,191811,0.05053554999933342,False,0,1.4159270614385604,50000,True,118916,26735,1000,0.686212,1935
0.3233150758825299,0.6766849241174702,0.2558139534883721,0.8604651162790697,1.0,0.011627906976744186,0.011627906976744186,6.107623572270167,28.407551498931007,0.07040381498825272,771192,115,43,22,1,200,200,1.0,771192,249338,521854,0.3233150758825299,0.6766849241174702,0,108881,0.14118533387275803,26736,True,200,200,1.0,249338,521854,0,108881,0.14118533387275803,26736,True,191896,0.05011479999933371,False,0,1.3907357117533683,50000,True,118959,26736,1000,0.6863440000000001,1936
0.323332555667885,0.676667444332115,0.21621621621621623,0.918918918918919,1.0,0.0,0.0,6.7370797202843065,36.416647136671926,0.0549199379199844,771540,126,37,16,0,200,200,1.0,771540,249464,522076,0.323332555667885,0.676667444332115,0,108918,0.14116960883427948,26736,True,200,200,1.0,249464,522076,0,108918,0.14116960883427948,26736,True,191970,0.04974849999933396,False,0,1.359866284430027,50000,True,118996,26736,1000,0.6864520000000001,1937
0.3233457530328077,0.6766542469671923,0.21052631578947367,0.8947368421052632,1.0,0.0,0.0,6.567853296934797,34.56764893123577,0.05785756514649089,771892,124,38,16,0,200,200,1.0,771892,249588,522304,0.3233457530328077,0.6766542469671923,0,108956,0.1411544620231846,26736,True,200,200,1.0,249588,522304,0,108956,0.1411544620231846,26736,True,192046,0.049372299999334214,False,0,1.3857994666695594,50000,True,119034,26736,1000,0.686566,1938
0.3233603107801878,0.6766396892198122,0.25,0.8,1.0,0.0375,0.0375,6.430493074426419,32.15246537213209,0.06220362814645887,772250,121,40,20,3,200,200,1.0,772250,249715,522535,0.3233603107801878,0.6766396892198122,0,108996,0.14114082227258012,26739,True,200,200,1.0,249715,522535,0,108996,0.14114082227258012,26739,True,192125,0.04898124999933448,False,0,1.3824283972382545,50000,True,119076,26739,1000,0.686686,1939
0.32336282636045,0.67663717363955,0.23170731707317074,0.8536585365853658,1.0,0.0,0.0,6.34981628180029,30.974713569757512,0.06456879723829702,772612,119,41,19,0,200,200,1.0,772612,249834,522778,0.32336282636045,0.67663717363955,0,109036,0.14112646451258848,26739,True,200,200,1.0,249834,522778,0,109036,0.14112646451258848,26739,True,192206,0.048580299999334754,False,0,1.3666702881455421,50000,True,119116,26739,1000,0.686806,1940
0.3233632092070129,0.6766367907929871,0.18292682926829268,0.9512195121951219,1.0,0.0,0.0,6.361099489156102,31.02975360563952,0.0644542662316374,772976,118,41,15,0,200,200,1.0,772976,249952,523024,0.3233632092070129,0.6766367907929871,0,109077,0.1411130487880607,26739,True,200,200,1.0,249952,523024,0,109077,0.1411130487880607,26739,True,192288,0.04817439999933503,False,0,1.3866071090102197,50000,True,119157,26739,1000,0.686932,1941
0.32337210926225735,0.6766278907377427,0.16666666666666666,0.9230769230769231,1.0,0.0,0.0,6.617904407281119,33.93797131939035,0.05893104161053098,773332,122,39,13,0,200,200,1.0,773332,250074,523258,0.32337210926225735,0.6766278907377427,0,109116,0.14109851913537783,26739,True,200,200,1.0,250074,523258,0,109116,0.14109851913537783,26739,True,192366,0.047788299999335294,False,0,1.4119714176654816,50000,True,119196,26739,1000,0.687046,1942
0.32338617116977386,0.6766138288302261,0.24358974358974358,0.8205128205128205,1.0,0.01282051282051282,0.01282051282051282,6.460584262203082,33.13120134463119,0.06036605733658656,773688,122,39,19,1,200,200,1.0,773688,250200,523488,0.32338617116977386,0.6766138288302261,0,109155,0.14108400285386358,26741,True,200,200,1.0,250200,523488,0,109155,0.14108400285386358,26741,True,192444,0.04740219999933556,False,0,1.3972905418276786,50000,True,119236,26741,1000,0.6871659999999999,1943
0.3233865425061882,0.6766134574938119,0.24390243902439024,0.8536585365853658,1.0,0.0,0.0,6.3447343301453865,30.94992356168481,0.06462051500753777,774052,118,41,20,0,200,200,1.0,774052,250318,523734,0.3233865425061882,0.6766134574938119,0,109196,0.1410706257460739,26741,True,200,200,1.0,250318,523734,0,109196,0.1410706257460739,26741,True,192526,0.046996299999335835,False,0,1.408548329770565,50000,True,119277,26741,1000,0.6872860000000001,1944
0.3233788638294685,0.6766211361705314,0.2159090909090909,0.8409090909090909,1.0,0.011363636363636364,0.011363636363636364,6.177277035012252,28.078531977328417,0.07122879506716624,774426,113,44,19,1,200,200,1.0,774426,250433,523993,0.3233788638294685,0.6766211361705314,0,109239,0.14105802232879577,26742,True,200,200,1.0,250433,523993,0,109239,0.14105802232879577,26742,True,192613,0.04656564999933613,False,0,1.364224138557911,50000,True,119321,26742,1000,0.6874180000000001,1945
0.32337802466713816,0.6766219753328618,0.20930232558139536,0.9069767441860465,1.0,0.023255813953488372,0.023255813953488372,6.23124213482114,28.982521557307628,0.06900710816501478,774796,115,43,18,2,200,200,1.0,774796,250552,524244,0.32337802466713816,0.6766219753328618,0,109281,0.14104486858476295,26744,True,200,200,1.0,250552,524244,0,109281,0.14104486858476295,26744,True,192698,0.046144899999336415,False,0,1.32411365121603,50000,True,119365,26744,1000,0.6875439999999999,1946
0.32338477257422393,0.6766152274257761,0.2125,0.9,1.0,0.0,0.0,6.687752476338585,33.438762381692925,0.05981082604585154,775154,121,40,17,0,200,200,1.0,775154,250673,524481,0.32338477257422393,0.6766152274257761,0,109320,0.14103004048227835,26744,True,200,200,1.0,250673,524481,0,109320,0.14103004048227835,26744,True,192777,0.04575384999933668,False,0,1.3114266154170036,50000,True,119404,26744,1000,0.687664,1947
0.32336815665077223,0.6766318433492278,0.3333333333333333,0.8666666666666667,1.0,0.0,0.0,6.016886224406914,26.741716552919616,0.0747895145789227,775534,110,45,30,0,200,200,1.0,775534,250783,524751,0.32336815665077223,0.6766318433492278,0,109365,0.14101896241815318,26744,True,200,200,1.0,250783,524751,0,109365,0.14101896241815318,26744,True,192867,0.045308349999336986,False,0,1.2920940589904786,50000,True,119449,26744,1000,0.6877960000000001,1948
0.3233642908511642,0.6766357091488358,0.2857142857142857,0.8809523809523809,1.0,0.0,0.0,6.283043654177858,29.919255496085036,0.06684658313980112,775902,116,42,24,0,200,200,1.0,775902,250899,525003,0.3233642908511642,0.6766357091488358,0,109407,0.14100620954708198,26744,True,200,200,1.0,250899,525003,0,109407,0.14100620954708198,26744,True,192951,0.04489254999933727,False,0,1.29864078104496,50000,True,119491,26744,1000,0.687922,1949
0.32337997614182984,0.6766200238581701,0.11842105263157894,1.0,1.0,0.013157894736842105,0.013157894736842105,6.662353858365921,35.06502030718906,0.05703689838131817,776254,124,38,9,1,200,200,1.0,776254,251025,525229,0.32337997614182984,0.6766200238581701,0,109445,0.14099122194539415,26745,True,200,200,1.0,251025,525229,0,109445,0.14099122194539415,26745,True,193027,0.044516349999337526,False,0,1.3172203129529954,50000,True,119530,26745,1000,0.688036,1950
0.32337020202670513,0.6766297979732949,0.19318181818181818,0.8863636363636364,1.0,0.011363636363636364,0.011363636363636364,6.040536428719711,27.456983766907776,0.07284121289427566,776630,112,44,17,1,200,200,1.0,776630,251139,525491,0.32337020202670513,0.6766297979732949,0,109489,0.1409796170634665,26746,True,200,200,1.0,251139,525491,0,109489,0.1409796170634665,26746,True,193115,0.04408074999933782,False,0,1.3641435331106186,50000,True,119575,26746,1000,0.688168,1951
0.32337709137709136,0.6766229086229086,0.11627906976744186,0.9767441860465116,1.0,0.05813953488372093,0.05813953488372093,6.377184479136688,29.661323158775293,0.06742787532754757,777000,115,43,10,5,200,200,1.0,777000,251264,525736,0.32337709137709136,0.6766229086229086,0,109533,0.14096911196911197,26751,True,200,200,1.0,251264,525736,0,109533,0.14096911196911197,26751,True,193200,0.04365999999933811,False,0,1.3862850430607796,50000,True,119622,26751,1000,0.6883,1952
0.32335416382595006,0.6766458361740499,0.3404255319148936,0.7872340425531915,1.0,0.0,0.0,5.639551920014616,23.99809327665794,0.08333995442651797,777386,107,47,32,0,200,200,1.0,777386,251371,526015,0.32335416382595006,0.6766458361740499,0,109579,0.14095828841785163,26751,True,200,200,1.0,251371,526015,0,109579,0.14095828841785163,26751,True,193293,0.043199649999338424,False,0,1.3971896609663963,50000,True,119668,26751,1000,0.688438,1953
0.32333972773231984,0.6766602722676802,0.18888888888888888,0.9555555555555556,1.0,0.022222222222222223,0.011111111111111112,6.1739514634859685,27.439784282159863,0.07288687037165638,777764,111,45,17,1,200,200,1.0,777764,251482,526282,0.32333972773231984,0.6766602722676802,0,109625,0.1409489253809639,26751,True,200,200,1.0,251482,526282,0,109625,0.1409489253809639,26751,True,193382,0.042759099999338725,False,0,1.4284595301747323,50000,True,119714,26751,1000,0.68857,1954
0.3233257597565489,0.6766742402434511,0.3,0.8,1.0,0.011111111111111112,0.011111111111111112,5.869679761028898,26.08746560457288,0.07666517055797936,778144,110,45,27,1,200,200,1.0,778144,251594,526550,0.3233257597565489,0.6766742402434511,0,109670,0.14093792408603034,26752,True,200,200,1.0,251594,526550,0,109670,0.14093792408603034,26752,True,193472,0.04231359999933903,False,0,1.3976669743657113,50000,True,119760,26752,1000,0.688708,1955
0.3233266110904163,0.6766733889095837,0.27380952380952384,0.8095238095238095,1.0,0.011904761904761904,0.011904761904761904,6.252048810128813,29.771661000613395,0.06717797841238328,778510,117,42,23,1,200,200,1.0,778510,251713,526797,0.3233266110904163,0.6766733889095837,0,109712,0.1409256143145239,26753,True,200,200,1.0,251713,526797,0,109712,0.1409256143145239,26753,True,193555,0.04190274999933931,False,0,1.4103551670908927,50000,True,119802,26753,1000,0.688828,1956
0.3233051141221874,0.6766948858778126,0.13541666666666666,0.9583333333333334,1.0,0.03125,0.03125,5.885667932731394,24.52361638638081,0.08155404033765183,778902,104,48,13,3,200,200,1.0,778902,251823,527079,0.3233051141221874,0.6766948858778126,0,109761,0.14091759938991041,26756,True,200,200,1.0,251823,527079,0,109761,0.14091759938991041,26756,True,193651,0.04142754999933963,False,0,1.451247586607933,50000,True,119853,26756,1000,0.688972,1957
0.3232890704800817,0.6767109295199183,0.18478260869565216,0.9130434782608695,1.0,0.03260869565217391,0.03260869565217391,5.874060036869997,25.539391464652162,0.0783104015132116,779284,109,46,17,3,200,200,1.0,779284,251934,527350,0.3232890704800817,0.6767109295199183,0,109808,0.14090883426324677,26757,True,200,200,1.0,251934,527350,0,109808,0.14090883426324677,26757,True,193742,0.04097709999933994,False,0,1.4044236928224563,50000,True,119901,26757,1000,0.68911,1958
0.3232831486787729,0.6767168513212272,0.3023255813953488,0.7441860465116279,1.0,0.0,0.0,6.04243131586106,28.104331701679346,0.0711634071654688,779654,115,43,26,0,200,200,1.0,779654,252049,527605,0.3232831486787729,0.6767168513212272,0,109850,0.14089583327989083,26757,True,200,200,1.0,252049,527605,0,109850,0.14089583327989083,26757,True,193827,0.04055634999934023,False,0,1.4313196885585784,50000,True,119943,26757,1000,0.689236,1959
0.32327014837738677,0.6767298516226132,0.21739130434782608,0.8913043478260869,1.0,0.010869565217391304,0.010869565217391304,5.875680569574586,25.54643725901994,0.07828880323786988,780038,108,46,20,1,200,200,1.0,780038,252163,527875,0.32327014837738677,0.6767298516226132,0,109897,0.1408867260312959,26760,True,200,200,1.0,252163,527875,0,109897,0.1408867260312959,26760,True,193919,0.04010094999934054,False,0,1.4484513461589814,50000,True,119990,26760,1000,0.6893739999999999,1960
0.3232580667481606,0.6767419332518394,0.22340425531914893,0.851063829787234,1.0,0.0425531914893617,0.0425531914893617,5.760108027116157,24.511097987728327,0.08159569191887346,780426,106,47,21,4,200,200,1.0,780426,252279,528147,0.3232580667481606,0.6767419332518394,0,109948,0.1408820310958374,26765,True,200,200,1.0,252279,528147,0,109948,0.1408820310958374,26765,True,194013,0.039635649999340855,False,0,1.4157340055704117,50000,True,120041,26765,1000,0.6895180000000001,1961
0.32325638582362526,0.6767436141763747,0.27380952380952384,0.8095238095238095,1.0,0.0,0.0,6.20952824082923,29.56918209918681,0.06763798854128611,780792,117,42,23,0,200,200,1.0,780792,252396,528396,0.32325638582362526,0.6767436141763747,0,109989,0.14086850275105278,26765,True,200,200,1.0,252396,528396,0,109989,0.14086850275105278,26765,True,194096,0.039224799999341135,False,0,1.4281596565246581,50000,True,120082,26765,1000,0.689644,1962
0.3232556115120807,0.6767443884879193,0.2441860465116279,0.8837209302325582,1.0,0.023255813953488372,0.011627906976744186,6.168108606538932,28.688877239715964,0.06971342877201427,781162,115,43,21,1,200,200,1.0,781162,252515,528647,0.3232556115120807,0.6767443884879193,0,110032,0.14085682611289335,26767,True,200,200,1.0,252515,528647,0,110032,0.14085682611289335,26767,True,194181,0.03880404999934142,False,0,1.4571016359329223,50000,True,120126,26767,1000,0.68977,1963
0.3232497197811478,0.6767502802188522,0.29069767441860467,0.8372093023255814,1.0,0.011627906976744186,0.011627906976744186,6.145838490837551,28.58529530622117,0.06996604298031266,781532,115,43,25,1,200,200,1.0,781532,252630,528902,0.3232497197811478,0.6767502802188522,0,110075,0.14084516053085477,26767,True,200,200,1.0,252630,528902,0,110075,0.14084516053085477,26767,True,194266,0.03838329999934171,False,0,1.4501647192239762,50000,True,120169,26767,1000,0.6898960000000001,1964
0.32322698799618377,0.6767730120038162,0.32978723404255317,0.8085106382978723,1.0,0.0,0.0,5.872803265957205,24.99065219556257,0.0800299241632088,781918,107,47,31,0,200,200,1.0,781918,252737,529181,0.32322698799618377,0.6767730120038162,0,110121,0.1408344609025499,26767,True,200,200,1.0,252737,529181,0,110121,0.1408344609025499,26767,True,194359,0.03792294999934202,False,0,1.3758161228895187,50000,True,120215,26767,1000,0.690034,1965
0.32322532481809674,0.6767746751819033,0.27380952380952384,0.8571428571428571,1.0,0.0,0.0,6.244521477884387,29.73581656135422,0.0672589567491237,782284,117,42,23,0,200,200,1.0,782284,252854,529430,0.32322532481809674,0.6767746751819033,0,110162,0.14082098061573547,26767,True,200,200,1.0,252854,529430,0,110162,0.14082098061573547,26767,True,194442,0.037512099999342303,False,0,1.3610899430513381,50000,True,120256,26767,1000,0.69016,1966
0.323222011259126,0.676777988740874,0.23255813953488372,0.8372093023255814,1.0,0.0,0.0,6.147396661502032,28.59254261163736,0.06994830880084048,782654,115,43,20,0,200,200,1.0,782654,252971,529683,0.323222011259126,0.676777988740874,0,110204,0.14080807099944548,26767,True,200,200,1.0,252971,529683,0,110204,0.14080807099944548,26767,True,194527,0.03709134999934259,False,0,1.358716026544571,50000,True,120298,26767,1000,0.690286,1967
0.32320863919411114,0.6767913608058889,0.17391304347826086,0.8913043478260869,1.0,0.021739130434782608,0.021739130434782608,5.995708799927751,26.068299130120657,0.07672153791150482,783036,109,46,16,2,200,200,1.0,783036,253084,529952,0.32320863919411114,0.6767913608058889,0,110250,0.1407981242241736,26769,True,200,200,1.0,253084,529952,0,110250,0.1407981242241736,26769,True,194618,0.0366408999993429,False,0,1.374999776184559,50000,True,120345,26769,1000,0.690424,1968
0.32320368644770936,0.6767963135522906,0.17045454545454544,0.9318181818181818,1.0,0.022727272727272728,0.022727272727272728,6.160902096469348,28.004100438497037,0.0714181126579097,783410,113,44,15,2,200,200,1.0,783410,253201,530209,0.32320368644770936,0.6767963135522906,0,110294,0.14078707190360093,26771,True,200,200,1.0,253201,530209,0,110294,0.14078707190360093,26771,True,194705,0.03621024999934319,False,0,1.3894316717982291,50000,True,120390,26771,1000,0.690556,1969
0.3231852328168698,0.6768147671831302,0.1956521739130435,0.8913043478260869,1.0,0.03260869565217391,0.03260869565217391,5.912008763209493,25.704385926997794,0.07780773311138947,783792,109,46,18,3,200,200,1.0,783792,253310,530482,0.3231852328168698,0.6768147671831302,0,110342,0.1407796966542144,26771,True,200,200,1.0,253310,530482,0,110342,0.1407796966542144,26771,True,194796,0.0357597999993435,False,0,1.42817270308733,50000,True,120438,26771,1000,0.6906939999999999,1970
0.3231551027174537,0.6768448972825463,0.26,0.84,1.0,0.02,0.02,5.546217937174057,22.184871748696228,0.09015152409513194,784190,101,50,26,2,200,200,1.0,784190,253415,530775,0.3231551027174537,0.6768448972825463,0,110391,0.1407707315829072,26773,True,200,200,1.0,253415,530775,0,110391,0.1407707315829072,26773,True,194895,0.03526974999934383,False,0,1.426950294673443,50000,True,120489,26773,1000,0.6908380000000001,1971
0.3231154139296102,0.6768845860703898,0.27358490566037735,0.8490566037735849,1.0,0.02830188679245283,0.02830188679245283,5.170176422551188,19.510099707740334,0.10251100865499578,784602,94,53,29,3,200,200,1.0,784602,253517,531085,0.3231154139296102,0.6768845860703898,0,110445,0.14076563659027125,26777,True,200,200,1.0,253517,531085,0,110445,0.14076563659027125,26777,True,195001,0.03474504999934419,False,0,1.3648189613223076,50000,True,120544,26777,1000,0.6910000000000001,1972
0.32311590565706033,0.6768840943429397,0.24390243902439024,0.8780487804878049,1.0,0.0,0.0,6.2793855632986215,30.63114908926157,0.06529301248777325,784966,118,41,20,0,200,200,1.0,784966,253635,531331,0.32311590565706033,0.6768840943429397,0,110486,0.14075259310594343,26777,True,200,200,1.0,253635,531331,0,110486,0.14075259310594343,26777,True,195083,0.03433914999934447,False,0,1.3749589601159096,50000,True,120585,26777,1000,0.69112,1973
0.32310816833259054,0.6768918316674095,0.17391304347826086,0.9347826086956522,1.0,0.043478260869565216,0.043478260869565216,5.987540576523674,26.032785115320326,0.07682620169683642,785350,108,46,16,4,200,200,1.0,785350,253753,531597,0.32310816833259054,0.6768918316674095,0,110533,0.14074361749538422,26782,True,200,200,1.0,253753,531597,0,110533,0.14074361749538422,26782,True,195175,0.03388374999934478,False,0,1.362741108238697,50000,True,120635,26782,1000,0.6912579999999999,1974
0.3231342561716296,0.6768657438283704,0.1527777777777778,0.8888888888888888,1.0,0.0,0.0,6.799632094203339,37.775733856685214,0.05294404094405323,785692,129,36,11,0,200,200,1.0,785692,253884,531808,0.3231342561716296,0.6768657438283704,0,110568,0.14072690061754478,26783,True,200,200,1.0,253884,531808,0,110568,0.14072690061754478,26783,True,195246,0.03353229999934502,False,0,1.392252588570118,50000,True,120670,26783,1000,0.6913659999999999,1975
0.3231498491178611,0.676850150882139,0.25,0.8421052631578947,1.0,0.013157894736842105,0.013157894736842105,6.524717080449984,34.34061621289465,0.058240073142572624,786044,124,38,19,1,200,200,1.0,786044,254010,532034,0.3231498491178611,0.676850150882139,0,110607,0.14071349695436897,26784,True,200,200,1.0,254010,532034,0,110607,0.14071349695436897,26784,True,195322,0.033156099999345275,False,0,1.3709872099757194,50000,True,120709,26784,1000,0.6914800000000001,1976
0.32313148344535914,0.6768685165546409,0.15217391304347827,0.9347826086956522,1.0,0.010869565217391304,0.010869565217391304,5.912437589542901,25.70625038931696,0.07780208975289382,786426,109,46,14,1,200,200,1.0,786426,254119,532307,0.32313148344535914,0.6768685165546409,0,110653,0.14070363899464158,26784,True,200,200,1.0,254119,532307,0,110653,0.14070363899464158,26784,True,195413,0.03270564999934558,False,0,1.4305816999077796,50000,True,120755,26784,1000,0.6916180000000001,1977
0.3231428782051445,0.6768571217948556,0.20512820512820512,0.8717948717948718,1.0,0.01282051282051282,0.01282051282051282,6.531286476795141,33.49377680407765,0.059712585167657574,786782,122,39,16,1,200,200,1.0,786782,254243,532539,0.3231428782051445,0.6768571217948556,0,110693,0.1406908139738835,26785,True,200,200,1.0,254243,532539,0,110693,0.1406908139738835,26785,True,195491,0.032319549999345845,False,0,1.4252444636821746,50000,True,120795,26785,1000,0.691732,1978
0.32313917296576256,0.6768608270342374,0.25,0.8333333333333334,1.0,0.0,0.0,6.138838545788482,29.232564503754674,0.06841685065787222,787150,116,42,21,0,200,200,1.0,787150,254359,532791,0.32313917296576256,0.6768608270342374,0,110735,0.14067839674776092,26785,True,200,200,1.0,254359,532791,0,110735,0.14067839674776092,26785,True,195575,0.03190374999934613,False,0,1.4508782356977463,50000,True,120837,26785,1000,0.691858,1979
0.32314010128048193,0.676859898719518,0.30952380952380953,0.8095238095238095,1.0,0.0,0.0,6.198967311585105,29.51889195992907,0.06775322063968167,787516,117,42,26,0,200,200,1.0,787516,254478,533038,0.32314010128048193,0.676859898719518,0,110776,0.140665078550785,26786,True,200,200,1.0,254478,533038,0,110776,0.140665078550785,26786,True,195658,0.03149289999934641,False,0,1.454112286567688,50000,True,120878,26786,1000,0.691984,1980
0.3231347602704953,0.6768652397295047,0.313953488372093,0.7674418604651163,1.0,0.0,0.0,6.108434682887061,28.411324106451445,0.0703944663932736,787888,114,43,27,0,200,200,1.0,787888,254594,533294,0.3231347602704953,0.6768652397295047,0,110819,0.14065324005442398,26787,True,200,200,1.0,254594,533294,0,110819,0.14065324005442398,26787,True,195744,0.03106719999934657,False,0,1.4507014721632003,50000,True,120921,26787,1000,0.692116,1981
0.32314359513044183,0.6768564048695582,0.20512820512820512,0.8461538461538461,1.0,0.0,0.0,6.430380634226595,32.97631094475177,0.0606495979295799,788244,122,39,16,0,200,200,1.0,788244,254716,533528,0.32314359513044183,0.6768564048695582,0,110858,0.1406391929402571,26787,True,200,200,1.0,254716,533528,0,110858,0.1406391929402571,26787,True,195822,0.030681099999346564,False,0,1.373595336675644,50000,True,120960,26787,1000,0.69223,1982
0.3231712111105757,0.6768287888894243,0.2571428571428571,0.8571428571428571,1.0,0.0,0.0,6.929274452664094,39.595854015223395,0.05051033876503992,788582,131,35,18,0,200,200,1.0,788582,254847,533735,0.3231712111105757,0.6768287888894243,0,110892,0.14062202789310432,26787,True,200,200,1.0,254847,533735,0,110892,0.14062202789310432,26787,True,195891,0.030339549999346557,False,0,1.3919258522987366,50000,True,120994,26787,1000,0.692332,1983
0.3231575158245898,0.6768424841754102,0.2777777777777778,0.8444444444444444,1.0,0.011111111111111112,0.011111111111111112,5.931502395944529,26.36223287086457,0.07586610776852637,788962,110,45,25,1,200,200,1.0,788962,254959,534003,0.3231575158245898,0.6768424841754102,0,110938,0.14061260238135678,26788,True,200,200,1.0,254959,534003,0,110938,0.14061260238135678,26788,True,195981,0.02989404999934655,False,0,1.3791670221090317,50000,True,121040,26788,1000,0.69247,1984
0.3231308719050563,0.6768691280949437,0.13541666666666666,0.9166666666666666,1.0,0.010416666666666666,0.010416666666666666,5.746741362751896,23.944755678132903,0.08352559645561397,789352,105,48,13,1,200,200,1.0,789352,255064,534288,0.3231308719050563,0.6768691280949437,0,110986,0.1406039384203752,26788,True,200,200,1.0,255064,534288,0,110986,0.1406039384203752,26788,True,196076,0.02942379999934654,False,0,1.3026013910770415,50000,True,121088,26788,1000,0.6926140000000001,1985
0.3231099225583598,0.6768900774416402,0.20588235294117646,0.8627450980392157,1.0,0.0784313725490196,0.0784313725490196,5.45979621474255,21.410965548009997,0.09341007977969897,789756,98,51,21,8,200,200,1.0,789756,255178,534578,0.3231099225583598,0.6768900774416402,0,111042,0.14060292039566652,26796,True,200,200,1.0,255178,534578,0,111042,0.14060292039566652,26796,True,196178,0.02891889999934653,False,0,1.338030169606209,50000,True,121145,26796,1000,0.6927639999999999,1986
0.3231079186218976,0.6768920813781024,0.23275862068965517,0.8793103448275862,1.0,0.19827586206896552,0.19827586206896552,4.828320193126892,16.649379976299628,0.12012459339909339,790188,84,58,27,23,200,200,1.0,790188,255316,534872,0.3231079186218976,0.6768920813781024,0,111114,0.14061716958495954,26823,True,200,200,1.0,255316,534872,0,111114,0.14061716958495954,26823,True,196294,0.02834469999934652,False,0,1.3035762405395508,50000,True,121224,26823,1000,0.692938,1987
0.32310677548459565,0.6768932245154043,0.17857142857142858,0.9285714285714286,1.0,0.011904761904761904,0.011904761904761904,6.293292731837819,29.968060627799137,0.06673771869457408,790556,116,42,15,1,200,200,1.0,790556,255434,535122,0.32310677548459565,0.6768932245154043,0,111156,0.14060484013782704,26824,True,200,200,1.0,255434,535122,0,111156,0.14060484013782704,26824,True,196378,0.027928899999346512,False,0,1.337885872721672,50000,True,121267,26824,1000,0.693064,1988
0.32312020331011115,0.6768797966898888,0.21794871794871795,0.8974358974358975,1.0,0.01282051282051282,0.01282051282051282,6.660856720717096,34.15823959342101,0.05855102674510214,790910,123,39,17,1,200,200,1.0,790910,255559,535351,0.32312020331011115,0.6768797966898888,0,111194,0.14058995334488122,26825,True,200,200,1.0,255559,535351,0,111194,0.14058995334488122,26825,True,196455,0.027547749999346505,False,0,1.4172297894954682,50000,True,121306,26825,1000,0.6931780000000001,1989
0.3231082061353291,0.6768917938646709,0.23863636363636365,0.8636363636363636,1.0,0.0,0.0,6.050556840720304,27.5025310941832,0.07272057954051367,791286,112,44,21,0,200,200,1.0,791286,255671,535615,0.3231082061353291,0.6768917938646709,0,111238,0.14057875407880335,26825,True,200,200,1.0,255671,535615,0,111238,0.14057875407880335,26825,True,196543,0.027112149999346496,False,0,1.3873461467027663,50000,True,121350,26825,1000,0.6933100000000001,1990
0.3230858234218212,0.6769141765781788,0.24468085106382978,0.8723404255319149,1.0,0.0,0.0,5.766975596138463,24.540321685695584,0.08149852416831964,791672,107,47,23,0,200,200,1.0,791672,255778,535894,0.3230858234218212,0.6769141765781788,0,111284,0.1405683161713437,26825,True,200,200,1.0,255778,535894,0,111284,0.1405683161713437,26825,True,196636,0.026651799999346488,False,0,1.396815200150013,50000,True,121396,26825,1000,0.693454,1991
0.32308632435899376,0.6769136756410062,0.2073170731707317,0.8536585365853658,1.0,0.012195121951219513,0.012195121951219513,6.2570883634575765,30.522382260768666,0.06552568482082934,792036,118,41,17,1,200,200,1.0,792036,255896,536140,0.32308632435899376,0.6769136756410062,0,111326,0.1405567423702963,26825,True,200,200,1.0,255896,536140,0,111326,0.1405567423702963,26825,True,196718,0.02624589999934648,False,0,1.3756169500946998,50000,True,121438,26825,1000,0.693574,1992
0.32307896164864147,0.6769210383513585,0.2727272727272727,0.8409090909090909,1.0,0.011363636363636364,0.011363636363636364,6.028172004741166,27.400781839732574,0.07299061799396887,792410,113,44,24,1,200,200,1.0,792410,256011,536399,0.32307896164864147,0.6769210383513585,0,111369,0.14054466753322145,26826,True,200,200,1.0,256011,536399,0,111369,0.14054466753322145,26826,True,196805,0.025815249999346472,False,0,1.3630241230130196,50000,True,121482,26826,1000,0.6937059999999999,1993
0.3230462433432643,0.6769537566567356,0.29591836734693877,0.7755102040816326,1.0,0.01020408163265306,0.01020408163265306,5.53402315006794,22.58784959211404,0.0885431785723528,792806,102,49,29,1,200,200,1.0,792806,256113,536693,0.3230462433432643,0.6769537566567356,0,111419,0.14053753377244874,26826,True,200,200,1.0,256113,536693,0,111419,0.14053753377244874,26826,True,196903,0.025330149999346463,False,0,1.3890983232855796,50000,True,121532,26826,1000,0.6938500000000001,1994
0.3230571385344697,0.6769428614655303,0.1282051282051282,0.9230769230769231,1.0,0.02564102564102564,0.02564102564102564,6.5504789152890135,33.592199565584686,0.05953763152946395,793160,123,39,10,2,200,200,1.0,793160,256236,536924,0.3230571385344697,0.6769428614655303,0,111459,0.14052524080891624,26826,True,200,200,1.0,256236,536924,0,111459,0.14052524080891624,26826,True,196980,0.024948999999346456,False,0,1.4021030661463738,50000,True,121572,26826,1000,0.69397,1995
0.32304520525848857,0.6769547947415114,0.2727272727272727,0.8409090909090909,1.0,0.0,0.0,6.035385614093829,27.433570973153767,0.07290337819882002,793536,112,44,24,0,200,200,1.0,793536,256348,537188,0.32304520525848857,0.6769547947415114,0,111503,0.14051410395999678,26826,True,200,200,1.0,256348,537188,0,111503,0.14051410395999678,26826,True,197068,0.024513399999346448,False,0,1.4095270499587058,50000,True,121616,26826,1000,0.694102,1996
0.323033283285805,0.6769667167141951,0.1590909090909091,0.9090909090909091,1.0,0.0,0.0,6.134881665750518,27.885825753411442,0.07172102478461939,793912,112,44,14,0,200,200,1.0,793912,256460,537452,0.323033283285805,0.6769667167141951,0,111547,0.14050297765999253,26826,True,200,200,1.0,256460,537452,0,111547,0.14050297765999253,26826,True,197156,0.02407779999934644,False,0,1.4318010085821151,50000,True,121660,26826,1000,0.694234,1997
0.32303795173441846,0.6769620482655816,0.275,0.8,1.0,0.0,0.0,6.321300422917375,31.606502114586874,0.06327811893733631,794272,120,40,22,0,200,200,1.0,794272,256580,537692,0.32303795173441846,0.6769620482655816,0,111587,0.1404896559365054,26826,True,200,200,1.0,256580,537692,0,111587,0.1404896559365054,26826,True,197236,0.023681799999346432,False,0,1.4429359805583954,50000,True,121700,26826,1000,0.694354,1998
0.32304927588758514,0.6769507241124149,0.19230769230769232,0.9487179487179487,1.0,0.01282051282051282,0.01282051282051282,6.534072938886879,33.508066353266045,0.059687120674603154,794628,122,39,15,1,200,200,1.0,794628,256704,537924,0.32304927588758514,0.6769507241124149,0,111627,0.1404770534136728,26827,True,200,200,1.0,256704,537924,0,111627,0.1404770534136728,26827,True,197314,0.023295699999346425,False,0,1.418880331516266,50000,True,121740,26827,1000,0.6944680000000001,1999
