hit_rate,miss_rate,outage_probability,noma_success_rate,sic_success_rate,cic_opportunity_rate,cic_benefit_rate,avg_throughput,spectral_efficiency,energy_per_bit,total_requests,cache_hits,noma_transmissions,outages,cic_events,cache_capacity,cache_current_size,cache_utilization,cache_total_requests,cache_total_hits,cache_total_misses,cache_hit_rate,cache_miss_rate,cache_evictions,cache_cic_opportunities,cache_cic_rate,cache_noma_paired_hits,cache_noma_awareness_enabled,policy,run,seed
0.725,0.275,0.25,0.8214285714285714,1.0,0.0,0.0,7.455985951472715,53.25704251051939,0.037553718827044474,200,145,28,14,0,200,200,1.0,255,145,110,0.5686274509803921,0.43137254901960786,0,0,0.0,0,True,topk,0,2025
0.66,0.34,0.19117647058823528,0.8823529411764706,1.0,0.0,0.0,6.959120889735686,40.93600523373933,0.048856745756706274,200,132,34,13,0,200,200,1.0,523,277,246,0.5296367112810707,0.4703632887189293,0,0,0.0,0,True,topk,1,2026
0.76,0.24,0.25,0.875,1.0,0.0,0.0,7.85953882761519,65.49615689679325,0.030536142802264504,200,152,24,12,0,200,200,1.0,771,429,342,0.556420233463035,0.44357976653696496,0,0,0.0,0,True,topk,2,2027
0.75,0.25,0.14,0.96,1.0,0.0,0.0,7.768394641617968,62.14715713294375,0.032181681226731686,200,150,25,7,0,200,200,1.0,1021,579,442,0.5670910871694417,0.4329089128305583,0,0,0.0,0,True,topk,3,2028
0.685,0.315,0.1875,0.9375,1.0,0.0,0.0,7.2874939642649155,45.54683727665572,0.043910842543288225,200,137,32,12,0,200,200,1.0,1284,716,568,0.557632398753894,0.44236760124610597,0,0,0.0,0,True,topk,4,2029
0.67,0.33,0.3939393939393939,0.7575757575757576,1.0,0.0,0.0,6.924884528209135,41.96899714066142,0.04765422421929428,200,134,33,26,0,200,200,1.0,1550,850,700,0.5483870967741935,0.4516129032258065,0,0,0.0,0,True,topk,5,2030
0.685,0.315,0.25,0.84375,1.0,0.0,0.0,7.096022803672245,44.35014252295153,0.04509568371657397,200,137,32,16,0,200,200,1.0,1813,987,826,0.5444015444015444,0.4555984555984556,0,0,0.0,0,True,topk,6,2031
0.7,0.3,0.16666666666666666,0.9666666666666667,1.0,0.0,0.0,7.387830933621603,49.252206224144025,0.0406073179929872,200,140,30,10,0,200,200,1.0,2073,1127,946,0.5436565364206464,0.4563434635793536,0,0,0.0,0,True,topk,7,2032
0.74,0.26,0.19230769230769232,0.8461538461538461,1.0,0.0,0.0,7.683074989133564,59.10057683948896,0.033840617248657195,200,148,26,10,0,200,200,1.0,2325,1275,1050,0.5483870967741935,0.4516129032258065,0,0,0.0,0,True,topk,8,2033
0.68,0.32,0.03125,1.0,1.0,0.0,0.0,7.224062949657325,45.15039343535828,0.044296402485692526,200,136,32,2,0,200,200,1.0,2589,1411,1178,0.5449980687524141,0.4550019312475859,0,0,0.0,0,True,topk,9,2034
0.695,0.305,0.3064516129032258,0.8387096774193549,1.0,0.0,0.0,7.257352505337479,46.82162906669342,0.042715301450771195,200,139,31,19,0,200,200,1.0,2850,1550,1300,0.543859649122807,0.45614035087719296,0,0,0.0,0,True,topk,10,2035
0.73,0.27,0.18518518518518517,0.9259259259259259,1.0,0.0,0.0,7.633831878094968,56.546902800703464,0.03536886904396679,200,146,27,10,0,200,200,1.0,3104,1696,1408,0.5463917525773195,0.45360824742268047,0,0,0.0,0,True,topk,11,2036
0.74,0.26,0.28846153846153844,0.8846153846153846,1.0,0.0,0.0,7.722782538168202,59.406019524370784,0.033666621935164634,200,148,26,15,0,200,200,1.0,3356,1844,1512,0.5494636471990465,0.4505363528009535,0,0,0.0,0,True,topk,12,2037
0.705,0.295,0.31666666666666665,0.8,1.0,0.0,0.0,7.29736148474493,48.6490765649662,0.04111074949858896,200,141,30,19,0,200,200,1.0,3615,1985,1630,0.5491009681881052,0.45089903181189483,0,0,0.0,0,True,topk,13,2038
0.71,0.29,0.3103448275862069,0.8620689655172413,1.0,0.0,0.0,7.404536988193772,51.06577233237084,0.03916517676424509,200,142,29,18,0,200,200,1.0,3873,2127,1746,0.5491866769945778,0.4508133230054222,0,0,0.0,0,True,topk,14,2039
0.715,0.285,0.1896551724137931,0.9310344827586207,1.0,0.0,0.0,7.518510529698258,51.85179675653971,0.03857146955563799,200,143,29,11,0,200,200,1.0,4130,2270,1860,0.549636803874092,0.450363196125908,0,0,0.0,0,True,topk,15,2040
0.705,0.295,0.15,0.9,1.0,0.0,0.0,7.254666499266843,48.364443328445624,0.04135269347396162,200,141,30,9,0,200,200,1.0,4389,2411,1978,0.5493278651173388,0.4506721348826612,0,0,0.0,0,True,topk,16,2041
0.74,0.26,0.19230769230769232,0.8846153846153846,1.0,0.0,0.0,7.674141884161253,59.031860647394254,0.0338800095078535,200,148,26,10,0,200,200,1.0,4641,2559,2082,0.5513897866839044,0.44861021331609563,0,0,0.0,0,True,topk,17,2042
0.685,0.315,0.1875,0.9375,1.0,0.0,0.0,7.2676608271975995,45.422880169985,0.04403067336363185,200,137,32,12,0,200,200,1.0,4904,2696,2208,0.5497553017944535,0.45024469820554647,0,0,0.0,0,True,topk,18,2043
0.755,0.245,0.34,0.8,1.0,0.0,0.0,7.820573108000571,62.564584864004566,0.03196696668486431,200,151,25,17,0,200,200,1.0,5153,2847,2306,0.5524936929943722,0.44750630700562777,0,0,0.0,0,True,topk,19,2044
0.69,0.31,0.22580645161290322,0.9032258064516129,1.0,0.0,0.0,7.306084688233458,47.13603024666747,0.04243038689371599,200,138,31,14,0,200,200,1.0,5415,2985,2430,0.5512465373961218,0.44875346260387816,0,0,0.0,0,True,topk,20,2045
0.675,0.325,0.10606060606060606,0.9696969696969697,1.0,0.0,0.0,7.240112495083286,43.879469667171435,0.045579402284716,200,135,33,7,0,200,200,1.0,5680,3120,2560,0.5492957746478874,0.45070422535211263,0,0,0.0,0,True,topk,21,2046
0.75,0.25,0.34,0.76,1.0,0.0,0.0,7.670486017949426,61.36388814359541,0.03259245886309994,200,150,25,17,0,200,200,1.0,5930,3270,2660,0.551433389544688,0.448566610455312,0,0,0.0,0,True,topk,22,2047
0.72,0.28,0.21428571428571427,0.8571428571428571,1.0,0.0,0.0,7.44191590489186,53.156542177799,0.03762471970637899,200,144,28,12,0,200,200,1.0,6186,3414,2772,0.5518913676042677,0.4481086323957323,0,0,0.0,0,True,topk,23,2048
0.765,0.235,0.25,0.8333333333333334,1.0,0.0,0.0,7.855527338964272,65.46272782470227,0.03055173633087289,200,153,24,12,0,200,200,1.0,6433,3567,2866,0.55448468832582,0.44551531167418,0,0,0.0,0,True,topk,24,2049
0.665,0.335,0.3088235294117647,0.7941176470588235,1.0,0.0,0.0,6.969824189332145,40.998965819600855,0.04878171827065542,200,133,34,21,0,200,200,1.0,6700,3700,3000,0.5522388059701493,0.4477611940298507,0,0,0.0,0,True,topk,25,2050
0.64,0.36,0.2361111111111111,0.8888888888888888,1.0,0.0,0.0,6.793695818702278,37.742754548345985,0.05299030301135365,200,128,36,17,0,200,200,1.0,6972,3828,3144,0.5490533562822719,0.4509466437177281,0,0,0.0,0,True,topk,26,2051
0.68,0.32,0.078125,0.96875,1.0,0.0,0.0,7.2886514880286075,45.5540718001788,0.043903868983939,200,136,32,5,0,200,200,1.0,7236,3964,3272,0.5478164731896075,0.45218352681039253,0,0,0.0,0,True,topk,27,2052
0.71,0.29,0.29310344827586204,0.8620689655172413,1.0,0.0,0.0,7.380147060037758,50.897565931294885,0.03929460993674512,200,142,29,17,0,200,200,1.0,7494,4106,3388,0.5479049906591941,0.45209500934080593,0,0,0.0,0,True,topk,28,2053
0.72,0.28,0.2857142857142857,0.75,1.0,0.0,0.0,7.440165686244366,53.144040616031184,0.03763357051546226,200,144,28,16,0,200,200,1.0,7750,4250,3500,0.5483870967741935,0.4516129032258065,0,0,0.0,0,True,topk,29,2054
0.735,0.265,0.25925925925925924,0.8888888888888888,1.0,0.0,0.0,7.672862436421248,56.8360180475648,0.03518895356684285,200,147,27,14,0,200,200,1.0,8003,4397,3606,0.5494189678870424,0.45058103211295764,0,0,0.0,0,True,topk,30,2055
0.685,0.315,0.28125,0.84375,1.0,0.0,0.0,7.17911534311345,44.86947089445906,0.04457373711190742,200,137,32,18,0,200,200,1.0,8266,4534,3732,0.5485119767723203,0.45148802322767967,0,0,0.0,0,True,topk,31,2056
0.725,0.275,0.26785714285714285,0.8571428571428571,1.0,0.0,0.0,7.482356908941657,53.445406492440405,0.03742136380388257,200,145,28,15,0,200,200,1.0,8521,4679,3842,0.5491139537612956,0.45088604623870443,0,0,0.0,0,True,topk,32,2057
0.67,0.33,0.3181818181818182,0.8787878787878788,1.0,0.0,0.0,7.05637990906891,42.76593884284188,0.046766189498368936,200,134,33,21,0,200,200,1.0,8787,4813,3974,0.5477409809946512,0.4522590190053488,0,0,0.0,0,True,topk,33,2058
0.69,0.31,0.25806451612903225,0.8387096774193549,1.0,0.0,0.0,7.28962779585696,47.02985674746426,0.04252617673788333,200,138,31,16,0,200,200,1.0,9049,4951,4098,0.5471322798099237,0.45286772019007626,0,0,0.0,0,True,topk,34,2059
0.71,0.29,0.1724137931034483,0.9310344827586207,1.0,0.0,0.0,7.498293037023744,51.71236577257755,0.03867546901249248,200,142,29,10,0,200,200,1.0,9307,5093,4214,0.5472225206833566,0.45277747931664336,0,0,0.0,0,True,topk,35,2060
0.73,0.27,0.18518518518518517,0.9629629629629629,1.0,0.0,0.0,7.790390237880576,57.70659435467093,0.03465808409534246,200,146,27,10,0,200,200,1.0,9561,5239,4322,0.5479552348080745,0.4520447651919255,0,0,0.0,0,True,topk,36,2061
0.69,0.31,0.3064516129032258,0.8387096774193549,1.0,0.0,0.0,7.184075215402131,46.3488723574331,0.043150995877017366,200,138,31,19,0,200,200,1.0,9823,5377,4446,0.5473887814313346,0.4526112185686654,0,0,0.0,0,True,topk,37,2062
0.72,0.28,0.32142857142857145,0.8214285714285714,1.0,0.0,0.0,7.484058281500094,53.4575591535721,0.03741285669729942,200,144,28,18,0,200,200,1.0,10079,5521,4558,0.5477725964877468,0.4522274035122532,0,0,0.0,0,True,topk,38,2063
0.75,0.25,0.24,0.92,1.0,0.0,0.0,7.708197338294889,61.66557870635911,0.03243300463494645,200,150,25,12,0,200,200,1.0,10329,5671,4658,0.5490366928066609,0.4509633071933391,0,0,0.0,0,True,topk,39,2064
0.71,0.29,0.29310344827586204,0.8275862068965517,1.0,0.0,0.0,7.3823083225716415,50.91247119014925,0.03928310595119901,200,142,29,17,0,200,200,1.0,10587,5813,4774,0.5490696136771512,0.45093038632284876,0,0,0.0,0,True,topk,40,2065
0.675,0.325,0.18181818181818182,0.9393939393939394,1.0,0.0,0.0,7.175487437359161,43.487802650661585,0.04598990701061724,200,135,33,12,0,200,200,1.0,10852,5948,4904,0.5481017323995577,0.45189826760044227,0,0,0.0,0,True,topk,41,2066
0.795,0.205,0.16666666666666666,0.9523809523809523,1.0,0.0,0.0,8.191918532606259,78.01827173910723,0.025635020558876148,200,159,21,7,0,200,200,1.0,11093,6107,4986,0.5505273595961417,0.44947264040385826,0,0,0.0,0,True,topk,42,2067
0.715,0.285,0.2413793103448276,0.8275862068965517,1.0,0.0,0.0,7.41819325414844,51.159953476885796,0.039093076988500494,200,143,29,14,0,200,200,1.0,11350,6250,5100,0.5506607929515418,0.4493392070484582,0,0,0.0,0,True,topk,43,2068
0.72,0.28,0.17857142857142858,0.8928571428571429,1.0,0.0,0.0,7.5226004180027255,53.7328601285909,0.037221171462187126,200,144,28,10,0,200,200,1.0,11606,6394,5212,0.5509219369291746,0.44907806307082543,0,0,0.0,0,True,topk,44,2069
0.73,0.27,0.2222222222222222,0.8518518518518519,1.0,0.0,0.0,7.556768928884135,55.97606613988248,0.03572955618213793,200,146,27,12,0,200,200,1.0,11860,6540,5320,0.551433389544688,0.448566610455312,0,0,0.0,0,True,topk,45,2070
0.695,0.305,0.0967741935483871,0.9354838709677419,1.0,0.0,0.0,7.324488580880959,47.254765037941674,0.04232377408699769,200,139,31,6,0,200,200,1.0,12121,6679,5442,0.5510271429750021,0.4489728570249979,0,0,0.0,0,True,topk,46,2071
0.72,0.28,0.125,0.9642857142857143,1.0,0.0,0.0,7.53548703926445,53.8249074233175,0.03715751862368424,200,144,28,7,0,200,200,1.0,12377,6823,5554,0.551264442110366,0.44873555788963404,0,0,0.0,0,True,topk,47,2072
0.67,0.33,0.3333333333333333,0.7575757575757576,1.0,0.0,0.0,6.958320846040817,42.171641491156464,0.04742523480902224,200,134,33,22,0,200,200,1.0,12643,6957,5686,0.5502649687574152,0.44973503124258485,0,0,0.0,0,True,topk,48,2073
0.725,0.275,0.10714285714285714,0.9642857142857143,1.0,0.0,0.0,7.528887976320636,53.777771259433116,0.037190087152397217,200,145,28,6,0,200,200,1.0,12898,7102,5796,0.5506280043417584,0.4493719956582416,0,0,0.0,0,True,topk,49,2074
0.685,0.315,0.21875,0.8125,1.0,0.0,0.0,7.155373720416537,44.72108575260336,0.04472163334906451,200,137,32,14,0,200,200,1.0,13161,7239,5922,0.5500341919307044,0.44996580806929565,0,0,0.0,0,True,topk,50,2075
0.705,0.295,0.2833333333333333,0.8,1.0,0.0,0.0,7.295998919679841,48.6399927978656,0.0411184271410452,200,141,30,17,0,200,200,1.0,13420,7380,6040,0.5499254843517138,0.45007451564828616,0,0,0.0,0,True,topk,51,2076
0.745,0.255,0.28846153846153844,0.8076923076923077,1.0,0.0,0.0,7.69636587706552,59.20281443896553,0.033782177738557975,200,149,26,15,0,200,200,1.0,13671,7529,6142,0.550727818008924,0.449272181991076,0,0,0.0,0,True,topk,52,2077
0.655,0.345,0.18571428571428572,0.8857142857142857,1.0,0.0,0.0,7.002042752389716,40.01167287079838,0.04998541316825709,200,131,35,13,0,200,200,1.0,13940,7660,6280,0.5494978479196556,0.4505021520803444,0,0,0.0,0,True,topk,53,2078
0.725,0.275,0.23214285714285715,0.8571428571428571,1.0,0.0,0.0,7.464331294782281,53.31665210558772,0.03751173265791748,200,145,28,13,0,200,200,1.0,14195,7805,6390,0.549841493483621,0.450158506516379,0,0,0.0,0,True,topk,54,2079
0.665,0.335,0.17647058823529413,0.9117647058823529,1.0,0.0,0.0,7.043151625627832,41.43030368016372,0.04827384359621707,200,133,34,12,0,200,200,1.0,14462,7938,6524,0.5488867376573088,0.4511132623426912,0,0,0.0,0,True,topk,55,2080
0.795,0.205,0.14285714285714285,0.9523809523809523,1.0,0.0,0.0,8.191560990116123,78.01486657253452,0.025636139467603847,200,159,21,6,0,200,200,1.0,14703,8097,6606,0.5507039379718425,0.44929606202815753,0,0,0.0,0,True,topk,56,2081
0.74,0.26,0.25,0.8846153846153846,1.0,0.0,0.0,7.702122806332442,59.24709851024955,0.03375692734816384,200,148,26,13,0,200,200,1.0,14955,8245,6710,0.5513206285523237,0.44867937144767633,0,0,0.0,0,True,topk,57,2082
0.74,0.26,0.36538461538461536,0.7307692307692307,1.0,0.0,0.0,7.608537815430615,58.52721396485088,0.034172137447053615,200,148,26,19,0,200,200,1.0,15207,8393,6814,0.5519168803840336,0.44808311961596636,0,0,0.0,0,True,topk,58,2083
0.715,0.285,0.27586206896551724,0.8620689655172413,1.0,0.0,0.0,7.398340678743217,51.023039163746326,0.039197978653946405,200,143,29,16,0,200,200,1.0,15464,8536,6928,0.5519917227108122,0.4480082772891878,0,0,0.0,0,True,topk,59,2084
0.675,0.325,0.16666666666666666,0.9090909090909091,1.0,0.0,0.0,7.161589836174285,43.403574764692635,0.04607915386791904,200,135,33,11,0,200,200,1.0,15729,8671,7058,0.5512747154936741,0.44872528450632587,0,0,0.0,0,True,topk,60,2085
0.66,0.34,0.16176470588235295,0.9411764705882353,1.0,0.0,0.0,7.018469865223047,41.28511685425321,0.0484436075852831,200,132,34,11,0,200,200,1.0,15997,8803,7194,0.5502906795024067,0.44970932049759327,0,0,0.0,0,True,topk,61,2086
0.74,0.26,0.4230769230769231,0.6923076923076923,1.0,0.0,0.0,7.588614993625772,58.373961489429014,0.0342618514996996,200,148,26,22,0,200,200,1.0,16249,8951,7298,0.5508646685949905,0.4491353314050095,0,0,0.0,0,True,topk,62,2087
0.715,0.285,0.22413793103448276,0.8620689655172413,1.0,0.0,0.0,7.372688508088999,50.84612764199309,0.03933436217762685,200,143,29,13,0,200,200,1.0,16506,9094,7412,0.55095116927178,0.44904883072822,0,0,0.0,0,True,topk,63,2088
0.665,0.335,0.22058823529411764,0.7941176470588235,1.0,0.0,0.0,6.946585738203472,40.86226904825572,0.048944908018644984,200,133,34,15,0,200,200,1.0,16773,9227,7546,0.5501102963095451,0.4498897036904549,0,0,0.0,0,True,topk,64,2089
0.775,0.225,0.2391304347826087,0.8260869565217391,1.0,0.0,0.0,7.964282973619142,69.25463455320993,0.028878933704622384,200,155,23,11,0,200,200,1.0,17018,9382,7636,0.5512986249853097,0.4487013750146903,0,0,0.0,0,True,topk,65,2090
0.71,0.29,0.1724137931034483,0.9310344827586207,1.0,0.0,0.0,7.589942757574965,52.34443281086183,0.0382084568043115,200,142,29,10,0,200,200,1.0,17276,9524,7752,0.5512850196804816,0.4487149803195184,0,0,0.0,0,True,topk,66,2091
0.715,0.285,0.13793103448275862,0.9655172413793104,1.0,0.0,0.0,7.518522410214775,51.851878691136385,0.03857140860629766,200,143,29,8,0,200,200,1.0,17533,9667,7866,0.5513602920207609,0.44863970797923913,0,0,0.0,0,True,topk,67,2092
0.725,0.275,0.26785714285714285,0.8928571428571429,1.0,0.0,0.0,7.540457922751682,53.86041373394058,0.037133023334718344,200,145,28,15,0,200,200,1.0,17788,9812,7976,0.5516078255003373,0.44839217449966273,0,0,0.0,0,True,topk,68,2093
0.77,0.23,0.21739130434782608,0.9130434782608695,1.0,0.0,0.0,7.9843205774924275,69.42887458689067,0.028806458579376616,200,154,23,10,0,200,200,1.0,18034,9966,8068,0.5526228235555063,0.4473771764444937,0,0,0.0,0,True,topk,69,2094
0.74,0.26,0.2692307692307692,0.7307692307692307,1.0,0.0,0.0,7.606797659175993,58.51382814750764,0.034179954778521676,200,148,26,14,0,200,200,1.0,18286,10114,8172,0.55310073280105,0.44689926719895,0,0,0.0,0,True,topk,70,2095
0.745,0.255,0.17307692307692307,0.8846153846153846,1.0,0.0,0.0,7.725503274763525,59.426948267411724,0.0336547653599899,200,149,26,9,0,200,200,1.0,18537,10263,8274,0.5536494578410746,0.44635054215892545,0,0,0.0,0,True,topk,71,2096
0.695,0.305,0.4032258064516129,0.7096774193548387,1.0,0.0,0.0,7.140698515078895,46.06902267792835,0.043413119787283856,200,139,31,25,0,200,200,1.0,18798,10402,8396,0.5533567400787318,0.4466432599212682,0,0,0.0,0,True,topk,72,2097
0.72,0.28,0.16071428571428573,0.9285714285714286,1.0,0.0,0.0,7.588208903858381,54.201492170417005,0.03689935313425916,200,144,28,9,0,200,200,1.0,19054,10546,8508,0.5534795843392464,0.4465204156607536,0,0,0.0,0,True,topk,73,2098
0.735,0.265,0.2962962962962963,0.8518518518518519,1.0,0.0,0.0,7.620342154022105,56.44697891868226,0.035431479918193814,200,147,27,16,0,200,200,1.0,19307,10693,8614,0.5538405759569068,0.44615942404309317,0,0,0.0,0,True,topk,74,2099
0.705,0.295,0.26666666666666666,0.8666666666666667,1.0,0.0,0.0,7.334405919924449,48.89603946616299,0.04090310834651626,200,141,30,16,0,200,200,1.0,19566,10834,8732,0.5537156291526116,0.44628437084738837,0,0,0.0,0,True,topk,75,2100
0.72,0.28,0.23214285714285715,0.9285714285714286,1.0,0.0,0.0,7.421204804807127,53.00860574862234,0.03772972278283284,200,144,28,13,0,200,200,1.0,19822,10978,8844,0.5538290788013318,0.4461709211986682,0,0,0.0,0,True,topk,76,2101
0.695,0.305,0.1774193548387097,0.9032258064516129,1.0,0.0,0.0,7.311291932542203,47.16962537124002,0.042400167146958684,200,139,31,11,0,200,200,1.0,20083,11117,8966,0.5535527560623413,0.44644724393765867,0,0,0.0,0,True,topk,77,2102
0.745,0.255,0.17307692307692307,0.9230769230769231,1.0,0.0,0.0,7.735917725171655,59.50705942439735,0.03360945775754495,200,149,26,9,0,200,200,1.0,20334,11266,9068,0.5540474082816956,0.44595259171830437,0,0,0.0,0,True,topk,78,2103
0.72,0.28,0.3392857142857143,0.75,1.0,0.0,0.0,7.4841016512630345,53.457868937593105,0.03741263989282488,200,144,28,19,0,200,200,1.0,20590,11410,9180,0.5541525012141817,0.4458474987858183,0,0,0.0,0,True,topk,79,2104
0.695,0.305,0.12903225806451613,0.967741935483871,1.0,0.0,0.0,7.345629776333283,47.3911598473115,0.04220196354011496,200,139,31,8,0,200,200,1.0,20851,11549,9302,0.5538823078029831,0.4461176921970169,0,0,0.0,0,True,topk,80,2105
0.645,0.355,0.2222222222222222,0.8611111111111112,1.0,0.0,0.0,6.7973170880463,37.76287271136833,0.05296207243782885,200,129,36,16,0,200,200,1.0,21122,11678,9444,0.552883249692264,0.447116750307736,0,0,0.0,0,True,topk,81,2106
0.775,0.225,0.2608695652173913,0.782608695652174,1.0,0.0,0.0,7.9470023090745885,69.10436790499642,0.028941730611725846,200,155,23,12,0,200,200,1.0,21367,11833,9534,0.5537979126690691,0.4462020873309309,0,0,0.0,0,True,topk,82,2107
0.695,0.305,0.1774193548387097,0.9032258064516129,1.0,0.0,0.0,7.3033197524821665,47.11819195149785,0.04244645045078861,200,139,31,11,0,200,200,1.0,21628,11972,9656,0.5535417051969669,0.4464582948030331,0,0,0.0,0,True,topk,83,2108
0.68,0.32,0.25,0.90625,1.0,0.0,0.0,7.17642448081222,44.85265300507638,0.04459045041936855,200,136,32,16,0,200,200,1.0,21892,12108,9784,0.5530787502283939,0.4469212497716061,0,0,0.0,0,True,topk,84,2109
0.695,0.305,0.3387096774193548,0.7419354838709677,1.0,0.0,0.0,7.221949583184433,46.59322311731892,0.04292469733128616,200,139,31,21,0,200,200,1.0,22153,12247,9906,0.5528370875276486,0.4471629124723514,0,0,0.0,0,True,topk,85,2110
0.725,0.275,0.21428571428571427,0.8571428571428571,1.0,0.0,0.0,7.4842489272829145,53.45892090916367,0.037411903682050746,200,145,28,12,0,200,200,1.0,22408,12392,10016,0.5530167797215281,0.4469832202784719,0,0,0.0,0,True,topk,86,2111
0.705,0.295,0.2833333333333333,0.8666666666666667,1.0,0.0,0.0,7.331699074804704,48.877993832031365,0.040918209672700066,200,141,30,17,0,200,200,1.0,22667,12533,10134,0.5529183394361847,0.44708166056381526,0,0,0.0,0,True,topk,87,2112
0.685,0.315,0.140625,1.0,1.0,0.0,0.0,7.286379345753147,45.53987091095717,0.043917559711808225,200,137,32,9,0,200,200,1.0,22930,12670,10260,0.5525512429132141,0.4474487570867859,0,0,0.0,0,True,topk,88,2113
0.68,0.32,0.1875,0.9375,1.0,0.0,0.0,7.2166196418977435,45.1038727618609,0.0443420903246953,200,136,32,12,0,200,200,1.0,23194,12806,10388,0.5521255497111321,0.44787445028886785,0,0,0.0,0,True,topk,89,2114
0.73,0.27,0.2222222222222222,0.9259259259259259,1.0,0.0,0.0,7.617810986733973,56.42822953136277,0.03544325272314988,200,146,27,12,0,200,200,1.0,23448,12952,10496,0.5523712043671102,0.4476287956328898,0,0,0.0,0,True,topk,90,2115
0.705,0.295,0.21666666666666667,0.9333333333333333,1.0,0.0,0.0,7.312936971954969,48.75291314636646,0.04102318960911282,200,141,30,13,0,200,200,1.0,23707,13093,10614,0.5522841354874087,0.44771586451259127,0,0,0.0,0,True,topk,91,2116
0.785,0.215,0.18181818181818182,0.8636363636363636,1.0,0.0,0.0,8.062801614088936,73.2981964917176,0.027285800957271737,200,157,22,8,0,200,200,1.0,23950,13250,10700,0.5532359081419624,0.44676409185803756,0,0,0.0,0,True,topk,92,2117
0.635,0.365,0.2972972972972973,0.8108108108108109,1.0,0.0,0.0,6.682534739619491,36.1218094033486,0.05536821197596469,200,127,37,22,0,200,200,1.0,24223,13377,10846,0.5522437352929035,0.4477562647070965,0,0,0.0,0,True,topk,93,2118
0.705,0.295,0.16666666666666666,0.8666666666666667,1.0,0.0,0.0,7.464858670782726,49.76572447188484,0.04018830271686089,200,141,30,10,0,200,200,1.0,24482,13518,10964,0.5521607711788252,0.4478392288211748,0,0,0.0,0,True,topk,94,2119
0.75,0.25,0.2,0.92,1.0,0.0,0.0,7.764418207341041,62.11534565872833,0.032198162608453006,200,150,25,10,0,200,200,1.0,24732,13668,11064,0.5526443474041728,0.4473556525958272,0,0,0.0,0,True,topk,95,2120
0.73,0.27,0.2222222222222222,0.8888888888888888,1.0,0.0,0.0,7.556883384232118,55.976913957274945,0.03572901502799036,200,146,27,12,0,200,200,1.0,24986,13814,11172,0.5528696069799087,0.4471303930200913,0,0,0.0,0,True,topk,96,2121
0.68,0.32,0.21875,0.84375,1.0,0.0,0.0,7.078556576471368,44.24097860294605,0.045206956608026254,200,136,32,14,0,200,200,1.0,25250,13950,11300,0.5524752475247525,0.4475247524752475,0,0,0.0,0,True,topk,97,2122
0.74,0.26,0.2692307692307692,0.8461538461538461,1.0,0.0,0.0,7.618517413026017,58.60398010020013,0.034127374908332724,200,148,26,14,0,200,200,1.0,25502,14098,11404,0.5528193867147675,0.4471806132852325,0,0,0.0,0,True,topk,98,2123
0.685,0.315,0.28125,0.84375,1.0,0.0,0.0,7.178005115808645,44.86253197380403,0.0445806313644498,200,137,32,18,0,200,200,1.0,25765,14235,11530,0.5524936929943722,0.44750630700562777,0,0,0.0,0,True,topk,99,2124
0.385,0.615,0.04032258064516129,1.0,1.0,0.9838709677419355,0.9435483870967742,4.765265602693405,15.371824524817434,0.13010817270071284,200,77,62,5,117,200,123,0.615,323,200,123,0.6191950464396285,0.3808049535603715,0,122,0.37770897832817335,122,True,lru,0,2025
0.525,0.475,0.0625,1.0,1.0,0.9791666666666666,0.9166666666666666,5.965544338834256,24.856434745142735,0.08046206225898207,200,105,48,6,88,200,200,1.0,618,400,218,0.6472491909385113,0.3527508090614887,18,216,0.34951456310679613,216,True,lru,1,2026
0.655,0.345,0.07142857142857142,1.0,1.0,0.9714285714285714,0.9,7.1825464023990495,41.04312229942314,0.048729236177728855,200,131,35,5,63,200,200,1.0,887,600,287,0.6764374295377678,0.32356257046223225,87,284,0.3201803833145434,284,True,lru,2,2027
0.665,0.335,0.029411764705882353,0.9705882352941176,1.0,0.9705882352941176,0.9558823529411765,7.104782817894821,41.79284010526366,0.04785508701879553,200,133,34,2,65,200,200,1.0,1154,800,354,0.6932409012131716,0.3067590987868284,154,350,0.30329289428076256,350,True,lru,3,2028
0.56,0.44,0.06818181818181818,1.0,1.0,1.0,0.9318181818181818,6.432900200034384,29.240455454701745,0.0683983874019448,200,112,44,6,82,200,200,1.0,1442,1000,442,0.6934812760055479,0.3065187239944521,242,438,0.30374479889042993,438,True,lru,4,2029
0.555,0.445,0.12222222222222222,1.0,1.0,0.9777777777777777,0.8555555555555555,6.220452201102386,27.646454227121716,0.07234200753447655,200,111,45,11,77,200,200,1.0,1731,1200,531,0.6932409012131716,0.3067590987868284,331,526,0.30387059503177355,526,True,lru,5,2030
0.58,0.42,0.05952380952380952,1.0,1.0,1.0,0.9404761904761905,6.365569192507177,30.312234250034173,0.06597995989021314,200,116,42,5,79,200,200,1.0,2015,1400,615,0.6947890818858561,0.3052109181141439,415,610,0.3027295285359802,610,True,lru,6,2031
0.6,0.4,0.025,1.0,1.0,1.0,0.975,6.576786571782585,32.88393285891293,0.0608199757790807,200,120,40,2,78,200,200,1.0,2295,1600,695,0.6971677559912854,0.30283224400871456,495,690,0.3006535947712418,690,True,lru,7,2032
0.605,0.395,0.1,1.0,1.0,0.975,0.875,6.687218424387148,33.436092121935744,0.05981560263401417,200,121,40,8,70,200,200,1.0,2574,1800,774,0.6993006993006993,0.30069930069930073,574,768,0.29836829836829837,768,True,lru,8,2033
0.64,0.36,0.027777777777777776,1.0,1.0,1.0,0.9722222222222222,6.884303970712359,38.24613317062422,0.05229286817251747,200,128,36,2,70,200,200,1.0,2846,2000,846,0.7027406886858749,0.2972593113141251,646,840,0.2951510892480675,840,True,lru,9,2034
0.625,0.375,0.02631578947368421,1.0,1.0,0.9736842105263158,0.9473684210526315,6.937642279052888,36.513906731857304,0.05477365143881083,200,125,38,2,72,200,200,1.0,3121,2200,921,0.7049022749118872,0.29509772508811283,721,914,0.29285485421339313,914,True,lru,10,2035
0.635,0.365,0.08108108108108109,1.0,1.0,0.972972972972973,0.8918918918918919,7.04501784427362,38.08117753661416,0.05251938436192123,200,127,37,6,66,200,200,1.0,3394,2400,994,0.7071302298173247,0.29286977018267535,794,986,0.2905126694166176,986,True,lru,11,2036
0.655,0.345,0.04285714285714286,1.0,1.0,0.9714285714285714,0.9285714285714286,7.12246859984884,40.6998205705648,0.04914026577911878,200,131,35,3,65,200,200,1.0,3663,2600,1063,0.7098007098007098,0.29019929019929025,863,1054,0.2877422877422877,1054,True,lru,12,2037
0.59,0.41,0.07317073170731707,1.0,1.0,1.0,0.926829268292683,6.418456761405276,31.30954517758671,0.06387828340067113,200,118,41,6,76,200,200,1.0,3945,2800,1145,0.7097591888466414,0.29024081115335865,945,1136,0.2879594423320659,1136,True,lru,13,2038
0.57,0.43,0.06976744186046512,1.0,1.0,1.0,0.9302325581395349,6.4230523108829685,29.874661911083574,0.06694636431209268,200,114,43,6,80,200,200,1.0,4231,3000,1231,0.7090522335145356,0.2909477664854644,1031,1222,0.2888206097849208,1222,True,lru,14,2039
0.63,0.37,0.06756756756756757,1.0,1.0,1.0,0.9324324324324325,6.842909118529886,36.98869793799938,0.05407057051190092,200,126,37,5,69,200,200,1.0,4505,3200,1305,0.7103218645948945,0.28967813540510545,1105,1296,0.2876803551609323,1296,True,lru,15,2040
0.585,0.415,0.08333333333333333,0.9761904761904762,1.0,0.9761904761904762,0.9047619047619048,6.281275466174621,29.91083555321248,0.06686540054830385,200,117,42,7,76,200,200,1.0,4788,3400,1388,0.7101086048454469,0.2898913951545531,1188,1378,0.2878028404344194,1378,True,lru,16,2041
0.605,0.395,0.0625,1.0,1.0,0.975,0.9125,6.668056561752227,33.34028280876113,0.05998749355162763,200,121,40,5,73,200,200,1.0,5067,3600,1467,0.7104795737122558,0.2895204262877442,1267,1456,0.287349516479179,1456,True,lru,17,2042
0.605,0.395,0.0375,1.0,1.0,0.975,0.9375,6.722143185840556,33.61071592920278,0.05950483185817216,200,121,40,3,75,200,200,1.0,5346,3800,1546,0.710811821922933,0.289188178077067,1346,1534,0.2869435091657314,1534,True,lru,18,2043
0.705,0.295,0.08333333333333333,1.0,1.0,0.9666666666666667,0.8833333333333333,7.5710608969219155,50.47373931281277,0.03962456570940643,200,141,30,5,53,200,200,1.0,5605,4000,1605,0.7136485280999108,0.28635147190008925,1405,1592,0.2840321141837645,1592,True,lru,19,2044
0.575,0.425,0.046511627906976744,1.0,1.0,0.9767441860465116,0.9302325581395349,6.47002848970463,30.093155766068048,0.06646029467787248,200,115,43,4,80,200,200,1.0,5890,4200,1690,0.7130730050933786,0.28692699490662144,1490,1676,0.28455008488964345,1676,True,lru,20,2045
0.595,0.405,0.036585365853658534,1.0,1.0,0.975609756097561,0.9390243902439024,6.729676690386587,32.82769117261749,0.06092417494375165,200,119,41,3,77,200,200,1.0,6171,4400,1771,0.7130124777183601,0.28698752228163993,1571,1756,0.28455679792578187,1756,True,lru,21,2046
0.57,0.43,0.10465116279069768,1.0,1.0,1.0,0.8953488372093024,6.264024725994616,29.134998725556354,0.06864596147195502,200,114,43,9,77,200,200,1.0,6457,4600,1857,0.7124051417066749,0.2875948582933251,1657,1842,0.2852717980486294,1842,True,lru,22,2047
0.59,0.41,0.04878048780487805,1.0,1.0,1.0,0.9512195121951219,6.429519616973298,31.363510326699014,0.06376837219963377,200,118,41,4,78,200,200,1.0,6739,4800,1939,0.7122718504229114,0.2877281495770886,1739,1924,0.285502300044517,1924,True,lru,23,2048
0.69,0.31,0.06451612903225806,1.0,1.0,1.0,0.9354838709677419,7.3141059663554655,47.18778042809978,0.04238385407949858,200,138,31,4,58,200,200,1.0,7001,5000,2001,0.7141836880445651,0.2858163119554349,1801,1986,0.28367376089130125,1986,True,lru,24,2049
0.555,0.445,0.06666666666666667,1.0,1.0,0.9777777777777777,0.9111111111111111,6.308418973980588,28.037417662135947,0.07133324559704247,200,111,45,6,82,200,200,1.0,7290,5200,2090,0.7133058984910837,0.2866941015089163,1890,2074,0.28449931412894375,2074,True,lru,25,2050
0.56,0.44,0.056818181818181816,1.0,1.0,1.0,0.9431818181818182,6.293831510585206,28.608325048114576,0.06990972021732568,200,112,44,5,83,200,200,1.0,7578,5400,2178,0.7125890736342043,0.2874109263657957,1978,2162,0.2852995513328055,2162,True,lru,26,2051
0.59,0.41,0.012195121951219513,1.0,1.0,1.0,0.9878048780487805,6.6499704526988985,32.4388802570678,0.06165440928141282,200,118,41,1,81,200,200,1.0,7860,5600,2260,0.712468193384224,0.28753180661577604,2060,2244,0.28549618320610687,2244,True,lru,27,2052
0.58,0.42,0.05952380952380952,1.0,1.0,1.0,0.9404761904761905,6.38324179409551,30.396389495692905,0.06579728820369916,200,116,42,5,79,200,200,1.0,8144,5800,2344,0.712180746561886,0.287819253438114,2144,2328,0.28585461689587427,2328,True,lru,28,2053
0.605,0.395,0.075,1.0,1.0,0.975,0.9,6.7517740075158486,33.75887003757924,0.05924368907412088,200,121,40,6,72,200,200,1.0,8423,6000,2423,0.7123352724682417,0.2876647275317583,2223,2406,0.28564644425976493,2406,True,lru,29,2054
0.635,0.365,0.06756756756756757,1.0,1.0,0.972972972972973,0.9054054054054054,6.941027764139495,37.519068995348626,0.05330622676825876,200,127,37,5,67,200,200,1.0,8696,6200,2496,0.7129714811407544,0.28702851885924563,2296,2478,0.2849586016559338,2478,True,lru,30,2055
0.605,0.395,0.0875,1.0,1.0,0.975,0.8875,6.626491046360711,33.132455231803554,0.06036377280245194,200,121,40,7,71,200,200,1.0,8975,6400,2575,0.713091922005571,0.28690807799442897,2375,2556,0.28479108635097494,2556,True,lru,31,2056
0.615,0.385,0.05128205128205128,1.0,1.0,0.9743589743589743,0.9230769230769231,6.784404922353827,34.791820114635016,0.05748477640463281,200,123,39,4,72,200,200,1.0,9252,6600,2652,0.7133592736705577,0.28664072632944226,2452,2632,0.2844790315607436,2632,True,lru,32,2057
0.59,0.41,0.06097560975609756,1.0,1.0,1.0,0.9390243902439024,6.527173668856376,31.839871555396957,0.06281432374877134,200,118,41,5,77,200,200,1.0,9534,6800,2734,0.7132368365848543,0.28676316341514574,2534,2714,0.28466540801342566,2714,True,lru,33,2058
0.625,0.375,0.05263157894736842,1.0,1.0,0.9736842105263158,0.9210526315789473,7.015976910499907,36.92619426578898,0.054162093867684065,200,125,38,4,70,200,200,1.0,9809,7000,2809,0.7136303394841472,0.2863696605158528,2609,2788,0.28422876949740034,2788,True,lru,34,2059
0.58,0.42,0.05952380952380952,1.0,1.0,1.0,0.9404761904761905,6.440376431709917,30.668459198618653,0.06521357943179887,200,116,42,5,79,200,200,1.0,10093,7200,2893,0.7133656989993065,0.28663430100069354,2693,2872,0.2845536510452789,2872,True,lru,35,2060
0.66,0.34,0.014705882352941176,1.0,1.0,1.0,0.9852941176470589,7.343258169235408,43.19563628962005,0.04630097324160964,200,132,34,1,67,200,200,1.0,10361,7400,2961,0.7142167744426213,0.2857832255573787,2761,2940,0.28375639417044685,2940,True,lru,36,2061
0.61,0.39,0.0641025641025641,1.0,1.0,1.0,0.9358974358974359,6.68604511999022,34.28741087174472,0.058330446923542514,200,122,39,5,73,200,200,1.0,10639,7600,3039,0.714352852711721,0.285647147288279,2839,3018,0.28367327756368077,3018,True,lru,37,2062
0.63,0.37,0.08108108108108109,1.0,1.0,1.0,0.918918918918919,6.9349285030916805,37.48610001671179,0.053353109528821996,200,126,37,6,68,200,200,1.0,10913,7800,3113,0.7147438834417666,0.28525611655823335,2913,3092,0.28333180610281317,3092,True,lru,38,2063
0.625,0.375,0.06578947368421052,1.0,1.0,0.9736842105263158,0.9078947368421053,6.713302819403245,35.33317273370129,0.056604030865656484,200,125,38,5,69,200,200,1.0,11188,8000,3188,0.7150518412584912,0.2849481587415088,2988,3166,0.28298176617804793,3166,True,lru,39,2064
0.595,0.405,0.08536585365853659,1.0,1.0,0.975609756097561,0.8902439024390244,6.498449656327462,31.699754421109567,0.06309197142133555,200,119,41,7,73,200,200,1.0,11469,8200,3269,0.7149707908274479,0.28502920917255214,3069,3246,0.283023803295841,3246,True,lru,40,2065
0.57,0.43,0.06976744186046512,1.0,1.0,1.0,0.9302325581395349,6.459720312902532,30.045210757686196,0.06656634949676157,200,114,43,6,80,200,200,1.0,11755,8400,3355,0.7145895363675032,0.2854104636324968,3155,3332,0.2834538494257763,3332,True,lru,41,2066
0.66,0.34,0.014705882352941176,1.0,1.0,1.0,0.9852941176470589,7.100805545716417,41.76944438656716,0.04788189140105464,200,132,34,1,67,200,200,1.0,12023,8600,3423,0.7152956832737254,0.2847043167262746,3223,3400,0.2827913166431007,3400,True,lru,42,2067
0.59,0.41,0.12195121951219512,1.0,1.0,1.0,0.8780487804878049,6.55559848210251,31.978529180987852,0.06254196334924175,200,118,41,10,72,200,200,1.0,12305,8800,3505,0.7151564404713531,0.28484355952864693,3305,3482,0.28297440065014223,3482,True,lru,43,2068
0.575,0.425,0.06976744186046512,1.0,1.0,0.9767441860465116,0.9069767441860465,6.490449114050882,30.18813541419015,0.06625119347582778,200,115,43,6,78,200,200,1.0,12590,9000,3590,0.7148530579825259,0.28514694201747415,3390,3566,0.28324066719618746,3566,True,lru,44,2069
0.595,0.405,0.0975609756097561,0.975609756097561,1.0,0.975609756097561,0.8902439024390244,6.516848466041678,31.78950471239843,0.06291384587756622,200,119,41,8,73,200,200,1.0,12871,9200,3671,0.7147851759770025,0.28521482402299747,3471,3646,0.2832724730013208,3646,True,lru,45,2070
0.59,0.41,0.04878048780487805,1.0,1.0,1.0,0.9512195121951219,6.621661642884667,32.300788501876426,0.06191799311288688,200,118,41,4,78,200,200,1.0,13153,9400,3753,0.7146658556983198,0.28533414430168025,3553,3728,0.2834334372386528,3728,True,lru,46,2071
0.585,0.415,0.03571428571428571,1.0,1.0,0.9761904761904762,0.9404761904761905,6.481956179666713,30.86645799841292,0.0647952544507321,200,117,42,3,79,200,200,1.0,13436,9600,3836,0.714498362607919,0.285501637392081,3636,3810,0.2835665376600179,3810,True,lru,47,2072
0.6,0.4,0.125,1.0,1.0,1.0,0.875,6.562963821463013,32.81481910731507,0.060948073291501426,200,120,40,10,70,200,200,1.0,13716,9800,3916,0.7144940215806358,0.2855059784193642,3716,3890,0.28361038203557887,3890,True,lru,48,2073
0.575,0.425,0.046511627906976744,1.0,1.0,0.9767441860465116,0.9302325581395349,6.435276764025907,29.93151983267864,0.06681919298386044,200,115,43,4,80,200,200,1.0,14001,10000,4001,0.7142346975216056,0.2857653024783944,3801,3974,0.2838368687950861,3974,True,lru,49,2074
0.615,0.385,0.07692307692307693,1.0,1.0,0.9743589743589743,0.8974358974358975,6.78254814520229,34.78229818052456,0.057500513324902934,200,123,39,6,70,200,200,1.0,14278,10200,4078,0.7143857683148901,0.2856142316851099,3878,4050,0.2836531727132652,4050,True,lru,50,2075
0.64,0.36,0.125,1.0,1.0,1.0,0.875,6.914609724183932,38.41449846768851,0.052063675949908725,200,128,36,9,63,200,200,1.0,14550,10400,4150,0.7147766323024055,0.2852233676975945,3950,4122,0.28329896907216495,4122,True,lru,51,2076
0.63,0.37,0.08108108108108109,1.0,1.0,1.0,0.918918918918919,6.839632588947567,36.97098696728415,0.054096473047089935,200,126,37,6,68,200,200,1.0,14824,10600,4224,0.715056664867782,0.28494333513221803,4024,4196,0.2830545062061522,4196,True,lru,52,2077
0.545,0.455,0.043478260869565216,1.0,1.0,0.9782608695652174,0.9347826086956522,6.223111706224588,27.057007418367775,0.07391800464386504,200,109,46,4,86,200,200,1.0,15115,10800,4315,0.7145219980152167,0.28547800198478335,4115,4286,0.28355937810122395,4286,True,lru,53,2078
0.565,0.435,0.056818181818181816,1.0,1.0,0.9772727272727273,0.9204545454545454,6.279715023920517,28.544159199638713,0.07006687378710087,200,113,44,5,81,200,200,1.0,15402,11000,4402,0.7141929619529931,0.2858070380470069,4202,4372,0.2838592390598624,4372,True,lru,54,2079
0.59,0.41,0.036585365853658534,1.0,1.0,1.0,0.9634146341463414,6.5165861800915295,31.78822526873917,0.0629163780957227,200,118,41,3,79,200,200,1.0,15684,11200,4484,0.7141035450140271,0.28589645498597294,4284,4454,0.2839836776332568,4454,True,lru,55,2080
0.665,0.335,0.014705882352941176,1.0,1.0,0.9705882352941176,0.9558823529411765,7.149453433771705,42.05560843395121,0.04755608287396488,200,133,34,1,65,200,200,1.0,15951,11400,4551,0.7146887342486364,0.28531126575136356,4351,4520,0.28336781393016114,4520,True,lru,56,2081
0.635,0.365,0.04054054054054054,1.0,1.0,0.972972972972973,0.9324324324324325,7.048447884269374,38.09971829334797,0.052493826453021065,200,127,37,3,69,200,200,1.0,16224,11600,4624,0.7149901380670611,0.28500986193293887,4424,4592,0.28303747534516766,4592,True,lru,57,2082
0.6,0.4,0.1125,1.0,1.0,1.0,0.8875,6.618390336243147,33.09195168121573,0.060437656239395426,200,120,40,9,71,200,200,1.0,16504,11800,4704,0.7149781871061561,0.2850218128938439,4504,4672,0.2830828889966069,4672,True,lru,58,2083
0.615,0.385,0.0641025641025641,1.0,1.0,0.9743589743589743,0.9102564102564102,6.586638621407897,33.77763395593794,0.05921077842838101,200,123,39,5,71,200,200,1.0,16781,12000,4781,0.7150944520588761,0.2849055479411239,4581,4748,0.28293903819796196,4748,True,lru,59,2084
0.565,0.435,0.056818181818181816,0.9772727272727273,1.0,0.9772727272727273,0.9318181818181818,6.326887785291907,28.75858084223594,0.06954446086792726,200,113,44,5,82,200,200,1.0,17068,12200,4868,0.7147879071947504,0.2852120928052496,4668,4834,0.2832200609327396,4834,True,lru,60,2085
0.545,0.455,0.043478260869565216,1.0,1.0,0.9782608695652174,0.9347826086956522,6.208153096749279,26.99196998586643,0.07409611084508624,200,109,46,4,86,200,200,1.0,17359,12400,4959,0.714326862146437,0.28567313785356296,4759,4924,0.28365689267814964,4924,True,lru,61,2086
0.575,0.425,0.11627906976744186,1.0,1.0,0.9767441860465116,0.8604651162790697,6.418347288044208,29.852778083926548,0.0669954399010137,200,115,43,10,74,200,200,1.0,17644,12600,5044,0.7141237814554523,0.2858762185445477,4844,5008,0.2838358648832464,5008,True,lru,62,2087
0.62,0.38,0.07894736842105263,1.0,1.0,1.0,0.9210526315789473,6.672245788326852,35.117083096457115,0.05695233839628826,200,124,38,6,70,200,200,1.0,17920,12800,5120,0.7142857142857143,0.2857142857142857,4920,5084,0.28370535714285716,5084,True,lru,63,2088
0.595,0.405,0.0975609756097561,1.0,1.0,0.975609756097561,0.8780487804878049,6.56137402620648,32.00670256686088,0.06248691179049357,200,119,41,8,72,200,200,1.0,18201,13000,5201,0.7142464699741773,0.2857535300258227,5001,5164,0.28372067468820394,5164,True,lru,64,2089
0.605,0.395,0.05,1.0,1.0,0.975,0.925,6.669962243964896,33.34981121982448,0.059970354459191626,200,121,40,4,74,200,200,1.0,18480,13200,5280,0.7142857142857143,0.2857142857142857,5080,5242,0.28365800865800866,5242,True,lru,65,2090
0.6,0.4,0.075,1.0,1.0,1.0,0.925,6.850116736646914,34.250583683234574,0.058393165456592976,200,120,40,6,74,200,200,1.0,18760,13400,5360,0.7142857142857143,0.2857142857142857,5160,5322,0.28368869936034113,5322,True,lru,66,2091
0.625,0.375,0.013157894736842105,1.0,1.0,0.9736842105263158,0.9605263157894737,6.8191953150924585,35.89050165838136,0.05572505001564803,200,125,38,1,73,200,200,1.0,19035,13600,5435,0.7144733385868137,0.2855266614131863,5235,5396,0.2834778040451799,5396,True,lru,67,2092
0.59,0.41,0.04878048780487805,1.0,1.0,1.0,0.9512195121951219,6.5525650961181565,31.96373217618613,0.06257091596738054,200,118,41,4,78,200,200,1.0,19317,13800,5517,0.7143966454418388,0.2856033545581612,5317,5478,0.2835844075166951,5478,True,lru,68,2093
0.66,0.34,0.04411764705882353,1.0,1.0,1.0,0.9558823529411765,7.156438220855811,42.09669541679889,0.04750966745009373,200,132,34,3,65,200,200,1.0,19585,14000,5585,0.71483278018892,0.28516721981107995,5385,5546,0.2831758999234108,5546,True,lru,69,2094
0.63,0.37,0.12162162162162163,1.0,1.0,1.0,0.8783783783783784,6.8982232345971966,37.28769315998485,0.053637000053044115,200,126,37,9,65,200,200,1.0,19859,14200,5659,0.7150410393272572,0.28495896067274284,5459,5620,0.28299511556473134,5620,True,lru,70,2095
0.66,0.34,0.07352941176470588,1.0,1.0,1.0,0.9264705882352942,7.1039508935496505,41.78794643264501,0.04786069119772748,200,132,34,5,63,200,200,1.0,20127,14400,5727,0.7154568490087941,0.28454315099120586,5527,5688,0.2826054553584737,5688,True,lru,71,2096
0.615,0.385,0.15384615384615385,1.0,1.0,0.9743589743589743,0.8205128205128205,6.651184220303468,34.10863702719727,0.058636174714494047,200,123,39,12,64,200,200,1.0,20404,14600,5804,0.7155459713781611,0.2844540286218389,5604,5764,0.28249362870025485,5764,True,lru,72,2097
0.625,0.375,0.09210526315789473,1.0,1.0,0.9736842105263158,0.881578947368421,6.969092988914692,36.67943678376154,0.054526464290897345,200,125,38,7,67,200,200,1.0,20679,14800,5879,0.7157019198220417,0.2842980801779583,5679,5838,0.28231539242709996,5838,True,lru,73,2098
0.675,0.325,0.06060606060606061,1.0,1.0,0.9696969696969697,0.9090909090909091,7.195715941664148,43.61039964644938,0.04586062077426602,200,135,33,4,60,200,200,1.0,20944,15000,5944,0.7161955691367456,0.28380443086325435,5744,5902,0.2817990832696715,5902,True,lru,74,2099
0.565,0.435,0.06818181818181818,1.0,1.0,0.9772727272727273,0.9090909090909091,6.355265082208956,28.887568555495253,0.0692339334879585,200,113,44,6,80,200,200,1.0,21231,15200,6031,0.7159342470915171,0.2840657529084829,5831,5988,0.2820404126042108,5988,True,lru,75,2100
0.595,0.405,0.04878048780487805,1.0,1.0,0.975609756097561,0.926829268292683,6.446341177915862,31.44556672154079,0.06360197027805396,200,119,41,4,76,200,200,1.0,21512,15400,6112,0.7158795091111938,0.2841204908888062,5912,6068,0.28207512086277425,6068,True,lru,76,2101
0.57,0.43,0.03488372093023256,1.0,1.0,1.0,0.9651162790697675,6.441477753650032,29.96036164488387,0.06675486843936433,200,114,43,3,83,200,200,1.0,21798,15600,6198,0.7156619873382879,0.2843380126617121,5998,6154,0.28231947885127073,6154,True,lru,77,2102
0.62,0.38,0.013157894736842105,1.0,1.0,1.0,0.9868421052631579,6.774918373734563,35.65746512491875,0.05608923665755271,200,124,38,1,75,200,200,1.0,22074,15800,6274,0.7157742140074296,0.2842257859925704,6074,6230,0.28223249071305606,6230,True,lru,78,2103
0.66,0.34,0.11764705882352941,1.0,1.0,1.0,0.8823529411764706,7.2176522385340105,42.45677787372947,0.047106730660253865,200,132,34,8,60,200,200,1.0,22342,16000,6342,0.71614000537105,0.28385999462894995,6142,6298,0.28189060961417955,6298,True,lru,79,2104
0.58,0.42,0.03571428571428571,1.0,1.0,1.0,0.9642857142857143,6.555313817412173,31.21578008291511,0.06407015921715285,200,116,42,3,81,200,200,1.0,22626,16200,6426,0.7159904534606205,0.2840095465393795,6226,6382,0.28206488111022715,6382,True,lru,80,2105
0.61,0.39,0.08974358974358974,1.0,1.0,1.0,0.9102564102564102,6.7628962171366345,34.681519062239154,0.057667600903259675,200,122,39,7,71,200,200,1.0,22904,16400,6504,0.7160321341250436,0.28396786587495637,6304,6460,0.282046804051694,6460,True,lru,81,2106
0.665,0.335,0.07352941176470588,1.0,1.0,0.9705882352941176,0.8970588235294118,7.171552749650966,42.185604409711566,0.04740953763695701,200,133,34,5,61,200,200,1.0,23171,16600,6571,0.7164127573259678,0.28358724267403224,6371,6526,0.28164515989814853,6526,True,lru,82,2107
0.61,0.39,0.0641025641025641,1.0,1.0,1.0,0.9358974358974359,6.805024755024699,34.89756284628051,0.05731059239895219,200,122,39,5,73,200,200,1.0,23449,16800,6649,0.7164484626210073,0.28355153737899275,6449,6604,0.28163247899697214,6604,True,lru,83,2108
0.59,0.41,0.024390243902439025,1.0,1.0,1.0,0.975609756097561,6.687808500100382,32.623456098050646,0.061305583135917545,200,118,41,2,80,200,200,1.0,23731,17000,6731,0.7163625637351987,0.2836374362648013,6531,6686,0.28174118241961993,6686,True,lru,84,2109
0.61,0.39,0.08974358974358974,1.0,1.0,1.0,0.9102564102564102,6.773658944265019,34.7367125346924,0.057575972337697505,200,122,39,7,71,200,200,1.0,24009,17200,6809,0.7163980174101379,0.28360198258986213,6609,6764,0.2817276854512891,6764,True,lru,85,2110
0.58,0.42,0.09523809523809523,1.0,1.0,1.0,0.9047619047619048,6.390327119640723,30.4301291411463,0.06572433494196667,200,116,42,8,76,200,200,1.0,24293,17400,6893,0.7162557115218375,0.28374428847816247,6693,6848,0.2818919030173301,6848,True,lru,86,2111
0.625,0.375,0.06578947368421052,1.0,1.0,0.9736842105263158,0.9078947368421053,6.8015229949610925,35.79748944716364,0.05586983978169639,200,125,38,5,69,200,200,1.0,24568,17600,6968,0.7163790296320417,0.2836209703679583,6768,6922,0.28174861608596546,6922,True,lru,87,2112
0.59,0.41,0.024390243902439025,1.0,1.0,1.0,0.975609756097561,6.526266487536459,31.835446280665654,0.06282305523119501,200,118,41,2,80,200,200,1.0,24850,17800,7050,0.716297786720322,0.28370221327967804,6850,7004,0.28185110663983903,7004,True,lru,88,2113
0.585,0.415,0.03571428571428571,1.0,1.0,0.9761904761904762,0.9404761904761905,6.499306709735441,30.949079570168767,0.06462227723010419,200,117,42,3,79,200,200,1.0,25133,18000,7133,0.7161898698921736,0.2838101301078264,6933,7086,0.2819400787808857,7086,True,lru,89,2114
0.62,0.38,0.05263157894736842,1.0,1.0,1.0,0.9473684210526315,6.7852796949707574,35.711998394582935,0.05600358674700699,200,124,38,4,72,200,200,1.0,25409,18200,7209,0.7162816324924239,0.28371836750757606,7009,7162,0.28186862922586486,7162,True,lru,90,2115
0.6,0.4,0.0375,1.0,1.0,1.0,0.9625,6.55402649485356,32.770132474267804,0.061031184465624805,200,120,40,3,77,200,200,1.0,25689,18400,7289,0.7162598777686948,0.2837401222313052,7089,7242,0.28191054536961346,7242,True,lru,91,2116
0.68,0.32,0.0625,1.0,1.0,1.0,0.9375,7.310727810577346,45.69204881610841,0.043771291763456975,200,136,32,4,60,200,200,1.0,25953,18600,7353,0.7166801525835164,0.28331984741648364,7153,7306,0.2815088814395253,7306,True,lru,92,2117
0.53,0.47,0.06382978723404255,1.0,1.0,1.0,0.9361702127659575,5.961787872247812,25.36931009467154,0.07883541146907544,200,106,47,6,88,200,200,1.0,26247,18800,7447,0.716272335886006,0.28372766411399397,7247,7400,0.28193698327427896,7400,True,lru,93,2118
0.565,0.435,0.10227272727272728,1.0,1.0,0.9772727272727273,0.875,6.590991727968677,29.959053308948533,0.06675778367811828,200,113,44,9,77,200,200,1.0,26534,19000,7534,0.7160624104921987,0.28393758950780135,7334,7486,0.2821285897339263,7486,True,lru,94,2119
0.59,0.41,0.07317073170731707,1.0,1.0,1.0,0.926829268292683,6.5963724168908895,32.177426423857995,0.062155374816337,200,118,41,6,76,200,200,1.0,26816,19200,7616,0.7159904534606205,0.2840095465393795,7416,7568,0.2822195704057279,7568,True,lru,95,2120
0.635,0.365,0.10810810810810811,1.0,1.0,0.972972972972973,0.8648648648648649,6.800262200910825,36.75817405897743,0.054409666725856884,200,127,37,8,64,200,200,1.0,27089,19400,7689,0.7161578500498357,0.2838421499501643,7489,7640,0.282033297648492,7640,True,lru,96,2121
0.605,0.395,0.0625,1.0,1.0,0.975,0.9125,6.699508333062079,33.49754166531039,0.05970587394092783,200,121,40,5,73,200,200,1.0,27368,19600,7768,0.7161648640748319,0.28383513592516807,7568,7718,0.28200818474130374,7718,True,lru,97,2122
0.645,0.355,0.05555555555555555,1.0,1.0,0.9722222222222222,0.9166666666666666,7.037817842833784,39.09898801574324,0.051152219059856445,200,129,36,4,66,200,200,1.0,27639,19800,7839,0.7163790296320417,0.2836209703679583,7639,7788,0.28177575165526975,7788,True,lru,98,2123
0.58,0.42,0.05952380952380952,1.0,1.0,1.0,0.9404761904761905,6.495374396132022,30.930354267295343,0.06466139969546773,200,116,42,5,79,200,200,1.0,27923,20000,7923,0.7162554166815887,0.28374458331841135,7723,7872,0.2819181320058733,7872,True,lru,99,2124
0.385,0.615,0.04032258064516129,1.0,1.0,0.9838709677419355,0.9435483870967742,4.765265602693405,15.371824524817434,0.13010817270071284,200,77,62,5,117,200,123,0.615,323,200,123,0.6191950464396285,0.3808049535603715,0,122,0.37770897832817335,122,True,lfu,0,2025
0.53,0.47,0.10638297872340426,1.0,1.0,0.574468085106383,0.5212765957446809,5.969575925386052,25.402450746323627,0.07873256088448279,200,106,47,10,49,200,200,1.0,617,360,257,0.5834683954619124,0.4165316045380876,57,195,0.3160453808752026,176,True,lfu,1,2026
0.695,0.305,0.20967741935483872,0.9354838709677419,1.0,0.0967741935483871,0.0967741935483871,7.331036812559444,47.29701169393189,0.042285969628322116,200,139,31,13,6,200,200,1.0,878,505,373,0.5751708428246014,0.4248291571753986,173,226,0.25740318906605925,182,True,lfu,2,2027
0.665,0.335,0.07352941176470588,0.9705882352941176,1.0,0.04411764705882353,0.029411764705882353,7.085493832473336,41.67937548513727,0.047985363905301164,200,133,34,5,2,200,200,1.0,1145,641,504,0.5598253275109171,0.44017467248908293,304,262,0.22882096069868996,185,True,lfu,3,2028
0.615,0.385,0.20512820512820512,0.9230769230769231,1.0,0.01282051282051282,0.01282051282051282,6.653737904692669,34.121732844577785,0.05861367032881555,200,123,39,16,1,200,200,1.0,1422,765,657,0.5379746835443038,0.4620253164556962,457,301,0.21167369901547117,186,True,lfu,4,2029
0.565,0.435,0.36363636363636365,0.7727272727272727,1.0,0.03409090909090909,0.011363636363636364,6.038167155343103,27.44621434246865,0.07286979453867043,200,113,44,32,1,200,200,1.0,1709,881,828,0.5155061439438268,0.48449385605617323,628,346,0.20245757753071972,189,True,lfu,5,2030
0.615,0.385,0.21794871794871795,0.8717948717948718,1.0,0.01282051282051282,0.01282051282051282,6.5027560427829,33.34746688606615,0.059974570387404044,200,123,39,17,1,200,200,1.0,1986,1005,981,0.5060422960725075,0.4939577039274925,781,384,0.1933534743202417,190,True,lfu,6,2031
0.585,0.415,0.2261904761904762,0.9285714285714286,1.0,0.03571428571428571,0.03571428571428571,6.340790411769666,30.194240056046027,0.06623779887447521,200,117,42,19,3,200,200,1.0,2269,1125,1144,0.49581313353900397,0.5041868664609961,944,427,0.1881886293521375,193,True,lfu,7,2032
0.605,0.395,0.2625,0.8,1.0,0.0125,0.0125,6.4009772294241545,32.00488614712077,0.06249045820086207,200,121,40,21,1,200,200,1.0,2548,1247,1301,0.489403453689168,0.510596546310832,1101,467,0.18328100470957615,194,True,lfu,8,2033
0.66,0.34,0.08823529411764706,0.9705882352941176,1.0,0.014705882352941176,0.014705882352941176,7.007984377190719,41.22343751288658,0.04851608989121282,200,132,34,6,1,200,200,1.0,2816,1380,1436,0.4900568181818182,0.5099431818181819,1236,487,0.1729403409090909,195,True,lfu,9,2034
0.615,0.385,0.2564102564102564,0.8974358974358975,1.0,0.01282051282051282,0.01282051282051282,6.585347226711211,33.77101141903185,0.05922238973490999,200,123,39,20,1,200,200,1.0,3093,1504,1589,0.4862592951826705,0.5137407048173295,1389,489,0.15809893307468478,196,True,lfu,10,2035
0.65,0.35,0.22857142857142856,0.8571428571428571,1.0,0.02857142857142857,0.02857142857142857,6.875459839749786,39.28834194142735,0.05090568604248255,200,130,35,16,2,200,200,1.0,3363,1636,1727,0.4864704133214392,0.5135295866785607,1527,493,0.1465953018138567,198,True,lfu,11,2036
0.625,0.375,0.2631578947368421,0.8421052631578947,1.0,0.0,0.0,6.661108004314316,35.05846318060166,0.05704756622379922,200,125,38,20,0,200,200,1.0,3638,1761,1877,0.4840571742715778,0.5159428257284222,1677,493,0.13551401869158877,198,True,lfu,12,2037
0.645,0.355,0.2916666666666667,0.8055555555555556,1.0,0.0,0.0,6.7475974536207675,37.48665252011537,0.05335232317494335,200,129,36,21,0,200,200,1.0,3909,1890,2019,0.4834996162701458,0.5165003837298542,1819,493,0.12611921207469942,198,True,lfu,13,2038
0.57,0.43,0.3488372093023256,0.8372093023255814,1.0,0.0,0.0,6.077663009369596,28.26820004357952,0.07075087897059985,200,114,43,30,0,200,200,1.0,4195,2004,2191,0.47771156138259835,0.5222884386174016,1991,493,0.11752085816448153,198,True,lfu,14,2039
0.61,0.39,0.21794871794871795,0.8974358974358975,1.0,0.0,0.0,6.546315576977605,33.570849112705666,0.05957549638632922,200,122,39,17,0,200,200,1.0,4473,2126,2347,0.475296221775095,0.524703778224905,2147,493,0.11021685669572993,198,True,lfu,15,2040
0.66,0.34,0.16176470588235295,0.9411764705882353,1.0,0.014705882352941176,0.014705882352941176,6.8497596655094615,40.29270391476154,0.04963677801894265,200,132,34,11,1,200,200,1.0,4741,2259,2482,0.47648175490402866,0.5235182450959713,2282,495,0.10440835266821345,199,True,lfu,16,2041
0.625,0.375,0.19736842105263158,0.868421052631579,1.0,0.02631578947368421,0.02631578947368421,6.596445318731906,34.71813325648371,0.05760678390237166,200,125,38,15,2,200,200,1.0,5016,2385,2631,0.47547846889952156,0.5245215311004785,2431,496,0.09888357256778309,200,True,lfu,17,2042
0.635,0.365,0.16216216216216217,0.9459459459459459,1.0,0.0,0.0,6.855273685316919,37.05553343414551,0.053973045714059614,200,127,37,12,0,200,200,1.0,5289,2512,2777,0.47494800529400644,0.5250519947059935,2577,496,0.09377954244658726,200,True,lfu,18,2043
0.695,0.305,0.27419354838709675,0.8387096774193549,1.0,0.03225806451612903,0.03225806451612903,7.287253480798643,47.0145385857977,0.042540032512499576,200,139,31,17,2,200,200,1.0,5550,2654,2896,0.4781981981981982,0.5218018018018018,2696,501,0.09027027027027026,203,True,lfu,19,2044
0.635,0.365,0.1891891891891892,0.8918918918918919,1.0,0.0,0.0,6.763199539457093,36.557835348416724,0.05470783433808035,200,127,37,14,0,200,200,1.0,5823,2781,3042,0.4775888717156105,0.5224111282843895,2842,501,0.08603812467800102,203,True,lfu,20,2045
0.605,0.395,0.1375,0.95,1.0,0.0,0.0,6.6420049936139165,33.21002496806958,0.0602227791735459,200,121,40,11,0,200,200,1.0,6102,2902,3200,0.4755817764667322,0.5244182235332677,3000,501,0.08210422812192723,203,True,lfu,21,2046
0.64,0.36,0.2777777777777778,0.7777777777777778,1.0,0.027777777777777776,0.027777777777777776,6.688547399979917,37.1585966665551,0.05382334585848654,200,128,36,20,2,200,200,1.0,6374,3032,3342,0.4756824599937245,0.5243175400062755,3142,504,0.07907122685911515,205,True,lfu,22,2047
0.635,0.365,0.16216216216216217,0.8918918918918919,1.0,0.0,0.0,6.721518428914257,36.33253204818517,0.05504708555262669,200,127,37,12,0,200,200,1.0,6647,3159,3488,0.4752519933804724,0.5247480066195276,3288,504,0.07582367985557395,205,True,lfu,23,2048
0.645,0.355,0.2361111111111111,0.8333333333333334,1.0,0.0,0.0,6.784726827486694,37.69292681937052,0.05306035292998774,200,129,36,17,0,200,200,1.0,6918,3288,3630,0.47528187337380745,0.5247181266261925,3430,504,0.07285342584562012,205,True,lfu,24,2049
0.585,0.415,0.2857142857142857,0.8333333333333334,1.0,0.0,0.0,6.287774866334925,29.94178507778536,0.06679628468390335,200,117,42,24,0,200,200,1.0,7201,3405,3796,0.4728509929176503,0.5271490070823497,3596,504,0.0699902791278989,205,True,lfu,25,2050
0.58,0.42,0.25,0.8333333333333334,1.0,0.0,0.0,6.266235256109601,29.839215505283814,0.06702589079950334,200,116,42,21,0,200,200,1.0,7485,3521,3964,0.4704074816299265,0.5295925183700735,3764,504,0.06733466933867735,205,True,lfu,26,2051
0.585,0.415,0.08333333333333333,0.9761904761904762,1.0,0.011904761904761904,0.011904761904761904,6.4294581782763895,30.616467515601855,0.06532432257185841,200,117,42,7,1,200,200,1.0,7768,3639,4129,0.4684603501544799,0.53153964984552,3929,505,0.06501029866117405,206,True,lfu,27,2052
0.66,0.34,0.29411764705882354,0.8529411764705882,1.0,0.0,0.0,6.907203635879484,40.630609622820494,0.04922397223586536,200,132,34,20,0,200,200,1.0,8036,3771,4265,0.46926331508213043,0.5307366849178696,4065,505,0.06284221005475361,206,True,lfu,28,2053
0.645,0.355,0.3194444444444444,0.75,1.0,0.0,0.0,6.798090858621065,37.76717143678369,0.05295604420224283,200,129,36,23,0,200,200,1.0,8307,3900,4407,0.4694835680751174,0.5305164319248826,4207,505,0.06079210304562417,206,True,lfu,29,2054
0.66,0.34,0.22058823529411764,0.8823529411764706,1.0,0.0,0.0,6.992098093493877,41.1299887852581,0.048626320090727676,200,132,34,15,0,200,200,1.0,8575,4032,4543,0.47020408163265304,0.529795918367347,4343,505,0.05889212827988338,206,True,lfu,30,2055
0.64,0.36,0.25,0.8611111111111112,1.0,0.0,0.0,6.797850115716536,37.76583397620298,0.05295791961751038,200,128,36,18,0,200,200,1.0,8847,4160,4687,0.47021589239290157,0.5297841076070984,4487,505,0.05708149655250367,206,True,lfu,31,2056
0.655,0.345,0.21428571428571427,0.8857142857142857,1.0,0.0,0.0,6.890492540501875,39.37424308858215,0.050794627226242874,200,131,35,15,0,200,200,1.0,9116,4291,4825,0.4707108380868802,0.5292891619131198,4625,505,0.055397103992979375,206,True,lfu,32,2057
0.655,0.345,0.24285714285714285,0.9142857142857143,1.0,0.0,0.0,6.959015580143269,39.7658033151044,0.05029446995329106,200,131,35,17,0,200,200,1.0,9385,4422,4963,0.47117741076185404,0.528822589238146,4763,505,0.053809270111880664,206,True,lfu,33,2058
0.63,0.37,0.20270270270270271,0.8918918918918919,1.0,0.0,0.0,6.818618800594209,36.85739892213086,0.054263188897985655,200,126,37,15,0,200,200,1.0,9659,4548,5111,0.4708561962936122,0.5291438037063878,4911,505,0.0522828450150119,206,True,lfu,34,2059
0.62,0.38,0.25,0.8947368421052632,1.0,0.0,0.0,6.599943244268531,34.73654339088701,0.057576252694293464,200,124,38,19,0,200,200,1.0,9935,4672,5263,0.47025666834423757,0.5297433316557625,5063,505,0.050830397584297936,206,True,lfu,35,2060
0.665,0.335,0.17647058823529413,0.9705882352941176,1.0,0.0,0.0,7.248831941514489,42.6401878912617,0.04690410851613209,200,133,34,12,0,200,200,1.0,10202,4805,5397,0.47098608116055674,0.5290139188394433,5197,505,0.04950009801999608,206,True,lfu,36,2061
0.625,0.375,0.2631578947368421,0.868421052631579,1.0,0.0,0.0,6.606898594047101,34.77315049498474,0.057515639840814994,200,125,38,20,0,200,200,1.0,10477,4930,5547,0.47055454805765007,0.5294454519423499,5347,505,0.04820082084566193,206,True,lfu,37,2062
0.665,0.335,0.29411764705882354,0.8235294117647058,1.0,0.0,0.0,6.9954217058226185,41.1495394460154,0.04860321711799047,200,133,34,20,0,200,200,1.0,10744,5063,5681,0.4712397617274758,0.5287602382725243,5481,505,0.047002978406552494,206,True,lfu,38,2063
0.695,0.305,0.1935483870967742,0.9354838709677419,1.0,0.0,0.0,7.2598123877002285,46.83749927548534,0.04270082798905526,200,139,31,12,0,200,200,1.0,11005,5202,5803,0.472694229895502,0.527305770104498,5603,505,0.045888232621535664,206,True,lfu,39,2064
0.63,0.37,0.21621621621621623,0.8648648648648649,1.0,0.0,0.0,6.664596743856866,36.02484726409117,0.055517237459423156,200,126,37,16,0,200,200,1.0,11279,5328,5951,0.4723823033956911,0.5276176966043089,5751,505,0.04477347282560511,206,True,lfu,40,2065
0.635,0.365,0.16216216216216217,0.9459459459459459,1.0,0.0,0.0,6.824624618101609,36.88986280054924,0.05421543611623903,200,127,37,12,0,200,200,1.0,11552,5455,6097,0.47221260387811637,0.5277873961218836,5897,505,0.043715373961218836,206,True,lfu,41,2066
0.7,0.3,0.18333333333333332,0.9333333333333333,1.0,0.0,0.0,7.370901209486911,49.13934139657941,0.04070058619343278,200,140,30,11,0,200,200,1.0,11812,5595,6217,0.4736708432102946,0.5263291567897054,6017,505,0.04275313240772096,206,True,lfu,42,2067
0.615,0.385,0.24358974358974358,0.7948717948717948,1.0,0.01282051282051282,0.01282051282051282,6.47656720634456,33.21316516074133,0.06021708531302648,200,123,39,19,1,200,200,1.0,12089,5720,6369,0.4731574158325751,0.5268425841674249,6169,509,0.04210439242286376,208,True,lfu,43,2068
0.66,0.34,0.23529411764705882,0.8529411764705882,1.0,0.0,0.0,6.940067213270676,40.82392478394515,0.04899087999462857,200,132,34,16,0,200,200,1.0,12357,5852,6505,0.4735777292223031,0.5264222707776969,6305,509,0.04119122764425022,208,True,lfu,44,2069
0.665,0.335,0.25,0.8235294117647058,1.0,0.0,0.0,6.958039939310725,40.92964670182779,0.04886433578501146,200,133,34,17,0,200,200,1.0,12624,5985,6639,0.47409695817490494,0.5259030418250951,6439,509,0.04032002534854246,208,True,lfu,45,2070
0.665,0.335,0.11764705882352941,0.9411764705882353,1.0,0.0,0.0,7.0372968046504925,41.3958635567676,0.04831400599379524,200,133,34,8,0,200,200,1.0,12891,6118,6773,0.4745946784578388,0.5254053215421612,6573,509,0.03948491195407649,208,True,lfu,46,2071
0.63,0.37,0.0945945945945946,0.972972972972973,1.0,0.0,0.0,6.78207906083669,36.65988681533346,0.054555542139957586,200,126,37,7,0,200,200,1.0,13165,6244,6921,0.47428788454234716,0.5257121154576528,6721,509,0.03866312191416635,208,True,lfu,47,2072
0.625,0.375,0.25,0.8157894736842105,1.0,0.0,0.0,6.55954027011814,34.52389615851653,0.05793088910987904,200,125,38,19,0,200,200,1.0,13440,6369,7071,0.4738839285714286,0.5261160714285714,6871,509,0.03787202380952381,208,True,lfu,48,2073
0.615,0.385,0.16666666666666666,0.9230769230769231,1.0,0.01282051282051282,0.01282051282051282,6.535692767827485,33.51637316834608,0.05967232760998327,200,123,39,13,1,200,200,1.0,13717,6492,7225,0.4732813297368229,0.5267186702631771,7025,509,0.0371072391922432,208,True,lfu,49,2074
0.61,0.39,0.16666666666666666,0.8717948717948718,1.0,0.0,0.0,6.558871690164601,33.63523943674154,0.05946144678890838,200,122,39,13,0,200,200,1.0,13995,6614,7381,0.47259735619864235,0.5274026438013577,7181,509,0.036370132190067885,208,True,lfu,50,2075
0.635,0.365,0.3108108108108108,0.7837837837837838,1.0,0.0,0.0,6.643157522020293,35.90895957848807,0.05569640623055359,200,127,37,23,0,200,200,1.0,14268,6741,7527,0.47245584524810763,0.5275441547518924,7327,509,0.03567423605270535,208,True,lfu,51,2076
0.655,0.345,0.22857142857142856,0.8285714285714286,1.0,0.0,0.0,6.851200359147947,39.149716337988266,0.05108593847101093,200,131,35,16,0,200,200,1.0,14537,6872,7665,0.4727247712733026,0.5272752287266974,7465,509,0.035014101946756554,208,True,lfu,52,2077
0.57,0.43,0.2558139534883721,0.813953488372093,1.0,0.0,0.0,6.1700962113709075,28.69812191335306,0.06969097162659317,200,114,43,22,0,200,200,1.0,14823,6986,7837,0.4712946097281252,0.5287053902718748,7637,509,0.034338527963300274,208,True,lfu,53,2078
0.635,0.365,0.17567567567567569,0.918918918918919,1.0,0.0,0.0,6.690993491151684,36.1675323846037,0.05529821550257014,200,127,37,13,0,200,200,1.0,15096,7113,7983,0.47118441971383146,0.5288155802861685,7783,509,0.03371754107048225,208,True,lfu,54,2079
0.625,0.375,0.15789473684210525,0.9210526315789473,1.0,0.0,0.0,6.627145836420466,34.87971492852877,0.057339918175884026,200,125,38,12,0,200,200,1.0,15371,7238,8133,0.4708867347602628,0.5291132652397372,7933,509,0.03311430616095244,208,True,lfu,55,2080
0.695,0.305,0.1935483870967742,0.9032258064516129,1.0,0.0,0.0,7.299397399001694,47.09288644517222,0.042469259180545144,200,139,31,12,0,200,200,1.0,15632,7377,8255,0.4719165813715456,0.5280834186284544,8055,509,0.03256141248720573,208,True,lfu,56,2081
0.675,0.325,0.22727272727272727,0.9090909090909091,1.0,0.030303030303030304,0.030303030303030304,7.137843319412683,43.259656481288985,0.046232452189375474,200,135,33,15,2,200,200,1.0,15897,7514,8383,0.4726677989557778,0.5273322010442222,8183,511,0.032144429766622636,210,True,lfu,57,2082
0.68,0.32,0.296875,0.78125,1.0,0.0,0.0,7.045513231699057,44.034457698119105,0.04541897651405454,200,136,32,19,0,200,200,1.0,16161,7650,8511,0.4733617969185075,0.5266382030814925,8311,511,0.031619330486974816,210,True,lfu,58,2083
0.655,0.345,0.22857142857142856,0.8571428571428571,1.0,0.0,0.0,6.81801698914299,38.960097080817086,0.05133457434285365,200,131,35,16,0,200,200,1.0,16430,7781,8649,0.47358490566037736,0.5264150943396226,8449,511,0.031101643335362143,210,True,lfu,59,2084
0.605,0.395,0.2,0.9,1.0,0.0,0.0,6.507595204213211,32.53797602106606,0.06146663820469781,200,121,40,16,0,200,200,1.0,16709,7902,8807,0.47291878628284156,0.5270812137171584,8607,511,0.03058232090490155,210,True,lfu,60,2085
0.62,0.38,0.15789473684210525,0.8947368421052632,1.0,0.0,0.0,6.644707060310751,34.972142422688165,0.05718837513090135,200,124,38,12,0,200,200,1.0,16985,8026,8959,0.4725345893435384,0.5274654106564616,8759,511,0.03008536944362673,210,True,lfu,61,2086
0.68,0.32,0.421875,0.6875,1.0,0.0,0.0,7.037670004434813,43.98543752771758,0.045469594311519416,200,136,32,27,0,200,200,1.0,17249,8162,9087,0.47318685141167605,0.526813148588324,8887,511,0.029624905791640094,210,True,lfu,62,2087
0.655,0.345,0.24285714285714285,0.8285714285714286,1.0,0.0,0.0,6.84504878815645,39.11456450375114,0.05113184884899325,200,131,35,17,0,200,200,1.0,17518,8293,9225,0.47339878981618905,0.5266012101838109,9025,511,0.02916999657495148,210,True,lfu,63,2088
0.615,0.385,0.23076923076923078,0.7948717948717948,1.0,0.0,0.0,6.477582908021043,33.2183738872874,0.06020764311902082,200,123,39,18,0,200,200,1.0,17795,8416,9379,0.47294183759483,0.52705816240517,9179,511,0.02871593144141613,210,True,lfu,64,2089
0.67,0.33,0.2727272727272727,0.8181818181818182,1.0,0.0,0.0,7.020489338177136,42.548420231376575,0.047005270445390955,200,134,33,18,0,200,200,1.0,18061,8550,9511,0.4733957145230054,0.5266042854769946,9311,511,0.02829300703172582,210,True,lfu,65,2090
0.655,0.345,0.2571428571428571,0.8571428571428571,1.0,0.0,0.0,7.0782371716958,40.44706955254743,0.04944733999583503,200,131,35,18,0,200,200,1.0,18330,8681,9649,0.473595199127114,0.526404800872886,9449,511,0.027877795962902345,210,True,lfu,66,2091
0.67,0.33,0.16666666666666666,0.9696969696969697,1.0,0.0,0.0,7.12743128271349,43.1965532285666,0.04629999040472902,200,134,33,11,0,200,200,1.0,18596,8815,9781,0.4740266724026672,0.5259733275973328,9581,511,0.027479027747902774,210,True,lfu,67,2092
0.675,0.325,0.2727272727272727,0.8787878787878788,1.0,0.0,0.0,7.042979364197709,42.684723419380056,0.04685517065086438,200,135,33,18,0,200,200,1.0,18861,8950,9911,0.4745241503631833,0.5254758496368167,9711,511,0.027092943110121413,210,True,lfu,68,2093
0.71,0.29,0.20689655172413793,0.896551724137931,1.0,0.017241379310344827,0.017241379310344827,7.455786353065682,51.41921622803919,0.03889596432450849,200,142,29,12,1,200,200,1.0,19119,9092,10027,0.47554788430357237,0.5244521156964277,9827,511,0.026727339295988285,210,True,lfu,69,2094
0.66,0.34,0.27941176470588236,0.7352941176470589,1.0,0.0,0.0,6.874480848897173,40.438122640571606,0.04945828019210264,200,132,34,19,0,200,200,1.0,19387,9224,10163,0.47578274101201834,0.5242172589879817,9963,511,0.026357868674885234,210,True,lfu,70,2095
0.645,0.355,0.2361111111111111,0.8611111111111112,1.0,0.0,0.0,6.792553055671199,37.736405864839995,0.05299921797437134,200,129,36,17,0,200,200,1.0,19658,9353,10305,0.47578593956658866,0.5242140604334113,10105,511,0.02599450605351511,210,True,lfu,71,2096
0.655,0.345,0.44285714285714284,0.6857142857142857,1.0,0.0,0.0,6.745370627814181,38.54497501608104,0.05188743796475665,200,131,35,31,0,200,200,1.0,19927,9484,10443,0.47593717067295627,0.5240628293270437,10243,511,0.0256435991368495,210,True,lfu,72,2097
0.655,0.345,0.2714285714285714,0.8285714285714286,1.0,0.0,0.0,6.929442782830562,39.596815901888924,0.05050911176685275,200,131,35,19,0,200,200,1.0,20196,9615,10581,0.4760843731431967,0.5239156268568033,10381,511,0.025302040007922362,210,True,lfu,73,2098
0.685,0.315,0.28125,0.875,1.0,0.0,0.0,7.158781678486628,44.74238549054142,0.044700343490241524,200,137,32,18,0,200,200,1.0,20459,9752,10707,0.4766606383498705,0.5233393616501295,10507,511,0.024976782833960605,210,True,lfu,74,2099
0.64,0.36,0.2777777777777778,0.8611111111111112,1.0,0.0,0.0,6.740034977143996,37.44463876191109,0.053412185726155595,200,128,36,20,0,200,200,1.0,20731,9880,10851,0.47658096570353575,0.5234190342964642,10651,511,0.0246490762626019,210,True,lfu,75,2100
0.665,0.335,0.20588235294117646,0.9411764705882353,1.0,0.0,0.0,6.944718923367317,40.85128778451363,0.04895806493420222,200,133,34,14,0,200,200,1.0,20998,10013,10985,0.4768549385655777,0.5231450614344223,10785,511,0.02433565101438232,210,True,lfu,76,2101
0.595,0.405,0.18292682926829268,0.926829268292683,1.0,0.0,0.0,6.414164414605835,31.28860690051627,0.06392103062814854,200,119,41,15,0,200,200,1.0,21279,10132,11147,0.47615019502796185,0.5238498049720381,10947,511,0.024014286385638423,210,True,lfu,77,2102
0.64,0.36,0.19444444444444445,0.9166666666666666,1.0,0.027777777777777776,0.027777777777777776,6.778783000963817,37.6599055609101,0.053106877731417965,200,128,36,14,2,200,200,1.0,21551,10262,11289,0.47617279940606005,0.52382720059394,11089,514,0.02385040137348615,212,True,lfu,78,2103
0.68,0.32,0.296875,0.75,1.0,0.0,0.0,7.107230954746201,44.420193467163756,0.04502456751968984,200,136,32,19,0,200,200,1.0,21815,10398,11417,0.4766445106578043,0.5233554893421957,11217,514,0.02356176942470777,212,True,lfu,79,2104
0.63,0.37,0.14864864864864866,0.9459459459459459,1.0,0.0,0.0,6.768118338290684,36.584423450219916,0.05466807486310073,200,126,37,11,0,200,200,1.0,22089,10524,11565,0.47643623523020506,0.5235637647697949,11365,514,0.023269500656435328,212,True,lfu,80,2105
0.665,0.335,0.23529411764705882,0.8529411764705882,1.0,0.0,0.0,6.954136619750175,40.90668599853044,0.04889176307442381,200,133,34,16,0,200,200,1.0,22356,10657,11699,0.47669529432814456,0.5233047056718554,11499,514,0.022991590624440866,212,True,lfu,81,2106
0.715,0.285,0.25862068965517243,0.7931034482758621,1.0,0.0,0.0,7.392384259260773,50.98196040869499,0.03922956245634877,200,143,29,15,0,200,200,1.0,22613,10800,11813,0.47760137973731925,0.5223986202626807,11613,514,0.02273028788749834,212,True,lfu,82,2107
0.635,0.365,0.1891891891891892,0.8648648648648649,1.0,0.0,0.0,6.7540536239326086,36.50839796720329,0.05478191625380732,200,127,37,14,0,200,200,1.0,22886,10927,11959,0.47745346500043695,0.522546534999563,11759,514,0.022459145329022108,212,True,lfu,83,2108
0.635,0.365,0.21621621621621623,0.918918918918919,1.0,0.0,0.0,6.802258603408871,36.76896542383173,0.054393697971814675,200,127,37,16,0,200,200,1.0,23159,11054,12105,0.47730903752320913,0.5226909624767908,11905,514,0.0221943952674986,212,True,lfu,84,2109
0.63,0.37,0.2972972972972973,0.8108108108108109,1.0,0.0,0.0,6.672126521656196,36.06554876570917,0.05545458390200855,200,126,37,22,0,200,200,1.0,23433,11181,12252,0.4771476123415696,0.5228523876584303,12052,516,0.02202022788375368,213,True,lfu,85,2110
0.625,0.375,0.21052631578947367,0.8421052631578947,1.0,0.0,0.0,6.55125479389926,34.48028838894347,0.058004155227463945,200,125,38,16,0,200,200,1.0,23708,11306,12402,0.47688543951408807,0.523114560485912,12202,516,0.021764805129070357,213,True,lfu,86,2111
0.69,0.31,0.3064516129032258,0.8387096774193549,1.0,0.0,0.0,7.211473837126939,46.525637658883475,0.04298705188445978,200,138,31,19,0,200,200,1.0,23970,11444,12526,0.47743012098456405,0.522569879015436,12326,516,0.021526908635794744,213,True,lfu,87,2112
0.645,0.355,0.2222222222222222,0.9444444444444444,1.0,0.013888888888888888,0.013888888888888888,6.885383523031942,38.252130683510785,0.052284669226599,200,129,36,16,1,200,200,1.0,24241,11574,12667,0.4774555505135927,0.5225444494864073,12467,518,0.021368755414380596,214,True,lfu,88,2113
0.63,0.37,0.24324324324324326,0.918918918918919,1.0,0.0,0.0,6.775181030305904,36.6226001638157,0.05461108689863218,200,126,37,18,0,200,200,1.0,24515,11700,12815,0.47725882112992046,0.5227411788700795,12615,518,0.021129920456863144,214,True,lfu,89,2114
0.67,0.33,0.22727272727272727,0.9090909090909091,1.0,0.0,0.0,7.091082434245098,42.97625717724301,0.04653732389378592,200,134,33,15,0,200,200,1.0,24781,11834,12947,0.47754327912513617,0.5224567208748638,12747,518,0.02090311125459021,214,True,lfu,90,2115
0.64,0.36,0.2222222222222222,0.9166666666666666,1.0,0.0,0.0,6.7498908748282975,37.4993937490461,0.05333419557085175,200,128,36,16,0,200,200,1.0,25053,11962,13091,0.47746776833113797,0.5225322316688621,12891,518,0.020676166526962837,214,True,lfu,91,2116
0.67,0.33,0.2727272727272727,0.8181818181818182,1.0,0.015151515151515152,0.015151515151515152,6.998429611382672,42.41472491747074,0.04715343560264833,200,134,33,18,1,200,200,1.0,25319,12097,13222,0.4777834827599826,0.5222165172400174,13022,520,0.020537935937438287,215,True,lfu,92,2117
0.56,0.44,0.3068181818181818,0.7954545454545454,1.0,0.0,0.0,5.95931203294364,27.08778196792564,0.07383402607006284,200,112,44,27,0,200,200,1.0,25607,12209,13398,0.47678369195922987,0.5232163080407701,13198,520,0.020306947319092435,215,True,lfu,93,2118
0.65,0.35,0.2,0.8285714285714286,1.0,0.0,0.0,6.928192697432928,39.58967255675959,0.05051822535618617,200,130,35,14,0,200,200,1.0,25877,12339,13538,0.4768327085829115,0.5231672914170885,13338,520,0.020095065115739847,215,True,lfu,94,2119
0.685,0.315,0.140625,0.9375,1.0,0.0,0.0,7.2290826753053645,45.18176672065853,0.04426564397902433,200,137,32,9,0,200,200,1.0,26140,12476,13664,0.4772762050497322,0.5227237949502678,13464,520,0.019892884468247895,215,True,lfu,95,2120
0.655,0.345,0.24285714285714285,0.8285714285714286,1.0,0.0,0.0,6.835092033083753,39.057668760478585,0.0512063331855522,200,131,35,17,0,200,200,1.0,26409,12607,13802,0.4773751372638116,0.5226248627361885,13602,520,0.019690257109318793,215,True,lfu,96,2121
0.605,0.395,0.2125,0.875,1.0,0.0,0.0,6.459672828239587,32.298364141197936,0.0619226407646112,200,121,40,17,0,200,200,1.0,26688,12728,13960,0.4769184652278177,0.5230815347721822,13760,520,0.01948441247002398,215,True,lfu,97,2122
0.695,0.305,0.20967741935483872,0.9354838709677419,1.0,0.0,0.0,7.258184294874188,46.82699545080121,0.04271040626771154,200,139,31,13,0,200,200,1.0,26949,12867,14082,0.47745741957029947,0.5225425804297006,13882,520,0.01929570670525808,215,True,lfu,98,2123
0.615,0.385,0.24358974358974358,0.8717948717948718,1.0,0.0,0.0,6.542251067077464,33.55000547219212,0.05961250890577939,200,123,39,19,0,200,200,1.0,27226,12990,14236,0.4771174612502755,0.5228825387497245,14036,520,0.01909939028869463,215,True,lfu,99,2124
0.385,0.615,0.04032258064516129,1.0,1.0,0.9838709677419355,0.9435483870967742,4.765265602693405,15.371824524817434,0.13010817270071284,200,77,62,5,117,200,123,0.615,323,200,123,0.6191950464396285,0.3808049535603715,0,122,0.37770897832817335,122,True,random,0,2025
0.53,0.47,0.06382978723404255,1.0,1.0,0.9361702127659575,0.8723404255319149,5.9945841973809255,25.508868925025215,0.07840410352486937,200,106,47,6,82,200,200,1.0,617,394,223,0.6385737439222042,0.36142625607779577,23,215,0.34846029173419774,210,True,random,1,2026
0.66,0.34,0.07352941176470588,1.0,1.0,0.8823529411764706,0.8088235294117647,7.125654854513334,41.915616791254905,0.04771491279635115,200,132,34,5,55,200,200,1.0,885,586,299,0.6621468926553672,0.3378531073446328,99,280,0.3163841807909605,270,True,random,2,2027
0.625,0.375,0.039473684210526314,1.0,1.0,0.6842105263157895,0.6447368421052632,6.8106238725681685,35.84538880299036,0.05579518221973233,200,125,38,3,49,200,200,1.0,1160,763,397,0.6577586206896552,0.3422413793103448,197,341,0.2939655172413793,322,True,random,3,2028
0.54,0.46,0.06521739130434782,1.0,1.0,0.7717391304347826,0.7282608695652174,6.073064020872101,26.404626177704788,0.07574430278012173,200,108,46,6,67,200,200,1.0,1452,942,510,0.6487603305785123,0.35123966942148765,310,424,0.29201101928374656,393,True,random,4,2029
0.5,0.5,0.14,0.98,1.0,0.76,0.66,5.72348592651684,22.89394370606736,0.08735934820482498,200,100,50,14,66,200,200,1.0,1752,1118,634,0.6381278538812786,0.3618721461187214,434,509,0.2905251141552511,469,True,random,5,2030
0.52,0.48,0.08333333333333333,1.0,1.0,0.8020833333333334,0.7395833333333334,5.825270841692227,24.27196184038428,0.08239960218923678,200,104,48,8,71,200,200,1.0,2048,1299,749,0.63427734375,0.36572265625,549,597,0.29150390625,546,True,random,6,2031
0.565,0.435,0.022727272727272728,1.0,1.0,0.8295454545454546,0.8068181818181818,6.292428910895834,28.601949594981065,0.06992530328600224,200,113,44,2,71,200,200,1.0,2335,1486,849,0.6364025695931478,0.3635974304068522,649,674,0.2886509635974304,619,True,random,7,2032
0.57,0.43,0.12790697674418605,0.9767441860465116,1.0,0.7790697674418605,0.686046511627907,6.324571665866028,29.41661239937687,0.06798879397963464,200,114,43,11,59,200,200,1.0,2621,1667,954,0.6360167874856925,0.36398321251430754,754,751,0.28653185806943915,686,True,random,8,2033
0.62,0.38,0.02631578947368421,1.0,1.0,0.8552631578947368,0.8289473684210527,6.719813218272947,35.36743799091025,0.05654919082671519,200,124,38,2,63,200,200,1.0,2897,1856,1041,0.6406627545736969,0.3593372454263031,841,821,0.28339661719019676,751,True,random,9,2034
0.575,0.425,0.06976744186046512,1.0,1.0,0.7674418604651163,0.7093023255813954,6.547953434951371,30.45559737186684,0.06566937353353268,200,115,43,6,61,200,200,1.0,3182,2038,1144,0.6404776869893148,0.35952231301068516,944,898,0.2822124450031427,817,True,random,10,2035
0.61,0.39,0.08974358974358974,0.9743589743589743,1.0,0.8333333333333334,0.7692307692307693,6.768516406938886,34.710340548404545,0.05761971701807258,200,122,39,7,60,200,200,1.0,3460,2225,1235,0.6430635838150289,0.3569364161849711,1035,972,0.2809248554913295,882,True,random,11,2036
0.61,0.39,0.05128205128205128,1.0,1.0,0.782051282051282,0.7435897435897436,6.795643037344597,34.849451473562034,0.057389712475597134,200,122,39,4,58,200,200,1.0,3738,2408,1330,0.6441947565543071,0.35580524344569286,1130,1042,0.27875869448903157,943,True,random,12,2037
0.54,0.46,0.08695652173913043,1.0,1.0,0.8043478260869565,0.7391304347826086,6.009712606599191,26.129185246083438,0.07654276171124719,200,108,46,8,68,200,200,1.0,4030,2590,1440,0.6426799007444168,0.35732009925558317,1240,1126,0.2794044665012407,1017,True,random,13,2038
0.53,0.47,0.06382978723404255,1.0,1.0,0.7446808510638298,0.7127659574468085,5.98075990859408,25.450042164230126,0.07858533149351664,200,106,47,6,67,200,200,1.0,4324,2766,1558,0.6396854764107308,0.3603145235892692,1358,1208,0.2793709528214616,1087,True,random,14,2039
0.585,0.415,0.07142857142857142,0.9761904761904762,1.0,0.7738095238095238,0.7380952380952381,6.44811599842292,30.705314278204384,0.06513530465375057,200,117,42,6,62,200,200,1.0,4607,2948,1659,0.6398958107228131,0.3601041892771869,1459,1282,0.27827219448665075,1152,True,random,15,2040
0.52,0.48,0.11458333333333333,1.0,1.0,0.8333333333333334,0.7395833333333334,5.6555317761907045,23.564715734127933,0.08487265548056121,200,104,48,11,71,200,200,1.0,4903,3131,1772,0.6385886192127269,0.3614113807872731,1572,1370,0.27942076279828676,1231,True,random,16,2041
0.575,0.425,0.05813953488372093,1.0,1.0,0.7558139534883721,0.6976744186046512,6.399395080881245,29.76462828316858,0.06719385106955855,200,115,43,5,60,200,200,1.0,5188,3312,1876,0.638396299151889,0.361603700848111,1676,1447,0.2789128758673863,1296,True,random,17,2042
0.54,0.46,0.05434782608695652,0.9565217391304348,1.0,0.75,0.7391304347826086,6.095860318870069,26.503740516826387,0.07546104666736618,200,108,46,5,68,200,200,1.0,5480,3489,1991,0.6366788321167883,0.36332116788321167,1791,1527,0.27864963503649637,1365,True,random,18,2043
0.685,0.315,0.078125,1.0,1.0,0.796875,0.734375,7.383820418357584,46.1488776147349,0.04333799874173796,200,137,32,5,47,200,200,1.0,5743,3678,2065,0.6404318300539787,0.35956816994602125,1865,1579,0.27494340936792616,1416,True,random,19,2044
0.545,0.455,0.043478260869565216,1.0,1.0,0.8043478260869565,0.7608695652173914,6.1303314656417,26.65361506800739,0.07503672559601945,200,109,46,4,70,200,200,1.0,6034,3862,2172,0.6400397746105403,0.3599602253894597,1972,1659,0.27494199535962877,1490,True,random,20,2045
0.535,0.465,0.031914893617021274,1.0,1.0,0.8085106382978723,0.776595744680851,6.198831152263482,26.378004903248858,0.07582074563014692,200,107,47,3,73,200,200,1.0,6327,4046,2281,0.6394815868500079,0.3605184131499921,2081,1743,0.2754860123281176,1566,True,random,21,2046
0.55,0.45,0.13333333333333333,0.9777777777777777,1.0,0.7444444444444445,0.6555555555555556,6.030434483312911,26.80193103694627,0.07462148892342922,200,110,45,12,59,200,200,1.0,6617,4223,2394,0.6382046244521686,0.36179537554783137,2194,1822,0.2753513676892852,1633,True,random,22,2047
0.52,0.48,0.07291666666666667,0.9791666666666666,1.0,0.7291666666666666,0.6770833333333334,5.866614582194958,24.444227425812326,0.0818189082093085,200,104,48,7,65,200,200,1.0,6913,4397,2516,0.6360480254592796,0.36395197454072037,2316,1905,0.27556777086648343,1703,True,random,23,2048
0.635,0.365,0.06756756756756757,1.0,1.0,0.8648648648648649,0.7972972972972973,6.7690985684833125,36.58972199180169,0.05466015840317456,200,127,37,5,59,200,200,1.0,7186,4589,2597,0.6386028388533259,0.3613971611466741,2397,1973,0.27456164764820484,1767,True,random,24,2049
0.49,0.51,0.08823529411764706,1.0,1.0,0.7549019607843137,0.6764705882352942,5.706388175941157,22.377992846828068,0.08937352039074795,200,98,51,9,69,200,200,1.0,7488,4764,2724,0.6362179487179487,0.3637820512820513,2524,2063,0.27550747863247865,1844,True,random,25,2050
0.505,0.495,0.07,0.98,1.0,0.73,0.71,5.713451583322362,22.853806333289448,0.08751277449510667,200,101,50,7,71,200,200,1.0,7787,4939,2848,0.6342622319250032,0.3657377680749968,2648,2148,0.2758443559779119,1917,True,random,26,2051
0.545,0.455,0.021739130434782608,0.9782608695652174,1.0,0.782608695652174,0.7717391304347826,6.242544199043104,27.141496517578716,0.07368790437567292,200,109,46,2,71,200,200,1.0,8078,5121,2957,0.6339440455558306,0.3660559544441694,2757,2226,0.2755632582322357,1989,True,random,27,2052
0.55,0.45,0.08888888888888889,1.0,1.0,0.7,0.6444444444444445,6.044910724080896,26.866269884803984,0.07444278675735458,200,110,45,8,58,200,200,1.0,8368,5294,3074,0.6326481835564054,0.3673518164435946,2874,2302,0.27509560229445507,2052,True,random,28,2053
0.575,0.425,0.10465116279069768,0.9767441860465116,1.0,0.7674418604651163,0.686046511627907,6.454121141586182,30.019168100400844,0.06662409808662534,200,115,43,9,59,200,200,1.0,8653,5476,3177,0.6328441003120305,0.36715589968796947,2977,2378,0.27481798220270426,2118,True,random,29,2054
0.58,0.42,0.10714285714285714,0.9761904761904762,1.0,0.8095238095238095,0.7380952380952381,6.449698547731043,30.71285022729068,0.06511932253760185,200,116,42,9,62,200,200,1.0,8937,5660,3277,0.633322143896162,0.36667785610383796,3077,2457,0.27492447129909364,2186,True,random,30,2055
0.54,0.46,0.09782608695652174,1.0,1.0,0.8043478260869565,0.7282608695652174,6.190297153331278,26.914335449266424,0.0743098414512223,200,108,46,9,67,200,200,1.0,9229,5842,3387,0.6330046592263517,0.36699534077364826,3187,2538,0.2750027088525301,2260,True,random,31,2056
0.54,0.46,0.03260869565217391,1.0,1.0,0.8369565217391305,0.8043478260869565,6.19683145186819,26.942745442905174,0.07423148484397159,200,108,46,3,74,200,200,1.0,9521,6027,3494,0.633021741413717,0.36697825858628297,3294,2624,0.27560130238420333,2337,True,random,32,2057
0.495,0.505,0.058823529411764705,1.0,1.0,0.7549019607843137,0.7058823529411765,5.691364388174212,22.319076032055733,0.08960944427661358,200,99,51,6,72,200,200,1.0,9822,6204,3618,0.6316432498472816,0.3683567501527184,3418,2712,0.27611484422724497,2414,True,random,33,2058
0.58,0.42,0.08333333333333333,1.0,1.0,0.7976190476190477,0.7380952380952381,6.5784596822579315,31.32599848694253,0.06384473270129444,200,116,42,7,62,200,200,1.0,10106,6387,3719,0.6320007916089452,0.3679992083910548,3519,2787,0.27577676627745895,2481,True,random,34,2059
0.525,0.475,0.08333333333333333,1.0,1.0,0.6979166666666666,0.6458333333333334,5.970888614679218,24.878702561163408,0.08039004425906339,200,105,48,8,62,200,200,1.0,10401,6560,3841,0.6307085857129122,0.3692914142870878,3641,2866,0.2755504278434766,2548,True,random,35,2060
0.65,0.35,0.02857142857142857,1.0,1.0,0.8285714285714286,0.8142857142857143,7.14443815083109,40.825360861891944,0.048989156685370086,200,130,35,2,57,200,200,1.0,10671,6748,3923,0.6323681004591885,0.36763189954081155,3723,2927,0.27429481773029707,2606,True,random,36,2061
0.57,0.43,0.09302325581395349,1.0,1.0,0.7209302325581395,0.6395348837209303,6.338680988313141,29.482237154944844,0.06783745716069428,200,114,43,8,55,200,200,1.0,10957,6924,4033,0.6319247969334671,0.36807520306653285,3833,3003,0.2740713699005202,2668,True,random,37,2062
0.525,0.475,0.08333333333333333,1.0,1.0,0.6666666666666666,0.6145833333333334,5.99499498340785,24.979145764199377,0.08006678926812785,200,105,48,8,59,200,200,1.0,11252,7094,4158,0.6304656949875578,0.3695343050124422,3958,3083,0.273995734091717,2732,True,random,38,2063
0.555,0.445,0.06666666666666667,1.0,1.0,0.8111111111111111,0.7555555555555555,6.079755152093699,27.021134009305328,0.07401613860140939,200,111,45,6,68,200,200,1.0,11541,7278,4263,0.6306212633220691,0.36937873667793086,4063,3164,0.2741530196690061,2804,True,random,39,2064
0.55,0.45,0.07777777777777778,1.0,1.0,0.7555555555555555,0.7,6.103591729530406,27.12707435346847,0.07372708069951818,200,110,45,7,63,200,200,1.0,11831,7456,4375,0.6302087735609838,0.3697912264390162,4175,3243,0.27411038796382386,2872,True,random,40,2065
0.52,0.48,0.07291666666666667,1.0,1.0,0.7291666666666666,0.6875,5.966131828455308,24.858882618563783,0.08045413909740524,200,104,48,7,66,200,200,1.0,12127,7630,4497,0.6291745691432341,0.3708254308567659,4297,3326,0.27426403892141504,2942,True,random,41,2066
0.62,0.38,0.02631578947368421,1.0,1.0,0.8421052631578947,0.8157894736842105,6.789294633793816,35.7331296515464,0.05597046828819953,200,124,38,2,62,200,200,1.0,12403,7818,4585,0.6303313714423929,0.36966862855760707,4385,3394,0.273643473353221,3006,True,random,42,2067
0.57,0.43,0.12790697674418605,0.9767441860465116,1.0,0.7325581395348837,0.6395348837209303,6.280925454882666,29.213606766896117,0.06846124875844954,200,114,43,11,55,200,200,1.0,12689,7994,4695,0.6299944834108283,0.3700055165891717,4495,3468,0.27330758925053195,3068,True,random,43,2068
0.53,0.47,0.0851063829787234,1.0,1.0,0.7659574468085106,0.7127659574468085,6.121380477350112,26.048427563191964,0.07678006647994844,200,106,47,8,67,200,200,1.0,12983,8171,4812,0.6293614726950628,0.3706385273049372,4612,3552,0.27358853885850726,3139,True,random,44,2069
0.575,0.425,0.10465116279069768,0.9534883720930233,1.0,0.7209302325581395,0.6627906976744186,6.322880201698565,29.408745124179372,0.0680069819897087,200,115,43,9,57,200,200,1.0,13268,8349,4919,0.6292583659933675,0.3707416340066325,4719,3623,0.2730630087428399,3201,True,random,45,2070
0.565,0.435,0.045454545454545456,1.0,1.0,0.7613636363636364,0.7272727272727273,6.325919532685498,28.75417969402499,0.06955510542405048,200,113,44,4,64,200,200,1.0,13555,8530,5025,0.6292880855772778,0.3707119144227222,4825,3698,0.27281445960900036,3268,True,random,46,2071
0.575,0.425,0.03488372093023256,1.0,1.0,0.8488372093023255,0.813953488372093,6.3508624703788765,29.538895211064542,0.06770733927959666,200,115,43,3,70,200,200,1.0,13840,8719,5121,0.629985549132948,0.370014450867052,4921,3777,0.27290462427745665,3341,True,random,47,2072
0.565,0.435,0.13636363636363635,1.0,1.0,0.75,0.6477272727272727,6.24164398863204,28.371109039236547,0.07049424811818421,200,113,44,12,57,200,200,1.0,14127,8899,5228,0.6299285056983082,0.37007149430169184,5028,3852,0.27266935655128477,3407,True,random,48,2073
0.51,0.49,0.05102040816326531,1.0,1.0,0.7653061224489796,0.7448979591836735,5.811763238625798,23.72148260663591,0.0843117621763032,200,102,49,5,73,200,200,1.0,14425,9076,5349,0.6291854419410745,0.3708145580589255,5149,3938,0.272998266897747,3482,True,random,49,2074
0.545,0.455,0.09782608695652174,1.0,1.0,0.7717391304347826,0.717391304347826,6.1953537981554465,26.93632086154542,0.07424918979396408,200,109,46,9,66,200,200,1.0,14716,9256,5460,0.6289752650176679,0.3710247349823321,5260,4021,0.2732400108725197,3552,True,random,50,2075
0.595,0.405,0.13414634146341464,1.0,1.0,0.7195121951219512,0.6341463414634146,6.517676919963867,31.793545951043253,0.06290584897575331,200,119,41,11,52,200,200,1.0,14997,9435,5562,0.629125825165033,0.370874174834967,5362,4086,0.27245449089817964,3611,True,random,51,2076
0.54,0.46,0.09782608695652174,0.9782608695652174,1.0,0.8369565217391305,0.7717391304347826,6.06264908641408,26.35934385397426,0.07587442278835235,200,108,46,9,71,200,200,1.0,15289,9620,5669,0.6292105435280266,0.37078945647197337,5469,4172,0.27287592386683235,3688,True,random,52,2077
0.495,0.505,0.049019607843137254,1.0,1.0,0.7745098039215687,0.7450980392156863,5.72814510410453,22.463314133743253,0.08903405740098258,200,99,51,5,76,200,200,1.0,15590,9799,5791,0.6285439384220655,0.37145606157793454,5591,4260,0.27325208466966006,3767,True,random,53,2078
0.525,0.475,0.052083333333333336,1.0,1.0,0.65625,0.6145833333333334,5.924520714291218,24.68550297621341,0.08101921204227319,200,105,48,5,59,200,200,1.0,15885,9968,5917,0.6275102297765187,0.3724897702234813,5717,4341,0.2732766761095373,3830,True,random,54,2079
0.54,0.46,0.05434782608695652,1.0,1.0,0.6956521739130435,0.6413043478260869,6.037126113362982,26.248374405926008,0.07619519476026929,200,108,46,5,59,200,200,1.0,16177,10140,6037,0.6268158496631019,0.3731841503368981,5837,4421,0.2732892378067627,3894,True,random,55,2080
0.56,0.44,0.022727272727272728,1.0,1.0,0.7727272727272727,0.75,6.267855911269617,28.49025414213462,0.07019944399310124,200,112,44,2,66,200,200,1.0,16465,10320,6145,0.6267840874582448,0.37321591254175523,5945,4501,0.27336774977224415,3962,True,random,56,2081
0.6,0.4,0.075,1.0,1.0,0.8,0.75,6.651584042108227,33.25792021054114,0.060136051422905804,200,120,40,6,60,200,200,1.0,16745,10504,6241,0.6272917288742909,0.37270827112570915,6041,4573,0.2730964467005076,4026,True,random,57,2082
0.58,0.42,0.09523809523809523,1.0,1.0,0.8452380952380952,0.7619047619047619,6.402945216896163,30.490215318553158,0.06559481391340025,200,116,42,8,64,200,200,1.0,17029,10691,6338,0.6278113805860591,0.3721886194139409,6138,4653,0.27323976745551704,4097,True,random,58,2083
0.54,0.46,0.07608695652173914,1.0,1.0,0.8260869565217391,0.7717391304347826,5.927487397653497,25.7716843376239,0.0776045513284599,200,108,46,7,71,200,200,1.0,17321,10875,6446,0.6278505859938802,0.3721494140061198,6246,4733,0.27325212170198027,4173,True,random,59,2084
0.515,0.485,0.061224489795918366,0.9795918367346939,1.0,0.7448979591836735,0.7142857142857143,5.812261740432412,23.723517307887395,0.08430453098685568,200,103,49,6,70,200,200,1.0,17618,11052,6566,0.6273129753661029,0.37268702463389713,6366,4816,0.27335679418776254,4246,True,random,60,2085
0.48,0.52,0.04807692307692308,1.0,1.0,0.7980769230769231,0.7788461538461539,5.639852635208773,21.691740904649127,0.09220099063470492,200,96,52,5,81,200,200,1.0,17922,11231,6691,0.6266599709853811,0.37334002901461893,6491,4911,0.27402075661198527,4329,True,random,61,2086
0.585,0.415,0.13095238095238096,1.0,1.0,0.75,0.6666666666666666,6.503083719060193,30.96706532885806,0.06458474442963148,200,117,42,11,56,200,200,1.0,18205,11412,6793,0.6268607525405109,0.3731392474594891,6593,4985,0.2738258720131832,4392,True,random,62,2087
0.565,0.435,0.09090909090909091,0.9772727272727273,1.0,0.8636363636363636,0.7840909090909091,6.1875800017842995,28.12536364447409,0.07111019168610638,200,113,44,8,69,200,200,1.0,18492,11602,6890,0.6274064460307159,0.37259355396928406,6690,5069,0.2741185377460523,4468,True,random,63,2088
0.565,0.435,0.10227272727272728,1.0,1.0,0.7727272727272727,0.7045454545454546,6.265140058803732,28.477909358198783,0.07022987449126775,200,113,44,9,62,200,200,1.0,18779,11784,6995,0.6275094520474999,0.37249054795250014,6795,5141,0.27376324617924275,4536,True,random,64,2089
0.57,0.43,0.023255813953488372,1.0,1.0,0.7558139534883721,0.7441860465116279,6.335233488315286,29.466202271233886,0.06787437286930192,200,114,43,2,64,200,200,1.0,19065,11963,7102,0.6274849200104904,0.3725150799895096,6902,5214,0.2734854445318647,4601,True,random,65,2090
0.525,0.475,0.0625,1.0,1.0,0.7916666666666666,0.75,6.103544474155548,25.43143530898145,0.07864282828321818,200,105,48,6,72,200,200,1.0,19360,12144,7216,0.6272727272727273,0.3727272727272727,7016,5300,0.2737603305785124,4676,True,random,66,2091
0.535,0.465,0.0425531914893617,1.0,1.0,0.776595744680851,0.7340425531914894,5.9928090033135115,25.50131490771707,0.07842732844316082,200,107,47,4,69,200,200,1.0,19653,12325,7328,0.6271307179565461,0.37286928204345393,7128,5385,0.27400396885971606,4749,True,random,67,2092
0.575,0.425,0.08139534883720931,1.0,1.0,0.7790697674418605,0.7209302325581395,6.4099145447439545,29.813556022064905,0.06708357763561673,200,115,43,7,62,200,200,1.0,19938,12508,7430,0.627344768783228,0.372655231216772,7230,5460,0.27384893168823354,4816,True,random,68,2093
0.6,0.4,0.0625,1.0,1.0,0.8,0.7375,6.588214187819339,32.9410709390967,0.06071448022129312,200,120,40,5,59,200,200,1.0,20218,12692,7526,0.6277574438619052,0.37224255613809476,7326,5536,0.2738154120091008,4880,True,random,69,2094
0.59,0.41,0.0975609756097561,1.0,1.0,0.7682926829268293,0.7195121951219512,6.4642373029422435,31.53286489240119,0.06342588936414596,200,118,41,8,59,200,200,1.0,20500,12873,7627,0.6279512195121951,0.3720487804878049,7427,5607,0.27351219512195124,4943,True,random,70,2095
0.605,0.395,0.0875,1.0,1.0,0.775,0.725,6.622389397435229,33.11194698717615,0.06040115976190031,200,121,40,7,58,200,200,1.0,20779,13057,7722,0.6283748014822658,0.37162519851773423,7522,5676,0.27316040232927474,5005,True,random,71,2096
0.545,0.455,0.15217391304347827,0.9782608695652174,1.0,0.717391304347826,0.6086956521739131,6.068375918511757,26.38424312396416,0.07580281877343106,200,109,46,14,56,200,200,1.0,21070,13233,7837,0.6280493592785952,0.3719506407214048,7637,5753,0.2730422401518747,5071,True,random,72,2097
0.525,0.475,0.0625,1.0,1.0,0.78125,0.7395833333333334,6.109412966375929,25.455887359899705,0.07856728668396652,200,105,48,6,71,200,200,1.0,21365,13414,7951,0.6278492862157735,0.3721507137842265,7751,5836,0.27315703252983853,5146,True,random,73,2098
0.63,0.37,0.10810810810810811,0.972972972972973,1.0,0.7702702702702703,0.7027027027027027,6.73306641352479,36.39495358662049,0.05495267345897207,200,126,37,8,52,200,200,1.0,21639,13597,8042,0.6283562086972596,0.3716437913027404,7842,5902,0.27274827857109846,5203,True,random,74,2099
0.54,0.46,0.08695652173913043,1.0,1.0,0.8260869565217391,0.782608695652174,6.019101019304302,26.170004431757835,0.07642337261406648,200,108,46,8,72,200,200,1.0,21931,13781,8150,0.6283799188363504,0.37162008116364964,7950,5984,0.2728557749304637,5279,True,random,75,2100
0.575,0.425,0.06976744186046512,1.0,1.0,0.8255813953488372,0.7558139534883721,6.237552136351683,29.011870401635733,0.06893729953678673,200,115,43,6,65,200,200,1.0,22216,13968,8248,0.628736046092906,0.371263953907094,8048,6063,0.27291141519625495,5350,True,random,76,2101
0.53,0.47,0.05319148936170213,0.9787234042553191,1.0,0.7659574468085106,0.7340425531914894,5.960372999317152,25.363289358796393,0.07885412541360169,200,106,47,5,69,200,200,1.0,22510,14145,8365,0.6283873833851622,0.3716126166148378,8165,6146,0.27303420701910264,5421,True,random,77,2102
0.575,0.425,0.046511627906976744,1.0,1.0,0.7790697674418605,0.7441860465116279,6.525651802626053,30.3518688494235,0.06589380080422914,200,115,43,4,64,200,200,1.0,22795,14328,8467,0.6285588944944067,0.3714411055055933,8267,6221,0.2729107260364115,5488,True,random,78,2103
0.595,0.405,0.0975609756097561,0.975609756097561,1.0,0.8536585365853658,0.7682926829268293,6.595579101253423,32.173556591480114,0.062162850859007,200,119,41,8,63,200,200,1.0,23076,14518,8558,0.6291384988732882,0.3708615011267118,8358,6295,0.27279424510313743,5558,True,random,79,2104
0.55,0.45,0.05555555555555555,0.9777777777777777,1.0,0.8222222222222222,0.7888888888888889,6.189082872838144,27.50703499039175,0.07270867255226174,200,110,45,5,71,200,200,1.0,23366,14702,8664,0.6292048275271762,0.3707951724728238,8464,6372,0.2727039287854147,5632,True,random,80,2105
0.535,0.465,0.0851063829787234,1.0,1.0,0.7659574468085106,0.7021276595744681,6.111492469939106,26.00635093591109,0.07690429176045159,200,107,47,8,66,200,200,1.0,23659,14881,8778,0.6289784014539921,0.3710215985460079,8578,6454,0.27279259478422585,5704,True,random,81,2106
0.635,0.365,0.06756756756756757,1.0,1.0,0.8108108108108109,0.7702702702702703,6.85702213482995,37.06498451259432,0.05395928330471633,200,127,37,5,57,200,200,1.0,23932,15069,8863,0.6296590339294669,0.37034096607053313,8663,6519,0.27239679090757146,5764,True,random,82,2107
0.54,0.46,0.08695652173913043,1.0,1.0,0.8043478260869565,0.7391304347826086,6.162012035235287,26.791356674936033,0.0746509415057375,200,108,46,8,68,200,200,1.0,24224,15251,8973,0.6295822324966975,0.37041776750330246,8773,6603,0.2725809114927345,5838,True,random,83,2108
0.51,0.49,0.05102040816326531,1.0,1.0,0.8061224489795918,0.7653061224489796,6.068155154749329,24.76798022346665,0.0807494184812487,200,102,49,5,75,200,200,1.0,24522,15432,9090,0.6293124541228284,0.37068754587717156,8890,6694,0.27297936546774326,5917,True,random,84,2109
0.615,0.385,0.08974358974358974,1.0,1.0,0.7948717948717948,0.717948717948718,6.806904269119633,34.90720138010068,0.05729476786816049,200,123,39,7,56,200,200,1.0,24799,15618,9181,0.629783459010444,0.37021654098955603,8981,6762,0.27267228517278924,5979,True,random,85,2110
0.555,0.445,0.07777777777777778,1.0,1.0,0.7777777777777778,0.7,6.132113342000269,27.253837075556753,0.07338416218073554,200,111,45,7,63,200,200,1.0,25088,15800,9288,0.6297831632653061,0.37021683673469385,9088,6843,0.2727598852040816,6049,True,random,86,2111
0.565,0.435,0.06818181818181818,0.9772727272727273,1.0,0.7954545454545454,0.75,6.238814168651935,28.35824622114516,0.07052622310997186,200,113,44,6,66,200,200,1.0,25375,15984,9391,0.629911330049261,0.37008866995073897,9191,6922,0.27278817733990146,6119,True,random,87,2112
0.56,0.44,0.022727272727272728,1.0,1.0,0.7954545454545454,0.7727272727272727,6.2869534531839975,28.577061150836354,0.069986202900415,200,112,44,2,68,200,200,1.0,25663,16166,9497,0.6299341464365039,0.3700658535634961,9297,7000,0.27276623933289174,6189,True,random,88,2113
0.525,0.475,0.041666666666666664,0.9791666666666666,1.0,0.78125,0.7604166666666666,5.8996124328937665,24.581718470390694,0.08136127677196577,200,105,48,4,73,200,200,1.0,25958,16347,9611,0.6297480545496571,0.3702519454503429,9411,7088,0.2730564758455967,6264,True,random,89,2114
0.58,0.42,0.05952380952380952,1.0,1.0,0.8095238095238095,0.75,6.414097434392723,30.54332111615582,0.06548076394161684,200,116,42,5,63,200,200,1.0,26242,16531,9711,0.6299443639966466,0.37005563600335345,9511,7162,0.2729212712445698,6332,True,random,90,2115
0.555,0.445,0.044444444444444446,1.0,1.0,0.7444444444444445,0.7111111111111111,6.168621696700311,27.41609642977916,0.0729498455450286,200,111,45,4,64,200,200,1.0,26531,16710,9821,0.6298292563416381,0.3701707436583619,9621,7237,0.27277524405412534,6399,True,random,91,2116
0.62,0.38,0.06578947368421052,1.0,1.0,0.8289473684210527,0.7763157894736842,6.812391176516701,35.85469040271948,0.055780707559764775,200,124,38,5,59,200,200,1.0,26807,16897,9910,0.6303204386913865,0.36967956130861346,9710,7308,0.2726153616592681,6462,True,random,92,2117
0.49,0.51,0.0784313725490196,0.9607843137254902,1.0,0.8137254901960784,0.7745098039215687,5.505576498411972,21.590496072203813,0.09263335095736193,200,98,51,8,79,200,200,1.0,27109,17077,10032,0.6299383968423771,0.37006160315762293,9832,7404,0.27311962816776714,6544,True,random,93,2118
0.515,0.485,0.07142857142857142,1.0,1.0,0.7653061224489796,0.7040816326530612,6.116263673508981,24.964341524526453,0.08011427010943113,200,103,49,7,69,200,200,1.0,27406,17256,10150,0.629643143837116,0.37035685616288405,9950,7490,0.27329781799605923,6619,True,random,94,2119
0.555,0.445,0.06666666666666667,1.0,1.0,0.8111111111111111,0.7444444444444445,6.283796052130186,27.92798245391194,0.07161276341033561,200,111,45,6,67,200,200,1.0,27695,17441,10254,0.6297526629355479,0.3702473370644521,10054,7567,0.27322621411807185,6692,True,random,95,2120
0.585,0.415,0.11904761904761904,1.0,1.0,0.7976190476190477,0.6785714285714286,6.393086099475784,30.44326714036088,0.06569597115772284,200,117,42,10,57,200,200,1.0,27978,17626,10352,0.6299949960683394,0.3700050039316606,10152,7643,0.2731789262992351,6759,True,random,96,2121
0.575,0.425,0.06976744186046512,1.0,1.0,0.7325581395348837,0.686046511627907,6.437820638897226,29.943351808824307,0.06679278969065179,200,115,43,6,59,200,200,1.0,28263,17804,10459,0.6299402045076602,0.3700597954923398,10259,7713,0.27290096592718394,6822,True,random,97,2122
0.63,0.37,0.08108108108108109,1.0,1.0,0.8108108108108109,0.7567567567567568,6.834340779517784,36.94238259198802,0.05413835978282991,200,126,37,6,56,200,200,1.0,28537,17990,10547,0.6304096436205627,0.36959035637943727,10347,7783,0.2727336440410695,6882,True,random,98,2123
0.53,0.47,0.06382978723404255,1.0,1.0,0.8191489361702128,0.776595744680851,5.93960940813094,25.274933651621023,0.07912978239892349,200,106,47,6,73,200,200,1.0,28831,18173,10658,0.6303284658874129,0.36967153411258713,10458,7870,0.27297006694183346,6959,True,random,99,2124
0.0,1.0,0.115,0.92,1.0,0.385,0.385,1.1140845235226804,2.228169047045361,0.8975979639660098,200,0,100,23,77,200,123,0.615,400,77,323,0.1925,0.8075,0,142,0.355,77,True,dqn,0,2025
0.5,0.5,0.2,0.88,1.0,0.06,0.06,5.513822276649742,22.055289106598966,0.09068119625788981,200,100,50,20,6,200,200,1.0,700,183,517,0.26142857142857145,0.7385714285714285,0,194,0.27714285714285714,83,True,dqn,1,2026
0.51,0.49,0.14285714285714285,0.9183673469387755,1.0,0.3469387755102041,0.32653061224489793,5.771435335058835,23.55687891860749,0.08490089060228635,200,102,49,14,32,200,200,1.0,998,319,679,0.3196392785571142,0.6803607214428857,0,257,0.2575150300601202,117,True,dqn,2,2027
0.555,0.445,0.14444444444444443,0.9333333333333333,1.0,0.16666666666666666,0.16666666666666666,6.003675669533278,26.68300297570346,0.07495408226057333,200,111,45,13,15,200,200,1.0,1287,445,842,0.3457653457653458,0.6542346542346542,0,308,0.23931623931623933,132,True,dqn,3,2028
0.48,0.52,0.19230769230769232,0.8653846153846154,1.0,0.16346153846153846,0.16346153846153846,5.40950186841504,20.805776416980923,0.09612715045652766,200,96,52,20,17,200,200,1.0,1591,558,1033,0.3507228158390949,0.6492771841609051,0,370,0.23255813953488372,149,True,dqn,4,2029
0.345,0.655,0.22727272727272727,0.8181818181818182,1.0,0.2803030303030303,0.2803030303030303,3.98070405535221,12.062739561673364,0.16579981601812485,200,69,66,30,37,200,200,1.0,1922,665,1257,0.34599375650364206,0.6540062434963579,0,453,0.2356919875130073,187,True,dqn,5,2030
0.535,0.465,0.2127659574468085,0.8723404255319149,1.0,0.1595744680851064,0.1595744680851064,5.839525237058862,24.84904356195261,0.08048599516571665,200,107,47,20,15,200,200,1.0,2215,787,1428,0.35530474040632054,0.6446952595936795,0,509,0.22979683972911963,202,True,dqn,6,2031
0.325,0.675,0.1323529411764706,0.9411764705882353,1.0,0.34558823529411764,0.33088235294117646,4.043968380831461,11.894024649504297,0.16815166093365655,200,65,68,18,45,200,200,1.0,2550,900,1650,0.35294117647058826,0.6470588235294117,0,596,0.23372549019607844,249,True,dqn,7,2032
0.47,0.53,0.27358490566037735,0.7735849056603774,1.0,0.16981132075471697,0.16981132075471697,5.139293963456651,19.39356212625151,0.10312700611574396,200,94,53,29,18,200,200,1.0,2856,1013,1843,0.3546918767507003,0.6453081232492996,0,659,0.23074229691876752,268,True,dqn,8,2033
0.51,0.49,0.1326530612244898,0.9183673469387755,1.0,0.1836734693877551,0.1836734693877551,5.643255788652247,23.033697096539786,0.08682930888678084,200,102,49,13,18,200,200,1.0,3154,1133,2021,0.3592263792010146,0.6407736207989854,0,715,0.22669625871908688,286,True,dqn,9,2034
0.4,0.6,0.15,0.9333333333333333,1.0,0.3416666666666667,0.3416666666666667,4.663076844566985,15.543589481889947,0.128670407973025,200,80,60,18,41,200,200,1.0,3474,1255,2219,0.36125503742084053,0.6387449625791595,0,798,0.229706390328152,328,True,dqn,10,2035
0.54,0.46,0.21739130434782608,0.8478260869565217,1.0,0.20652173913043478,0.20652173913043478,5.881655518787893,25.572415299077797,0.07820927263261382,200,108,46,20,19,200,200,1.0,3766,1382,2384,0.3669676048858205,0.6330323951141795,0,850,0.2257036643653744,347,True,dqn,11,2036
0.57,0.43,0.22093023255813954,0.8837209302325582,1.0,0.16279069767441862,0.1511627906976744,6.244652748515785,29.04489650472458,0.06885891294791395,200,114,43,19,13,200,200,1.0,4052,1510,2542,0.37265547877591315,0.6273445212240869,0,898,0.22161895360315895,361,True,dqn,12,2037
0.5,0.5,0.24,0.82,1.0,0.15,0.15,5.410094626527793,21.640378506111173,0.09241982525560753,200,100,50,24,15,200,200,1.0,4352,1625,2727,0.3733915441176471,0.6266084558823529,0,953,0.21897977941176472,376,True,dqn,13,2038
0.36,0.64,0.234375,0.890625,1.0,0.3125,0.296875,4.308724164318184,13.464763013494325,0.1485358485697527,200,72,64,30,38,200,200,1.0,4680,1737,2943,0.37115384615384617,0.6288461538461538,0,1036,0.22136752136752136,416,True,dqn,14,2039
0.53,0.47,0.2127659574468085,0.851063829787234,1.0,0.14893617021276595,0.14893617021276595,5.804646044045135,24.70062146402185,0.08096962268391251,200,106,47,20,14,200,200,1.0,4974,1857,3117,0.3733413751507841,0.6266586248492159,0,1086,0.218335343787696,430,True,dqn,15,2040
0.445,0.555,0.1875,0.875,1.0,0.22321428571428573,0.20535714285714285,4.8479672702906615,17.314168822466648,0.11551233099938503,200,89,56,21,23,200,200,1.0,5285,1971,3314,0.3729422894985809,0.6270577105014191,0,1154,0.2183538315988647,455,True,dqn,16,2041
0.475,0.525,0.1509433962264151,0.8867924528301887,1.0,0.18867924528301888,0.18867924528301888,5.232775131701824,19.746321251704995,0.10128468865193359,200,95,53,16,20,200,200,1.0,5590,2087,3503,0.37334525939177104,0.626654740608229,0,1214,0.21717352415026833,475,True,dqn,17,2042
0.505,0.495,0.21,0.88,1.0,0.12,0.12,5.5767330873926175,22.30693234957047,0.08965822680851547,200,101,50,21,12,200,200,1.0,5889,2201,3688,0.37374766513839364,0.6262523348616064,0,1268,0.21531669213788418,488,True,dqn,18,2043
0.42,0.58,0.15517241379310345,0.9137931034482759,1.0,0.4051724137931034,0.39655172413793105,4.876864422580799,16.816773870968273,0.11892887514249749,200,84,58,18,46,200,200,1.0,6205,2333,3872,0.3759871071716358,0.6240128928283641,0,1345,0.21676067687348913,536,True,dqn,19,2044
0.55,0.45,0.18888888888888888,0.8888888888888888,1.0,0.07777777777777778,0.07777777777777778,5.978988408087725,26.57328181372322,0.07526356789574788,200,110,45,17,7,200,200,1.0,6495,2450,4045,0.3772132409545804,0.6227867590454196,0,1392,0.2143187066974596,543,True,dqn,20,2045
0.38,0.62,0.10483870967741936,0.9354838709677419,1.0,0.25806451612903225,0.25806451612903225,4.6758370696859375,15.08334538608367,0.13259657912794717,200,76,62,13,32,200,200,1.0,6819,2558,4261,0.3751283179351811,0.6248716820648189,0,1466,0.21498753482915384,575,True,dqn,21,2046
0.51,0.49,0.32653061224489793,0.7142857142857143,1.0,0.14285714285714285,0.14285714285714285,5.4184131723903315,22.115972132205435,0.09043238018407455,200,102,49,32,14,200,200,1.0,7117,2674,4443,0.37572010678656736,0.6242798932134326,0,1520,0.213573134747787,589,True,dqn,22,2047
0.305,0.695,0.08571428571428572,0.9571428571428572,1.0,0.39285714285714285,0.39285714285714285,3.869176649298461,11.054790426567033,0.18091704345598186,200,61,70,12,55,200,200,1.0,7456,2791,4665,0.3743293991416309,0.6256706008583691,0,1615,0.2166040772532189,644,True,dqn,23,2048
0.585,0.415,0.19047619047619047,0.8809523809523809,1.0,0.16666666666666666,0.16666666666666666,6.293579762897211,29.969427442367675,0.06673467498990679,200,117,42,16,14,200,200,1.0,7739,2922,4817,0.37756816126114484,0.6224318387388552,0,1662,0.21475642847913168,658,True,dqn,24,2049
0.42,0.58,0.1810344827586207,0.8793103448275862,1.0,0.2413793103448276,0.22413793103448276,4.839698544662693,16.688615671250666,0.11984217501307688,200,84,58,21,26,200,200,1.0,8055,3034,5021,0.3766604593420236,0.6233395406579765,0,1734,0.21527001862197392,686,True,dqn,25,2050
0.47,0.53,0.18867924528301888,0.8867924528301887,1.0,0.19811320754716982,0.19811320754716982,5.224709480160056,19.715884830792668,0.10144104701181657,200,94,53,20,21,200,200,1.0,8361,3149,5212,0.3766295897619902,0.6233704102380098,0,1797,0.2149264442052386,707,True,dqn,26,2051
0.455,0.545,0.10909090909090909,0.9636363636363636,1.0,0.2,0.2,5.275347342191402,19.18308124433237,0.10425853774616624,200,91,55,12,22,200,200,1.0,8670,3263,5407,0.37635524798154557,0.6236447520184545,0,1861,0.2146482122260669,729,True,dqn,27,2052
0.37,0.63,0.19047619047619047,0.9206349206349206,1.0,0.29365079365079366,0.2777777777777778,4.305735906079177,13.669002876441832,0.14631645176159466,200,74,63,24,35,200,200,1.0,8996,3374,5622,0.3750555802578924,0.6249444197421077,0,1938,0.2154290795909293,766,True,dqn,28,2053
0.48,0.52,0.19230769230769232,0.8461538461538461,1.0,0.16346153846153846,0.15384615384615385,5.4118924153768635,20.81497082837255,0.09608468906782382,200,96,52,20,16,200,200,1.0,9300,3487,5813,0.3749462365591398,0.6250537634408602,0,2001,0.21516129032258063,783,True,dqn,29,2054
0.48,0.52,0.17307692307692307,0.9038461538461539,1.0,0.27884615384615385,0.25961538461538464,5.401370880896709,20.774503388064264,0.0962718560651166,200,96,52,18,27,200,200,1.0,9604,3612,5992,0.3760932944606414,0.6239067055393586,0,2069,0.2154310703873386,812,True,dqn,30,2055
0.56,0.44,0.2840909090909091,0.8181818181818182,1.0,0.11363636363636363,0.10227272727272728,6.002769956044364,27.28531798201984,0.07329949393728659,200,112,44,25,9,200,200,1.0,9892,3734,6158,0.3774767488879903,0.6225232511120097,0,2118,0.21411241407197734,822,True,dqn,31,2056
0.325,0.675,0.125,0.9411764705882353,1.0,0.375,0.3602941176470588,4.058088797536621,11.935555286872416,0.16756656493391173,200,65,68,17,49,200,200,1.0,10227,3851,6376,0.37655226361591865,0.6234477363840814,0,2212,0.216290212183436,873,True,dqn,32,2057
0.545,0.455,0.2391304347826087,0.8913043478260869,1.0,0.08695652173913043,0.08695652173913043,5.988592725382161,26.037359675574614,0.07681270393465356,200,109,46,22,8,200,200,1.0,10518,3968,6550,0.37725803384673895,0.622741966153261,0,2262,0.21505989731888192,881,True,dqn,33,2058
0.51,0.49,0.1836734693877551,0.8775510204081632,1.0,0.21428571428571427,0.21428571428571427,5.697088798476561,23.25342366725127,0.08600884018711964,200,102,49,18,21,200,200,1.0,10816,4090,6726,0.3781434911242604,0.6218565088757396,0,2320,0.21449704142011836,901,True,dqn,34,2059
0.445,0.555,0.15178571428571427,0.9285714285714286,1.0,0.17857142857142858,0.17857142857142858,5.094271717758069,18.193827563421674,0.10992739120057177,200,89,56,17,20,200,200,1.0,11127,4201,6926,0.37755010335220635,0.6224498966477936,0,2385,0.21434348881100027,922,True,dqn,35,2060
0.575,0.425,0.09302325581395349,0.9534883720930233,1.0,0.1511627906976744,0.1511627906976744,6.370054298102802,29.62815952605954,0.06750334924587177,200,115,43,8,13,200,200,1.0,11412,4329,7083,0.37933753943217663,0.6206624605678234,0,2433,0.21319663512092535,935,True,dqn,36,2061
0.45,0.55,0.17272727272727273,0.9090909090909091,1.0,0.22727272727272727,0.22727272727272727,5.080992914951812,18.476337872552044,0.10824655912853524,200,90,55,19,25,200,200,1.0,11722,4444,7278,0.3791161917761474,0.6208838082238526,0,2499,0.21318887561849514,960,True,dqn,37,2062
0.44,0.56,0.21428571428571427,0.8571428571428571,1.0,0.25,0.25,4.972505609221681,17.758948604363148,0.1126192796970326,200,88,56,24,28,200,200,1.0,12034,4560,7474,0.3789263752700681,0.6210736247299319,0,2570,0.21356157553598137,988,True,dqn,38,2063
0.51,0.49,0.20408163265306123,0.8571428571428571,1.0,0.17346938775510204,0.17346938775510204,5.523780408171387,22.54604248233219,0.08870736412242924,200,102,49,20,17,200,200,1.0,12332,4679,7653,0.37941939669153424,0.6205806033084658,0,2630,0.21326629905935776,1005,True,dqn,39,2064
0.385,0.615,0.16129032258064516,0.8870967741935484,1.0,0.2903225806451613,0.27419354838709675,4.467853286315019,14.4124299558549,0.13876910459415767,200,77,62,20,34,200,200,1.0,12655,4791,7864,0.3785855393125247,0.6214144606874753,0,2713,0.21438166732516792,1040,True,dqn,40,2065
0.45,0.55,0.16363636363636364,0.8909090909090909,1.0,0.18181818181818182,0.18181818181818182,5.130358261825079,18.65584822481847,0.10720498880020563,200,90,55,18,20,200,200,1.0,12965,4901,8064,0.3780177400694177,0.6219822599305823,0,2778,0.21426918627072888,1060,True,dqn,41,2066
0.485,0.515,0.10576923076923077,0.9230769230769231,1.0,0.3173076923076923,0.3173076923076923,5.470302966751705,21.039626795198863,0.09505872035983023,200,97,52,11,33,200,200,1.0,13268,5032,8236,0.3792583659933675,0.6207416340066325,0,2846,0.21450105517033463,1094,True,dqn,42,2067
0.525,0.475,0.2604166666666667,0.8125,1.0,0.16666666666666666,0.16666666666666666,5.673623554884682,23.64009814535284,0.08460201762712051,200,105,48,25,16,200,200,1.0,13563,5153,8410,0.37993069379930694,0.620069306200693,0,2901,0.21389073213890733,1110,True,dqn,43,2068
0.48,0.52,0.19230769230769232,0.8461538461538461,1.0,0.18269230769230768,0.18269230769230768,5.2953946781015295,20.366902608082803,0.09819853506866971,200,96,52,20,19,200,200,1.0,13867,5268,8599,0.3798947140693733,0.6201052859306266,0,2962,0.21360063460012982,1129,True,dqn,44,2069
0.445,0.555,0.1875,0.8571428571428571,1.0,0.25,0.25,5.027425712452333,17.955091830186905,0.11138901537877464,200,89,56,21,28,200,200,1.0,14178,5385,8793,0.37981379602200593,0.6201862039779941,0,3030,0.21371138383410918,1157,True,dqn,45,2070
0.33,0.67,0.09701492537313433,0.9253731343283582,1.0,0.3805970149253731,0.3805970149253731,4.1523121828872975,12.394961739962083,0.16135588329828263,200,66,67,13,51,200,200,1.0,14512,5502,9010,0.3791345093715546,0.6208654906284454,0,3124,0.21527012127894157,1208,True,dqn,46,2071
0.5,0.5,0.13,0.92,1.0,0.19,0.19,5.605816280538309,22.423265122153236,0.08919307643667312,200,100,50,13,19,200,200,1.0,14812,5621,9191,0.3794896030245747,0.6205103969754253,0,3185,0.21502835538752363,1227,True,dqn,47,2072
0.365,0.635,0.2109375,0.875,1.0,0.3203125,0.3046875,4.329808340205946,13.530651063143582,0.14781254727999313,200,73,64,27,39,200,200,1.0,15139,5736,9403,0.37888896228284563,0.6211110377171544,0,3270,0.21599841469053438,1269,True,dqn,48,2073
0.37,0.63,0.1111111111111111,0.9523809523809523,1.0,0.3333333333333333,0.3253968253968254,4.407956457844751,13.99351256458651,0.14292337186743342,200,74,63,14,41,200,200,1.0,15465,5852,9613,0.37840284513417394,0.6215971548658261,0,3354,0.21687681862269642,1311,True,dqn,49,2074
0.475,0.525,0.18867924528301888,0.8490566037735849,1.0,0.16981132075471697,0.16981132075471697,5.357178615982716,20.21576836219893,0.09893267295937962,200,95,53,20,18,200,200,1.0,15770,5966,9804,0.3783132530120482,0.6216867469879518,0,3415,0.21655041217501586,1330,True,dqn,50,2075
0.535,0.465,0.24468085106382978,0.8297872340425532,1.0,0.1595744680851064,0.14893617021276595,5.767395939462529,24.54211038069161,0.0814925843367362,200,107,47,23,14,200,200,1.0,16063,6089,9974,0.37906991222063124,0.6209300877793688,0,3472,0.2161489136524933,1345,True,dqn,51,2076
0.5,0.5,0.18,0.88,1.0,0.19,0.19,5.5552762830790785,22.221105132316314,0.09000452444155828,200,100,50,18,19,200,200,1.0,16363,6208,10155,0.37939253193179734,0.6206074680682027,0,3531,0.21579172523375909,1364,True,dqn,52,2077
0.51,0.49,0.16326530612244897,0.8979591836734694,1.0,0.08163265306122448,0.08163265306122448,5.691916644107551,23.232312833092045,0.08608699505592078,200,102,49,16,8,200,200,1.0,16661,6318,10343,0.37920893103655245,0.6207910689634475,0,3583,0.21505311806014044,1372,True,dqn,53,2078
0.44,0.56,0.11607142857142858,0.9285714285714286,1.0,0.23214285714285715,0.22321428571428573,5.025414753317192,17.947909833275684,0.11143358856706372,200,88,56,13,25,200,200,1.0,16973,6433,10540,0.379013727685147,0.6209862723148529,0,3653,0.21522417957933188,1399,True,dqn,54,2079
0.445,0.555,0.16964285714285715,0.875,1.0,0.26785714285714285,0.25892857142857145,4.960989784029829,17.71782065724939,0.11288070009793692,200,89,56,19,29,200,200,1.0,17284,6552,10732,0.3790789169173802,0.6209210830826197,0,3722,0.21534367044665587,1429,True,dqn,55,2080
0.61,0.39,0.14102564102564102,0.9487179487179487,1.0,0.15384615384615385,0.15384615384615385,6.536653828432917,33.52130168427137,0.0596635542031599,200,122,39,11,12,200,200,1.0,17562,6686,10876,0.38070834756861405,0.619291652431386,0,3767,0.21449720988497895,1441,True,dqn,56,2081
0.375,0.625,0.1349206349206349,0.9206349206349206,1.0,0.3968253968253968,0.38095238095238093,4.579099271354915,14.536823083666397,0.13758164273507628,200,75,63,17,48,200,200,1.0,17887,6812,11075,0.3808352434729133,0.6191647565270867,0,3849,0.21518421199754012,1491,True,dqn,57,2082
0.575,0.425,0.27906976744186046,0.813953488372093,1.0,0.06976744186046512,0.06976744186046512,6.125973583715839,28.492900389375997,0.07019292429582669,200,115,43,24,6,200,200,1.0,18172,6933,11239,0.3815210213515298,0.6184789786484701,0,3893,0.21423068456966762,1497,True,dqn,58,2083
0.495,0.505,0.20588235294117646,0.8627450980392157,1.0,0.19607843137254902,0.19607843137254902,5.360732448916152,21.02248019182805,0.09513625327507498,200,99,51,21,20,200,200,1.0,18473,7052,11421,0.38174633248524875,0.6182536675147512,0,3952,0.2139338494018297,1517,True,dqn,59,2084
0.515,0.485,0.14285714285714285,0.9183673469387755,1.0,0.09183673469387756,0.08163265306122448,5.731357004597054,23.393293896314507,0.08549458698995313,200,103,49,14,8,200,200,1.0,18770,7164,11606,0.3816728822589238,0.6183271177410762,0,4006,0.21342567927543954,1526,True,dqn,60,2085
0.38,0.62,0.1532258064516129,0.9354838709677419,1.0,0.24193548387096775,0.24193548387096775,4.494091661917207,14.497069877152281,0.1379589128663887,200,76,62,19,30,200,200,1.0,19094,7271,11823,0.38080025138787055,0.6191997486121295,0,4085,0.21394155232010056,1557,True,dqn,61,2086
0.48,0.52,0.3557692307692308,0.75,1.0,0.17307692307692307,0.17307692307692307,5.259661733357566,20.22946820522141,0.09886567356643523,200,96,52,37,18,200,200,1.0,19398,7385,12013,0.380709351479534,0.619290648520466,0,4146,0.21373337457469843,1575,True,dqn,62,2087
0.325,0.675,0.15441176470588236,0.8823529411764706,1.0,0.3897058823529412,0.375,3.9170888379342768,11.520849523336109,0.17359830939106452,200,65,68,21,51,200,200,1.0,19733,7504,12229,0.380276693863072,0.619723306136928,0,4241,0.2149191709319414,1629,True,dqn,63,2088
0.545,0.455,0.18478260869565216,0.8478260869565217,1.0,0.09782608695652174,0.08695652173913043,5.881602983934102,25.57218688667001,0.07820997120283593,200,109,46,17,8,200,200,1.0,20024,7623,12401,0.3806931681981622,0.6193068318018378,0,4290,0.21424290850978825,1638,True,dqn,64,2089
0.365,0.635,0.0703125,0.953125,1.0,0.359375,0.34375,4.3439510887971835,13.574847152491198,0.14733130896674357,200,73,64,9,44,200,200,1.0,20351,7742,12609,0.380423566409513,0.619576433590487,0,4374,0.2149280133654366,1684,True,dqn,65,2090
0.425,0.575,0.21551724137931033,0.8448275862068966,1.0,0.3017241379310345,0.3017241379310345,4.943330419446362,17.045966963608144,0.11732980618053816,200,85,58,25,35,200,200,1.0,20666,7862,12804,0.3804316268266718,0.6195683731733281,0,4448,0.21523274944353044,1719,True,dqn,66,2091
0.585,0.415,0.11904761904761904,0.9523809523809523,1.0,0.09523809523809523,0.09523809523809523,6.336463790371421,30.173637097006765,0.06628302692082158,200,117,42,10,8,200,200,1.0,20949,7988,12961,0.3813069836269034,0.6186930163730966,0,4490,0.21433003962002958,1727,True,dqn,67,2092
0.4,0.6,0.18333333333333332,0.9166666666666666,1.0,0.26666666666666666,0.26666666666666666,4.740712539982442,15.802375133274806,0.1265632528738438,200,80,60,22,32,200,200,1.0,21269,8100,13169,0.38083595843716206,0.6191640415628379,0,4570,0.214866707414547,1759,True,dqn,68,2093
0.465,0.535,0.1388888888888889,0.9259259259259259,1.0,0.3425925925925926,0.3425925925925926,5.3083509246882565,19.660558980326876,0.10172650747119032,200,93,54,15,37,200,200,1.0,21576,8230,13346,0.3814423433444568,0.6185576566555432,0,4640,0.21505376344086022,1796,True,dqn,69,2094
0.54,0.46,0.18478260869565216,0.8478260869565217,1.0,0.17391304347826086,0.16304347826086957,5.876394186306873,25.54953994046467,0.07827929601317221,200,108,46,17,15,200,200,1.0,21868,8354,13514,0.38201938906164257,0.6179806109383574,0,4696,0.21474300347539785,1812,True,dqn,70,2095
0.575,0.425,0.13953488372093023,0.9069767441860465,1.0,0.23255813953488372,0.23255813953488372,6.211511247667955,28.89074998915328,0.06922630948490013,200,115,43,12,20,200,200,1.0,22153,8489,13664,0.3831986638378549,0.6168013361621452,0,4746,0.21423734934320407,1832,True,dqn,71,2096
0.465,0.535,0.3055555555555556,0.8148148148148148,1.0,0.26851851851851855,0.23148148148148148,5.095478548367085,18.872142771729944,0.10597630720534587,200,93,54,33,25,200,200,1.0,22460,8610,13850,0.38334817453250225,0.6166518254674977,0,4814,0.2143365983971505,1860,True,dqn,72,2097
0.49,0.51,0.17647058823529413,0.8823529411764706,1.0,0.17647058823529413,0.17647058823529413,5.5195779469803306,21.645403713648353,0.09239836902367012,200,98,51,18,18,200,200,1.0,22762,8726,14036,0.38335822862665847,0.6166417713733415,0,4877,0.21426060978824357,1878,True,dqn,73,2098
0.495,0.505,0.20588235294117646,0.9019607843137255,1.0,0.2549019607843137,0.23529411764705882,5.5550624808969795,21.784558748615606,0.09180814828884697,200,99,51,21,24,200,200,1.0,23063,8852,14211,0.3838182370029918,0.6161817629970082,0,4940,0.21419589819190912,1905,True,dqn,74,2099
0.375,0.625,0.14285714285714285,0.9206349206349206,1.0,0.31746031746031744,0.30158730158730157,4.518664943314122,14.344968074013087,0.13942171147966093,200,75,63,18,38,200,200,1.0,23388,8967,14421,0.38340174448435094,0.6165982555156491,0,5024,0.21481101419531384,1945,True,dqn,75,2100
0.465,0.535,0.17592592592592593,0.9074074074074074,1.0,0.24074074074074073,0.24074074074074073,5.1779847175451845,19.177721176093275,0.10428767743756628,200,93,54,19,26,200,200,1.0,23695,9086,14609,0.38345642540620384,0.6165435745937962,0,5090,0.2148132517408736,1971,True,dqn,76,2101
0.495,0.505,0.16666666666666666,0.9411764705882353,1.0,0.12745098039215685,0.12745098039215685,5.539214208577757,21.722408661089244,0.09207082102191297,200,99,51,17,13,200,200,1.0,23996,9198,14798,0.38331388564760793,0.6166861143523921,0,5147,0.21449408234705783,1984,True,dqn,77,2102
0.6,0.4,0.1375,0.975,1.0,0.1,0.1,6.497388785897514,32.486943929487566,0.06156319302735802,200,120,40,11,8,200,200,1.0,24276,9326,14950,0.3841654308782336,0.6158345691217664,0,5193,0.2139149777558082,1992,True,dqn,78,2103
0.5,0.5,0.26,0.78,1.0,0.2,0.2,5.409096735919498,21.63638694367799,0.09243687521425045,200,100,50,26,20,200,200,1.0,24576,9446,15130,0.3843587239583333,0.6156412760416667,0,5254,0.21378580729166666,2012,True,dqn,79,2104
0.52,0.48,0.125,0.9375,1.0,0.17708333333333334,0.17708333333333334,5.786478878926855,24.11032866219523,0.08295200069736011,200,104,48,12,17,200,200,1.0,24872,9568,15304,0.38468961080733355,0.6153103891926665,0,5311,0.2135332904470891,2030,True,dqn,80,2105
0.42,0.58,0.1810344827586207,0.8793103448275862,1.0,0.2413793103448276,0.2413793103448276,4.8212937147785695,16.625150740615755,0.12029966111007573,200,84,58,21,28,200,200,1.0,25188,9680,15508,0.38430998888359535,0.6156900111164046,0,5383,0.21371287914880102,2058,True,dqn,81,2106
0.515,0.485,0.17346938775510204,0.8571428571428571,1.0,0.22448979591836735,0.22448979591836735,5.636531624397874,23.006251528154586,0.08693289289445698,200,103,49,17,22,200,200,1.0,25485,9806,15679,0.3847753580537571,0.6152246419462428,0,5441,0.21349813615852462,2080,True,dqn,82,2107
0.235,0.765,0.11038961038961038,0.9090909090909091,1.0,0.38961038961038963,0.38961038961038963,3.300505666952146,8.572741992083497,0.23329758458226096,200,47,77,17,60,200,200,1.0,25838,9913,15925,0.3836597259849834,0.6163402740150166,0,5549,0.21476120442758728,2140,True,dqn,83,2108
0.525,0.475,0.13541666666666666,0.9583333333333334,1.0,0.16666666666666666,0.16666666666666666,5.9909334688896685,24.962222787040286,0.08012107002900183,200,105,48,13,16,200,200,1.0,26133,10034,16099,0.3839589790686106,0.6160410209313893,0,5604,0.21444151073355527,2156,True,dqn,84,2109
0.52,0.48,0.19791666666666666,0.875,1.0,0.19791666666666666,0.19791666666666666,5.740536276120629,23.91890115050262,0.08361588132396178,200,104,48,19,19,200,200,1.0,26429,10157,16272,0.38431268682129477,0.6156873131787053,0,5662,0.21423436376707405,2175,True,dqn,85,2110
0.485,0.515,0.21153846153846154,0.8269230769230769,1.0,0.16346153846153846,0.16346153846153846,5.286894221596541,20.33420854460208,0.09835642216480169,200,97,52,22,17,200,200,1.0,26732,10272,16460,0.3842585665120455,0.6157414334879545,0,5720,0.21397575938949573,2193,True,dqn,86,2111
0.36,0.64,0.1484375,0.9375,1.0,0.390625,0.3828125,4.292359046775246,13.413622021172644,0.14910215874900254,200,72,64,19,49,200,200,1.0,27060,10394,16666,0.3841093865484109,0.6158906134515891,0,5805,0.21452328159645231,2243,True,dqn,87,2112
0.465,0.535,0.12962962962962962,0.9444444444444444,1.0,0.17592592592592593,0.17592592592592593,5.2860414438642875,19.577931273571433,0.10215583924844154,200,93,54,14,19,200,200,1.0,27367,10507,16860,0.38392955018818287,0.6160704498118171,0,5869,0.21445536595169365,2263,True,dqn,88,2113
0.51,0.49,0.19387755102040816,0.9183673469387755,1.0,0.09183673469387756,0.09183673469387756,5.696179832833738,23.24971360340301,0.08602256501375846,200,102,49,19,9,200,200,1.0,27665,10618,17047,0.38380625338875834,0.6161937466112417,0,5925,0.21416952828483643,2272,True,dqn,89,2114
0.36,0.64,0.1171875,0.953125,1.0,0.359375,0.3515625,4.413112871182767,13.790977722446147,0.14502235013727902,200,72,64,15,45,200,200,1.0,27993,10736,17257,0.38352445254170686,0.6164755474582931,0,6008,0.21462508484263923,2318,True,dqn,90,2115
0.455,0.545,0.15454545454545454,0.9272727272727272,1.0,0.19090909090909092,0.17272727272727273,5.172415760737925,18.80878458450155,0.10633329288315639,200,91,55,17,19,200,200,1.0,28302,10848,17454,0.3832944668221327,0.6167055331778672,0,6075,0.21464914140343438,2339,True,dqn,91,2116
0.525,0.475,0.20833333333333334,0.875,1.0,0.22916666666666666,0.20833333333333334,5.7043356844756135,23.768065351981722,0.08414652056791172,200,105,48,20,20,200,200,1.0,28597,10975,17622,0.38378151554358847,0.6162184844564116,0,6133,0.2144630555652691,2361,True,dqn,92,2117
0.44,0.56,0.23214285714285715,0.875,1.0,0.17857142857142858,0.16964285714285715,4.9772465594982584,17.775880569636637,0.11251200705163618,200,88,56,26,19,200,200,1.0,28909,11083,17826,0.38337541941955794,0.616624580580442,0,6198,0.21439690061918434,2381,True,dqn,93,2118
0.395,0.605,0.19672131147540983,0.8852459016393442,1.0,0.27049180327868855,0.2459016393442623,4.830099402332727,15.83639148305812,0.1262913967578797,200,79,61,24,30,200,200,1.0,29230,11195,18035,0.38299692097160454,0.6170030790283955,0,6274,0.2146424905918577,2414,True,dqn,94,2119
0.385,0.615,0.1532258064516129,0.9032258064516129,1.0,0.29838709677419356,0.2903225806451613,4.613767508082271,14.883120993813778,0.13438041663649092,200,77,62,19,36,200,200,1.0,29553,11309,18244,0.3826684262173045,0.6173315737826954,0,6351,0.21490204040198965,2451,True,dqn,95,2120
0.555,0.445,0.24444444444444444,0.8222222222222222,1.0,0.15555555555555556,0.15555555555555556,5.932261944406937,26.36560864180861,0.07585639410684986,200,111,45,22,14,200,200,1.0,29842,11434,18408,0.3831512633201528,0.6168487366798472,0,6401,0.21449634742979692,2465,True,dqn,96,2121
0.355,0.645,0.13076923076923078,0.9230769230769231,1.0,0.33076923076923076,0.3153846153846154,4.329601173913431,13.321849765887478,0.15012930149695045,200,71,65,17,41,200,200,1.0,30171,11549,18622,0.3827847933446024,0.6172152066553975,0,6491,0.21514036657717675,2508,True,dqn,97,2122
0.53,0.47,0.22340425531914893,0.851063829787234,1.0,0.1595744680851064,0.1595744680851064,5.737858304595147,24.416418317426153,0.08191209595113248,200,106,47,21,15,200,200,1.0,30465,11670,18795,0.3830625307730182,0.6169374692269818,0,6542,0.2147382241916954,2523,True,dqn,98,2123
0.52,0.48,0.20833333333333334,0.875,1.0,0.10416666666666667,0.10416666666666667,5.701349836416288,23.7556243184012,0.08419058885565858,200,104,48,20,10,200,200,1.0,30761,11784,18977,0.38308247456194533,0.6169175254380547,0,6595,0.21439485062254152,2533,True,dqn,99,2124
